Code;Commune;Medecin;Revenu
64001;Aast;1.7;25530
55001;Abainville;3.2;23230
59001;Abancourt;3.1;25560
60001;Abancourt;3;20360
54001;Abaucourt;2.6;23300
55002;Abaucourt-Hautecourt;3.6;
25001;Abbans-Dessous;4.2;23510
25002;Abbans-Dessus;4.7;25560
44001;Abbaretz;2.1;20750
60002;Abbecourt;3.3;26060
2001;Abbécourt;2.9;21150
25003;Abbenans;3;21030
80001;Abbeville;4.5;19000
91001;Abbéville-la-Rivière;2;26590
54002;Abbéville-lès-Conflans;2.4;23070
60003;Abbeville-Saint-Lucien;3;27760
25004;Abbévillers;0.9;28270
34001;Abeilhan;3.5;21720
70001;Abelcourt;2.1;20560
64002;Abère;2.4;20630
39001;Abergement-la-Ronce;3.7;24300
39002;Abergement-le-Grand;3.2;
39003;Abergement-le-Petit;3.7;
39004;Abergement-lès-Thésy;2.7;
64003;Abidos;4.1;23220
37001;Abilly;3.1;21140
64004;Abitain;3.9;24680
24001;Abjat-sur-Bandiat;2.1;19940
62001;Ablain-Saint-Nazaire;1.9;25590
80002;Ablaincourt-Pressoir;4.1;20300
62002;Ablainzevelle;4;22770
51001;Ablancourt;2.5;22390
95002;Ableiges;2.9;29290
78003;Ablis;3.2;26630
14001;Ablon;3.6;24480
94001;Ablon-sur-Seine;3.9;24000
42001;Aboën;2.6;23450
54003;Aboncourt;4.4;20880
57001;Aboncourt;1.3;22860
70002;Aboncourt-Gesincourt;4.2;19890
57002;Aboncourt-sur-Seille;4.6;
74001;Abondance;7.2;24820
28001;Abondant;2.4;26810
64005;Abos;4.5;23980
57003;Abreschviller;1.5;22990
3001;Abrest;2.9;23170
5001;Abriès-Ristolas;10.5;19460
59002;Abscon;5.4;19560
16001;Abzac;4.3;18600
33001;Abzac;4.6;21060
25005;Accolans;2.6;
7001;Accons;6;23310
64006;Accous;3.7;20570
57004;Achain;2.7;
57006;Achen;2.3;24380
67001;Achenheim;2.6;28520
18001;Achères;2;23220
78005;Achères;2;23420
77001;Achères-la-Forêt;1.7;30970
2002;Achery;2.8;22340
80003;Acheux-en-Amiénois;3.7;22120
80004;Acheux-en-Vimeu;2.7;21710
62003;Acheville;3.9;27470
70003;Achey;4.9;
62004;Achicourt;4.6;21900
62005;Achiet-le-Grand;4;20740
62006;Achiet-le-Petit;3.6;22990
58001;Achun;1.5;19450
60004;Achy;4.1;24200
35001;Acigné;3.8;25850
27001;Aclou;2.3;22690
27002;Acon;2.9;23540
97601;Acoua;NA;
62007;Acq;3.8;27260
27003;Acquigny;3.6;24460
62008;Acquin-Westbécourt;2.3;23110
2003;Acy;2.1;23020
60005;Acy-en-Multien;1.4;24640
8001;Acy-Romance;4.2;25820
57007;Adaincourt;3.4;24880
78006;Adainville;1.5;30450
25006;Adam-lès-Passavant;2.4;
25007;Adam-lès-Vercel;5.2;23140
67002;Adamswiller;2.8;22860
65001;Adast;5;22660
65002;Adé;3.3;23130
57008;Adelange;3.4;24730
70004;Adelans-et-le-Val-de-Bithaine;1.9;22050
65003;Adervielle-Pouchergues;6.1;21800
79002;Adilly;2.6;22260
62009;Adinfer;3.3;23440
34002;Adissan;4.1;21060
45001;Adon;1;22920
86001;Adriers;3.5;19310
2A001;Afa;1.8;27250
19001;Affieux;1;22910
54004;Affléville;2.1;24270
69001;Affoux;1.5;24970
54005;Affracourt;4.7;25660
62010;Affringues;1.8;25020
31001;Agassac;2.8;20370
34003;Agde;3.6;20410
34004;Agel;2.5;18830
47001;Agen;4.3;19160
12001;Agen-d'Aveyron;3.2;25590
21001;Agencourt;4.2;27800
80005;Agenville;1.6;
80006;Agenvillers;4.1;24980
52001;Ageville;1.3;23590
21002;Agey;3.3;25990
2B002;Aghione;1.5;19870
54006;Agincourt;5.8;28060
47002;Agmé;1.1;23220
47003;Agnac;2;21890
43001;Agnat;1.8;21220
50002;Agneaux;3.9;24460
60007;Agnetz;2;27210
62011;Agnez-lès-Duisans;4.7;28020
2004;Agnicourt-et-Séchelles;3.5;20880
62012;Agnières;3.6;25210
38003;Agnin;2.8;24890
64007;Agnos;4.1;25110
62013;Agny;4.4;24730
50003;Agon-Coutainville;3.6;27110
24002;Agonac;2.9;23340
34005;Agonès;4.6;23490
3002;Agonges;2.9;20970
65004;Agos-Vidalos;5.8;24340
16003;Agris;3.1;20480
17002;Agudelle;3.1;20930
12002;Aguessac;2.8;22260
2005;Aguilcourt;2.9;24020
81001;Aguts;3;25020
14003;Agy;4;25210
64008;Ahaxe-Alciette-Bascassan;2.6;20980
64009;Ahetze;4.9;25570
88002;Ahéville;2.9;
53001;Ahuillé;2.9;23320
23001;Ahun;3.9;21460
21003;Ahuy;3.1;26760
59003;Aibes;3.9;22970
25008;Aibre;3.1;24270
64010;Aïcirits-Camou-Suhast;4.5;22820
79003;Aiffres;3.3;25020
30001;Aigaliers;2.9;22390
8003;Aiglemont;2.6;24160
39006;Aiglepierre;4.4;24790
27004;Aigleville;1.3;24770
4001;Aiglun;3.4;24270
6001;Aiglun;2.6;
32001;Aignan;2.4;19070
21004;Aignay-le-Duc;1.2;22700
34006;Aigne;2.2;18690
72001;Aigné;1.9;25250
31002;Aignes;3.1;25830
80008;Aigneville;2.9;20750
51003;Aigny;3.4;22810
79185;Aigondigné;2.6;24740
16005;Aigre;4;20570
31003;Aigrefeuille;3.6;32490
17003;Aigrefeuille-d'Aunis;3.2;23520
44002;Aigrefeuille-sur-Maine;2.6;24830
30002;Aigremont;3.6;22250
52002;Aigremont;2.3;
78007;Aigremont;3;41170
89002;Aigremont;1.5;
73001;Aiguebelette-le-Lac;1.4;27450
81002;Aiguefonde;2.1;21090
63001;Aigueperse;2.9;22570
69002;Aigueperse;2.3;21290
9001;Aigues-Juntes;2.9;
30003;Aigues-Mortes;3.6;22900
9002;Aigues-Vives;4.4;22110
11001;Aigues-Vives;3;19590
30004;Aigues-Vives;5.1;25370
34007;Aigues-Vives;2.1;19390
30005;Aiguèze;1.3;21910
43002;Aiguilhe;5;25320
5003;Aiguilles;10.5;23060
47004;Aiguillon;2.9;18170
83002;Aiguines;0;18790
36001;Aigurande;1.9;20040
7002;Ailhon;1.2;22830
45002;Aillant-sur-Milleron;2;22150
33002;Aillas;4.5;21110
42002;Ailleux;3.4;21430
70005;Aillevans;2.9;21040
10002;Ailleville;2.3;21840
70006;Aillevillers-et-Lyaumont;3.3;20450
52003;Aillianville;1.3;21800
72002;Aillières-Beauvoir;2.8;22550
73004;Aillon-le-Jeune;4.3;22520
73005;Aillon-le-Vieux;3.5;22100
70007;Ailloncourt;3.4;21640
27005;Ailly;3;25940
80009;Ailly-le-Haut-Clocher;2.9;23330
80010;Ailly-sur-Noye;3.2;23380
80011;Ailly-sur-Somme;3.6;21990
30006;Aimargues;5.6;22540
73006;Aime-la-Plagne;3.7;23650
3003;Ainay-le-Château;2.9;21110
18002;Ainay-le-Vieil;2.5;19790
64011;Aincille;2.6;17390
95008;Aincourt;1.8;27280
55004;Aincreville;2.4;
54007;Aingeray;2.9;24390
88003;Aingeville;1.8;
52004;Aingoulaincourt;0.9;
64012;Ainharp;2.6;18960
64013;Ainhice-Mongelos;2.7;20110
64014;Ainhoa;2.8;21660
70008;Ainvelle;2.3;21210
88004;Ainvelle;4.2;23560
80013;Airaines;4.3;19500
8004;Aire;3.8;22750
40001;Aire-sur-l'Adour;4.4;21530
62014;Aire-sur-la-Lys;4;20730
50004;Airel;2.1;21580
60008;Airion;2.5;25990
62015;Airon-Notre-Dame;6.6;23820
62016;Airon-Saint-Vaast;5.7;23220
11002;Airoux;3.3;22660
79005;Airvault;4.3;21280
21005;Aiserey;3.5;24790
70009;Aisey-et-Richecourt;3;20160
21006;Aisey-sur-Seine;1.9;18170
2006;Aisonville-et-Bernoville;4.5;21910
25009;Aïssey;1.5;20390
21007;Aisy-sous-Thil;3.1;24500
89004;Aisy-sur-Armançon;3.8;19960
2B003;Aiti;0;
73007;Aiton;2.8;24020
19002;Aix;2.3;21490
62017;Aix-en-Ergny;2.5;19720
62018;Aix-en-Issart;2.9;22350
59004;Aix-en-Pévèle;4.9;29290
13001;Aix-en-Provence;5;25810
63002;Aix-la-Fayette;0;17240
73008;Aix-les-Bains;3.4;24110
62019;Aix-Noulette;4.2;22990
10003;Aix-Villemaur-Pâlis;2.6;20860
87001;Aixe-sur-Vienne;3.7;23440
7003;Aizac;1;19890
52005;Aizanville;2.1;
36002;Aize;0.7;17580
80014;Aizecourt-le-Bas;2.8;
80015;Aizecourt-le-Haut;3.1;
2007;Aizelles;3.6;22340
85003;Aizenay;2.5;23030
27006;Aizier;2.8;24990
2008;Aizy-Jouy;2.3;21950
11003;Ajac;2.9;20540
2A004;Ajaccio;3.9;23320
23002;Ajain;3.1;21860
24004;Ajat;2.9;21390
57009;Ajoncourt;5.1;25120
7004;Ajoux;0;
11004;Alaigne;1.9;18170
2009;Alaincourt;2.8;22980
70010;Alaincourt;2.4;
57010;Alaincourt-la-Côte;4.4;24300
11005;Alairac;1.6;22790
31005;Alan;3.6;23630
2B005;Alando;0;
2A006;Alata;1.3;27810
7005;Alba-la-Romaine;2.8;22860
81003;Alban;3.3;20370
48001;Albaret-le-Comtal;2.3;18490
48002;Albaret-Sainte-Marie;4.7;22580
11006;Albas;2.7;
46001;Albas;3.2;22310
67003;Albé;3;25670
82001;Albefeuille-Lagarde;2.7;22150
15025;Albepierre-Bredons;1.8;22180
80016;Albert;4.1;19620
2B007;Albertacce;0;19020
73011;Albertville;3.5;20680
57011;Albestroff;1.7;21800
81004;Albi;4.7;21650
31006;Albiac;1.9;25480
46002;Albiac;3.2;
82002;Albias;3.5;21070
11007;Albières;0;15540
9004;Albiès;2.3;22040
73012;Albiez-le-Jeune;0;19490
73013;Albiez-Montrond;1.6;21820
19003;Albignac;3.1;22080
69003;Albigny-sur-Saône;3.2;27080
81005;Albine;2.7;19770
2A008;Albitreccia;5.4;26850
26002;Albon;2.8;23340
7006;Albon-d'Ardèche;3.6;16110
7007;Alboussière;3.3;21030
19004;Albussac;3.5;22050
74002;Alby-sur-Chéran;4.5;25840
64015;Alçay-Alçabéhéty-Sunharette;2.5;21420
64016;Aldudes;0;19090
62020;Alembon;1;22110
61001;Alençon;3.3;19220
66002;Alénya;4.4;22190
2B009;Aléria;5.5;19030
30007;Alès;3.6;18000
11008;Alet-les-Bains;3.2;19430
62021;Alette;2.1;20390
9005;Aleu;2.2;14500
74003;Alex;2.6;30290
53002;Alexain;1.1;21590
26003;Aleyrac;1.6;
94002;Alfortville;4.9;22360
2B010;Algajola;5.3;22750
81006;Algans;1.7;23590
68001;Algolsheim;2.6;26890
57012;Algrange;2.2;20970
39007;Alièze;2.4;25390
34009;Alignan-du-Vent;3.8;22030
8005;Alincourt;3;27010
62022;Alincthun;3.3;21730
21008;Alise-Sainte-Reine;2;24600
7008;Alissas;2.4;24810
69004;Alix;4.6;26980
26004;Alixan;5;24590
27008;Alizay;3.6;22900
54008;Allain;4.9;24950
80017;Allaines;2.6;22230
28003;Allainville;1.7;27180
78009;Allainville;2.5;26680
56001;Allaire;3.1;22230
54009;Allamont;3.3;24650
54010;Allamps;3.9;22450
26005;Allan;2.8;26490
15001;Allanche;3.2;20200
8006;Alland'Huy-et-Sausseuil;2.8;22420
88005;Allarmont;2.3;21290
17005;Allas-Bocage;3.3;19750
17006;Allas-Champagne;3.5;24310
24006;Allas-les-Mines;2.7;22320
19005;Allassac;2.8;23090
13002;Allauch;4.7;27620
43003;Allègre;3.7;19720
30008;Allègre-les-Fumades;2.6;20370
13003;Alleins;3.8;26040
4004;Allemagne-en-Provence;6.5;20340
51004;Allemanche-Launay-et-Soyer;1.8;27520
24007;Allemans;3.3;23880
47005;Allemans-du-Dropt;3.4;20650
2010;Allemant;3;21980
51005;Allemant;2.6;25430
38005;Allemond;5.6;23490
80018;Allenay;4;21540
48003;Allenc;0.2;21640
25011;Allenjoie;3.5;25430
59005;Allennes-les-Marais;3.8;26280
21009;Allerey;3;22210
71003;Allerey-sur-Saône;1.7;24140
71004;Allériot;1.6;26060
80019;Allery;3.2;22320
24005;Alles-sur-Dordogne;3.1;20850
15002;Alleuze;1.5;20190
38006;Allevard;3.7;24230
74004;Allèves;3.4;25820
26006;Allex;3.3;25130
43004;Alleyrac;1.4;17200
43005;Alleyras;0;18740
19006;Alleyrat;1.8;26530
23003;Alleyrat;3.5;19310
47006;Allez-et-Cazeneuve;2.5;23160
51006;Alliancelles;6.2;21760
9006;Alliat;3.6;
10004;Allibaudières;3.8;20810
52006;Allichamps;2.3;21100
65005;Allier;3.8;26310
9007;Allières;4.3;
58002;Alligny-Cosne;2.2;21500
58003;Alligny-en-Morvan;2.2;21290
22001;Allineuc;1.4;21490
74005;Allinges;2.5;32070
18004;Allogny;2.6;25440
79136;Alloinay;1.5;20140
25013;Allondans;3.6;27300
73014;Allondaz;1.7;25640
54011;Allondrelle-la-Malmaison;2.3;24720
60009;Allonne;6;25370
79007;Allonne;2;21830
28004;Allonnes;2.6;23830
49002;Allonnes;3.5;21190
72003;Allonnes;3.3;18570
4005;Allons;1.6;
47007;Allons;0;20750
80020;Allonville;3.7;27620
74006;Allonzier-la-Caille;5.3;32440
4006;Allos;7.8;20390
62023;Allouagne;3.4;22100
16007;Alloue;1.4;19470
18005;Allouis;1.7;23880
76001;Allouville-Bellefosse;4.7;24640
58004;Alluy;2.2;20510
28005;Alluyes;1.7;23000
15003;Ally;6.5;20980
43006;Ally;0;18960
81008;Almayrac;3.1;20470
61002;Almenêches;2.4;20400
12004;Almont-les-Junies;0.8;20750
9008;Alos;1.9;16990
81007;Alos;2.9;
64017;Alos-Sibas-Abense;4.7;23560
21010;Aloxe-Corton;5;28660
62024;Alquines;0.8;21040
12006;Alrance;2.9;19830
57013;Alsting;2.1;25770
2A011;Altagène;1.9;
67005;Alteckendorf;4.7;27080
68002;Altenach;1.7;31860
67006;Altenheim;4.9;24400
84001;Althen-des-Paluds;4.3;24490
2B012;Altiani;0;
48004;Altier;1.5;18150
19007;Altillac;3.3;22550
68004;Altkirch;3.5;23580
67008;Altorf;4.5;27140
57014;Altrippe;1.8;24260
57015;Altviller;3.6;24190
67009;Altwiller;2.6;23530
71005;Aluze;2.4;25220
46003;Alvignac;2.7;22270
76002;Alvimare;3.7;22790
9009;Alzen;4.3;14500
2B013;Alzi;0;
57016;Alzing;2.1;23560
30009;Alzon;0.2;17310
11009;Alzonne;2.7;19640
70011;Amage;3.6;22790
8008;Amagne;3.7;21120
25014;Amagney;3.6;24290
79008;Amailloux;1.9;19410
10005;Amance;2.3;21700
54012;Amance;3.8;24420
70012;Amance;3.3;21860
25015;Amancey;3.8;24220
74007;Amancy;2.1;31960
39008;Amange;3.2;25750
35002;Amanlis;4;25150
55005;Amanty;3.3;
57017;Amanvillers;1.6;25870
71006;Amanzé;2.2;20680
81009;Amarens;2.3;
25016;Amathay-Vésigneux;3.9;23150
14006;Amayé-sur-Orne;2.7;26040
14007;Amayé-sur-Seulles;3.2;23960
58005;Amazy;2.5;20440
88006;Ambacourt;4.3;23500
33003;Ambarès-et-Lagrave;4.6;21780
31007;Ambax;2.9;
87002;Ambazac;4.1;22970
38008;Ambel;6.5;
27009;Ambenay;1.7;19510
16008;Ambérac;3.7;21170
1004;Ambérieu-en-Bugey;3.1;21660
69005;Ambérieux;7.8;25550
1005;Ambérieux-en-Dombes;3.7;24610
16009;Ambernac;2.8;19600
86002;Amberre;3.5;22630
63003;Ambert;2.5;21990
33004;Ambès;1.3;20490
12007;Ambeyrac;0.4;20850
81010;Ambialet;3.2;20940
2A014;Ambiegna;2.6;
42003;Ambierle;2.5;22250
70013;Ambiévillers;3.2;
37002;Ambillou;3.6;23240
74008;Ambilly;2.4;28080
60010;Amblainville;1.8;26450
70014;Amblans-et-Velotte;2.4;21450
2011;Ambleny;2.5;24380
1006;Ambléon;0.9;24210
62025;Ambleteuse;2.8;22390
95011;Ambleville;1.9;28290
41001;Ambloy;3.5;24210
8010;Ambly-Fleury;3.6;21270
55007;Ambly-sur-Meuse;2.8;25080
37003;Amboise;4.2;22160
56002;Ambon;4.6;24370
26007;Ambonil;3.7;23720
51007;Ambonnay;4;28210
52007;Ambonville;0.6;
36003;Ambrault;1.6;21680
81011;Ambres;2.7;23980
62026;Ambricourt;2.3;20900
2012;Ambrief;3;
51008;Ambrières;2.7;24720
53003;Ambrières-les-Vallées;2;21760
62027;Ambrines;3.7;20410
1007;Ambronay;3.4;24860
19008;Ambrugeat;0;22100
76004;Ambrumesnil;4.2;24110
47008;Ambrus;0.9;
1008;Ambutrix;3.1;26300
27010;Amécourt;1.8;24010
55008;Amel-sur-l'Étang;3.7;24750
57018;Amelécourt;4.5;24140
66003;Amélie-les-Bains-Palalda;5;18280
64018;Amendeuix-Oneix;4;23030
54013;Amenoncourt;2.3;
95012;Amenucourt;2.2;25400
62028;Ames;3.4;21040
62029;Amettes;3.1;22230
71007;Ameugny;3.1;22040
88007;Ameuvelle;1.5;
14009;Amfreville;3.2;26240
76005;Amfreville-la-Mi-Voie;4.5;22480
27012;Amfreville-les-Champs;2.3;26090
76006;Amfreville-les-Champs;3.7;22740
27011;Amfreville-Saint-Amand;3;24500
27013;Amfreville-sous-les-Monts;2.9;24560
27014;Amfreville-sur-Iton;2.4;27410
80021;Amiens;6.1;19650
2013;Amifontaine;3.4;23230
50006;Amigny;3.1;22250
2014;Amigny-Rouy;2.8;23040
77002;Amillis;2.7;26310
28006;Amilly;2.9;25110
45004;Amilly;2.4;22320
6002;Amirat;0;
68005;Ammerschwihr;4.9;27950
72004;Amné;2.6;22860
57019;Amnéville;2.3;22440
70015;Amoncourt;2.5;22080
25017;Amondans;4;
70016;Amont-et-Effreney;2.2;19680
64019;Amorots-Succos;2.4;21320
40002;Amou;3.6;22200
21012;Ampilly-le-Sec;3.1;22310
21011;Ampilly-les-Bordes;3.3;
69006;Amplepuis;3.2;21120
62030;Amplier;4.1;23640
77003;Amponville;1.6;28400
2B015;Ampriani;0;
69007;Ampuis;3.2;26440
83003;Ampus;2;22790
79009;Amuré;3;24280
60011;Amy;2.8;20660
16011;Anais;4.7;23290
17007;Anais;3.7;23820
31008;Anan;2.2;21040
64225;Ance Féas;5.1;22180
76007;Anceaumeville;4.4;25620
5004;Ancelle;5.2;23090
55009;Ancemont;3.7;21840
44003;Ancenis-Saint-Géréon;3.1;22740
55010;Ancerville;3.2;22850
57020;Ancerville;4.5;24450
54014;Ancerviller;2.8;22500
21013;Ancey;3;25920
8011;Anchamps;2.1;20740
37004;Anché;5.5;22400
86003;Anché;3.5;21880
70017;Anchenoncourt-et-Chazel;2.6;24440
2015;Ancienville;1.9;
70018;Ancier;4.8;24080
72005;Ancinnes;2.4;22460
65006;Ancizan;9.8;19560
26008;Ancône;4.1;22900
76008;Ancourt;3.4;25220
76009;Ancourteville-sur-Héricourt;3.4;22540
76010;Ancretiéville-Saint-Victor;2.4;24340
76011;Ancretteville-sur-Mer;2.8;23160
50008;Anctoville-sur-Boscq;5.6;24480
69008;Ancy;2;25170
57021;Ancy-Dornot;3.6;27120
89005;Ancy-le-Franc;4.6;20190
89006;Ancy-le-Libre;4.8;23440
80022;Andainville;3.6;22810
7009;Andance;2.6;21200
26009;Andancette;2.8;21960
27015;Andé;3.4;25410
80023;Andechy;4.4;23540
22002;Andel;3.3;24820
2016;Andelain;2.7;21900
3004;Andelaroche;2.3;20160
70019;Andelarre;3;23410
70020;Andelarrot;3;24210
15004;Andelat;3.2;22320
90001;Andelnans;6.1;24680
52008;Andelot-Blancheville;6;20600
39009;Andelot-en-Montagne;2.2;23800
39010;Andelot-Morval;1.4;
78013;Andelu;2.2;31070
55011;Andernay;6.5;23580
33005;Andernos-les-Bains;5;27410
54015;Anderny;2.8;21420
1009;Andert-et-Condon;3.8;24810
60012;Andeville;1.4;24560
81012;Andillac;2.9;
17008;Andilly;5;24260
54016;Andilly;2.3;25200
74009;Andilly;2.6;51610
95014;Andilly;2.6;30190
52009;Andilly-en-Bassigny;0.9;22130
47009;Andiran;3.6;21820
67010;Andlau;4.4;24920
64021;Andoins;4.6;25530
68007;Andolsheim;3.5;28900
6003;Andon;1.4;20000
45005;Andonville;2.5;24450
70021;Andornay;3.9;25940
53005;Andouillé;1.2;22150
35003;Andouillé-Neuville;2.8;22880
81013;Andouque;2.5;21140
64022;Andrein;3;22960
62031;Andres;2.5;21310
65007;Andrest;2.9;22990
78015;Andrésy;2.6;29500
77004;Andrezel;1.4;28400
42005;Andrézieux-Bouthéon;5.7;22200
89007;Andryes;2.9;21870
30010;Anduze;3;19240
65009;Anères;2.6;24160
28007;Anet;2.5;24220
64023;Angaïs;5.3;26980
41002;Angé;3.2;22850
16012;Angeac-Champagne;3.5;24490
16013;Angeac-Charente;2.2;23730
8013;Angecourt;2.8;20370
16014;Angeduc;2.4;21960
89008;Angely;3.1;22920
90002;Angeot;3.3;26920
49007;Angers;5.9;21450
14012;Angerville;3.1;22570
91016;Angerville;2.2;22130
76012;Angerville-Bailleul;2.5;24200
76014;Angerville-l'Orcher;3.9;26010
27017;Angerville-la-Campagne;3.7;23710
76013;Angerville-la-Martel;3.2;23290
91017;Angervilliers;2.6;29150
82003;Angeville;2.5;22210
57022;Angevillers;4.4;27550
60013;Angicourt;2.4;27760
76015;Angiens;3.6;23560
70022;Angirey;3.9;20150
60014;Angivillers;3.1;23830
33006;Anglade;3;20630
15005;Anglards-de-Saint-Flour;3.9;22610
15006;Anglards-de-Salers;3.1;18700
46004;Anglars;3.1;23550
46005;Anglars-Juillac;3.1;21330
46006;Anglars-Nozac;4.5;19910
12008;Anglars-Saint-Félix;4.5;21490
1010;Anglefort;2;24700
88008;Anglemont;3.9;21610
4007;Angles;2.5;
85004;Angles;3.5;23030
81014;Anglès;2.6;19600
86004;Angles-sur-l'Anglin;5;23180
76017;Anglesqueville-l'Esneval;3.2;25690
76016;Anglesqueville-la-Bras-Long;3.5;25320
64024;Anglet;6.5;25060
17009;Angliers;5.3;24040
86005;Angliers;2.6;21240
51009;Anglure;3.1;21190
71008;Anglure-sous-Dun;1.3;20600
51010;Angluzelles-et-Courcelles;2.3;23200
24008;Angoisse;3.1;20850
54017;Angomont;2.3;
65010;Angos;2.5;25910
16015;Angoulême;3.2;19830
17010;Angoulins;5.6;26700
40003;Angoumé;4.3;25240
64025;Angous;3.3;
66005;Angoustrine-Villeneuve-des-Escaldes;5.4;22010
62032;Angres;3.3;20470
40004;Angresse;7.6;24730
49008;Angrie;2.4;20990
2017;Anguilcourt-le-Sart;2.6;21630
60015;Angy;2;23900
64026;Anhaux;4;22700
59007;Anhiers;3.5;21640
34010;Aniane;3.9;22130
59008;Aniche;3.7;17820
14015;Anisy;5.6;32490
2018;Anizy-le-Grand;2.2;20610
70023;Anjeux;3;22920
38009;Anjou;2.5;24310
36004;Anjouin;1.6;19990
90003;Anjoutey;4.3;25280
65012;Anla;1.1;
58006;Anlezy;1.7;19260
24009;Anlhiac;4.1;21890
58007;Annay;3;21420
62033;Annay;4.8;20740
89009;Annay-la-Côte;3.5;24900
89010;Annay-sur-Serein;2.2;23350
14016;Annebault;3.5;21860
74010;Annecy;5.2;26250
8014;Annelles;3.2;23230
74012;Annemasse;3;22800
89011;Annéot;4.2;27990
17011;Annepont;3.4;21120
62034;Annequin;4.4;20090
24010;Annesse-et-Beaulieu;2.9;23160
77005;Annet-sur-Marne;2.5;29060
59010;Anneux;3.5;24410
76020;Anneville-Ambourville;2.5;23630
50013;Anneville-en-Saire;3.3;22580
52011;Annéville-la-Prairie;2.7;
76019;Anneville-sur-Scie;4.5;23880
26010;Anneyron;2.5;23380
17012;Annezay;2.3;21700
62035;Annezin;3.8;21420
59011;Annœullin;3.8;23710
39011;Annoire;2.7;22380
2019;Annois;2.3;21860
38010;Annoisin-Chatelans;1.8;26130
18006;Annoix;1.6;22390
7010;Annonay;3.4;19880
52012;Annonville;2.1;
4008;Annot;5.3;20850
76021;Annouville-Vilmesnil;3.7;24160
89012;Annoux;1.6;
59012;Anor;3;18490
64027;Anos;4.2;25470
71009;Anost;1.1;20910
88009;Anould;4.1;21740
54018;Anoux;2.4;25530
64028;Anoye;2.3;22200
76022;Anquetierville;2.7;25820
52013;Anrosey;2.1;21220
16016;Ansac-sur-Vienne;4.2;22080
60016;Ansacq;1.4;27770
32002;Ansan;2.1;
54019;Ansauville;1.2;
60017;Ansauvillers;3.3;22690
69009;Anse;6.7;24690
97102;Anse-Bertrand;1.5;
66006;Ansignan;4;15260
65013;Ansost;3.2;
84002;Ansouis;3.4;24800
59013;Anstaing;4.5;27530
47010;Antagnac;4.6;21310
15007;Anterrieux;3.3;17620
25018;Anteuil;3.7;23250
17013;Antezant-la-Chapelle;2.9;22870
47011;Anthé;1.1;21270
54020;Anthelupt;5.5;25040
51012;Anthenay;3.2;
8015;Antheny;3.6;
21014;Antheuil;1;
60019;Antheuil-Portes;2.6;23810
58008;Anthien;4.2;18420
38011;Anthon;1.7;28470
74013;Anthy-sur-Léman;2.9;33690
6004;Antibes;4.9;24410
65014;Antichan;0.7;
31009;Antichan-de-Frontignes;1.8;
15008;Antignac;4.4;20790
31010;Antignac;6.4;22030
85005;Antigny;1.6;22490
86006;Antigny;2.3;20320
21015;Antigny-la-Ville;6.5;
57024;Antilly;1.9;31550
60020;Antilly;1;26890
65015;Antin;4;
2B016;Antisanti;0;21880
65016;Antist;3.5;24680
37005;Antogny-le-Tillac;1.6;22700
49009;Antoigné;1.6;21680
63005;Antoingt;2.1;22810
24011;Antonne-et-Trigonant;3.7;22750
92002;Antony;2.5;32000
86007;Antran;5.6;23850
9011;Antras;1;
32003;Antras;1.8;
48005;Antrenas;2.6;22590
11010;Antugnac;2.5;20310
71010;Antully;1.6;22230
76023;Anvéville;3.6;22930
62036;Anvin;3.3;19030
2020;Any-Martin-Rieux;5.2;19970
63006;Anzat-le-Luguet;0;15330
57025;Anzeling;2.3;25690
23004;Anzême;1.7;21640
47012;Anzex;2;22260
59014;Anzin;3.9;16780
62037;Anzin-Saint-Aubin;4.5;29670
71011;Anzy-le-Duc;1.5;22050
38012;Aoste;3.6;21860
51013;Aougny;2.7;24740
8016;Aouste;1.9;18610
26011;Aouste-sur-Sye;4.5;22200
88010;Aouze;3.2;21180
57026;Apach;2.1;28940
97360;Apatou;0.5;
63007;Apchat;2.3;20260
15009;Apchon;2.4;18940
42006;Apinac;4;20230
81015;Appelle;1.6;
61005;Appenai-sous-Bellême;2.2;23090
25019;Appenans;3.7;23200
68008;Appenwihr;2.9;24540
50016;Appeville;1.8;22950
27018;Appeville-Annebault;3;24010
2A017;Appietto;0.4;26500
60021;Appilly;2.9;21420
89013;Appoigny;3.5;23740
38013;Apprieu;3.6;26100
9012;Appy;0.3;
1011;Apremont;1.6;24530
8017;Apremont;3.1;20690
60022;Apremont;3.7;32930
70024;Apremont;3.4;22630
73017;Apremont;4.1;27120
85006;Apremont;1.3;21450
55012;Apremont-la-Forêt;3.5;22080
18007;Apremont-sur-Allier;1.5;
52014;Aprey;1.7;22350
84003;Apt;4.2;18860
9013;Arabaux;2.9;
74014;Arâches-la-Frasse;3.1;28160
65017;Aragnouet;4.4;18840
11011;Aragon;3.1;22650
64029;Aramits;6.2;21690
30012;Aramon;4.1;22560
1012;Aranc;1.1;24270
64031;Arancou;2.8;20110
1013;Arandas;0.4;22180
38297;Arandon-Passins;1.3;22680
64032;Araujuzon;3.6;22120
43007;Araules;3;21680
64033;Araux;3.1;21720
33007;Arbanats;3.6;24030
31011;Arbas;0.9;19950
70025;Arbecey;4.5;20580
2A018;Arbellara;2.1;22340
1014;Arbent;2.3;22410
65018;Arbéost;0;
64034;Arbérats-Sillègue;4.5;24500
1016;Arbigny;1.9;23080
52015;Arbigny-sous-Varennes;1.9;
73018;Arbin;2.7;26440
32004;Arblade-le-Bas;3.2;19860
32005;Arblade-le-Haut;3.4;23530
39013;Arbois;4.5;22050
31012;Arbon;2.4;
64035;Arbonne;6.2;27300
77006;Arbonne-la-Forêt;1.4;31050
34011;Arboras;2.4;22790
2A019;Arbori;0;
52016;Arbot;1.8;
25020;Arbouans;4.5;22370
40005;Arboucave;4.6;21730
64036;Arbouet-Sussaute;4.5;22630
58009;Arbourse;1.5;21990
66007;Arboussols;1;19140
1015;Arboys en Bugey;2.7;23800
35005;Arbrissel;3.5;21640
64037;Arbus;4.5;25430
74015;Arbusigny;0.8;33470
52017;Arc-en-Barrois;4.3;22190
25021;Arc-et-Senans;4;22480
70026;Arc-lès-Gray;4.6;20420
25025;Arc-sous-Cicon;3.5;26180
25026;Arc-sous-Montenot;3.1;22250
21021;Arc-sur-Tille;3.6;28240
33009;Arcachon;4.5;27150
79010;Arçais;2.8;20830
46007;Arcambal;2.8;22880
64038;Arcangues;6.9;27520
18008;Arçay;3.2;24760
86008;Arçay;2.1;21690
21016;Arceau;3.6;28980
21017;Arcenant;2.2;28050
7012;Arcens;1.1;19100
17015;Arces;2.2;21610
89014;Arces-Dilo;1.5;21460
21018;Arcey;3.1;
25022;Arcey;3.8;24800
4009;Archail;0;
74016;Archamps;3.2;54120
39014;Archelange;4;26950
15010;Arches;1;20900
88011;Arches;5.1;22920
88012;Archettes;5.1;24210
17016;Archiac;3.3;21340
24012;Archignac;1.2;21200
3005;Archignat;1.2;17900
86009;Archigny;2.5;20520
17017;Archingeay;2.3;20480
2021;Archon;4.1;
42007;Arcinges;1.4;22400
33010;Arcins;5.3;24010
51014;Arcis-le-Ponsart;1.9;25290
10006;Arcis-sur-Aube;3.5;20470
28236;Arcisses;3.1;23190
65019;Arcizac-Adour;3.5;24710
65020;Arcizac-ez-Angles;2.9;22350
65021;Arcizans-Avant;2.1;24200
65022;Arcizans-Dessus;1.6;23060
18009;Arcomps;1.3;20650
42008;Arcon;0.4;17840
25024;Arçon;2.4;28930
21020;Arconcey;2.8;22500
72006;Arçonnay;3.3;24000
63008;Arconsat;2.5;20750
10007;Arconville;1.8;23570
94003;Arcueil;3.1;23560
2022;Arcy-Sainte-Restitue;2.5;23140
89015;Arcy-sur-Cure;1.2;21550
28008;Ardelles;3.1;24220
28009;Ardelu;1.6;
18010;Ardenais;1.7;20750
72007;Ardenay-sur-Mérize;2.1;22710
65023;Ardengost;1.7;
36005;Ardentes;1.7;23320
63009;Ardes;2.2;18870
8018;Ardeuil-et-Montfauxelles;2;
31013;Ardiège;3.2;23690
17018;Ardillières;2.6;22010
79012;Ardin;1.2;22900
32007;Ardizas;2.8;25260
7013;Ardoix;2;22290
39015;Ardon;3.8;23610
45006;Ardon;3.1;33830
76024;Ardouval;3.1;24410
62038;Ardres;1.6;21360
2B020;Aregno;2.5;20750
41003;Areines;1.9;23560
76401;Arelaune-en-Seine;4.1;22900
64039;Aren;3.6;24160
40006;Arengosse;4.2;22380
74018;Arenthon;3.2;33530
33011;Arès;5.3;25530
39586;Aresches;2;
64041;Aressy;4.6;26590
64040;Arette;4.9;20700
23005;Arfeuille-Châtain;1.6;18620
3006;Arfeuilles;1.2;17360
81016;Arfons;1;18010
64042;Argagnon;4;23840
14019;Arganchy;4.1;24090
10008;Argançon;2.1;21770
57028;Argancy;7.2;29600
9014;Argein;3;19720
65024;Argelès-Bagnères;2.9;
65025;Argelès-Gazost;4.5;21770
66008;Argelès-sur-Mer;5.1;21560
11012;Argeliers;3.3;20980
34012;Argelliers;2.8;26320
40007;Argelos;2.7;22330
64043;Argelos;2.8;25340
40008;Argelouse;3.8;
14020;Argences;2.7;22060
12223;Argences en Aubrac;3.2;19910
11013;Argens-Minervois;4.1;21000
18011;Argent-sur-Sauldre;2.7;21750
61006;Argentan;2.9;19320
19010;Argentat-sur-Dordogne;6;21510
89016;Argentenay;5.1;
95018;Argenteuil;1.7;19350
89017;Argenteuil-sur-Armançon;4.8;22730
77007;Argentières;1.5;28190
73019;Argentine;1.8;24580
47013;Argenton;3.9;23140
36006;Argenton-sur-Creuse;3;20400
79013;Argentonnay;1.4;20240
53007;Argentré;2.4;23290
35006;Argentré-du-Plessis;3.7;23260
18012;Argenvières;1.3;23020
28010;Argenvilliers;2.1;22810
51015;Argers;3.3;22940
64044;Arget;2;
90004;Argiésans;5.1;27070
70027;Argillières;1.2;
30013;Argilliers;4;24930
21022;Argilly;1.9;24410
1017;Argis;1.2;20790
2A021;Argiusta-Moriccio;1.1;
80024;Argœuves;4.4;26370
29001;Argol;3.5;21310
74019;Argonay;4.9;30740
80025;Argoules;3.4;21030
76025;Argueil;3;20060
80026;Arguel;3.8;
31014;Arguenos;0.8;
31015;Argut-Dessous;2;
36007;Argy;2.1;21300
64045;Arhansus;2.8;
65026;Aries-Espénan;3.7;
81017;Arifat;4.8;18170
9015;Arignac;2.7;22630
39016;Arinthod;3.3;21070
73020;Arith;4.1;24340
63010;Arlanc;2.8;19860
39017;Arlay;5.2;24880
7014;Arlebosc;2.4;20420
43008;Arlempdes;2.5;20760
13004;Arles;4.4;20060
66009;Arles-sur-Tech;3.9;19170
43009;Arlet;1.2;
58010;Arleuf;0;20140
59015;Arleux;3.1;22420
62039;Arleux-en-Gohelle;3.7;25320
31017;Arlos;2;
49010;Armaillé;1.5;22210
60023;Armancourt;3.7;27750
80027;Armancourt;2.6;
54021;Armaucourt;4.4;24180
59016;Armbouts-Cappel;4.5;24750
89018;Armeau;2.1;22500
64046;Armendarits;1;21080
59017;Armentières;4;18920
77008;Armentières-en-Brie;1.4;20940
27019;Armentières-sur-Avre;2.1;23950
2023;Armentières-sur-Ourcq;2.6;22610
32008;Armentieux;3.6;
58011;Armes;3.4;21690
47014;Armillac;1.4;17910
11014;Armissan;2.6;22960
1019;Armix;0;
32009;Armous-et-Cau;2.7;
74020;Armoy;3.1;33880
15011;Arnac;0.8;20320
87003;Arnac-la-Poste;3.3;20070
19011;Arnac-Pompadour;4.2;20800
12009;Arnac-sur-Dourdou;0;
72008;Arnage;3.3;22990
52019;Arnancourt;3.5;
69013;Arnas;4.8;24910
31018;Arnaud-Guilhem;3.3;22460
9016;Arnave;2.3;21190
54022;Arnaville;2.6;24390
21023;Arnay-le-Duc;4.6;20840
21024;Arnay-sous-Vitteaux;2.2;21880
26012;Arnayon;3.4;
65028;Arné;1.5;22970
64047;Arnéguy;1.6;19250
59018;Arnèke;2.8;22380
8021;Arnicourt;3.6;24550
27020;Arnières-sur-Iton;1.9;25340
64048;Arnos;1.6;20960
95019;Arnouville;1.9;20790
78020;Arnouville-lès-Mantes;2.1;30750
88013;Aroffe;3.8;
39018;Aromas;1.5;22660
53008;Aron;2.4;23100
64049;Aroue-Ithorots-Olhaïby;4.9;20020
70028;Aroz;3.6;22850
30014;Arpaillargues-et-Aureillac;4.4;22490
91021;Arpajon;2.2;21980
15012;Arpajon-sur-Cère;4.5;23500
26013;Arpavon;0;
70029;Arpenans;2.8;21720
18013;Arpheuilles;1.7;23030
36008;Arpheuilles;2.5;18420
3007;Arpheuilles-Saint-Priest;4.4;23600
30015;Arphy;2.5;19270
53009;Arquenay;2.7;23670
11015;Arques;0.8;14800
12010;Arques;2;23840
62040;Arques;3.7;19590
76026;Arques-la-Bataille;4.9;20840
11016;Arquettes-en-Val;4.9;
80028;Arquèves;3.7;21640
58012;Arquian;2.6;21650
54023;Arracourt;1.8;21970
56003;Arradon;5.4;30120
57027;Arraincourt;2.7;21370
91022;Arrancourt;1.9;27670
2024;Arrancy;2.2;
55013;Arrancy-sur-Crusnes;3.8;25640
21025;Arrans;2.4;
62041;Arras;4.3;20230
65029;Arras-en-Lavedan;3.5;22790
7015;Arras-sur-Rhône;3.3;21160
64050;Arrast-Larrebieu;3;
64051;Arraute-Charritte;3;20880
54024;Arraye-et-Han;4.3;23720
65247;Arrayou-Lahitte;1.2;19970
30016;Arre;2.7;17930
65031;Arreau;9.9;20650
10009;Arrelles;2.4;
10010;Arrembécourt;3.7;
23006;Arrènes;1.8;18520
65032;Arrens-Marsous;0.8;21340
88014;Arrentès-de-Corcieux;2.7;22200
10011;Arrentières;3.1;26870
80029;Arrest;3.7;20660
8022;Arreux;3.8;26580
57029;Arriance;3.3;25520
64052;Arricau-Bordes;2.4;
64053;Arrien;2.9;24030
9017;Arrien-en-Bethmale;3;19720
30017;Arrigas;1.7;21030
51016;Arrigny;1.8;23670
2A022;Arro;0;
65034;Arrodets;0.2;
65033;Arrodets-ez-Angles;0.1;20920
14021;Arromanches-les-Bains;3;23490
3008;Arronnes;4.3;21400
95023;Arronville;1.3;30040
64054;Arros-de-Nay;4.4;23350
64056;Arrosès;0.8;21860
32010;Arrouède;4.4;
9018;Arrout;3.1;
57030;Arry;1.9;25920
80030;Arry;4.6;19650
16018;Ars;4.2;25270
23007;Ars;3.5;21630
17019;Ars-en-Ré;3.9;25650
57031;Ars-Laquenexy;3.4;30860
63011;Ars-les-Favets;5.2;21370
1021;Ars-sur-Formans;1.6;26430
57032;Ars-sur-Moselle;4.7;21290
33012;Arsac;4.2;27250
43010;Arsac-en-Velay;4.5;23170
40011;Arsague;3.8;23210
70030;Arsans;3.1;
10012;Arsonval;2.8;22300
39020;Arsure-Arsurette;2.4;
60024;Arsy;4.1;24920
54025;Art-sur-Meurthe;5;26470
65035;Artagnan;3.7;20370
8023;Artaise-le-Vivier;1.1;
71012;Artaix;1.5;22140
65036;Artalens-Souin;2.7;21170
37006;Artannes-sur-Indre;3.8;26100
49011;Artannes-sur-Thouet;3.4;24130
38015;Artas;2.9;24840
40012;Artassenx;4.4;22720
1022;Artemare;3.2;22000
2025;Artemps;1.2;23930
45008;Artenay;2.1;21740
74021;Arthaz-Pont-Notre-Dame;3;35810
58013;Arthel;0.9;
26014;Arthémonay;1.8;23710
17020;Arthenac;3.3;24470
81018;Arthès;3.7;23520
40013;Arthez-d'Armagnac;3.7;20740
64058;Arthez-d'Asson;2;21930
64057;Arthez-de-Béarn;2.4;24200
72009;Arthezé;2.3;21400
95024;Arthies;1.6;28670
36009;Arthon;2.1;23180
89019;Arthonnay;0.9;19140
42009;Arthun;3.6;22570
9019;Artigat;5.1;21150
83005;Artignosc-sur-Verdon;0.7;21540
31019;Artigue;3.1;
64059;Artigueloutan;5.1;27130
64060;Artiguelouve;4.8;25890
65037;Artiguemy;1.8;
9020;Artigues;0;
11017;Artigues;3.5;
65038;Artigues;2.1;
83006;Artigues;2.9;24950
33013;Artigues-près-Bordeaux;7.2;24380
41004;Artins;2.6;23630
9021;Artix;1.7;22080
64061;Artix;5.1;23460
67011;Artolsheim;3.7;25440
63012;Artonne;3;24460
59019;Artres;3.4;24790
68009;Artzenheim;3.5;25290
64062;Arudy;4.5;21550
40014;Arue;2.8;23320
17021;Arvert;2.6;22200
33015;Arveyres;5.9;24500
1453;Arvière-en-Valromey;2;22830
12011;Arvieu;3.2;21580
5007;Arvieux;3.5;19610
9022;Arvigna;2.3;23590
73021;Arvillard;3.8;23760
77009;Arville;1.9;25060
80031;Arvillers;3.8;21970
40015;Arx;0;
64063;Arzacq-Arraziguet;4.4;20890
56004;Arzal;4.6;23700
29002;Arzano;3.2;21650
58014;Arzembouy;1.3;
48007;Arzenc-d'Apcher;2.6;
48008;Arzenc-de-Randon;0;19740
11018;Arzens;2.2;22370
51017;Arzillières-Neuville;4;22240
56005;Arzon;3.1;28390
57033;Arzviller;4.1;24220
64064;Asasp-Arros;5.1;21300
64065;Ascain;4.9;24240
64066;Ascarat;3.5;20880
67012;Aschbach;4.2;25760
45009;Aschères-le-Marché;2.5;24370
2B023;Asco;0;
9023;Ascou;5.3;15020
45010;Ascoux;1.4;22240
6005;Ascros;0;16880
8024;Asfeld;3.7;22450
86010;Aslonnes;4.2;24010
58015;Asnan;2.5;20590
39022;Asnans-Beauvoisin;2.2;21600
14022;Asnelles;3;23070
27021;Asnières;2;22600
14023;Asnières-en-Bessin;2.5;
21026;Asnières-en-Montagne;2.6;22120
79015;Asnières-en-Poitou;2.5;18880
17022;Asnières-la-Giraud;3.4;21880
21027;Asnières-lès-Dijon;4.4;30220
89020;Asnières-sous-Bois;2.9;24180
86011;Asnières-sur-Blour;2.2;18130
16019;Asnières-sur-Nouère;2.9;23840
95026;Asnières-sur-Oise;2.5;28210
1023;Asnières-sur-Saône;1.2;
92004;Asnières-sur-Seine;3.6;28370
72010;Asnières-sur-Vègre;4.3;22300
58016;Asnois;2.8;23110
86012;Asnois;2.5;20780
57034;Aspach;2.9;
68010;Aspach;3.5;27600
68011;Aspach-le-Bas;4.1;28250
68012;Aspach-Michelbach;4.2;28850
30018;Aspères;2.1;24090
31020;Aspet;2.3;19880
65039;Aspin-Aure;6;
65040;Aspin-en-Lavedan;5.4;22290
34013;Aspiran;3.1;20750
5008;Aspremont;5.4;19360
6006;Aspremont;5;29450
5009;Aspres-lès-Corps;8.1;
5010;Aspres-sur-Buëch;4.4;19880
31021;Aspret-Sarrat;3.9;26070
12012;Asprières;1.1;21410
65041;Asque;0;22000
33016;Asques;2.2;24740
82004;Asques;3.6;20990
89021;Asquins;2.6;22760
81019;Assac;1.9;18670
80032;Assainvillers;3.6;21170
79016;Assais-les-Jumeaux;3.5;20180
34014;Assas;5;31670
64067;Assat;5.3;25700
37007;Assay;2.9;22610
53010;Assé-le-Bérenger;3.8;22190
72011;Assé-le-Boisne;1.2;20860
72012;Assé-le-Riboul;2.9;24700
10013;Assenay;1.5;26410
10014;Assencières;2.8;21900
57035;Assenoncourt;2.4;21960
44006;Assérac;3.1;22520
59021;Assevent;3.6;21460
80033;Assevillers;3.5;20420
46009;Assier;3.4;21980
38017;Assieu;2;25970
34015;Assignan;2;20380
18014;Assigny;1.9;21690
2027;Assis-sur-Serre;2.3;19990
64068;Asson;4.3;23690
67013;Asswiller;2.3;22340
47015;Astaffort;1.8;20820
19012;Astaillac;2.6;22910
65042;Asté;4.5;20830
64069;Aste-Béon;6.1;22280
7018;Astet;0.8;
53011;Astillé;1.5;22810
64070;Astis;4.4;23840
9024;Aston;0.6;23480
65043;Astugue;2.8;22650
21028;Athée;2.5;24060
53012;Athée;2.7;23410
37008;Athée-sur-Cher;4;25110
70031;Athesans-Étroitefontaine;3.1;21080
21029;Athie;4.4;
89022;Athie;3.4;23100
54026;Athienville;1.4;23890
62042;Athies;4.1;25690
80034;Athies;3.2;22140
2028;Athies-sous-Laon;2.1;22820
51018;Athis;3.2;24950
91027;Athis-Mons;2.2;22380
61007;Athis-Val de Rouvre;3.4;22670
64071;Athos-Aspis;3.8;21890
95028;Attainville;4.2;28920
52021;Attancourt;1.8;24230
68013;Attenschwiller;2.4;38110
59022;Attiches;3.9;27220
60025;Attichy;2.8;23620
1024;Attignat;3.4;24460
73022;Attignat-Oncin;1.6;25550
88015;Attignéville;2.5;22150
8025;Attigny;2.9;20040
88016;Attigny;4.1;21530
57036;Attilloncourt;3.3;23070
2029;Attilly;2.4;24790
62044;Attin;5.8;21890
54027;Atton;6.1;25000
45011;Attray;2;23910
70032;Attricourt;2.3;
40016;Aubagnan;3.6;22470
13005;Aubagne;4.3;22550
21030;Aubaine;1.8;
30019;Aubais;4;26550
65044;Aubarède;2.4;20150
24014;Aubas;3.6;21750
43011;Aubazat;2.7;22320
19013;Aubazines;2.3;24300
57037;Aube;3.6;24700
61008;Aube;2.6;19910
76028;Aubéguimont;2.6;18000
7019;Aubenas;3.2;19710
4012;Aubenas-les-Alpes;0.7;
26015;Aubenasson;3.3;
59023;Aubencheul-au-Bac;3.5;23320
2030;Aubencheul-aux-Bois;3.3;22440
2031;Aubenton;4.6;18600
77010;Aubepierre-Ozouer-le-Repos;1.9;26780
52022;Aubepierre-sur-Aube;3.1;21020
59024;Auberchicourt;3.4;19850
80035;Aubercourt;5.6;
78029;Aubergenville;3.2;23070
52023;Auberive;2.7;21300
51019;Aubérive;2.9;28540
38018;Auberives-en-Royans;3.4;22340
38019;Auberives-sur-Varèze;4.5;24310
76029;Aubermesnil-aux-Érables;3.5;21080
76030;Aubermesnil-Beaumais;4.7;22390
59025;Aubers;5;29920
64072;Aubertin;2.3;25610
14024;Auberville;4.6;26030
76032;Auberville-la-Manuel;1.6;22980
76033;Auberville-la-Renault;2.8;23530
93001;Aubervilliers;4.1;15330
5039;Aubessagne;8.3;20740
10015;Aubeterre;1.6;23270
16020;Aubeterre-sur-Dronne;2.4;21300
33017;Aubiac;6.6;24270
47016;Aubiac;3.3;26050
63013;Aubiat;2.7;24940
63014;Aubière;5.3;24600
32012;Aubiet;2.8;22260
84004;Aubignan;2.9;22270
7020;Aubignas;2.2;22610
35007;Aubigné;2.5;24420
79018;Aubigné;1.9;19840
72013;Aubigné-Racan;1.7;21090
49012;Aubigné-sur-Layon;3.1;22340
4013;Aubignosc;4.8;22860
3009;Aubigny;0.5;20630
14025;Aubigny;5;25570
79019;Aubigny;3.8;20360
80036;Aubigny;5.2;24830
59026;Aubigny-au-Bac;3.5;22220
2032;Aubigny-aux-Kaisnes;2;20000
62045;Aubigny-en-Artois;3.5;21710
2033;Aubigny-en-Laonnois;3.4;26440
21031;Aubigny-en-Plaine;4.1;24790
21032;Aubigny-la-Ronce;1.9;21430
85008;Aubigny-Les Clouzeaux;2.3;23950
8026;Aubigny-les-Pothées;2.5;19750
21033;Aubigny-lès-Sombernon;2.7;24740
18015;Aubigny-sur-Nère;3.2;21730
51020;Aubilly;3.1;
12013;Aubin;4.1;20090
64073;Aubin;3;24150
62046;Aubin-Saint-Vaast;2.7;18970
18016;Aubinges;1.5;24070
8027;Auboncourt-Vauzelles;2.2;24970
25029;Aubonne;1.4;24950
30020;Aubord;3.5;24550
54028;Auboué;3.7;20080
64074;Aubous;1.4;
26016;Aubres;2.9;20730
55014;Aubréville;4.8;23070
8028;Aubrives;3.3;21590
62047;Aubrometz;3.2;21400
59027;Aubry-du-Hainaut;6;25190
61010;Aubry-le-Panthou;2.3;21920
68014;Aubure;1.9;24120
30021;Aubussargues;3.7;25660
23008;Aubusson;5.7;18830
61011;Aubusson;2.9;24490
63015;Aubusson-d'Auvergne;2;22300
80037;Aubvillers;3.3;21710
59028;Auby;4.2;18540
22003;Aucaleuc;4.1;22510
31022;Aucamville;5.1;22860
82005;Aucamville;2.5;23720
9025;Aucazein;3;
26017;Aucelon;0;
50019;Aucey-la-Plaine;2.4;22900
32013;Auch;3.6;21800
85009;Auchay-sur-Vendée;2.2;22010
62048;Auchel;3.4;17050
80038;Auchonvillers;4.1;26250
62049;Auchy-au-Bois;2.9;23520
60026;Auchy-la-Montagne;3.5;22610
62050;Auchy-lès-Hesdin;3.1;17320
62051;Auchy-les-Mines;4.7;20220
59029;Auchy-lez-Orchies;6.3;26860
65045;Aucun;1.6;22750
64075;Audaux;3.1;20800
39024;Audelange;4;24310
52025;Audeloncourt;2;
62052;Audembert;4.2;25850
33019;Audenge;3.8;24210
3010;Audes;1.5;21230
25030;Audeux;5.1;26080
45012;Audeville;1.6;25340
29003;Audierne;5.4;22370
2034;Audignicourt;0.5;21270
59031;Audignies;2.8;26730
40017;Audignon;2.6;23080
2035;Audigny;3.9;19950
25031;Audincourt;4.3;18210
62053;Audincthun;3.2;20300
62054;Audinghen;2.5;21000
40018;Audon;3.5;23170
50021;Audouville-la-Hubert;2.3;
62055;Audrehem;1.2;22000
9026;Audressein;3.1;20860
62056;Audresselles;2.5;22430
14026;Audrieu;3.8;24790
24015;Audrix;2.6;21470
62057;Audruicq;2.3;21500
54029;Audun-le-Roman;3.3;25570
57038;Audun-le-Tiche;2.1;25580
78030;Auffargis;2.2;32530
77011;Aufferville;2.9;25570
78031;Auffreville-Brasseuil;2.9;28790
8029;Auflance;1.2;
64077;Auga;3.8;22990
56006;Augan;2.8;21270
8030;Auge;5.5;
23009;Auge;1.1;
79020;Augé;3.2;23210
39025;Augea;1.9;22210
60027;Auger-Saint-Vincent;2.5;26990
39026;Augerans;4.4;22980
23010;Augères;0.7;19250
63016;Augerolles;2.1;20800
77012;Augers-en-Brie;0.5;25100
45013;Augerville-la-Rivière;2;25840
70035;Augicourt;4.1;19970
24016;Augignac;3;20580
9027;Augirein;2;
39027;Augisey;0.8;21410
63017;Augnat;3.1;21670
32014;Augnax;2.5;24240
87004;Augne;3;19770
57039;Augny;4.7;28100
61012;Auguaise;2.9;20910
2036;Augy;3.1;
89023;Augy;2.6;22710
18017;Augy-sur-Aubois;1.5;18150
17023;Aujac;2.6;21330
30022;Aujac;1.1;18750
32015;Aujan-Mournède;3.9;
30023;Aujargues;3.1;25140
52027;Aujeurres;0.5;
46010;Aujols;1.8;24120
26018;Aulan;5.3;
30024;Aulas;3.6;19900
63160;Aulhat-Flat;4.3;24590
2A024;Aullène;0;20160
63019;Aulnat;6.1;20610
10017;Aulnay;3.2;23290
17024;Aulnay;2.2;19840
86013;Aulnay;2.3;20620
51022;Aulnay-l'Aître;2.3;23530
45014;Aulnay-la-Rivière;2;24990
93005;Aulnay-sous-Bois;2.7;18710
27023;Aulnay-sur-Iton;1.1;25030
51023;Aulnay-sur-Marne;2.5;26080
78033;Aulnay-sur-Mauldre;2;28930
88017;Aulnois;4.7;22560
55015;Aulnois-en-Perthois;3.4;24010
2037;Aulnois-sous-Laon;3.4;21970
57040;Aulnois-sur-Seille;4.2;24980
77013;Aulnoy;2.7;29020
59032;Aulnoy-lez-Valenciennes;6.2;20010
52028;Aulnoy-sur-Aube;1.8;
59033;Aulnoye-Aymeries;2.3;17940
23011;Aulon;1.2;22910
31023;Aulon;3;19670
65046;Aulon;6.1;
9296;Aulos-Sinsat;0.9;20700
80039;Ault;4;20470
9029;Aulus-les-Bains;4.8;19140
70036;Aulx-lès-Cromary;5.8;23840
17025;Aumagne;3.3;21300
76035;Aumale;3.3;20100
80040;Aumâtre;3.2;22180
34016;Aumelas;1.8;24750
51025;Auménancourt;2.8;26300
62058;Aumerval;2.6;21100
34017;Aumes;4.4;23840
30025;Aumessas;1.7;16910
57041;Aumetz;3.8;24260
50022;Aumeville-Lestre;2.7;20210
39028;Aumont;4.4;22920
80041;Aumont;3;21990
60028;Aumont-en-Halatte;3.6;36570
39029;Aumur;3.2;22240
16023;Aunac-sur-Charente;3.3;20820
11019;Aunat;0;
58017;Aunay-en-Bazois;1.5;21150
61013;Aunay-les-Bois;3.1;24350
28013;Aunay-sous-Auneau;2.3;25610
28014;Aunay-sous-Crécy;1.6;23230
28015;Auneau-Bleury-Saint-Symphorien;2.2;23530
60029;Auneuil;1.7;23400
61014;Aunou-le-Faucon;2.5;25920
61015;Aunou-sur-Orne;4.3;23440
76036;Auppegard;4.7;23640
83007;Aups;4.8;20730
32016;Auradé;2.7;28300
47017;Auradou;2.5;21130
31024;Auragne;4.4;23950
56007;Auray;6.1;22470
8031;Aure;0.1;
14591;Aure sur Mer;2.4;23470
43012;Aurec-sur-Loire;2.1;23200
87005;Aureil;2.8;25340
40019;Aureilhan;3.9;23640
65047;Aureilhan;4;21370
13006;Aureille;3.2;24830
26019;Aurel;1.2;20100
84005;Aurel;5.9;20910
32017;Aurensan;3.6;22710
65048;Aurensan;3.3;23240
31025;Aureville;4.5;34680
11020;Auriac;0;
19014;Auriac;2.3;19960
64078;Auriac;3.4;23070
24018;Auriac-du-Périgord;3.9;21140
15013;Auriac-l'Église;1.2;17360
12015;Auriac-Lagast;3.1;19270
47018;Auriac-sur-Dropt;3.8;22190
31026;Auriac-sur-Vendinelle;2.3;23450
23012;Auriat;0;18340
31027;Auribail;3.4;24140
84006;Auribeau;2.1;
6007;Auribeau-sur-Siagne;1.9;26870
40020;Aurice;2.8;23960
65049;Auriébat;3.1;21540
63020;Aurières;3.1;22840
31028;Aurignac;2.9;20520
15014;Aurillac;5;21860
32018;Aurimont;4.7;22900
31029;Aurin;2.5;27040
13007;Auriol;3.9;26260
33020;Auriolles;3.2;20120
64079;Aurions-Idernes;2.1;
38020;Auris;2.2;21320
13008;Aurons;2.9;30160
33021;Auros;5.5;22000
3011;Aurouër;2.8;22810
48010;Auroux;0;20290
14581;Aurseulles;2.7;
81020;Aussac;3.3;22610
16024;Aussac-Vadalle;3.7;23070
31030;Ausseing;2.1;
64080;Aussevielle;4.1;26330
81021;Aussillon;2.7;18530
73023;Aussois;8.2;23370
31031;Ausson;3.6;22050
8032;Aussonce;3.9;27290
31032;Aussonne;5.1;26070
32468;Aussos;2.9;
64081;Aussurucq;2.8;22040
41006;Autainville;1.8;24090
25032;Autechaux;7.6;24100
25033;Autechaux-Roide;3;25610
31033;Auterive;4.2;22080
32019;Auterive;3.5;23930
82006;Auterive;4.4;
64082;Auterrive;3.4;23010
70037;Autet;3.7;23040
60030;Auteuil;3.2;24170
78034;Auteuil;2.3;32720
64083;Autevielle-Saint-Martin-Bideren;3.4;20840
8033;Authe;7.2;
27025;Autheuil-Authouillet;1.4;24910
60031;Autheuil-en-Valois;1.8;26830
80042;Autheux;2.7;21470
27026;Authevernes;2.3;26200
63021;Authezat;6.6;24940
14030;Authie;7.8;28000
80043;Authie;3.2;22720
80044;Authieule;3.7;22040
76038;Authieux-Ratiéville;3;25840
58018;Authiou;0.9;
70038;Authoison;1.5;25180
4016;Authon;0;
41007;Authon;4.3;21410
28018;Authon-du-Perche;1.8;21800
17026;Authon-Ébéon;3.3;20020
91035;Authon-la-Plaine;2.2;25970
27028;Authou;2.1;21000
80045;Authuille;4;21710
39030;Authume;5;24890
71013;Authumes;2.6;22130
26021;Autichamp;2.4;23230
34018;Autignac;2.3;21750
76040;Autigny;2.7;22900
88019;Autigny-la-Tour;3;22500
52029;Autigny-le-Grand;4.1;20540
52030;Autigny-le-Petit;4.1;
62059;Autingues;1.5;28140
46011;Autoire;3.7;24230
70039;Autoreille;3.5;23280
78036;Autouillet;2.3;33110
43014;Autrac;0.7;
38225;Autrans-Méaudre en Vercors;5;24210
37009;Autrèche;4;23070
90082;Autrechêne;2.2;29920
60032;Autrêches;1.2;23080
8034;Autrecourt-et-Pourron;3.2;20830
55017;Autrécourt-sur-Aire;3.5;22350
2039;Autremencourt;2.6;20530
54030;Autrepierre;2.3;
2040;Autreppes;1.8;21270
2041;Autreville;2.5;23160
88020;Autreville;2.6;24460
55018;Autréville-Saint-Lambert;3.8;
52031;Autreville-sur-la-Renne;2.6;23630
54031;Autreville-sur-Moselle;3.9;25320
54032;Autrey;2.5;26950
88021;Autrey;3.4;20310
70042;Autrey-le-Vay;4.2;
70040;Autrey-lès-Cerre;2.2;21240
70041;Autrey-lès-Gray;4;24520
21034;Autricourt;1.7;22220
8035;Autruche;6.3;
45015;Autruy-sur-Juine;2.3;25410
8036;Autry;3;22020
3012;Autry-Issards;3.5;23520
45016;Autry-le-Châtel;1.3;23280
71014;Autun;3.2;20070
82007;Auty;3.5;19560
6008;Auvare;0;
51027;Auve;0.9;22770
91037;Auvernaux;2.5;28310
43015;Auvers;0;
50023;Auvers;2.2;23180
72016;Auvers-le-Hamon;2.6;21470
91038;Auvers-Saint-Georges;2.3;30200
72017;Auvers-sous-Montfaucon;3.6;23540
95039;Auvers-sur-Oise;2;28940
70043;Auvet-et-la-Chapelotte;4.7;21750
82008;Auvillar;2.6;21660
14033;Auvillars;1.2;24590
21035;Auvillars-sur-Saône;2.7;24240
8037;Auvillers-les-Forges;4.4;19830
76042;Auvilliers;2.7;23340
45017;Auvilliers-en-Gâtinais;1.3;23470
60703;Aux Marais;3.9;24580
32020;Aux-Aussat;2.8;22200
50024;Auxais;1.6;18420
39031;Auxange;3.2;23150
21036;Auxant;4.2;
90005;Auxelles-Bas;3;24100
90006;Auxelles-Haut;2.9;24080
89024;Auxerre;3.4;20340
21037;Auxey-Duresses;4.2;30420
62060;Auxi-le-Château;2.4;18150
10018;Auxon;2.5;21840
70044;Auxon;4.3;24260
21038;Auxonne;2;20960
45018;Auxy;1.7;22470
71015;Auxy;3.6;24000
88022;Auzainvilliers;3.5;21730
23013;Auzances;2.5;20010
31034;Auzas;3.5;22350
9030;Auzat;3.6;18660
63022;Auzat-la-Combelle;4.5;20640
76043;Auzebosc;4.2;24950
63023;Auzelles;3.2;20990
15015;Auzers;0.9;19960
4017;Auzet;1.6;
31035;Auzeville-Tolosane;3.5;29070
31036;Auzielle;4.3;29890
12016;Auzits;4;21330
43016;Auzon;3.6;21710
37010;Auzouer-en-Touraine;3.9;23310
76045;Auzouville-l'Esneval;3.1;23770
76046;Auzouville-sur-Ry;3.5;24050
76047;Auzouville-sur-Saâne;3.9;19860
86014;Availles-en-Châtellerault;4.1;23870
86015;Availles-Limouzine;3.3;19980
35008;Availles-sur-Seiche;2.7;22180
79022;Availles-Thouarsais;3.7;20940
65050;Avajan;6.9;
89025;Avallon;3.8;19840
5011;Avançon;2.3;21700
8038;Avançon;5;24120
25036;Avanne-Aveney;4.4;26870
10020;Avant-lès-Marcilly;2.2;25030
10021;Avant-lès-Ramerupt;1.8;23590
86016;Avanton;4.7;24790
2B025;Avapessa;2.5;
41008;Avaray;2.4;24480
8039;Avaux;3.9;22630
69014;Aveize;3.8;22620
42010;Aveizieux;2.4;25590
21039;Avelanges;2.5;
80046;Avelesges;3.3;
59034;Avelin;8.3;29820
80047;Aveluy;4.3;21920
14034;Avenay;3.9;25990
51028;Avenay-Val-d'Or;3.5;25870
34019;Avène;0.6;18270
32021;Avensac;4.2;
33022;Avensan;5;24460
65051;Aventignan;2.7;21670
65052;Averan;1.6;
62061;Averdoingt;3.8;22770
41009;Averdon;1.4;25200
3013;Avermes;3.9;23560
95040;Avernes;1.8;30070
61018;Avernes-Saint-Gourgon;2;
32022;Avéron-Bergelle;2.5;21400
53013;Averton;2.1;21110
59035;Avesnelles;3.5;20410
62062;Avesnes;2;
80048;Avesnes-Chaussoy;2.8;
76048;Avesnes-en-Bray;2.2;22990
72018;Avesnes-en-Saosnois;2;
76049;Avesnes-en-Val;1.8;19680
62063;Avesnes-le-Comte;3.2;20020
59038;Avesnes-le-Sec;3;22350
59037;Avesnes-les-Aubert;2.6;19200
62064;Avesnes-lès-Bapaume;3;22010
59036;Avesnes-sur-Helpe;3.8;15750
44007;Avessac;2.1;20090
72019;Avessé;4.9;21770
65053;Aveux;1.1;
65054;Avezac-Prat-Lahitte;2.7;21780
32023;Avezan;2.5;
72020;Avezé;2.4;23000
30026;Avèze;3.8;19750
63024;Avèze;3.2;19380
84007;Avignon;4.5;17690
39032;Avignon-lès-Saint-Claude;1.7;28720
38023;Avignonet;2.1;27550
31037;Avignonet-Lauragais;5.4;24320
54033;Avillers;3.4;22300
88023;Avillers;3.2;
55021;Avillers-Sainte-Croix;2.6;
25038;Avilley;3.2;22140
60033;Avilly-Saint-Léonard;2.9;33180
62065;Avion;5.1;17830
55022;Avioth;1.1;25880
10022;Avirey-Lingey;2.4;24050
27031;Aviron;1.6;29010
51029;Avize;4.7;26360
55023;Avocourt;2.2;23190
37011;Avoine;5.1;22480
61020;Avoine;3.3;20920
72021;Avoise;2.4;21980
67016;Avolsheim;4.1;25730
77014;Avon;3.5;24160
79023;Avon;4.1;
10023;Avon-la-Pèze;1.5;24260
37012;Avon-les-Roches;3.1;21740
62066;Avondance;2.6;
18018;Avord;1.3;20230
21040;Avosnes;2.1;
21041;Avot;2;21940
25039;Avoudrey;5.8;25990
54034;Avrainville;2.1;27900
88024;Avrainville;4.3;22780
91041;Avrainville;2.5;30610
50025;Avranches;3.3;21980
88025;Avranville;1.3;
60034;Avrechy;2.1;25200
52033;Avrecourt;2.6;22210
58019;Avrée;5;
76050;Avremesnil;3.3;23000
73025;Avressieux;2.4;23200
10024;Avreuil;2.7;23480
54035;Avricourt;2.4;19570
57042;Avricourt;2.5;19900
60035;Avricourt;2.8;20170
73026;Avrieux;6.5;25320
70045;Avrigney-Virey;3.7;24180
60036;Avrigny;3.3;27470
54036;Avril;3.9;27070
58020;Avril-sur-Loire;1;25520
49015;Avrillé;4.2;25310
85010;Avrillé;3.4;21790
37013;Avrillé-les-Ponceaux;2.2;21320
3014;Avrilly;1.6;20600
61021;Avrilly;1.8;18710
62067;Avroult;3.4;21270
17027;Avy;4.1;22170
97361;Awala-Yalimapo;1;
59039;Awoingt;3.7;25920
9032;Ax-les-Thermes;5.5;21740
11021;Axat;4.1;18930
9031;Axiat;0.3;
51030;Aÿ-Champagne;3.9;24360
57043;Ay-sur-Moselle;4.6;27860
63025;Ayat-sur-Sioule;3.9;19890
63026;Aydat;2.5;26390
64084;Aydie;0.9;19900
64085;Aydius;2.5;21060
88026;Aydoilles;2.8;25190
19015;Ayen;2.8;21320
80049;Ayencourt;3.5;24390
62068;Ayette;3.9;24410
66010;Ayguatébia-Talau;0;
33023;Ayguemorte-les-Graves;3.1;25840
31004;Ayguesvives;4.9;28200
32024;Ayguetinte;3.4;20700
64086;Ayherre;2.8;23230
73027;Ayn;1.4;24830
46012;Aynac;3.2;20710
15016;Ayrens;3.8;21360
86017;Ayron;5.1;21760
65055;Ayros-Arbouix;4.5;23130
74024;Ayse;2.9;32680
12017;Ayssènes;0.8;18730
17028;Aytré;7.5;22830
65056;Ayzac-Ost;4.5;23320
32025;Ayzieu;3.5;19320
55024;Azannes-et-Soumazannes;2.4;19770
31038;Azas;3.8;26960
23014;Azat-Châtenet;0.6;19540
87006;Azat-le-Ris;1.5;18320
79024;Azay-le-Brûlé;3;24070
36010;Azay-le-Ferron;3.6;19750
37014;Azay-le-Rideau;3.4;23730
37015;Azay-sur-Cher;3.9;26660
37016;Azay-sur-Indre;3.8;22850
79025;Azay-sur-Thouet;2;21620
41010;Azé;1.2;22840
71016;Azé;3;25070
54037;Azelot;3.1;28610
23015;Azerables;3.1;21570
54038;Azerailles;3.3;22710
24019;Azerat;4.5;20090
43017;Azérat;3.8;21770
65057;Azereix;4.2;25480
65058;Azet;5.3;19880
50026;Azeville;2.8;
34020;Azillanet;1.6;19560
11022;Azille;2.1;19630
2A026;Azilone-Ampaza;3;18910
62069;Azincourt;2.6;20590
69016;Azolette;1.3;23200
57044;Azoudange;2.1;
40021;Azur;5.2;23790
18019;Azy;0.9;22190
58021;Azy-le-Vif;1.2;20230
2042;Azy-sur-Marne;3;23970
2A027;Azzana;0;
55025;Baâlon;3.1;21250
8041;Baâlons;2;24280
34021;Babeau-Bouldoux;2.4;19860
60037;Babœuf;2.8;23360
77015;Baby;1.2;22730
54039;Baccarat;2.5;20710
45019;Baccon;1.8;26530
46013;Bach;3.4;20290
59041;Bachant;2.3;18880
31039;Bachas;3.2;
31040;Bachos;3.8;
59042;Bachy;3.9;27800
50027;Bacilly;2.3;23420
51031;Baconnes;3.3;28490
60039;Bacouël;3.5;21200
80050;Bacouel-sur-Selle;3;29330
57045;Bacourt;3.5;24480
27033;Bacquepuis;1.7;26250
27034;Bacqueville;2.6;22740
76051;Bacqueville-en-Caux;4.4;21160
15017;Badailhac;2.9;20810
48013;Badaroux;2.9;23720
36158;Badecon-le-Pin;2;20320
24021;Badefols-d'Ans;3.2;18620
24022;Badefols-sur-Dordogne;3;23450
56008;Baden;3.3;28080
11023;Badens;2.9;21020
25040;Badevel;2.1;24400
88027;Badménil-aux-Bois;1.5;22070
54040;Badonviller;3.7;19620
55026;Badonvilliers-Gérauvilliers;2.9;19040
67017;Baerendorf;2.8;23290
57046;Baerenthal;1.4;22660
63027;Baffie;1.3;19050
30027;Bagard;4;22450
33024;Bagas;3.7;22240
1025;Bâgé-Dommartin;2.8;24880
1026;Bâgé-le-Châtel;3.5;22860
9033;Bagert;0.6;
11024;Bages;3.2;21520
66011;Bages;3.4;21580
31041;Bagiry;2.1;22760
46015;Bagnac-sur-Célé;1.9;20510
89027;Bagneaux;1.6;22890
77016;Bagneaux-sur-Loing;2.2;21340
65059;Bagnères-de-Bigorre;4.7;20570
31042;Bagnères-de-Luchon;6.2;20320
2043;Bagneux;1.4;
3015;Bagneux;3.1;22900
36011;Bagneux;1;21070
51032;Bagneux;2.9;23190
54041;Bagneux;3.1;24630
92007;Bagneux;3.9;21040
10025;Bagneux-la-Fosse;2.2;25560
17029;Bagnizeau;2.9;22050
11025;Bagnoles;3.3;21220
61483;Bagnoles de l'Orne Normandie;2.8;22970
93006;Bagnolet;3.2;19060
63028;Bagnols;3.5;18130
69017;Bagnols;3.2;26690
83008;Bagnols-en-Forêt;2.7;25060
30028;Bagnols-sur-Cèze;2.8;19140
21042;Bagnot;2.2;21810
35009;Baguer-Morvan;3.3;22380
35010;Baguer-Pican;3;22320
66012;Baho;4.3;22510
40022;Bahus-Soubiran;4.3;23090
97103;Baie-Mahault;4.8;
28019;Baigneaux;1.8;25420
33025;Baigneaux;3.5;24050
70047;Baignes;3.7;23810
16025;Baignes-Sainte-Radegonde;1.9;20980
21043;Baigneux-les-Juifs;2.7;21190
40023;Baigts;3.1;21650
64087;Baigts-de-Béarn;4.8;22210
34022;Baillargues;6;25640
28023;Bailleau-Armenonville;3.1;27620
28022;Bailleau-l'Évêque;2.9;26820
28021;Bailleau-le-Pin;2.2;24120
66013;Baillestavy;0.1;
95042;Baillet-en-France;3.7;29910
59043;Bailleul;4.8;23320
61023;Bailleul;2.3;21980
80051;Bailleul;3.7;22010
62070;Bailleul-aux-Cornailles;4.6;20810
27035;Bailleul-la-Vallée;1.9;24890
60040;Bailleul-le-Soc;3.1;25290
62071;Bailleul-lès-Pernes;2.4;23080
76052;Bailleul-Neuville;3.9;21870
62073;Bailleul-Sir-Berthoult;4.7;26630
60041;Bailleul-sur-Thérain;2.4;23340
62072;Bailleulmont;2.9;22230
62074;Bailleulval;2.9;22730
60042;Bailleval;3;26380
97104;Baillif;3.9;
76053;Baillolet;3.8;23170
41012;Baillou;0.8;21610
60043;Bailly;2.5;24620
78043;Bailly;3.1;38230
52034;Bailly-aux-Forges;3.3;26510
76054;Bailly-en-Rivière;2;21360
10026;Bailly-le-Franc;3.6;
77018;Bailly-Romainvilliers;2.3;26990
35012;Bain-de-Bretagne;3.2;22930
62075;Baincthun;6.7;25490
62076;Bainghen;1.4;23660
43018;Bains;1.6;22230
35013;Bains-sur-Oust;2.5;22800
54042;Bainville-aux-Miroirs;3.2;23740
88030;Bainville-aux-Saules;2.3;22020
54043;Bainville-sur-Madon;2.6;24640
6009;Bairols;0;
8116;Bairon et ses environs;3.5;19710
35014;Bais;2.9;22050
53016;Bais;2.2;20500
59044;Baisieux;5.1;26930
52035;Baissey;1.3;22410
59045;Baives;0.6;19690
7022;Baix;2.7;22850
66014;Baixas;2.2;21070
80052;Baizieux;5;23220
47019;Bajamont;1.7;25330
32026;Bajonnette;2.7;
62077;Bajus;3.2;23220
9034;Balacet;2;
46016;Baladou;3.9;23450
60044;Balagny-sur-Thérain;1.7;23770
9035;Balaguères;4;20490
12018;Balaguier-d'Olt;2.1;23610
12019;Balaguier-sur-Rance;4.1;
39034;Balaiseaux;2.7;24440
1027;Balan;3.3;25770
8043;Balan;3;22950
39035;Balanod;2.3;23430
64088;Balansun;2.4;23910
17030;Balanzac;3;21630
34024;Balaruc-le-Vieux;7.3;24440
34023;Balaruc-les-Bains;5.4;23210
80053;Balâtre;2.5;
35015;Balazé;2.2;23290
7023;Balazuc;1.6;22210
42011;Balbigny;2.7;21020
67018;Balbronn;3.7;25700
67019;Baldenheim;4.7;24480
68015;Baldersheim;4.3;28480
64089;Baleix;1.8;25250
31043;Balesta;1;22100
47020;Baleyssagues;3.5;20220
68016;Balgau;3.4;27990
8044;Balham;3.6;17670
82009;Balignac;1.9;
10027;Balignicourt;2.6;
27036;Bâlines;3.3;22670
62078;Balinghem;1.8;22480
64090;Baliracq-Maumusson;1.7;23600
64091;Baliros;4.6;23060
33026;Balizac;2.2;22590
91044;Ballainvilliers;2.4;29750
74025;Ballaison;2;42490
37018;Ballan-Miré;4.6;26590
91045;Ballancourt-sur-Essonne;1.8;25500
17031;Ballans;2.6;22000
8045;Ballay;4.1;21130
87007;Balledent;2.7;20380
14035;Balleroy-sur-Drôme;2.7;21650
68017;Ballersdorf;2.3;27060
88031;Balléville;4.1;24870
17032;Ballon;3.5;22990
72023;Ballon-Saint Mars;3.2;21840
26022;Ballons;0.5;
71017;Ballore;1.6;
53018;Ballots;2.4;21590
77019;Balloy;1;23710
31044;Balma;7.7;28580
10028;Balnot-la-Grange;1.7;22810
10029;Balnot-sur-Laignes;3.8;29650
2A028;Balogna;6.3;16870
21044;Balot;2.7;
68018;Balschwiller;3;26900
48016;Balsièges;3.8;24700
68019;Baltzenheim;2.9;25780
16026;Balzac;3.4;25860
59046;Bambecque;3.1;22820
57047;Bambiderstroff;1.5;23550
88032;Ban-de-Laveline;2.5;21800
88033;Ban-de-Sapt;3.3;21770
88106;Ban-sur-Meurthe-Clefcy;3.1;22610
48017;Banassac-Canilhac;5.4;22790
64092;Banca;1.1;18230
2044;Bancigny;3.1;
62079;Bancourt;2.6;
83009;Bandol;5;26210
97602;Bandraboua;NA;
97603;Bandrele;NA;
1028;Baneins;1.9;25520
24023;Baneuil;3.3;22280
56009;Bangor;6.1;23780
65060;Banios;1.2;
23016;Banize;1.5;20790
29004;Bannalec;3.3;22010
25041;Bannans;2.9;28350
18020;Bannay;2.9;22810
51034;Bannay;2;
57048;Bannay;4.8;
7024;Banne;2.1;20970
18021;Bannegon;1.6;20550
46017;Bannes;2.2;23600
51035;Bannes;2.4;21250
52037;Bannes;2.8;23190
53019;Bannes;2.4;20840
14036;Banneville-la-Campagne;5.5;24530
81022;Bannières;2.7;29020
55027;Bannoncourt;3.2;21410
77020;Bannost-Villegagnon;1.4;26340
8046;Banogne-Recouvrance;2.4;26040
4018;Banon;2.5;19910
40024;Banos;2.3;23620
39037;Bans;3.4;24690
63029;Bansat;4.7;23830
71018;Bantanges;1.3;20370
59047;Banteux;3.2;21280
95046;Banthelu;1.3;26650
55028;Bantheville;2.8;22360
59048;Bantigny;3.2;24400
59049;Bantouzelle;3.6;21660
68020;Bantzenheim;1.7;28030
90007;Banvillars;4.3;27690
14038;Banville;3.7;24820
61024;Banvou;2.2;21050
66015;Banyuls-dels-Aspres;3.3;22210
66016;Banyuls-sur-Mer;4.1;22380
89028;Baon;3.7;
76055;Baons-le-Comte;4.2;26110
62080;Bapaume;3.4;18760
19016;Bar;3.4;20670
55029;Bar-le-Duc;3.3;21150
8049;Bar-lès-Buzancy;5.3;19240
10033;Bar-sur-Aube;2.3;18970
10034;Bar-sur-Seine;3.1;19460
49017;Baracé;2.8;21530
11026;Baraigne;4.5;22360
36012;Baraize;1.9;19800
62081;Baralle;2.4;22600
12056;Baraqueville;4;22810
62082;Barastre;2.1;22230
5012;Baratier;6.3;21630
65061;Barbachen;3.8;
2B029;Barbaggio;4.5;22110
11027;Barbaira;2.8;19650
8047;Barbaise;1.1;
54044;Barbas;3.6;20730
47021;Barbaste;3.8;21080
85011;Barbâtre;3.5;23880
31045;Barbazan;3.6;21160
65062;Barbazan-Debat;2.7;23240
65063;Barbazan-Dessus;3.4;25030
13010;Barbentane;2.3;24120
73029;Barberaz;6.7;25400
10030;Barberey-Saint-Sulpice;4.5;23060
3016;Barberier;3.5;22600
14039;Barbery;2.6;24310
60045;Barbery;3;31150
14040;Barbeville;4.6;23980
77021;Barbey;1.6;26060
88035;Barbey-Seroux;3;20510
16027;Barbezières;2.5;24380
16028;Barbezieux-Saint-Hilaire;2.7;20230
26023;Barbières;2.9;23100
21045;Barbirey-sur-Ouche;2.4;22400
77022;Barbizon;2.2;37280
51036;Barbonne-Fayel;3.5;25070
54045;Barbonville;2.4;23800
10031;Barbuise;2.3;23430
8048;Barby;2.9;25970
73030;Barby;4.2;23760
27037;Barc;2.2;23290
26024;Barcelonne;2.3;27790
32027;Barcelonne-du-Gers;4.1;21950
4019;Barcelonnette;6.3;21030
57050;Barchain;3.5;
5013;Barcillonnette;1.5;21650
32028;Barcugnan;4.9;20350
64093;Barcus;2.8;20280
77023;Barcy;3.1;26300
42012;Bard;1.6;24550
21046;Bard-le-Régulier;1.5;
21047;Bard-lès-Époisses;2.3;
70048;Bard-lès-Pesmes;3.4;23130
16029;Bardenac;0.8;19780
82010;Bardigues;2.7;22340
64094;Bardos;3;24310
24024;Bardou;1.7;
76056;Bardouville;1.8;23750
65481;Barèges;3.7;19400
65064;Bareilles;3.2;
67020;Barembach;5.9;22230
31046;Baren;2.4;
76057;Barentin;4.4;21650
50029;Barenton;2;20600
2046;Barenton-Bugny;3;23250
2047;Barenton-Cel;3.2;23580
2048;Barenton-sur-Serre;3.1;22840
39038;Barésia-sur-l'Ain;3.6;25050
50030;Barfleur;2.7;22500
83010;Bargème;3.1;18130
83011;Bargemon;1.1;19510
21048;Barges;3.7;27190
43019;Barges;3.9;
70049;Barges;4.2;
60046;Bargny;1.8;25650
46263;Barguelonne-en-Quercy;4;21240
33027;Barie;3.5;21580
64095;Barinque;2.4;23340
54046;Barisey-au-Plain;3.6;23170
54047;Barisey-la-Côte;3.8;23070
2049;Barisis-aux-Bois;2.8;23500
71019;Barizey;1;23160
9037;Barjac;2.1;
30029;Barjac;2.9;19620
48018;Barjac;2.2;22540
83012;Barjols;4.8;20010
21049;Barjon;0.7;
28024;Barjouville;3.1;26310
4020;Barles;0;
65065;Barlest;4.6;22320
80054;Barleux;2.7;20630
18022;Barlieu;2.1;23340
62083;Barlin;3.1;18230
62084;Barly;3.1;23590
80055;Barly;3.1;18360
7025;Barnas;1.8;17680
26025;Barnave;3.1;19950
71020;Barnay;0.8;
50031;Barneville-Carteret;1.3;24400
14041;Barneville-la-Bertran;3.2;28000
27039;Barneville-sur-Seine;2.9;24980
76058;Baromesnil;2.7;22110
30030;Baron;2.5;24350
33028;Baron;3.9;25300
60047;Baron;1.3;28240
71021;Baron;2.9;25160
14042;Baron-sur-Odon;2.5;26490
57051;Baronville;2.9;20770
14043;Barou-en-Auge;3;
10032;Baroville;2.6;27850
27040;Barquet;1.5;22450
67021;Barr;3.8;24020
3017;Barrais-Bussolles;2.4;18140
32029;Barran;2.4;21490
65066;Barrancoueu;5.4;
4021;Barras;1.3;21420
64096;Barraute-Camu;4;22680
38027;Barraux;4.1;27450
81023;Barre;0;17970
48019;Barre-des-Cévennes;0;16750
4022;Barrême;3.7;18260
16030;Barret;2.4;23520
26026;Barret-de-Lioure;4.3;
5014;Barret-sur-Méouge;0;18300
39040;Barretaine;2.8;22770
2B030;Barrettali;0;18520
15018;Barriac-les-Bosquets;4.4;18390
16031;Barro;3.7;24590
37019;Barrou;2.4;19890
65067;Barry;2;22810
82011;Barry-d'Islemade;2.2;21210
24025;Bars;4.1;19300
32030;Bars;4.5;26760
26027;Barsac;2.7;19580
33030;Barsac;5.1;22190
57052;Barst;2.9;25380
25043;Bart;4;25280
68021;Bartenheim;3.2;34410
65068;Barthe;3;
25044;Bartherans;1.9;
65070;Bartrès;4.6;25620
27042;Barville;2.2;
61026;Barville;2.8;23090
88036;Barville;3;
45021;Barville-en-Gâtinais;1.7;23430
17034;Barzan;1.8;21790
64097;Barzun;2.1;24330
2050;Barzy-en-Thiérache;3.3;21140
2051;Barzy-sur-Marne;4;25580
43020;Bas-en-Basset;2.7;23380
63030;Bas-et-Lezat;2;24710
59050;Bas-Lieu;4;24480
40026;Bas-Mauco;4.4;23600
40025;Bascons;3.3;25160
32031;Bascous;3.1;19460
54049;Baslieux;1.8;23700
51037;Baslieux-lès-Fismes;2.6;25670
51038;Baslieux-sous-Châtillon;3.5;26250
14044;Basly;5.1;27620
16032;Bassac;3.6;23450
34025;Bassan;3.1;22540
33031;Bassanne;3.1;25320
44009;Basse-Goulaine;7.9;29050
57287;Basse-Ham;4.1;28640
97203;Basse-Pointe;1.6;16490
57574;Basse-Rentgen;1.3;39920
88037;Basse-sur-le-Rupt;2.8;23180
97105;Basse-Terre;3.7;
67022;Bassemberg;3;24760
14045;Basseneville;3.7;23240
33032;Bassens;4.3;21280
73031;Bassens;8.3;25220
40027;Bassercles;2.4;22030
86018;Basses;2.2;21560
62085;Basseux;3;27610
77024;Bassevelle;1.6;24850
15019;Bassignac;2.7;19220
19017;Bassignac-le-Bas;1.8;
19018;Bassignac-le-Haut;2.2;21930
70052;Bassigney;1.5;20390
24026;Bassillac et Auberoche;3.2;23300
64098;Bassillon-Vauzé;2.8;
57053;Bassing;2.7;21850
2052;Bassoles-Aulers;2;22970
52038;Bassoncourt;3.2;
89029;Bassou;3.8;23170
32032;Bassoues;2.4;18900
51039;Bassu;1.7;
51040;Bassuet;2.4;26260
48020;Bassurels;0;
64100;Bassussarry;7.5;27910
74029;Bassy;1.5;26270
64099;Bastanès;2.6;
2A031;Bastelica;6;22770
2A032;Bastelicaccia;2.8;27450
40028;Bastennes;2.9;21100
2B033;Bastia;4;20530
23017;Basville;3.4;17380
54050;Bathelémont;0.5;
26028;Bathernay;2.5;22740
54051;Batilly;4.1;25460
45022;Batilly-en-Gâtinais;1.1;21120
45023;Batilly-en-Puisaye;1.5;
40029;Bats;3.1;22770
65071;Batsère;0.4;
25045;Battenans-les-Mines;3.2;
25046;Battenans-Varin;1.3;
68022;Battenheim;3.2;29620
88038;Battexey;5.5;
54052;Battigny;2.2;25320
70054;Battrans;4;23440
44010;Batz-sur-Mer;3.5;23960
67023;Batzendorf;5.8;27640
21050;Baubigny;2.8;25560
50033;Baubigny;1.5;24930
56010;Baud;2.9;22770
51041;Baudement;2.9;24980
71022;Baudemont;2.7;23090
40030;Baudignan;0.8;
83014;Baudinard-sur-Verdon;1.2;20260
70055;Baudoncourt;3.5;20360
55031;Baudonvilliers;2.6;24510
50034;Baudre;4.3;26450
52039;Baudrecourt;3.4;
57054;Baudrecourt;3.8;24190
64101;Baudreix;5.3;23080
55032;Baudrémont;4.3;
36013;Baudres;2;21410
28026;Baudreville;1.5;23710
88039;Baudricourt;3.4;23140
71023;Baudrières;1.8;22440
83015;Bauduen;0;21600
49018;Baugé-en-Anjou;3.3;21170
18023;Baugy;1.4;22220
60048;Baugy;3.3;23320
71024;Baugy;1.5;22740
70056;Baulay;4.1;19530
45024;Baule;2.6;25430
21051;Baulme-la-Roche;1.3;
91047;Baulne;2.3;26580
55033;Baulny;2.5;
35016;Baulon;2.1;23460
9044;Baulou;4.5;20890
25047;Baume-les-Dames;6.2;21910
39041;Baume-les-Messieurs;1.2;24700
50036;Baupte;1.7;19990
33033;Baurech;3.5;25640
59052;Bauvin;3.4;22360
54053;Bauzemont;0.4;22550
41013;Bauzy;1.2;21920
25048;Bavans;3.2;22790
59053;Bavay;3.1;20510
80056;Bavelincourt;3.6;
14046;Bavent;4;24320
39042;Baverans;3.8;27560
90008;Bavilliers;4.1;23060
59054;Bavinchove;3.5;21980
62086;Bavincourt;2.7;22280
31047;Bax;2.5;
70057;Bay;4.6;21240
52040;Bay-sur-Aube;2.7;
24027;Bayac;3.6;21200
52265;Bayard-sur-Marne;1.9;21090
33034;Bayas;2.1;21110
29005;Baye;4.8;24410
51042;Baye;0.7;21420
88040;Bayecourt;1.2;22230
10035;Bayel;3.6;20770
80057;Bayencourt;2.9;
62087;Bayenghem-lès-Éperlecques;2;23010
62088;Bayenghem-lès-Seninghem;2.1;25050
3018;Bayet;3;21870
14047;Bayeux;4.3;21430
54054;Bayon;2.8;23850
33035;Bayon-sur-Gironde;3.3;20980
64102;Bayonne;6.7;21780
4023;Bayons;0.7;19430
8052;Bayonville;5.6;
54055;Bayonville-sur-Mad;2.7;23790
80058;Bayonvillers;5;21910
16034;Bazac;2.5;18760
36014;Bazaiges;2.5;18520
54056;Bazailles;2.4;29310
78048;Bazainville;2.1;31990
51043;Bazancourt;4.8;23090
60049;Bazancourt;1.9;
89030;Bazarnes;1.3;21920
33036;Bazas;5.1;21110
17035;Bazauges;2.9;21580
88041;Bazegney;3.4;23930
8053;Bazeilles;4.5;22870
55034;Bazeilles-sur-Othain;1.1;
23018;Bazelat;2.2;21290
78049;Bazemont;1.9;34090
47022;Bazens;4;21390
80059;Bazentin;3.5;
14049;Bazenville;3.7;23920
65072;Bazet;3.3;21580
32033;Bazian;1.5;21550
60050;Bazicourt;3.3;26200
31048;Baziège;4.2;25570
88042;Bazien;3;
65073;Bazillac;4.2;22140
27045;Bazincourt-sur-Epte;1.6;25000
55035;Bazincourt-sur-Saulx;2.1;24460
62089;Bazinghen;3.9;26630
76059;Bazinval;2.4;21190
58023;Bazoches;2;22420
61028;Bazoches-au-Houlme;3.4;22430
28028;Bazoches-en-Dunois;1;23640
2054;Bazoches-et-Saint-Thibaut;3.3;24020
77025;Bazoches-lès-Bray;1.2;23620
45025;Bazoches-les-Gallerandes;2.5;23100
28029;Bazoches-les-Hautes;1.4;21530
78050;Bazoches-sur-Guyonne;2.6;36490
61029;Bazoches-sur-Hoëne;4.9;20400
45026;Bazoches-sur-le-Betz;1.2;22210
85013;Bazoges-en-Paillers;2.5;22790
85014;Bazoges-en-Pareds;1.6;20900
88043;Bazoilles-et-Ménil;2.7;22460
88044;Bazoilles-sur-Meuse;4;22920
58024;Bazolles;2.7;21310
57055;Bazoncourt;4;27210
27046;Bazoques;2.1;21080
65074;Bazordan;1.6;19800
53025;Bazougers;2.3;22450
72025;Bazouges Cré sur Loir;4.4;22040
35019;Bazouges-la-Pérouse;3.6;21050
59055;Bazuel;3;19950
32034;Bazugues;3.5;
31049;Bazus;5;29440
65075;Bazus-Aure;9.8;22630
65076;Bazus-Neste;3;
80060;Béalcourt;2.8;18890
62090;Béalencourt;2.1;22370
58025;Béard;1.4;23290
1170;Béard-Géovreissiat;2.1;24070
76060;Beaubec-la-Rosière;4.9;21510
71025;Beaubery;2.4;20320
27047;Beaubray;1.2;22060
30032;Beaucaire;2.6;18300
32035;Beaucaire;4;19540
80061;Beaucamps-le-Jeune;3.1;20050
80062;Beaucamps-le-Vieux;3.7;19200
59056;Beaucamps-Ligny;6.6;30650
35021;Beaucé;2.2;23310
41173;Beauce la Romaine;1.2;22110
65077;Beaucens;5.4;24220
31050;Beauchalot;3.7;20120
95051;Beauchamp;3.3;28510
50038;Beauchamps;3.2;21260
80063;Beauchamps;4.3;21720
45027;Beauchamps-sur-Huillard;1.6;23550
7027;Beauchastel;2.5;22430
28030;Beauche;3.6;23380
52042;Beauchemin;1.5;24070
41014;Beauchêne;0.6;23910
77026;Beauchery-Saint-Martin;1.5;23390
55036;Beauclair;4.2;
50039;Beaucoudray;2;19640
90009;Beaucourt;2;22360
80064;Beaucourt-en-Santerre;4.6;28020
80065;Beaucourt-sur-l'Ancre;4.2;
80066;Beaucourt-sur-l'Hallue;3.9;25300
49020;Beaucouzé;4.8;25950
38030;Beaucroissant;3.5;25350
65078;Beaudéan;4.5;22060
60051;Beaudéduit;2.9;21210
59057;Beaudignies;4;24550
62091;Beaudricourt;2.8;19400
61032;Beaufai;3.1;22440
72026;Beaufay;3.2;23040
50040;Beauficel;1.8;21760
27048;Beauficel-en-Lyons;2.6;25440
38031;Beaufin;6.8;
31051;Beaufort;2.2;24320
34026;Beaufort;2.5;20860
38032;Beaufort;1.8;22860
59058;Beaufort;4.6;23640
73034;Beaufort;6.5;23040
62092;Beaufort-Blavincourt;2.3;24200
49021;Beaufort-en-Anjou;4.1;22280
55037;Beaufort-en-Argonne;4.2;19610
80067;Beaufort-en-Santerre;4.8;21960
39043;Beaufort-Orbagna;2.2;22560
26035;Beaufort-sur-Gervanne;1.5;20380
85015;Beaufou;2.8;23110
14231;Beaufour-Druval;2.1;22830
88045;Beaufremont;3;
47023;Beaugas;1.7;22180
17036;Beaugeay;3;23560
45028;Beaugency;3;22010
60052;Beaugies-sous-Bois;2.5;26070
4024;Beaujeu;0;22100
69018;Beaujeu;2.2;21680
70058;Beaujeu-Saint-Vallier-Pierrejux-et-Quitteur;3.7;21790
62093;Beaulencourt;2.6;21240
7028;Beaulieu;2.7;19420
15020;Beaulieu;1.4;
21052;Beaulieu;0.6;
34027;Beaulieu;3.5;27020
36015;Beaulieu;1.7;
38033;Beaulieu;2.4;26720
43021;Beaulieu;2.4;22380
58026;Beaulieu;1.1;22220
61034;Beaulieu;2.3;25220
63031;Beaulieu;4.5;22170
55038;Beaulieu-en-Argonne;1.6;
60053;Beaulieu-les-Fontaines;4.2;21710
37020;Beaulieu-lès-Loches;3.8;21750
85016;Beaulieu-sous-la-Roche;1.9;23060
79029;Beaulieu-sous-Parthenay;1.7;20380
19019;Beaulieu-sur-Dordogne;2.6;21120
49022;Beaulieu-sur-Layon;3.9;24470
45029;Beaulieu-sur-Loire;2.6;22120
6011;Beaulieu-sur-Mer;4.8;23880
53026;Beaulieu-sur-Oudon;2.5;22640
16035;Beaulieu-sur-Sonnette;2.1;19360
3019;Beaulon;4.2;21660
14053;Beaumais;4.2;20830
32036;Beaumarchés;3.2;20440
2055;Beaumé;2.7;
88046;Beauménil;3.9;21320
62094;Beaumerie-Saint-Martin;4.5;21910
84012;Beaumes-de-Venise;2.7;22130
14054;Beaumesnil;2.7;20660
84013;Beaumettes;3.2;22870
80068;Beaumetz;2;22040
62095;Beaumetz-lès-Aire;2.3;18790
62096;Beaumetz-lès-Cambrai;2.3;21490
62097;Beaumetz-lès-Loges;3.8;23930
7029;Beaumont;0;13660
19020;Beaumont;2;21680
32037;Beaumont;2.9;21300
43022;Beaumont;4.6;21410
54057;Beaumont;1.6;
63032;Beaumont;4;25510
74031;Beaumont;2.5;44180
89031;Beaumont;2;22590
86019;Beaumont Saint-Cyr;3.4;23350
82013;Beaumont-de-Lomagne;5.1;20530
84014;Beaumont-de-Pertuis;1.7;23540
77027;Beaumont-du-Gâtinais;1.8;22800
87009;Beaumont-du-Lac;1.5;19550
84015;Beaumont-du-Ventoux;2.3;20880
8055;Beaumont-en-Argonne;2.6;22350
14055;Beaumont-en-Auge;5;23740
2056;Beaumont-en-Beine;2.3;22300
59059;Beaumont-en-Cambrésis;3.8;19950
26036;Beaumont-en-Diois;2.8;
55039;Beaumont-en-Verdunois;N/A - résultat non disponible;
37022;Beaumont-en-Véron;5.8;24600
80069;Beaumont-Hamel;4;23470
58027;Beaumont-la-Ferrière;1.8;18980
76062;Beaumont-le-Hareng;4.6;23300
27051;Beaumont-le-Roger;2.8;21140
28031;Beaumont-les-Autels;2.1;21830
60054;Beaumont-les-Nonains;1.4;25320
63033;Beaumont-lès-Randan;2.4;23490
26037;Beaumont-lès-Valence;3.4;25650
37021;Beaumont-Louestault;2.7;24140
26038;Beaumont-Monteux;3.5;24170
53027;Beaumont-Pied-de-Bœuf;3.8;23010
72028;Beaumont-Pied-de-Bœuf;1.8;20920
58028;Beaumont-Sardolles;2.5;24580
72027;Beaumont-sur-Dême;2.8;22630
71026;Beaumont-sur-Grosne;2.4;25130
31052;Beaumont-sur-Lèze;4.8;25190
95052;Beaumont-sur-Oise;2.3;22220
72029;Beaumont-sur-Sarthe;2.6;20800
51044;Beaumont-sur-Vesle;5.1;27030
21053;Beaumont-sur-Vingeanne;3;24180
37023;Beaumont-Village;0.5;21590
27050;Beaumontel;2.6;24420
24028;Beaumontois en Périgord;2;21650
70059;Beaumotte-Aubertans;3.2;22250
70060;Beaumotte-lès-Pin;3.8;24110
51045;Beaunay;2;27070
21054;Beaune;5;22880
3020;Beaune-d'Allier;2.5;20990
45030;Beaune-la-Rolande;1.8;21250
43023;Beaune-sur-Arzon;1.5;19930
21055;Beaunotte;1.2;
1029;Beaupont;2.7;21350
24029;Beaupouyet;3.6;19920
49023;Beaupréau-en-Mauges;3;21990
31053;Beaupuy;5.1;30020
32038;Beaupuy;2.1;28770
47024;Beaupuy;3;23380
82014;Beaupuy;0.9;24230
80070;Beauquesne;5.1;22040
59060;Beaurain;3;21050
62099;Beaurains;5.1;22220
60055;Beaurains-lès-Noyon;3.2;23710
62100;Beaurainville;3;20380
13012;Beaurecueil;4.7;37890
1030;Beauregard;3.5;24240
46020;Beauregard;3.6;20700
26039;Beauregard-Baret;2.7;25110
24030;Beauregard-de-Terrasson;3.7;21650
24031;Beauregard-et-Bassac;2.5;21870
63034;Beauregard-l'Évêque;3.2;25900
63035;Beauregard-Vendon;3.5;25630
38034;Beaurepaire;2.1;20040
60056;Beaurepaire;2.5;
76064;Beaurepaire;2.6;27950
85017;Beaurepaire;2.8;22390
71027;Beaurepaire-en-Bresse;3.4;23040
59061;Beaurepaire-sur-Sambre;4.2;19570
2057;Beaurevoir;3.1;19030
26040;Beaurières;1.4;
2058;Beaurieux;1.7;20510
59062;Beaurieux;1.8;22770
24032;Beauronne;2.9;20330
26041;Beausemblant;2.4;24590
55040;Beausite;3.1;22870
6012;Beausoleil;3.3;22510
22209;Beaussais-sur-Mer;4.5;22260
79030;Beaussais-Vitré;3.2;23250
76065;Beaussault;5;20190
31054;Beauteville;5.4;28540
77433;Beautheil-Saints;2.3;26270
33037;Beautiran;3.1;25130
2059;Beautor;3.3;17760
76066;Beautot;5.9;23110
61035;Beauvain;2.2;21670
60057;Beauvais;4.7;19520
17037;Beauvais-sur-Matha;3.1;19420
81024;Beauvais-sur-Tescou;2.6;21770
80071;Beauval;4.8;20620
76063;Beauval-en-Caux;4.2;25500
26042;Beauvallon;4.2;25190
69179;Beauvallon;3.7;27940
7030;Beauvène;2.2;19320
71028;Beauvernois;2.5;
4025;Beauvezer;5;20620
31055;Beauville;3.3;24170
47025;Beauville;1.4;19760
28032;Beauvilliers;3.2;23690
89032;Beauvilliers;1.3;
50042;Beauvoir;1.5;23360
60058;Beauvoir;4.7;24320
77029;Beauvoir;1.7;24810
89033;Beauvoir;2.1;24330
38035;Beauvoir-de-Marc;2.9;24810
76067;Beauvoir-en-Lyons;2.1;22070
38036;Beauvoir-en-Royans;2.4;
85018;Beauvoir-sur-Mer;3.1;21630
79031;Beauvoir-sur-Niort;2.6;23070
62881;Beauvoir-Wavans;2.9;19830
62101;Beauvois;4.7;21430
59063;Beauvois-en-Cambrésis;3.2;19610
2060;Beauvois-en-Vermandois;1.4;22740
26043;Beauvoisin;2.3;20620
30033;Beauvoisin;2.9;22300
43024;Beaux;3.5;21250
43025;Beauzac;3.5;23110
31056;Beauzelle;4;24650
47026;Beauziac;3.6;23150
57056;Bébing;3.6;26880
68023;Beblenheim;4.4;26180
76068;Bec-de-Mortagne;2.9;23800
32039;Beccas;3.5;20660
79032;Béceleuf;1.5;22530
54058;Béchamps;1;
35022;Bécherel;3.1;21270
16036;Bécheresse;2.5;22560
57057;Béchy;3.6;24480
49026;Bécon-les-Granits;2.9;23280
80073;Bécordel-Bécourt;4.3;24100
62102;Bécourt;2.3;20040
2061;Becquigny;2.7;19290
80074;Becquigny;4;23120
34028;Bédarieux;5;18140
84016;Bédarrides;3;23050
18024;Beddes;1.4;
32040;Bédéchan;4.7;24080
35023;Bédée;4.8;24780
9045;Bédeilhac-et-Aynat;2.6;20750
9046;Bédeille;1.2;
64103;Bédeille;2.7;22780
17038;Bedenac;2.8;20610
84017;Bédoin;2.4;22820
48050;Bédouès-Cocurès;5;21750
64104;Bedous;3.7;21310
46021;Béduer;2;24050
18025;Beffes;1.2;21360
39045;Beffia;2.4;
8056;Beffu-et-le-Morthomme;6.3;
40031;Bégaar;3.3;23010
33038;Bégadan;3.6;20840
56011;Béganne;2.9;21330
22004;Bégard;3.6;22200
33039;Bègles;6;23360
88047;Begnécourt;2.4;24500
65079;Bégole;2.1;22370
49027;Bégrolles-en-Mauges;3.9;23070
3021;Bègues;4.1;22240
33040;Béguey;4.6;21930
64105;Béguios;3.3;23500
62103;Béhagnies;3.6;23610
64106;Béhasque-Lapiste;4.2;23290
80076;Béhen;3.8;22670
80077;Béhencourt;3;23820
60059;Béhéricourt;3.3;25060
55041;Behonne;2.5;25240
64107;Béhorléguy;0.8;
78053;Béhoust;1.5;32830
57058;Behren-lès-Forbach;3.4;15770
49028;Béhuard;3.2;22000
56012;Beignon;2.5;23750
72031;Beillé;2.1;21510
89034;Beine;2.2;25240
51046;Beine-Nauroy;3.3;27620
67025;Beinheim;3.7;27370
21056;Beire-le-Châtel;2.9;26290
21057;Beire-le-Fort;2.6;25120
23019;Beissat;1.2;
48038;Bel-Air-Val-d'Ance;1.4;20190
36016;Bélâbre;1.9;21320
21058;Belan-sur-Ource;1.6;20170
34029;Bélarga;3.1;22200
46022;Bélaye;1.8;20640
31057;Belberaud;4.9;29720
76069;Belbeuf;2.7;30040
31058;Belbèze-de-Lauragais;4.6;31100
31059;Belbèze-en-Comminges;2.5;21530
82015;Belbèze-en-Lomagne;3.4;23190
11028;Belcaire;3.4;19360
12024;Belcastel;2;23650
81025;Belcastel;2.6;28740
11029;Belcastel-et-Buc;1;
13013;Belcodène;4.2;29980
9047;Bélesta;2.3;19270
66019;Bélesta;1.7;17990
31060;Bélesta-en-Lauragais;3.1;22770
24034;Beleymas;1.5;22500
70061;Belfahy;0;
25049;Belfays;1.9;38630
11030;Belflou;3.4;28730
61036;Belfonds;2.7;19550
61196;Belforêt-en-Perche;2.3;21520
90010;Belfort;3.2;18850
46023;Belfort-du-Quercy;3.4;20940
11031;Belfort-sur-Rebenty;1.2;
53028;Belgeard;1.7;23530
83017;Belgentier;2.9;24760
2B034;Belgodère;1.4;23180
40032;Belhade;3.9;20040
28033;Belhomert-Guéhouville;4.4;21940
1032;Béligneux;1.7;23060
33042;Belin-Béliet;4.1;23710
40033;Bélis;3.7;23600
87011;Bellac;2.8;19850
4026;Bellaffaire;1.2;20310
59064;Bellaing;3.9;22420
80078;Bellancourt;4;26810
57059;Bellange;3;
61037;Bellavilliers;2.9;22940
14527;Belle Vie en Auge;2.8;21040
60060;Belle-Église;1.5;27130
62105;Belle-et-Houllefort;5;25280
22005;Belle-Isle-en-Terre;2.6;20200
2062;Belleau;1.7;28100
54059;Belleau;3.1;25890
33043;Bellebat;3.4;22500
62104;Bellebrune;4.8;26260
19021;Bellechassagne;2.1;
89035;Bellechaume;2.1;22120
39046;Bellecombe;5.1;
73036;Bellecombe-en-Bauges;2;25000
26046;Bellecombe-Tarendol;0;
21059;Bellefond;3.8;31070
33044;Bellefond;3.7;22060
86020;Bellefonds;3.5;22830
46156;Bellefont-La Rauze;3.7;24380
39047;Bellefontaine;1.5;29530
88048;Bellefontaine;1.7;22970
95055;Bellefontaine;2.3;26970
97234;Bellefontaine;1.8;19760
67026;Bellefosse;2.3;26480
30034;Bellegarde;3.6;22150
32041;Bellegarde;3.9;20530
45031;Bellegarde;1.5;20370
11032;Bellegarde-du-Razès;1.1;19290
26047;Bellegarde-en-Diois;1.1;
42013;Bellegarde-en-Forez;3.6;23510
23020;Bellegarde-en-Marche;2.1;21510
81026;Bellegarde-Marsal;3.5;22060
38037;Bellegarde-Poussieu;2.1;25860
31061;Bellegarde-Sainte-Marie;3.1;27790
25051;Belleherbe;1.7;24150
68024;Bellemagny;2.9;
61038;Bellême;2.7;20740
3022;Bellenaves;3.4;20260
76070;Bellencombre;4;21430
21060;Belleneuve;2.8;26390
2063;Bellenglise;3;22500
14057;Bellengreville;3.5;22520
76071;Bellengreville;3.4;21890
21061;Bellenod-sur-Seine;2.1;
21062;Bellenot-sous-Pouilly;3.1;23270
55042;Belleray;4.2;25670
3023;Bellerive-sur-Allier;4;23070
42014;Belleroche;1.4;21650
70180;Belles-Fontaines;2.9;21110
57086;Belles-Forêts;2;19720
81027;Belleserre;3.4;23630
31062;Bellesserre;1.3;
2064;Belleu;3.4;20140
80079;Belleuse;2.4;23070
74032;Bellevaux;2.2;25810
71029;Bellevesvre;3.6;21520
16204;Bellevigne;2;23370
49345;Bellevigne-en-Layon;3.1;22710
49060;Bellevigne-les-Châteaux;2.8;21480
85019;Bellevigny;3;23800
54060;Belleville;6;24940
69019;Belleville-en-Beaujolais;4.5;22210
76072;Belleville-en-Caux;3.4;24010
8057;Belleville-et-Châtillon-sur-Bar;6.5;18240
18026;Belleville-sur-Loire;2.8;23540
55043;Belleville-sur-Meuse;3.6;22230
43026;Bellevue-la-Montagne;4;20520
1034;Belley;3.7;21180
1035;Belleydoux;3.3;26160
2065;Bellicourt;1.8;21080
1031;Bellignat;3;20550
59065;Bellignies;2.4;23270
62471;Bellinghem;4.6;22660
9048;Belloc;1.9;
32042;Belloc-Saint-Clamens;2.7;21840
64108;Bellocq;6.2;21490
16037;Bellon;2.5;20530
62106;Bellonne;3.5;26620
77030;Bellot;0.8;23800
61040;Bellou-en-Houlme;1.8;20740
61041;Bellou-le-Trichard;2.1;22870
60061;Belloy;2.5;
95056;Belloy-en-France;3.1;27690
80080;Belloy-en-Santerre;4.8;22580
80081;Belloy-Saint-Léonard;2.8;
80082;Belloy-sur-Somme;4.7;24740
17039;Belluire;4.9;21910
76075;Belmesnil;4.3;23970
25052;Belmont;2;
32043;Belmont;2.3;21100
38038;Belmont;1.7;23590
39048;Belmont;4.4;24480
52043;Belmont;2;
67027;Belmont;0.6;25460
70062;Belmont;3.3;23040
46024;Belmont-Bretenoux;3.7;23500
69020;Belmont-d'Azergues;4.4;29010
42015;Belmont-de-la-Loire;1.6;21760
88049;Belmont-lès-Darney;4;23830
46026;Belmont-Sainte-Foi;2.2;20930
88050;Belmont-sur-Buttant;2.4;22630
12025;Belmont-sur-Rance;2.2;20720
88051;Belmont-sur-Vair;3.9;22820
73039;Belmont-Tramonet;2.9;24370
70063;Belonchamp;3.8;22020
11033;Belpech;2.3;20740
55044;Belrain;5;
88052;Belrupt;2;
55045;Belrupt-en-Verdunois;4.3;24380
7165;Belsentes;5.4;19570
40034;Bélus;3.2;23230
8058;Belval;3.4;25640
50044;Belval;2.6;21800
88053;Belval;2.8;21670
8059;Belval-Bois-des-Dames;3.6;
51047;Belval-en-Argonne;1.1;
51048;Belval-sous-Châtillon;2.3;24730
6013;Belvédère;3.4;21380
2A035;Belvédère-Campomoro;1.8;23910
70064;Belverne;2.6;24360
33045;Belvès-de-Castillon;2.6;23330
82016;Belvèze;2.9;22380
11034;Belvèze-du-Razès;2.4;19240
30035;Belvézet;1.5;22080
11035;Belvianes-et-Cavirac;4.3;18720
11036;Belvis;2.3;17430
25053;Belvoir;1.6;
56013;Belz;4.3;23470
27054;Bémécourt;1.6;22820
9049;Bénac;4;22920
65080;Bénac;2.2;23540
9050;Benagues;3.1;24400
37024;Benais;3.3;23010
9051;Bénaix;2.6;20150
54061;Bénaménil;3.6;23750
76076;Bénarville;2.4;22510
2066;Benay;3.8;22250
19022;Benayes;2.5;20550
6014;Bendejun;1.8;24120
68025;Bendorf;1.8;29800
64109;Bénéjacq;5.4;24170
14059;Benerville-sur-Mer;4.2;26170
40035;Bénesse-lès-Dax;4.5;23040
40036;Bénesse-Maremne;8.1;22840
16038;Benest;0.9;18820
57060;Bénestroff;3.3;22630
76077;Bénesville;2.7;22630
85020;Benet;2.8;23400
21063;Beneuvre;2.4;
23021;Bénévent-l'Abbaye;1.9;19820
55046;Beney-en-Woëvre;4.2;23090
67028;Benfeld;4.8;22820
18027;Bengy-sur-Craon;1.5;22580
62107;Bénifontaine;6.8;26390
57061;Béning-lès-Saint-Avold;3.1;23330
26048;Bénivay-Ollon;2.4;
78057;Bennecourt;1.9;26070
54062;Benney;2.4;25560
68026;Bennwihr;5.7;26710
29006;Bénodet;2.6;27160
21064;Benoisey;2;
50045;Benoîtville;3;24680
17041;Benon;3.8;22510
1037;Bénonces;0.8;21770
14060;Bénouville;5.2;27550
76079;Bénouville;1.4;23900
31063;Benque;1.7;23820
31064;Benque-Dessous-et-Dessus;5.3;
65081;Benqué-Molère;1.4;24340
40037;Benquet;3.6;25260
64111;Bentayou-Sérée;3.4;
1038;Bény;2.5;24250
14062;Bény-sur-Mer;4.6;25020
89037;Béon;3.1;23400
64110;Béost;5.4;22210
31065;Bérat;3.6;23880
32044;Béraut;4.1;25600
65082;Berbérust-Lias;1.9;
43027;Berbezit;1;
24036;Berbiguières;3.1;20470
10037;Bercenay-en-Othe;1.7;24220
10038;Bercenay-le-Hayer;1.2;23730
25054;Berche;3.9;25630
28035;Berchères-les-Pierres;2.6;26100
28034;Berchères-Saint-Germain;2.1;26160
28036;Berchères-sur-Vesgre;1.9;28100
62108;Berck;5;20780
17042;Bercloux;2.7;21760
61043;Berd'huis;3.6;21660
32045;Berdoues;2.9;23900
59066;Bérelles;3.3;23480
27055;Bérengeville-la-Campagne;1.1;24480
68027;Berentzwiller;3.7;35990
64112;Bérenx;4.6;22180
1040;Béréziat;2.2;23440
72032;Berfay;1.4;22620
67029;Berg;3.4;23810
57062;Berg-sur-Moselle;2.6;33540
46027;Berganty;0.7;21740
67030;Bergbieten;3.6;27470
24037;Bergerac;3.4;20040
10039;Bergères;0.8;24530
51049;Bergères-lès-Vertus;4.4;26860
51050;Bergères-sous-Montmirail;3.9;23920
71030;Bergesserin;1.6;25600
68028;Bergheim;4;25450
68029;Bergholtz;3.2;26270
68030;Bergholtzzell;2.3;27910
80083;Bergicourt;3.6;23890
8060;Bergnicourt;5.9;23570
63036;Bergonne;3.6;23030
40038;Bergouey;3.4;22060
64113;Bergouey-Viellenave;2.9;
62109;Bergueneuse;2.8;19720
59067;Bergues;3.6;21670
2067;Bergues-sur-Sambre;3.5;23420
22006;Berhet;3;20180
57063;Bérig-Vintrange;2.5;21310
50046;Bérigny;2.4;22640
61044;Berjou;3.9;21360
59068;Berlaimont;2.5;20240
2068;Berlancourt;2.6;
60062;Berlancourt;2.6;21210
81028;Berlats;2.5;17220
62111;Berlencourt-le-Cauroy;2.8;22430
62112;Berles-au-Bois;3.1;22920
62113;Berles-Monchel;3.6;23660
57064;Berling;2.2;23550
2069;Berlise;3.8;
34030;Berlou;2.8;19600
59069;Bermerain;3.1;23320
51051;Berméricourt;1.7;25900
57065;Bermering;2.6;21280
80084;Bermesnil;2.9;21020
62114;Bermicourt;3.6;25250
90011;Bermont;6.6;30140
16039;Bernac;3.8;22490
81029;Bernac;3.4;24090
65083;Bernac-Debat;3.9;24930
65084;Bernac-Dessus;3.4;23880
64114;Bernadets;4.7;26770
65085;Bernadets-Debat;4.5;
65086;Bernadets-Dessus;1.5;17950
67031;Bernardswiller;4.1;27520
67032;Bernardvillé;3;24440
80085;Bernâtre;1.9;
80086;Bernaville;3.2;20090
27056;Bernay;2.8;20490
80087;Bernay-en-Ponthieu;6.4;22100
72219;Bernay-Neuvy-en-Champagne;3.4;22920
17043;Bernay-Saint-Martin;1.9;21340
77031;Bernay-Vilbert;2.8;27440
56014;Berné;3.8;21060
54063;Bernécourt;1;22490
32046;Bernède;4;23020
80088;Bernes;2.3;21910
95058;Bernes-sur-Oise;2.4;24210
14063;Bernesq;2.6;21750
16040;Berneuil;0.9;20430
17044;Berneuil;5.5;22090
80089;Berneuil;3.3;22840
87012;Berneuil;2.3;19200
60063;Berneuil-en-Bray;2.9;26210
60064;Berneuil-sur-Aisne;3;24350
62115;Berneville;4;27020
74033;Bernex;2.5;28630
27057;Bernienville;1.6;25630
76082;Bernières;2.5;25160
14064;Bernières-d'Ailly;3.3;20490
14066;Bernières-sur-Mer;3.8;24440
62116;Bernieulles;2.8;24020
38039;Bernin;3.6;32380
30036;Bernis;3.5;23200
67033;Bernolsheim;6.7;28660
10040;Bernon;1.7;19780
33046;Bernos-Beaulac;3.8;21420
2070;Bernot;4.2;22110
89038;Bernouil;2.6;25280
27059;Bernouville;2.7;23880
2564;Bernoy-le-Château;2.7;24360
68006;Bernwiller;2.8;28150
80090;Berny-en-Santerre;4.2;21710
2071;Berny-Rivière;1.5;23920
28037;Bérou-la-Mulotière;3;23410
32047;Berrac;2.1;
13014;Berre-l'Étang;2.3;20370
6015;Berre-les-Alpes;1.8;25220
11037;Berriac;3.9;17910
7031;Berrias-et-Casteljau;4.2;21260
56015;Berric;3.7;23310
86022;Berrie;2;21480
29007;Berrien;1;20530
2072;Berrieux;3.8;25760
64115;Berrogain-Laruns;3.7;18150
51052;Berru;4.4;28810
68032;Berrwiller;4.3;29060
2073;Berry-au-Bac;3.7;21950
18028;Berry-Bouy;3.6;25920
87013;Bersac-sur-Rivalier;3.6;22280
39049;Bersaillin;4.4;24060
59071;Bersée;4.9;28630
59072;Bersillies;2.4;26420
33047;Berson;3.4;23020
67034;Berstett;3;28210
67035;Berstheim;5.3;26570
3024;Bert;1.8;17660
80092;Bertangles;4.7;26260
2074;Bertaucourt-Epourdon;2.1;21750
80093;Berteaucourt-les-Dames;4.1;20710
80094;Berteaucourt-lès-Thennes;6.1;27070
76083;Bertheauville;2.5;21270
60065;Berthecourt;2.9;23820
86023;Berthegon;3;17840
25055;Berthelange;5.2;25630
57066;Berthelming;2.8;22040
59073;Berthen;3.3;23760
37025;Berthenay;1.3;25630
2075;Berthenicourt;3.9;22760
33048;Berthez;4.7;23070
12026;Bertholène;4.7;21800
27061;Berthouville;2.4;24280
63037;Bertignat;0.6;22330
10041;Bertignolles;1.9;
62117;Bertincourt;2.3;20080
8062;Bertoncourt;2.3;25030
54064;Bertrambois;2.5;20870
80095;Bertrancourt;3.6;22640
57067;Bertrange;6.1;30270
81030;Bertre;2.3;23950
65087;Bertren;1.8;22260
76084;Bertreville;2.3;22090
76085;Bertreville-Saint-Ouen;4.8;25720
24038;Bertric-Burée;2.2;19400
54065;Bertrichamps;2.7;21900
2076;Bertricourt;2.6;28980
76086;Bertrimont;4.4;22380
88054;Bertrimoutier;4.3;24340
59074;Bertry;3.4;20500
89039;Béru;3.7;
86024;Béruges;3.6;24910
10042;Bérulle;1.6;21140
72034;Bérus;2.5;24910
95059;Berville;1.1;28810
76087;Berville-en-Caux;3.2;22780
27063;Berville-la-Campagne;1.5;22690
27064;Berville-sur-Mer;2.6;22560
76088;Berville-sur-Seine;2.5;22190
57069;Berviller-en-Moselle;2.3;24100
71032;Berzé-la-Ville;2.2;26590
71031;Berzé-le-Châtel;2.4;
7032;Berzème;0;20220
51053;Berzieux;2.1;
39050;Besain;2.4;27280
25056;Besançon;5;20680
26049;Bésayes;3.7;25380
64116;Bescat;3.6;21950
26050;Bésignan;0;
64117;Bésingrand;4.7;24060
50048;Beslon;2.4;21550
2078;Besmé;1.5;21360
2079;Besmont;2;20070
70065;Besnans;2.6;
44013;Besné;3;24040
50049;Besneville;2.6;20800
2080;Besny-et-Loizy;3.1;26260
16041;Bessac;1.7;19620
18029;Bessais-le-Fromental;2.8;20860
43028;Bessamorel;3.6;23840
34031;Bessan;4.3;20810
95060;Bessancourt;3.6;26780
73040;Bessans;0;23910
7033;Bessas;2.4;19950
85023;Bessay;3.4;22130
3025;Bessay-sur-Allier;2.8;22250
15269;Besse;5.7;19860
24039;Besse;3.7;18150
38040;Besse;0;
16042;Bessé;3.1;21280
63038;Besse-et-Saint-Anastaise;6.1;22400
72035;Bessé-sur-Braye;2.3;21530
83018;Besse-sur-Issole;2.7;23400
11038;Bessède-de-Sault;0;
30037;Bessèges;4.6;16700
69021;Bessenay;2.7;24500
82017;Bessens;2.8;24800
9052;Besset;2.6;24750
42018;Bessey;2.7;24840
21065;Bessey-en-Chaume;4.4;24540
21066;Bessey-la-Cour;4.4;
21067;Bessey-lès-Cîteaux;2.9;25070
31066;Bessières;2.6;23110
79034;Bessines;4.5;28930
87014;Bessines-sur-Gartempe;5;21660
38041;Bessins;1.4;23080
3026;Besson;2.2;23440
90012;Bessoncourt;4.6;26850
46338;Bessonies;2.2;
12027;Bessuéjouls;4.4;22840
10043;Bessy;3.4;22320
89040;Bessy-sur-Cure;1;22760
9053;Bestiac;2.1;
46028;Bétaille;3.4;21390
70066;Betaucourt;4;20180
65088;Betbèze;4.7;
40039;Betbezer-d'Armagnac;3;18840
32048;Betcave-Aguin;3.3;
9054;Betchat;2;21740
23022;Bétête;2.6;18970
60066;Béthancourt-en-Valois;3.1;25400
2081;Béthancourt-en-Vaux;2.5;24090
55047;Béthelainville;2.5;20390
95061;Béthemont-la-Forêt;3.7;33250
59075;Béthencourt;3.7;22110
80096;Béthencourt-sur-Mer;4.3;20930
80097;Béthencourt-sur-Somme;3;20940
51054;Bétheniville;4.1;23670
51055;Bétheny;5.1;24450
55048;Béthincourt;0.6;
86025;Béthines;2.8;21770
60067;Béthisy-Saint-Martin;2.8;23340
60068;Béthisy-Saint-Pierre;2.4;22150
9055;Bethmale;3;
51056;Bethon;1.8;29210
72036;Béthon;3;22130
25057;Bethoncourt;3.5;17310
62118;Béthonsart;3.2;25820
90013;Bethonvilliers;3.9;27470
28038;Béthonvilliers;2.2;
62119;Béthune;3.1;19290
10044;Bétignicourt;3.3;
77032;Beton-Bazoches;1.8;23480
70067;Betoncourt-lès-Brotte;1.7;20400
70069;Betoncourt-Saint-Pancras;2.9;
70070;Betoncourt-sur-Mance;1.9;
32049;Bétous;3.4;
32050;Betplan;3.8;20490
65089;Betpouey;5.6;
65090;Betpouy;3;
64118;Bétracq;2;
67339;Betschdorf;3.8;24510
54066;Bettainvillers;2.6;28520
52045;Bettancourt-la-Ferrée;2.9;23820
51057;Bettancourt-la-Longue;6.2;
57070;Bettange;3.1;24810
1041;Bettant;3.2;25150
57071;Bettborn;3.5;24050
88055;Bettegney-Saint-Brice;3.2;22730
57072;Bettelainville;1.3;25530
80098;Bettembos;3.7;
80099;Bettencourt-Rivière;3.1;22870
80100;Bettencourt-Saint-Ouen;4.3;22220
68033;Bettendorf;4.4;31200
65091;Bettes;2.5;
59076;Bettignies;2.5;20020
57073;Betting;4.8;24260
68034;Bettlach;3;35480
35024;Betton;3.6;26890
73041;Betton-Bettonet;3.7;26240
88056;Bettoncourt;4.1;
59077;Bettrechies;1.6;21650
57074;Bettviller;2.8;24580
67036;Bettwiller;3.3;23310
60069;Betz;2.2;26510
37026;Betz-le-Château;3.3;20810
62120;Beugin;2.8;24430
62121;Beugnâtre;3;22290
2082;Beugneux;2.4;22980
59078;Beugnies;3.8;22250
89041;Beugnon;4.1;23150
79077;Beugnon-Thireuil;1.3;20340
62122;Beugny;3.3;21500
6016;Beuil;0;21720
70071;Beulotte-Saint-Laurent;1.6;
25058;Beure;6.3;22730
10045;Beurey;1.8;26090
21068;Beurey-Bauguay;1.9;25300
55049;Beurey-sur-Saulx;3.5;22370
63039;Beurières;1.4;20860
21069;Beurizot;3.4;26820
17045;Beurlay;2.8;21420
52047;Beurville;4.4;
62123;Beussent;2.7;21400
64119;Beuste;5.2;25810
25059;Beutal;2.9;23280
62124;Beutin;6.6;21800
2083;Beuvardes;3.6;23490
54067;Beuveille;3.3;24950
54068;Beuvezin;1.1;
14069;Beuvillers;3;22590
54069;Beuvillers;4.2;34360
59079;Beuvrages;4;17240
80101;Beuvraignes;2;21690
62125;Beuvrequen;5.4;25740
50050;Beuvrigny;1.8;22130
58029;Beuvron;1.5;
14070;Beuvron-en-Auge;2.5;23840
62126;Beuvry;4.4;20670
59080;Beuvry-la-Forêt;4.3;26270
57075;Beux;3.4;27020
86026;Beuxes;3.3;21470
29008;Beuzec-Cap-Sizun;4.8;23050
27065;Beuzeville;3.4;22080
50052;Beuzeville-la-Bastille;2;21160
76090;Beuzeville-la-Grenier;3.8;24330
76091;Beuzeville-la-Guérard;3.7;22640
76092;Beuzevillette;2.8;24650
38042;Bévenais;3.3;25530
70072;Beveuge;3.4;
28039;Béville-le-Comte;2.5;24510
59081;Bévillers;3.6;21020
4027;Bevons;2.3;25170
21070;Bévy;2.2;22820
1042;Bey;2.5;25520
71033;Bey;1.8;23130
54070;Bey-sur-Seille;4.1;26850
33049;Beychac-et-Caillau;6.4;25370
40040;Beylongue;3.3;22100
87015;Beynac;3.4;24030
24040;Beynac-et-Cazenac;3.9;21910
19023;Beynat;4.5;22070
4028;Beynes;1.4;17870
78062;Beynes;2.1;29850
1043;Beynost;3;28730
65092;Beyrède-Jumet-Camous;3.7;18860
57076;Beyren-lès-Sierck;2.1;34150
64121;Beyrie-en-Béarn;3.5;29640
64120;Beyrie-sur-Joyeuse;3.5;22990
40041;Beyries;2.6;21440
19024;Beyssac;2.9;21510
19025;Beyssenac;2.5;21160
30038;Bez-et-Esparon;2.7;20300
9056;Bézac;1.6;23460
77033;Bezalles;1.4;25580
76093;Bézancourt;2;22650
54071;Bezange-la-Grande;3;24050
57077;Bezange-la-Petite;2.3;
51058;Bezannes;3.5;26270
6017;Bézaudun-les-Alpes;2.7;21280
26051;Bézaudun-sur-Bîne;2.9;
54072;Bezaumont;4.2;24940
21071;Bèze;4.3;25870
3027;Bézenet;3.2;19450
32051;Bézéril;6.2;22160
34032;Béziers;3.8;16830
62127;Bezinghem;3;23530
31067;Bezins-Garraux;2.1;
32052;Bezolles;3.2;16390
95063;Bezons;2.1;21450
55050;Bezonvaux;N/A - résultat non disponible;
30039;Bezouce;4.4;22380
21072;Bézouotte;2.6;24240
27066;Bézu-la-Forêt;1.8;20680
2084;Bézu-le-Guéry;1.8;25230
27067;Bézu-Saint-Éloi;2.7;24130
2085;Bézu-Saint-Germain;2.9;23830
32053;Bézues-Bajon;4.9;21210
62128;Biache-Saint-Vaast;2.8;21690
80102;Biaches;3.1;22500
86027;Biard;5.5;24300
39051;Biarne;4.4;23190
80103;Biarre;3;
64122;Biarritz;4.4;25640
40042;Biarrotte;3.4;22820
46029;Biars-sur-Cère;4.6;20730
40043;Bias;4.5;21790
47027;Bias;2.7;21040
40044;Biaudos;3.1;24960
57079;Bibiche;3.5;24160
67037;Biblisheim;4;27340
69022;Bibost;2.5;24520
2086;Bichancourt;2.4;22450
58030;Biches;2.3;19540
57080;Bickenholtz;2.8;
54073;Bicqueley;3.1;24400
64123;Bidache;3.3;23000
64124;Bidarray;2.8;22750
64125;Bidart;5.8;24990
57081;Bidestroff;3.6;22940
57082;Biding;2.6;25280
7034;Bidon;0.8;23870
64126;Bidos;4.1;24310
88058;Biécourt;3.6;
68035;Biederthal;1;37750
25061;Bief;2;28350
39052;Bief-des-Maisons;3.2;
39053;Bief-du-Fourg;2.7;25900
39054;Biefmorin;2.5;
62129;Biefvillers-lès-Bapaume;3.4;
64127;Bielle;7.3;23270
80104;Biencourt;3.7;24170
55051;Biencourt-sur-Orge;0.9;20690
60070;Bienville;4.1;27140
54074;Bienville-la-Petite;2.5;
62130;Bienvillers-au-Bois;2.9;22470
8064;Biermes;4;24800
60071;Biermont;2.4;26240
59082;Bierne;3.9;25380
53029;Bierné-les-Villages;3.4;20950
89042;Bierry-les-Belles-Fontaines;2.1;22700
9057;Biert;3.4;15310
76094;Bierville;3.3;25510
68036;Biesheim;2.1;25040
52050;Biesles;2.3;21860
67038;Bietlenheim;2.8;25960
33050;Bieujac;3.9;21730
2087;Bieuxy;1.5;
50054;Biéville;1.4;19590
14068;Biéville-Beuville;5;28530
2088;Bièvres;2;
8065;Bièvres;2.3;
91064;Bièvres;3.1;34800
88059;Biffontaine;3;21150
33051;Biganos;5;24400
56017;Bignan;4.4;22750
17046;Bignay;2.8;22260
8066;Bignicourt;3.3;
51059;Bignicourt-sur-Marne;3.5;22860
51060;Bignicourt-sur-Saulx;2.6;23450
86028;Bignoux;3.1;25200
2B036;Bigorno;2.9;
2B037;Biguglia;2;23730
76095;Bihorel;4.2;25600
62131;Bihucourt;3.4;22290
19026;Bilhac;3.1;20500
64128;Bilhères;4.6;21620
2A038;Bilia;2.8;
38043;Bilieu;2.7;26030
28040;Billancelles;2.1;24950
80105;Billancourt;3.4;23980
35025;Billé;2.5;22790
39055;Billecul;2.3;
64129;Billère;5.6;21380
21074;Billey;3.8;23620
3028;Billezois;2.2;21310
1044;Billiat;1;28550
73042;Billième;1.5;25520
31068;Billière;4.9;
56018;Billiers;3.2;25130
56019;Billio;2.3;21790
63040;Billom;2.9;22540
3029;Billy;3.5;22090
41016;Billy;2;22330
62132;Billy-Berclau;4.3;23260
58031;Billy-Chevannes;4.6;20520
51061;Billy-le-Grand;4.2;34170
21075;Billy-lès-Chanceaux;2.6;
62133;Billy-Montigny;5.4;17430
55053;Billy-sous-Mangiennes;3;21700
2089;Billy-sur-Aisne;3.3;22590
58032;Billy-sur-Oisy;2.4;21170
2090;Billy-sur-Ourcq;1.2;22540
68037;Biltzheim;2.6;27050
67039;Bilwisheim;4.1;28420
62134;Bimont;1.3;20860
51062;Binarville;0.8;
41017;Binas;1.5;22520
67040;Bindernheim;2.9;25480
21076;Binges;2.8;27520
22055;Binic-Étables-sur-Mer;3.1;26210
57083;Bining;2.1;23000
50055;Biniville;2.8;22240
31590;Binos;2.7;
46030;Bio;2.7;23200
38044;Biol;2.1;23790
63041;Biollet;1.9;19650
57084;Bioncourt;4.2;25080
54075;Bionville;2.3;22930
57085;Bionville-sur-Nied;3.2;23530
6018;Biot;3.1;30320
82018;Bioule;4;22710
16044;Bioussac;3.1;20070
3030;Biozat;3.4;22480
16045;Birac;2;24890
33053;Birac;4.3;22270
47028;Birac-sur-Trec;2;22890
32054;Biran;1.7;24000
24042;Biras;2.5;21840
64130;Biriatou;4.9;24210
1045;Birieux;3.3;28180
17047;Biron;4.2;22380
24043;Biron;2.6;19600
64131;Biron;4;23350
40046;Biscarrosse;5.4;24110
67043;Bischheim;3.7;19700
67044;Bischholtz;2.4;24330
67045;Bischoffsheim;5.3;27930
68038;Bischwihr;3.5;27020
67046;Bischwiller;4.3;20610
68039;Bisel;2.9;29880
2B039;Bisinchi;2.8;19410
55054;Bislée;4.8;
67047;Bissert;3.2;24270
21077;Bissey-la-Côte;2.3;22900
21078;Bissey-la-Pierre;3.8;
71034;Bissey-sous-Cruchaud;2.4;25240
59083;Bissezeele;3.4;25420
71035;Bissy-la-Mâconnaise;2.2;23980
71036;Bissy-sous-Uxelles;2.5;
71037;Bissy-sur-Fley;1.5;
57087;Bisten-en-Lorraine;2.1;24010
57088;Bistroff;2.4;23640
57089;Bitche;2.4;19680
58033;Bitry;2.1;21740
60072;Bitry;2.2;23140
67048;Bitschhoffen;3.4;25760
68040;Bitschwiller-lès-Thann;2.2;22530
32055;Bivès;2.5;
38045;Biviers;3.5;38860
76096;Biville-la-Baignarde;4.4;23080
76097;Biville-la-Rivière;3.7;21130
11040;Bizanet;2.5;21900
64132;Bizanos;4.7;26410
52051;Bize;2.6;
65093;Bize;2.2;19960
11041;Bize-Minervois;3;20550
3031;Bizeneuille;2.3;21760
1046;Biziat;1.8;24260
38046;Bizonnes;1.7;23280
61046;Bizou;1.7;22900
65094;Bizous;3.4;21380
69023;Blacé;3.1;27320
60073;Blacourt;1.9;23520
76099;Blacqueville;3.7;25470
51065;Blacy;3.9;23440
89043;Blacy;1.9;
67049;Blaesheim;5.6;29530
31069;Blagnac;4.2;25350
8067;Blagny;3.2;19480
21079;Blagny-sur-Vingeanne;2.9;23430
33054;Blaignac;3.3;22370
33055;Blaignan-Prignac;3;22490
44015;Blain;2.9;22760
60074;Blaincourt-lès-Précy;2.2;28120
10046;Blaincourt-sur-Aube;3.5;
76100;Blainville-Crevon;3.5;26450
54076;Blainville-sur-l'Eau;3.3;22260
50058;Blainville-sur-Mer;2.8;24830
14076;Blainville-sur-Orne;5.3;22010
62135;Blairville;4;23860
51066;Blaise-sous-Arzillières;3.8;20320
49029;Blaison-Saint-Sulpice;3.2;25200
52053;Blaisy;1.7;
21080;Blaisy-Bas;3.2;23540
21081;Blaisy-Haut;3.3;24350
31070;Blajan;3.1;20350
25063;Blamont;2.4;25920
54077;Blâmont;3.5;19540
81032;Blan;3.4;21670
18030;Blancafort;2.6;22110
21082;Blancey;2.5;
60075;Blancfossé;4.3;22700
57090;Blanche-Église;4.2;22940
8069;Blanchefosse-et-Bay;1.5;17170
67050;Blancherupt;3.5;
51612;Blancs-Coteaux;3.9;25390
28041;Blandainville;1.3;23690
30040;Blandas;0;18780
38047;Blandin;1.8;23660
53228;Blandouet-Saint Jean;1;21240
77034;Blandy;1.5;28250
91067;Blandy;1.6;24240
62137;Blangerval-Blangermont;3.7;22980
14077;Blangy-le-Château;3.2;23820
80106;Blangy-sous-Poix;3.2;23970
76101;Blangy-sur-Bresle;3.9;19680
62138;Blangy-sur-Ternoise;3.9;19760
80107;Blangy-Tronville;5.2;27240
89044;Blannay;3.8;22640
21083;Blanot;1.5;18190
71039;Blanot;3.2;20380
32056;Blanquefort;3.4;
33056;Blanquefort;4.6;24700
47029;Blanquefort-sur-Briolance;3.8;20160
43030;Blanzac;4.1;23010
87017;Blanzac;3.1;20410
17048;Blanzac-lès-Matha;3.4;20770
16047;Blanzaguet-Saint-Cybard;1.7;20000
63042;Blanzat;3.2;25110
86029;Blanzay;3.7;21200
17049;Blanzay-sur-Boutonne;3.3;
55055;Blanzée;2.3;
71040;Blanzy;2.8;21480
8070;Blanzy-la-Salonnaise;4.2;21070
2091;Blanzy-lès-Fismes;2.6;23880
60076;Blargies;3;20900
25065;Blarians;3.2;
59084;Blaringhem;4.3;21910
46031;Blars;0.2;21580
78068;Blaru;2.3;26910
33057;Blasimon;3.8;21320
43031;Blassac;0.1;20170
6019;Blausasc;4.2;26160
84018;Blauvac;1.1;21450
30041;Blauzac;3.8;24610
48026;Blavignac;2.1;21220
43032;Blavozy;4.4;24490
14078;Blay;3.7;24290
33058;Blaye;3;19750
81033;Blaye-les-Mines;2.6;19270
47030;Blaymont;1.1;21000
32057;Blaziert;3.2;27090
52055;Blécourt;1.8;
59085;Blécourt;3.3;23770
89045;Bleigny-le-Carreau;2.7;24490
54078;Blémerey;1.9;
88060;Blémerey;3.2;
62139;Blendecques;4.5;20000
89046;Bléneau;1.7;20190
77035;Blennes;1.2;26060
54079;Blénod-lès-Pont-à-Mousson;4;20260
54080;Blénod-lès-Toul;5.9;21800
62140;Bléquin;2.5;20320
2093;Blérancourt;1.8;19760
37027;Bléré;3.9;22980
35026;Bléruais;2.9;17750
33059;Blésignac;3.4;24640
43033;Blesle;1.7;19540
51068;Blesme;2.8;23730
2094;Blesmes;4.2;25760
23024;Blessac;5;21500
52056;Blessonville;3.8;22670
62141;Blessy;3.3;22050
18031;Blet;1;19130
39056;Bletterans;4.8;21080
88061;Bleurville;4.6;22470
88062;Blevaincourt;5.8;
72037;Blèves;3.5;18490
60077;Blicourt;2.9;24510
67051;Blienschwiller;5.6;26120
57092;Blies-Ébersing;2.7;25780
57093;Blies-Guersviller;1.8;27480
57091;Bliesbruck;2.2;24160
4030;Blieux;1;
10047;Blignicourt;4;
10048;Bligny;1.3;25270
51069;Bligny;3.8;30450
21085;Bligny-le-Sec;3.9;23380
21086;Bligny-lès-Beaune;5.1;26480
21087;Bligny-sur-Ouche;4.2;21780
60078;Blincourt;3;22330
62142;Blingel;3.2;21190
58034;Blismes;0;20160
68041;Blodelsheim;2.6;27000
41018;Blois;3.5;19360
39057;Blois-sur-Seille;0.7;
11042;Blomac;3.3;20100
3032;Blomard;1.9;19890
8071;Blombay;2;23730
87018;Blond;2.6;21000
70074;Blondefontaine;5.1;20900
14079;Blonville-sur-Mer;4.6;23940
76104;Blosseville;4.1;22460
50059;Blosville;4;23710
63043;Blot-l'Église;2.3;20890
68042;Blotzheim;3;33890
49030;Blou;3.1;22520
32058;Blousson-Sérian;1.6;
74035;Bloye;3.9;27350
74036;Bluffy;2.8;35420
52057;Blumeray;4;20290
25066;Blussangeaux;2.9;
25067;Blussans;3.4;24540
39058;Blye;4.1;19510
1047;Blyes;3.3;27110
93008;Bobigny;2.4;16330
22008;Bobital;3.2;24120
2A040;Bocognano;0;23650
88063;Bocquegney;2.5;23520
29010;Bodilis;4;23220
47031;Boé;3.2;22470
61048;Boëcé;4.7;20790
74037;Boëge;2.3;31060
64133;Boeil-Bezing;4.6;24460
42019;Boën-sur-Lignon;3.1;19810
67052;Bœrsch;3.9;27660
59086;Boeschepe;2.6;24110
59087;Boëseghem;4.5;21810
67053;Bœsenbiesen;3.8;30800
72038;Boëssé-le-Sec;1.6;22070
45033;Boësses;1.7;25610
89048;Bœurs-en-Othe;0.8;20340
62143;Boffles;2.4;
7035;Boffres;4.1;20790
74038;Bogève;2.4;30540
8081;Bogny-sur-Meuse;1.5;18880
7036;Bogy;1.9;24300
2095;Bohain-en-Vermandois;3.1;16190
56020;Bohal;4.4;23490
29011;Bohars;3.9;28470
1245;Bohas-Meyriat-Rignat;3.6;25140
91069;Boigneville;2.2;26430
45034;Boigny-sur-Bionne;2.2;26860
78070;Boinville-en-Mantois;2.3;28030
55057;Boinville-en-Woëvre;3.6;
78071;Boinville-le-Gaillard;2.1;26570
78072;Boinvilliers;1.5;30620
62144;Boiry-Becquerelle;3.9;25590
62145;Boiry-Notre-Dame;3.7;24920
62146;Boiry-Saint-Martin;4;24150
62147;Boiry-Sainte-Rictrude;4.3;23850
17050;Bois;3.7;21770
27068;Bois-Anzeray;1.2;18540
27069;Bois-Arnault;2.3;22910
62148;Bois-Bernard;3.5;23900
92009;Bois-Colombes;3.8;32650
39059;Bois-d'Amont;2.8;36680
78073;Bois-d'Arcy;5.4;27520
89049;Bois-d'Arcy;1.2;
76106;Bois-d'Ennebourg;2.7;27600
85024;Bois-de-Céné;3.3;22120
88064;Bois-de-Champ;1.3;24790
39060;Bois-de-Gand;3.2;
54557;Bois-de-Haye;6.2;30240
31071;Bois-de-la-Pierre;3.2;23160
59088;Bois-Grenier;7.7;29050
76107;Bois-Guilbert;2.8;21940
76108;Bois-Guillaume;4.8;32370
76109;Bois-Héroult;3.1;23690
91075;Bois-Herpin;2.1;
76110;Bois-Himont;4.3;23180
27072;Bois-Jérôme-Saint-Ouen;2.2;26300
76111;Bois-l'Évêque;3.7;26120
27073;Bois-le-Roi;1.5;24320
77037;Bois-le-Roi;2.5;33500
2096;Bois-lès-Pargny;3;23420
27075;Bois-Normand-près-Lyre;1.4;21470
71041;Bois-Sainte-Marie;3;24130
80108;Boisbergues;2.4;
16048;Boisbreteau;1.6;19500
61375;Boischampré;3;23390
45035;Boiscommun;1.4;20920
62149;Boisdinghem;2.1;22980
77036;Boisdon;1.5;27790
95074;Boisemont;2.2;32540
35027;Boisgervilly;3.8;22750
62150;Boisjean;4.8;23480
62151;Boisleux-au-Mont;4.2;23300
62152;Boisleux-Saint-Marc;3.8;24470
79038;Boismé;3.1;21290
54081;Boismont;3;24290
80110;Boismont;4;23410
45036;Boismorand;2.2;25380
16082;Boisné-La Tude;2.4;21210
27074;Boisney;3.5;22680
17052;Boisredon;3.6;22100
76113;Boissay;3;24060
24045;Boisse;1.7;21240
12028;Boisse-Penchot;2.3;19570
41019;Boisseau;1.7;21220
45037;Boisseaux;2.6;23160
31072;Boissède;3.6;
61049;Boissei-la-Lande;2.9;22380
34033;Boisseron;3.2;25430
15021;Boisset;1.9;19620
34034;Boisset;0;
43034;Boisset;2.6;20440
30042;Boisset-et-Gaujac;2.8;21160
42020;Boisset-lès-Montrond;3.6;24800
27076;Boisset-les-Prévanches;2.3;25160
42021;Boisset-Saint-Priest;2.6;24240
78076;Boissets;1.5;27650
77038;Boissettes;2.1;33530
87019;Boisseuil;5.1;26950
24046;Boisseuilh;3.7;15780
1050;Boissey;1.5;23180
27077;Boissey-le-Châtel;2.2;21930
81034;Boissezon;0.3;18090
39061;Boissia;4.4;23190
30043;Boissières;4.2;26600
46032;Boissières;1.4;23030
77039;Boissise-la-Bertrand;2.4;31310
77040;Boissise-le-Roi;1.7;29200
77041;Boissy-aux-Cailles;1.8;29860
28045;Boissy-en-Drouais;2;26140
60079;Boissy-Fresnoy;2.3;26540
95078;Boissy-l'Aillerie;2.2;28660
91079;Boissy-la-Rivière;2.9;30180
27079;Boissy-Lamberville;2.7;22510
77042;Boissy-le-Châtel;2;25070
91080;Boissy-le-Cutté;2.7;26650
51070;Boissy-le-Repos;2.6;20350
91081;Boissy-le-Sec;2.2;26730
28046;Boissy-lès-Perche;2.8;25190
78082;Boissy-Mauvoisin;1.1;27790
94004;Boissy-Saint-Léger;3.7;21400
78084;Boissy-sans-Avoir;2.8;31530
91085;Boissy-sous-Saint-Yon;2.5;27770
35028;Boistrudan;3.5;22960
28047;Boisville-la-Saint-Père;2.4;23350
50062;Boisyvon;2;
61051;Boitron;3.6;23710
77043;Boitron;1.2;25300
86123;Boivre-la-Vallée;3.5;22050
25070;Bolandoz;4.6;23130
29012;Bolazec;2.1;17410
76114;Bolbec;2.8;18770
84019;Bollène;2.7;19730
76115;Bolleville;3.4;23470
59089;Bollezeele;2.6;21320
68043;Bollwiller;4.4;23900
52058;Bologne;4.6;22060
1051;Bolozon;0.5;
66020;Bolquère;7.2;23310
67054;Bolsenheim;3.1;28120
77044;Bombon;1.6;26870
33060;Bommes;4;23100
36019;Bommiers;1.4;21730
9058;Bompas;2.6;21380
66021;Bompas;4.1;21430
62153;Bomy;2.8;19970
22107;Bon Repos sur Blavet;2.7;21070
47032;Bon-Encontre;2.9;23390
58035;Bona;5.2;21100
9059;Bonac-Irazein;2;17100
32059;Bonas;3.5;20500
70075;Bonboillon;5.2;25030
28049;Boncé;2.4;25860
53034;Bonchamp-lès-Laval;3.4;24860
2097;Boncourt;2.4;19640
27081;Boncourt;1.6;29360
28050;Boncourt;2.2;25730
54082;Boncourt;3.1;22280
21088;Boncourt-le-Bois;4.1;28370
55058;Boncourt-sur-Meuse;3.2;22930
45038;Bondaroy;1.6;24190
25071;Bondeval;2.3;25610
31073;Bondigoux;2.5;24930
91086;Bondoufle;2.3;26390
59090;Bondues;7.4;34880
93010;Bondy;3.1;17210
63044;Bongheat;1.5;21700
2A041;Bonifacio;5.3;22670
60081;Bonlier;2.4;25870
39063;Bonlieu;3.1;23400
26052;Bonlieu-sur-Roubion;3.8;24250
64134;Bonloc;3.6;21000
9060;Bonnac;3.4;20450
15022;Bonnac;1.3;20530
87020;Bonnac-la-Côte;5.3;24560
25072;Bonnal;4;
89050;Bonnard;2.4;22520
23025;Bonnat;3;20730
25073;Bonnay;5.3;25620
80112;Bonnay;5.3;22660
71042;Bonnay-Saint-Ythaire;3.1;23240
74040;Bonne;4.5;36440
14083;Bonnebosq;2.1;21100
52059;Bonnecourt;1.8;21090
45039;Bonnée;3;23580
38048;Bonnefamille;3;27240
61052;Bonnefoi;2.3;22320
19027;Bonnefond;2.7;20300
65095;Bonnefont;2.5;21470
39065;Bonnefontaine;1.7;22440
40047;Bonnegarde;3;21750
2098;Bonneil;2.8;26710
78087;Bonnelles;2.6;30380
35029;Bonnemain;4;20720
14084;Bonnemaison;3.3;23000
65096;Bonnemazon;2.5;
21089;Bonnencontre;2.9;23620
16049;Bonnes;2.3;20420
86031;Bonnes;4.3;24400
2099;Bonnesvalyn;1.8;22880
55059;Bonnet;3.2;21640
72039;Bonnétable;1.8;20540
25074;Bonnétage;2.8;32390
33061;Bonnetan;3.2;28070
16050;Bonneuil;1.8;23280
36020;Bonneuil;0.9;
95088;Bonneuil-en-France;2.7;22380
60083;Bonneuil-en-Valois;2.3;24360
60082;Bonneuil-les-Eaux;3.4;22720
86032;Bonneuil-Matours;3.4;23800
94011;Bonneuil-sur-Marne;5.1;19530
28051;Bonneval;1.7;22400
43035;Bonneval;3.8;
73047;Bonneval-sur-Arc;0;18160
25075;Bonnevaux;2.2;33090
30044;Bonnevaux;0;
74041;Bonnevaux;3.4;24310
41020;Bonneveau;1.8;21360
70076;Bonnevent-Velloreille;3;23060
74042;Bonneville;3.3;25180
80113;Bonneville;5;23230
27083;Bonneville-Aptot;2.3;24820
24048;Bonneville-et-Saint-Avit-de-Fumadières;2.1;20580
14085;Bonneville-la-Louvet;2.8;23610
14086;Bonneville-sur-Touques;4.6;29480
60084;Bonnières;2.4;25980
62154;Bonnières;3.4;20780
78089;Bonnières-sur-Seine;2.7;20720
84020;Bonnieux;2.4;22600
62155;Bonningues-lès-Ardres;1.4;21640
62156;Bonningues-lès-Calais;5.3;26720
14087;Bonnœil;3.6;22630
64135;Bonnut;4;22050
45040;Bonny-sur-Loire;3.4;20940
65097;Bonrepos;1.6;19640
31074;Bonrepos-Riquet;4.1;29460
31075;Bonrepos-sur-Aussonnelle;2.6;28150
74043;Bons-en-Chablais;2.3;33300
14088;Bons-Tassilly;3.7;23150
76103;Bonsecours;4.5;26900
61053;Bonsmoulins;3.2;22420
6021;Bonson;3.1;24020
42022;Bonson;4.8;23020
73048;Bonvillard;1.2;24180
73049;Bonvillaret;1.2;23900
54083;Bonviller;2.6;25350
60085;Bonvillers;3.8;26660
88065;Bonvillet;2;21340
2100;Bony;2.9;19850
33062;Bonzac;3.3;24330
55060;Bonzée;2.1;24350
65098;Boô-Silhen;3.5;25020
67055;Boofzheim;3;25820
76116;Boos;3.4;25620
67056;Bootzheim;4;25250
22011;Boqueho;1.9;22580
12029;Bor-et-Bar;2.9;16560
60086;Boran-sur-Oise;3.4;25700
64136;Borce;1.2;
23026;Bord-Saint-Georges;1.9;18890
33063;Bordeaux;6.4;24870
45041;Bordeaux-en-Gâtinais;1.5;26340
76117;Bordeaux-Saint-Clair;1.4;23890
64137;Bordères;5.4;25140
40049;Bordères-et-Lamensans;2.4;21790
65099;Bordères-Louron;8.9;21100
65100;Bordères-sur-l'Échez;3.3;20660
64138;Bordes;3.8;23980
65101;Bordes;2.3;22730
31076;Bordes-de-Rivière;3.2;22250
9062;Bordes-Uchentein;3;17000
30045;Bordezac;2.3;18120
17053;Bords;2.5;20890
7037;Borée;0;18000
17054;Boresse-et-Martron;1.5;19930
60087;Borest;2;34760
70077;Borey;2.2;21110
2B042;Borgo;3.4;23070
83019;Bormes-les-Mimosas;4.6;24590
76118;Bornambusc;3;26220
39066;Bornay;2.5;23900
7038;Borne;0;
43036;Borne;2.8;22370
60088;Bornel;1.4;25290
90014;Boron;2.3;27120
59091;Borre;5.5;25740
24050;Borrèze;2.6;18860
16053;Bors (Canton de Charente-Sud);2.3;21520
16052;Bors (Canton de Tude-et-Lavalette);2.7;21820
63045;Bort-l'Étang;2.7;22250
19028;Bort-les-Orgues;3.9;20230
54085;Borville;1.9;
76119;Bosc-Bérenger;4.9;22960
76120;Bosc-Bordel;3.9;23270
76121;Bosc-Édeline;3.6;23800
76123;Bosc-Guérard-Saint-Adrien;4.4;29050
76124;Bosc-Hyons;2.5;22930
76125;Bosc-le-Hard;4;21800
76126;Bosc-Mesnil;4.4;22160
17055;Boscamnant;2.1;22710
64139;Bosdarros;2.6;26210
27091;Bosgouet;2.9;26520
71044;Bosjean;3.2;21760
87021;Bosmie-l'Aiguille;2.8;24930
2101;Bosmont-sur-Serre;3.7;21500
23027;Bosmoreau-les-Mines;2.9;18450
80114;Bosquel;5.2;24430
27094;Bosquentin;2.2;23520
27095;Bosrobert;3.4;23400
23028;Bosroger;2.7;18260
27090;Bosroumois;2.7;25320
10050;Bossancourt;2.7;21320
37028;Bossay-sur-Claise;2.6;21430
37029;Bossée;3.4;22960
67057;Bosselshausen;3.1;26240
67058;Bossendorf;4.4;25410
24051;Bosset;1.3;21790
74044;Bossey;2.4;52900
38049;Bossieu;2.3;24040
33064;Bossugan;3.6;
8073;Bossus-lès-Rumigny;3.7;
3033;Bost;2.7;22380
40050;Bostens;4.3;23490
76128;Bosville;2.8;22380
90015;Botans;4.7;27080
29013;Botmeur;0.8;20800
29014;Botsorhel;2.3;19870
45043;Bou;1.8;27720
78090;Bouafle;3.7;28450
27097;Bouafles;2.2;25410
9064;Bouan;1.3;
44018;Bouaye;3.4;25390
62157;Boubers-lès-Hesmond;2.1;
62158;Boubers-sur-Canche;3.2;18710
60089;Boubiers;1.6;28450
13015;Bouc-Bel-Air;6.6;30840
32060;Boucagnères;4.3;23750
64140;Boucau;5.1;22560
3034;Boucé;2.4;20550
61055;Boucé;3;21870
59092;Bouchain;4.3;20600
53035;Bouchamps-lès-Craon;3.3;21460
80115;Bouchavesnes-Bergen;3.3;20210
49035;Bouchemaine;4.8;28850
57095;Boucheporn;3.4;24590
26054;Bouchet;3.2;23020
27098;Bouchevilliers;1.8;
80116;Bouchoir;6.2;23300
80117;Bouchon;4.4;22300
51071;Bouchy-Saint-Genest;0.7;24910
7040;Boucieu-le-Roi;1;21680
25078;Bouclans;2.9;24260
30046;Boucoiran-et-Nozières;3.5;20980
8074;Bouconville;0.1;
55062;Bouconville-sur-Madt;2;
2102;Bouconville-Vauclair;2.1;23830
60090;Bouconvillers;1.7;26090
54086;Boucq;0.8;22620
63046;Boudes;3;21080
76129;Boudeville;2.7;22640
82019;Boudou;2.9;22740
31078;Boudrac;1.1;22120
21090;Boudreville;2.7;
47033;Boudy-de-Beauregard;2.5;20490
2103;Boué;3.9;20360
44019;Bouée;2.5;23840
64141;Boueilh-Boueilho-Lasque;3.8;23330
76130;Bouelles;5;23130
97604;Bouéni;NA;
72041;Bouër;2.3;22990
53036;Bouère;3.1;20750
53037;Bouessay;3.5;22350
36022;Bouesse;3.7;21910
16055;Bouëx;2.2;22510
95091;Bouffémont;3;26000
2104;Bouffignereux;2.3;27530
80118;Boufflers;2.2;21420
41022;Bouffry;1.3;24110
80119;Bougainville;4;24280
64142;Bougarber;3.9;24780
38051;Bougé-Chambalud;3.1;23920
36023;Bouges-le-Château;1.7;22560
70078;Bougey;3.8;
78092;Bougival;3.1;31630
28052;Bouglainval;2.1;27750
77045;Bougligny;2.1;24030
47034;Bouglon;3.9;20930
17056;Bougneau;3.3;21830
70079;Bougnon;5;23630
79042;Bougon;1.8;22780
40051;Bougue;5;25480
44020;Bouguenais;5.2;23740
14089;Bougy;3.7;25050
45044;Bougy-lez-Neuville;1.7;28520
71045;Bouhans;1.3;19270
70080;Bouhans-et-Feurg;3.7;25110
70081;Bouhans-lès-Lure;2;20430
70082;Bouhans-lès-Montbozon;3;23220
17057;Bouhet;4.7;22390
21091;Bouhey;1.7;
58036;Bouhy;1.9;21520
65102;Bouilh-Devant;2.9;
65103;Bouilh-Péreuilh;1.7;22840
11043;Bouilhonnac;3;24790
12030;Bouillac;2.7;19900
24052;Bouillac;1.5;18510
82020;Bouillac;2.5;22250
80120;Bouillancourt-en-Séry;3.2;22790
80121;Bouillancourt-la-Bataille;3.7;22400
60091;Bouillancy;1.5;28890
21092;Bouilland;1.4;24210
97106;Bouillante;2.2;
30047;Bouillargues;4.4;24000
85028;Bouillé-Courdault;2.7;23290
49036;Bouillé-Ménard;3.6;20060
64143;Bouillon;2.6;22950
54087;Bouillonville;3.2;20550
10051;Bouilly;1.9;24470
51072;Bouilly;3.4;25550
45045;Bouilly-en-Gâtinais;1.3;23410
85029;Bouin;2.3;21850
62661;Bouin-Plumoison;2.9;20300
11044;Bouisse;0;16980
21093;Bouix;4.2;21170
25079;Boujailles;3.3;26350
34037;Boujan-sur-Libron;5;22710
10052;Boulages;1.8;22870
88066;Boulaincourt;5;
77046;Boulancourt;2;25030
57096;Boulange;3.3;25480
32061;Boulaur;2.7;23180
45046;Boulay-les-Barres;2.3;23830
53038;Boulay-les-Ifs;1.8;23530
57097;Boulay-Moselle;3.4;22000
24053;Boulazac Isle Manoire;3.3;23310
13017;Boulbon;2.5;24490
26055;Boulc;0;15410
66022;Boule-d'Amont;0;
66023;Bouleternère;2.7;19810
77047;Bouleurs;2.5;27400
51073;Bouleuse;3.2;26840
33065;Bouliac;6.9;30540
7041;Boulieu-lès-Annonay;3.9;23090
1052;Bouligneux;3;27630
70083;Bouligney;3.7;21020
55063;Bouligny;3.4;18710
65104;Boulin;3.1;27210
60092;Boullarre;1.1;25730
91093;Boullay-les-Troux;2.8;38250
18032;Boulleret;2.9;22950
27100;Boulleville;3.9;24720
31079;Bouloc;3.7;27260
82021;Bouloc-en-Quercy;4.7;21790
92012;Boulogne-Billancourt;3;35040
60093;Boulogne-la-Grasse;3;23090
31080;Boulogne-sur-Gesse;3.6;19490
59093;Boulogne-sur-Helpe;3.8;21700
62160;Boulogne-sur-Mer;4.8;17720
72042;Bouloire;1.7;21020
14090;Boulon;3;24850
70084;Boulot;4.2;25260
70085;Boult;4.6;22840
8075;Boult-aux-Bois;7.7;21310
51074;Boult-sur-Suippe;2.6;25720
8076;Boulzicourt;3.5;22340
64144;Boumourt;2.1;22740
24054;Bouniagues;2;21730
62161;Bouquehault;1.5;20940
27101;Bouquelon;2.1;24960
80122;Bouquemaison;3.2;21550
55064;Bouquemont;4.7;20630
30048;Bouquet;0.7;21010
27102;Bouquetot;2.7;25240
95094;Bouqueval;2.8;21500
10053;Bouranton;3.9;23970
91095;Bouray-sur-Juine;1.5;28910
68045;Bourbach-le-Bas;2.6;26670
68046;Bourbach-le-Haut;2.6;25470
21094;Bourberain;3.2;23600
70086;Bourbévelle;2.8;
3036;Bourbon-l'Archambault;3.6;21880
71047;Bourbon-Lancy;1.6;22260
52060;Bourbonne-les-Bains;2.7;20240
59094;Bourbourg;3;19460
22013;Bourbriac;1.8;21300
17058;Bourcefranc-le-Chapus;4.1;21550
8077;Bourcq;4.1;
76132;Bourdainville;2.8;23480
40052;Bourdalat;2.7;21700
73050;Bourdeau;2.7;31110
26056;Bourdeaux;4;21080
24055;Bourdeilles;2.4;20560
33066;Bourdelles;2.6;
10054;Bourdenay;1.2;24890
64145;Bourdettes;4.4;22890
30049;Bourdic;4.1;22360
80123;Bourdon;5.2;24430
57099;Bourdonnay;2.3;19920
78096;Bourdonné;1.5;32020
52061;Bourdons-sur-Rognon;1.3;21250
62162;Bourecq;3.6;21200
2105;Bouresches;2.4;23410
86034;Bouresse;4.3;21310
62163;Bouret-sur-Canche;3.2;22040
55065;Boureuilles;4.1;24060
33067;Bourg;3.3;21100
52062;Bourg;2.6;26030
27103;Bourg-Achard;4;23810
86035;Bourg-Archambault;3.1;20780
42023;Bourg-Argental;2.8;21940
27104;Bourg-Beaudouin;3.5;24970
29015;Bourg-Blanc;5;24340
67059;Bourg-Bruche;2.9;21400
16056;Bourg-Charente;3.3;24690
31081;Bourg-d'Oueil;0.9;
65105;Bourg-de-Bigorre;1.3;20460
26057;Bourg-de-Péage;4.4;21290
39070;Bourg-de-Sirod;3.5;25300
82022;Bourg-de-Visa;1.4;16950
35033;Bourg-des-Comptes;2.9;24440
24057;Bourg-des-Maisons;2.3;
24058;Bourg-du-Bost;2.9;20700
1053;Bourg-en-Bresse;3.2;20210
2106;Bourg-et-Comin;2;20250
8078;Bourg-Fidèle;3.3;20720
49038;Bourg-l'Évêque;2.6;19730
92014;Bourg-la-Reine;2.9;33700
63048;Bourg-Lastic;3.8;21940
71048;Bourg-le-Comte;1.5;21930
72043;Bourg-le-Roi;2.2;22560
26058;Bourg-lès-Valence;4.1;22050
66025;Bourg-Madame;5.3;20250
7042;Bourg-Saint-Andéol;2.5;20350
31082;Bourg-Saint-Bernard;3;25430
1054;Bourg-Saint-Christophe;2.2;27320
73054;Bourg-Saint-Maurice;5.2;23190
52063;Bourg-Sainte-Marie;1.5;21350
90016;Bourg-sous-Châtelet;3.9;28570
57098;Bourgaltroff;3.3;22420
23030;Bourganeuf;4.1;17860
35032;Bourgbarré;3.6;24630
14091;Bourgeauville;3.9;
18033;Bourges;3.1;21730
73052;Bourget-en-Huile;0.6;23920
67060;Bourgheim;5.2;25990
59096;Bourghelles;3;29630
24059;Bourgnac;3;22550
17059;Bourgneuf;4.1;26290
73053;Bourgneuf;4.3;24190
51075;Bourgogne-Fresne;3.2;27070
38053;Bourgoin-Jallieu;4.6;20870
53040;Bourgon;2;21510
47035;Bourgougnague;2.1;21180
48099;Bourgs sur Colagne;3.1;22590
14092;Bourguébus;3.5;23920
37031;Bourgueil;4.3;22590
50069;Bourguenolles;2.3;21950
25082;Bourguignon;3.7;23670
70087;Bourguignon-lès-Conflans;1.5;21440
70088;Bourguignon-lès-la-Charité;3.4;22860
70089;Bourguignon-lès-Morey;0.7;
2107;Bourguignon-sous-Coucy;1.1;
2108;Bourguignon-sous-Montbavin;3.8;25450
10055;Bourguignons;2.3;22880
50546;Bourgvallées;3.9;23190
71050;Bourgvilain;5;25390
33068;Bourideys;2.7;
11045;Bouriège;2.1;19150
11046;Bourigeole;1.5;
65106;Bourisp;8.3;18470
47036;Bourlens;2.3;20270
62164;Bourlon;2.8;22140
52064;Bourmont-entre-Meuse-et-Mouzon;0.7;21680
27106;Bournainville-Faverolles;2.7;22120
37032;Bournan;3;22360
86036;Bournand;1.7;21480
12031;Bournazel;4.2;23030
81035;Bournazel;2.3;21170
85033;Bourneau;2.5;20950
47037;Bournel;3.4;19310
27107;Bourneville-Sainte-Croix;4.3;23390
85034;Bournezeau;2.5;22660
24060;Bourniquel;3.1;
25083;Bournois;3.6;18550
43038;Bournoncle-Saint-Pierre;5.2;21230
62165;Bournonville;2.7;22080
64146;Bournos;3.5;24820
90017;Bourogne;4.5;23900
47038;Bourran;4;21570
65107;Bourréac;2.9;23840
82023;Bourret;2;21590
40053;Bourriot-Bergonce;1.1;20960
77048;Bourron-Marlotte;3.2;29150
24061;Bourrou;1.8;21950
32062;Bourrouillan;2.9;24880
62166;Bours;2.6;22030
65108;Bours;4.1;24290
51076;Boursault;2.9;25780
41024;Boursay;0.8;21800
57100;Bourscheid;2.5;24540
22014;Bourseul;2.2;21470
80124;Bourseville;3.8;21780
70090;Boursières;4.9;
59097;Boursies;2.4;22590
62167;Boursin;1.6;23360
60094;Boursonne;2.2;25750
27108;Bourth;3.1;21860
62168;Bourthes;2.9;21610
76134;Bourville;2.9;19970
60095;Boury-en-Vexin;2.2;28010
57101;Bousbach;3.6;25050
59098;Bousbecque;4.6;24840
59099;Bousies;3.8;20580
59100;Bousignies;5.1;28510
59101;Bousignies-sur-Roc;1.1;21990
12032;Boussac;1.7;21580
23031;Boussac;2.6;18410
46035;Boussac;2.2;21920
23032;Boussac-Bourg;2.6;20950
79047;Boussais;3;21130
31083;Boussan;2.5;21850
37033;Boussay;2.6;23330
44022;Boussay;2.4;23020
57102;Bousse;4;28700
72044;Bousse;2.8;22080
21095;Bousselange;3.4;
9065;Boussenac;3.4;17500
21096;Boussenois;1.7;23550
31084;Boussens;5.4;22460
70091;Bousseraucourt;1.1;
47039;Boussès;0;
57103;Bousseviller;1;20820
21097;Boussey;2.8;
80125;Boussicourt;4.1;
25084;Boussières;4.5;25490
59102;Boussières-en-Cambrésis;3.7;20150
59103;Boussières-sur-Sambre;2.9;24430
59104;Boussois;3.5;19240
74046;Boussy;2.3;28030
91097;Boussy-Saint-Antoine;2.6;24320
57104;Boust;2.1;34980
57105;Boustroff;2.5;24170
81036;Bout-du-Pont-de-Larn;2.6;23140
24062;Bouteilles-Saint-Sébastien;0.9;19980
11048;Boutenac;3.7;21660
17060;Boutenac-Touvent;2.9;19780
60097;Boutencourt;1.2;25660
91098;Boutervilliers;1.9;28010
16057;Bouteville;1.5;23500
16058;Boutiers-Saint-Trojan;3.5;25950
77049;Boutigny;2;29300
28056;Boutigny-Prouais;1.8;29980
91099;Boutigny-sur-Essonne;2.3;27040
80126;Bouttencourt;3.4;22160
50070;Boutteville;3;
31085;Boutx;2;20020
80127;Bouvaincourt-sur-Bresle;3.3;21570
51077;Bouvancourt;1.8;26320
26059;Bouvante;1.1;23070
62169;Bouvelinghem;1.1;19710
8080;Bouvellemont;2.9;21720
25085;Bouverans;1.3;28130
38054;Bouvesse-Quirieu;2;24200
26060;Bouvières;1;16680
59105;Bouvignies;2.9;26910
62170;Bouvigny-Boyeffles;3.7;25290
28057;Bouville;1.6;22800
76135;Bouville;3.7;25380
91100;Bouville;2.6;29310
80128;Bouvincourt-en-Vermandois;2.3;23540
59106;Bouvines;5.1;29690
60098;Bouvresse;3.1;24640
44023;Bouvron;3.5;22690
54088;Bouvron;2.9;25490
21098;Boux-sous-Salmaise;0.9;20130
88069;Bouxières-aux-Bois;2.8;25620
54089;Bouxières-aux-Chênes;3.6;27150
54090;Bouxières-aux-Dames;7.8;25760
54091;Bouxières-sous-Froidmont;3.2;26010
88070;Bouxurulles;1.5;24300
67061;Bouxwiller;3.7;23290
68049;Bouxwiller;3.6;36640
51078;Bouy;4;24810
10056;Bouy-Luxembourg;3.6;24000
10057;Bouy-sur-Orvin;2;
6022;Bouyon;2.5;22720
18034;Bouzais;1.5;23420
52065;Bouzancourt;2.6;
54092;Bouzanville;3.5;
21099;Bouze-lès-Beaune;5.5;25270
63049;Bouzel;3.2;23770
88071;Bouzemont;2.1;
71051;Bouzeron;1.5;26410
24063;Bouzic;2.1;24500
46037;Bouziès;0;
34039;Bouzigues;5.5;25250
31086;Bouzin;3.3;
80129;Bouzincourt;3.9;22760
32063;Bouzon-Gellenave;3.5;22810
57106;Bouzonville;2.9;18840
45047;Bouzonville-aux-Bois;1.3;22740
51079;Bouzy;3.9;27640
45049;Bouzy-la-Forêt;2.8;24900
55066;Bovée-sur-Barboure;1.2;21890
35035;Bovel;2.7;21420
80130;Bovelles;3.1;27490
80131;Boves;5.7;24660
55067;Boviolles;1.4;
62171;Boyaval;2.3;21870
62172;Boyelles;4.5;23800
42025;Boyer;1.6;24290
71052;Boyer;3.4;23690
1056;Boyeux-Saint-Jérôme;0.7;21640
45050;Boynes;1.8;21710
1057;Boz;1.7;24300
7039;Bozas;1.4;20030
73055;Bozel;7.3;24200
12033;Bozouls;3.3;23480
55068;Brabant-en-Argonne;3.1;21780
55069;Brabant-le-Roi;4.4;24030
55070;Brabant-sur-Meuse;2.1;25390
33070;Brach;4;24550
52066;Brachay;4.5;
80132;Braches;4.5;25020
76136;Brachy;4;21380
41025;Bracieux;3.2;23370
39072;Bracon;3.7;23100
76138;Bracquetuit;3.2;23800
76139;Bradiancourt;5;21450
30050;Bragassargues;4.4;20810
31087;Bragayrac;3.9;24210
15024;Brageac;2.9;
10058;Bragelogne-Beauvoir;1.7;25970
71054;Bragny-sur-Saône;2.1;23480
25086;Braillans;4.7;26880
80133;Brailly-Cornehotte;2.3;22600
21100;Brain;2.2;
49041;Brain-sur-Allonnes;2.8;20940
39073;Brainans;3.1;22470
2110;Braine;3;20580
44024;Brains;4.3;26040
72045;Brains-sur-Gée;2.4;23130
53041;Brains-sur-les-Marches;2;21650
50072;Brainville;4.3;21310
54093;Brainville;2.5;25090
52067;Brainville-sur-Meuse;0.7;
60099;Braisnes-sur-Aronde;3.1;29080
3037;Braize;3.7;20350
54094;Bralleville;5.8;26110
11049;Bram;3.3;20940
76140;Brametot;3.2;18120
65109;Bramevaque;1.3;
17061;Bran;2.3;18950
19029;Branceilles;3.5;21260
89053;Branches;1.9;23940
2111;Brancourt-en-Laonnois;2.1;23310
2112;Brancourt-le-Grand;2.7;22020
56021;Brandérion;5;23570
55071;Brandeville;3.5;20260
56022;Brandivy;2.3;22710
2B043;Brando;2.2;24860
12034;Brandonnet;2.6;21540
51080;Brandonvillers;2.4;21730
71056;Branges;2.3;21690
38055;Brangues;1.2;23320
89054;Brannay;1.1;22320
25087;Branne;4;20910
33071;Branne;5;21340
33072;Brannens;3.9;18640
30051;Branoux-les-Taillades;2.6;19320
39074;Brans;3.1;21470
3038;Bransat;2.9;22290
51081;Branscourt;3.5;29870
77050;Bransles;0.9;23910
84021;Brantes;2.2;
88073;Brantigny;3.3;24500
24064;Brantôme en Périgord;2.9;22100
14093;Branville;3.5;25600
55072;Braquis;4.8;24840
83021;Bras;2.4;22970
4031;Bras-d'Asse;1.3;21210
97402;Bras-Panon;4.7;16850
55073;Bras-sur-Meuse;3;26310
12035;Brasc;0.8;14550
2114;Brasles;3.7;22080
37034;Braslou;2.7;20240
29016;Brasparts;1.2;19870
9066;Brassac;2.9;21560
81037;Brassac;3.5;20980
82024;Brassac;1.1;22510
63050;Brassac-les-Mines;3.4;20640
40054;Brassempouy;3.3;24090
60100;Brasseuse;2.4;
58037;Brassy;4.3;21920
80134;Brassy;3.5;
54095;Bratte;2.4;
33073;Braud-et-Saint-Louis;2.6;20250
55075;Brauvilliers;1.4;20240
4032;Braux;0;21410
10059;Braux;3;20780
21101;Braux;3.4;21960
52069;Braux-le-Châtel;1.9;20550
51083;Braux-Saint-Remy;1.7;
51082;Braux-Sainte-Cohière;2.7;
31088;Brax;3.1;30110
47040;Brax;3.1;24480
27109;Bray;3.2;23110
71057;Bray;2.6;24510
59107;Bray-Dunes;1.4;22410
95101;Bray-et-Lû;1.8;24700
80135;Bray-lès-Mareuil;6;20810
45051;Bray-Saint-Aignan;2.6;24660
2117;Bray-Saint-Christophe;1.7;
77051;Bray-sur-Seine;1.6;20690
80136;Bray-sur-Somme;3.1;21820
2118;Braye;3.1;22420
2115;Braye-en-Laonnois;1.3;22290
2116;Braye-en-Thiérache;2.4;21300
37035;Braye-sous-Faye;2.5;20880
37036;Braye-sur-Maulne;3.2;22410
21102;Brazey-en-Morvan;1.1;20060
21103;Brazey-en-Plaine;3.3;23050
35037;Bréal-sous-Montfort;3.7;24290
35038;Bréal-sous-Vitré;2.7;23300
95102;Bréançon;1.1;31790
77052;Bréau;1.7;28470
30052;Bréau-Mars;3.6;19710
76141;Bréauté;3.1;23500
51084;Bréban;1.1;
62173;Brebières;4.2;22660
90018;Brebotte;2.3;27350
53042;Brecé;2.8;20690
35039;Brécé;4.6;24510
50074;Brécey;1.5;20870
56023;Brech;4.4;24230
88074;Brechainville;1.3;
28058;Bréchamps;2;27160
68050;Bréchaumont;1.6;25480
37037;Brèches;2.4;21740
25088;Breconchaux;5.4;
2119;Brécy;3.4;23500
18035;Brécy;1.9;22850
8082;Brécy-Brières;3.2;
53043;Brée;2.2;22130
1058;Brégnier-Cordon;1.2;23420
60101;Brégy;1.9;25690
57107;Bréhain;3.1;
54096;Bréhain-la-Ville;4;33260
50076;Bréhal;3.9;24170
56024;Bréhan;2.1;22500
22015;Bréhand;2.8;22830
37038;Bréhémont;3;22610
55076;Bréhéville;2.6;16450
57108;Breidenbach;0.5;22290
6023;Breil-sur-Roya;5.9;21800
80137;Breilly;3.5;22770
57109;Breistroff-la-Grande;1.6;33810
67062;Breitenau;3;26560
67063;Breitenbach;2.9;23510
68051;Breitenbach-Haut-Rhin;4.1;23530
29017;Brélès;5.3;23890
22018;Brélidy;2.7;20910
85243;Brem-sur-Mer;3.1;23010
54097;Bréménil;3.5;19140
62174;Brêmes;1.8;22470
54098;Brémoncourt;1.9;24180
25089;Bremondans;2.1;21740
76142;Brémontier-Merval;2.2;24240
14096;Brémoy;2.3;20810
21104;Brémur-et-Vaurois;0.6;
26061;Bren;3.1;24830
34040;Brenas;1.2;
63051;Brenat;4.6;23430
2120;Brenelle;2.8;22100
46039;Brengues;0.8;21280
52070;Brennes;2.9;23100
29018;Brennilis;0.5;19170
1060;Brénod;1.3;24970
83022;Brenon;1.6;
60102;Brenouille;2.8;24310
48030;Brenoux;3;22290
1061;Brens;3.5;25110
81038;Brens;4;23900
74048;Brenthonne;2.2;34380
2121;Breny;1.9;21500
25090;Brères;4;
17062;Bresdon;3;21590
70092;Bresilley;4;22880
80138;Bresle;3.7;22420
60103;Bresles;3;22800
3039;Bresnay;2;21990
1130;Bresse Vallons;2.3;24120
71058;Bresse-sur-Grosne;2.5;24640
21105;Bressey-sur-Tille;2.4;24950
38056;Bressieux;2.4;
1062;Bressolles;2.2;28710
3040;Bressolles;3.7;26380
82025;Bressols;5.5;23430
38057;Bresson;4.7;34920
79049;Bressuire;3.6;21350
29019;Brest;5.2;21420
27110;Brestot;2.9;24210
36024;Bretagne;2.1;22720
90019;Bretagne;2.2;27870
32064;Bretagne-d'Armagnac;3.9;21780
40055;Bretagne-de-Marsan;4.4;24740
27111;Bretagnolles;1.9;26760
45052;Breteau;1.1;
35040;Breteil;3.9;23600
21106;Bretenière;4.5;25070
39077;Bretenières;1.6;
46038;Bretenoux;4.1;22420
27112;Breteuil;2.5;20670
60104;Breteuil;4.3;19270
61060;Brethel;2.9;21740
52072;Brethenay;4.1;24110
25093;Bretigney;3;
25094;Bretigney-Notre-Dame;4.6;21530
79050;Bretignolles;3.4;21880
85035;Bretignolles-sur-Mer;2.5;24800
21107;Bretigny;2.5;31560
27113;Brétigny;1.7;23070
60105;Brétigny;2.7;22390
91103;Brétigny-sur-Orge;1.5;23680
61061;Bretoncelles;2.6;21560
25095;Bretonvillers;0.8;22510
26062;Brette;0;
72047;Brette-les-Pins;1.5;23640
68052;Bretten;2.8;27320
16059;Brettes;2.8;17300
50077;Bretteville;3.3;27870
76143;Bretteville-du-Grand-Caux;1.9;25250
14097;Bretteville-le-Rabet;4.1;23840
76144;Bretteville-Saint-Laurent;3;23630
50078;Bretteville-sur-Ay;2;24490
14100;Bretteville-sur-Laize;2.8;23220
14101;Bretteville-sur-Odon;6.1;26030
57110;Brettnach;2.4;22060
31089;Bretx;3.8;29070
70093;Breuches;3.7;21040
70094;Breuchotte;3.1;21140
58038;Breugnon;2.2;21840
80139;Breuil;2.5;
78104;Breuil-Bois-Robert;2.7;28740
17063;Breuil-la-Réorte;2.9;21360
60106;Breuil-le-Sec;3.1;25460
60107;Breuil-le-Vert;3.2;26030
17065;Breuil-Magné;5.7;25710
51086;Breuil-sur-Vesle;3.5;26490
87022;Breuilaufa;1.8;24380
17064;Breuillet;4.4;25520
91105;Breuillet;1.9;26570
27114;Breuilpont;1.6;25320
70095;Breurey-lès-Faverney;1.5;22310
67065;Breuschwickersheim;3.1;27730
52074;Breuvannes-en-Bassigny;3.4;20210
51087;Breuvery-sur-Coole;0.9;25520
50079;Breuville;3.1;23730
55077;Breux;0.7;24640
91106;Breux-Jouy;2;27460
27115;Breux-sur-Avre;2.7;24300
41026;Brévainville;2;21140
78107;Bréval;1.3;27310
39078;Brevans;4.3;23860
58039;Brèves;2.8;22180
10060;Bréviandes;3.4;23440
16060;Bréville;3.1;22500
14106;Bréville-les-Monts;4.2;25510
50081;Bréville-sur-Mer;5.5;28500
62175;Brévillers;2.9;22700
80140;Brévillers;2.2;23440
70096;Brevilliers;3.8;23180
8083;Brévilly;3.6;21300
10061;Brévonnes;4;21170
62176;Bréxent-Énocq;5.5;22930
25096;Brey-et-Maison-du-Bois;3;32920
5022;Bréziers;1.7;19960
11051;Brézilhac;1.6;19800
38058;Brézins;3.5;23590
28059;Brezolles;2.1;19660
15026;Brezons;2.6;19200
5023;Briançon;5.3;21630
6024;Briançonnet;0;19840
21108;Brianny;2.5;23000
71060;Briant;0.7;23210
36025;Briantes;3;21560
45053;Briare;2.7;21120
45054;Briarres-sur-Essonne;2;24310
62180;Brias;3.8;23860
59108;Briastre;3.4;20340
81039;Briatexte;3;21110
52075;Briaucourt;3.8;23960
70097;Briaucourt;1.9;20930
52076;Bricon;3.5;21120
28060;Briconville;1.6;24760
50082;Bricquebec-en-Cotentin;2;22260
50083;Bricquebosq;2.3;23810
14107;Bricqueville;2.7;21510
50084;Bricqueville-la-Blouette;4.4;24100
50085;Bricqueville-sur-Mer;4.1;23770
45055;Bricy;1.6;24430
73057;Brides-les-Bains;8.2;22290
37039;Bridoré;3.8;21870
2122;Brie;2.3;
9067;Brie;1.3;22030
16061;Brie;3.2;24020
35041;Brie;3.5;23840
80141;Brie;2.8;21850
77053;Brie-Comte-Robert;2.3;25040
38059;Brié-et-Angonnes;4.8;32620
17066;Brie-sous-Archiac;2.8;23690
16062;Brie-sous-Barbezieux;2.5;22380
16063;Brie-sous-Chalais;0.8;19860
17067;Brie-sous-Matha;2;22540
17068;Brie-sous-Mortagne;2.8;20680
29020;Briec;3.7;21910
10062;Briel-sur-Barse;2.5;23040
35042;Brielles;2.4;22080
71061;Brienne;2.5;22420
10063;Brienne-la-Vieille;4.2;22990
10064;Brienne-le-Château;2.8;20220
8084;Brienne-sur-Aisne;3.2;24180
42026;Briennon;1.6;23000
89055;Brienon-sur-Armançon;2.6;19430
91109;Brières-les-Scellés;2.7;27170
79055;Brieuil-sur-Chizé;2.1;
8085;Brieulles-sur-Bar;5.3;20440
55078;Brieulles-sur-Meuse;1.4;20910
61062;Brieux;3.1;
63053;Briffons;1.2;18250
34041;Brignac;5.1;20840
56025;Brignac;3.2;17590
19030;Brignac-la-Plaine;2.5;21590
69027;Brignais;3.4;26720
95110;Brignancourt;1.4;27320
31090;Brignemont;2.7;21630
83023;Brignoles;3.1;19980
30053;Brignon;3;20090
86037;Brigueil-le-Chantre;1.4;18510
16064;Brigueuil;2.6;21870
91111;Briis-sous-Forges;2.6;30610
16065;Brillac;3.3;17360
10065;Brillecourt;1.7;
50086;Brillevast;2.2;22200
59109;Brillon;5.1;28010
55079;Brillon-en-Barrois;2.4;25310
62177;Brimeux;3.8;21640
51088;Brimont;4.3;27240
54100;Brin-sur-Seille;4.6;25350
18036;Brinay;2.1;24910
58040;Brinay;2.8;17640
68054;Brinckheim;3;39950
69028;Brindas;3.7;29700
22019;Bringolo;2.2;22400
58041;Brinon-sur-Beuvron;0.8;19800
18037;Brinon-sur-Sauldre;0.8;20900
39079;Briod;1.6;24350
49048;Briollay;4.1;24950
1063;Brion;3;25400
36026;Brion;2.1;21410
38060;Brion;2;23340
48031;Brion;3.9;
71062;Brion;3.8;22790
86038;Brion;3.2;22480
89056;Brion;2;24050
79056;Brion-près-Thouet;3.5;21620
21109;Brion-sur-Ource;3.2;22730
27116;Brionne;2.4;19930
1064;Briord;2.2;23440
72048;Briosne-lès-Sables;2.5;21940
60108;Briot;3.9;23230
41027;Briou;1.7;23820
43040;Brioude;3.3;20340
79057;Brioux-sur-Boutonne;3.1;20460
61063;Briouze;1.7;20910
80142;Briquemesnil-Floxicourt;4.1;26970
8086;Briquenay;9.4;
64147;Briscous;4.8;23940
73059;Brison-Saint-Innocent;2.9;30530
34042;Brissac;4.6;23020
49050;Brissac Loire Aubance;5;23790
2123;Brissay-Choigny;2.4;22810
2124;Brissy-Hamégicourt;2.4;21140
19031;Brive-la-Gaillarde;3.3;21210
36027;Brives;1.9;22390
43041;Brives-Charensac;4.5;20830
17069;Brives-sur-Charente;3.5;22700
50087;Brix;3.4;25020
55080;Brixey-aux-Chanoines;0.6;
17070;Brizambourg;3.3;21360
37040;Brizay;3.4;22370
55081;Brizeaux;2.4;
74049;Brizon;0.7;26190
40056;Brocas;4.2;22050
21110;Brochon;3.8;28610
80143;Brocourt;4.5;
55082;Brocourt-en-Argonne;3.1;
27117;Broglie;2.1;19590
25097;Brognard;6.1;27760
8087;Brognon;4;23620
21111;Brognon;2.2;31000
21112;Broin;2.8;24710
21113;Broindon;2.9;27410
39080;Broissia;0.8;
60109;Brombos;3.1;23110
45056;Bromeilles;1.4;24190
12036;Brommat;4;20440
63055;Bromont-Lamothe;6.3;22120
69029;Bron;4.9;21950
57111;Bronvaux;3;25980
22020;Broons;3.1;22280
60110;Broquiers;3;21810
12037;Broquiès;0.8;18190
16066;Brossac;0.6;18660
7044;Brossainc;2.1;22210
49053;Brossay;4.2;20760
89057;Brosses;2.2;21610
27118;Brosville;1.5;24660
70098;Brotte-lès-Luxeuil;3.7;22060
70099;Brotte-lès-Ray;3.3;
28061;Brou;2.1;20500
77055;Brou-sur-Chantereine;3.1;22750
50088;Brouains;1.3;16360
35044;Broualan;2.7;20490
24066;Brouchaud;1.7;19530
80144;Brouchy;2;22930
57112;Brouck;2.5;
59110;Brouckerque;3;26560
57113;Brouderdorff;4.5;24230
28062;Broué;2.5;26850
55083;Brouennes;2.4;20460
66026;Brouilla;3.6;22360
51089;Brouillet;2.8;
33074;Brouqueyran;4.8;21270
23034;Brousse;2.7;
63056;Brousse;2;20100
81040;Brousse;2.1;20420
12038;Brousse-le-Château;0.8;19560
11052;Brousses-et-Villaret;4.4;19310
52079;Brousseval;3.3;20190
55084;Broussey-en-Blois;1.2;
55085;Broussey-Raulecourt;1;22860
51090;Broussy-le-Grand;0.9;22850
51091;Broussy-le-Petit;2;24640
3043;Broût-Vernet;2.8;21530
88076;Brouvelieures;2.7;20680
54101;Brouville;2.1;20550
57114;Brouviller;3.5;25160
91112;Brouy;1.7;30870
30055;Brouzet-lès-Alès;1;23400
30054;Brouzet-lès-Quissac;4.6;23120
59111;Broxeele;2.6;21540
71063;Broye;3.2;21820
70101;Broye-Aubigney-Montseugny;2.7;22880
70100;Broye-les-Loups-et-Verfontaine;2.1;18870
51092;Broyes;2.6;23440
60111;Broyes;2.9;20850
81041;Broze;3.1;
88077;Brû;3.4;22160
71064;Bruailles;1.8;22310
62178;Bruay-la-Buissière;3.3;17350
59112;Bruay-sur-l'Escaut;4.1;17070
35045;Bruc-sur-Aff;3.3;21480
80145;Brucamps;2.6;21990
47041;Bruch;4;21500
14110;Brucourt;3.6;24050
83025;Brue-Auriac;2.4;23700
68055;Bruebach;2.8;32230
78113;Brueil-en-Vexin;3;30950
18038;Bruère-Allichamps;1.6;21660
11053;Brugairolles;2.9;20530
33075;Bruges;7.4;25550
64148;Bruges-Capbis-Mifaget;3.7;21590
3044;Brugheas;2.6;23830
47042;Brugnac;0.5;23230
32066;Brugnens;4.2;21730
51093;Brugny-Vaudancourt;2.1;28470
31091;Bruguières;5.2;25540
59113;Bruille-lez-Marchiennes;4.3;20840
59114;Bruille-Saint-Amand;5;24050
79058;Brûlain;2.3;23130
57115;Brulange;2.9;22580
54102;Bruley;3;25900
61064;Brullemail;2.6;
69030;Brullioles;3.2;24700
72050;Brûlon;3.9;20840
67067;Brumath;5.2;25700
2125;Brumetz;1.4;23200
2126;Brunehamel;1.8;17550
62179;Brunembert;2.1;22460
59115;Brunémont;2.6;22760
4035;Brunet;1.9;22300
82026;Bruniquel;2.2;21520
91114;Brunoy;2.7;27460
68056;Brunstatt-Didenheim;4.3;28330
60112;Brunvillers-la-Motte;3;21620
12039;Brusque;1.4;19580
70102;Brussey;3.7;22170
69031;Brussieu;2.5;25730
51094;Brusson;3.8;23600
22021;Brusvily;3.1;21720
80146;Brutelles;3.7;22120
54103;Bruville;2.6;22660
86039;Brux;3.9;20130
88078;Bruyères;3.9;19050
2128;Bruyères-et-Montbérault;2.1;23910
91115;Bruyères-le-Châtel;2;27530
2127;Bruyères-sur-Fère;2.9;20700
95116;Bruyères-sur-Oise;2.5;23430
2129;Bruys;1.8;
35047;Bruz;3.9;25250
59116;Bry;3.6;29060
94015;Bry-sur-Marne;4.5;31250
28064;Bû;1.8;26320
50090;Buais-Les-Monts;3.2;20310
40057;Buanes;2.6;21640
56026;Bubry;2.2;20630
78117;Buc;2.8;35400
90020;Buc;2.4;26030
60113;Bucamps;2.7;23460
14111;Bucéels;3.4;24750
10066;Bucey-en-Othe;1.9;25660
70104;Bucey-lès-Gy;3.1;22960
70105;Bucey-lès-Traves;5.4;23580
78118;Buchelay;2.9;24140
10067;Buchères;3;23170
57116;Buchy;4.7;
76146;Buchy;4.5;23440
2130;Bucilly;3.1;19480
62181;Bucquoy;3.5;20910
2131;Bucy-le-Long;3.5;23900
45058;Bucy-le-Roi;0.8;25480
2132;Bucy-lès-Cerny;3.3;24200
2133;Bucy-lès-Pierrepont;2.5;19120
45059;Bucy-Saint-Liphard;2.3;24120
23035;Budelière;2.6;21960
57117;Buding;2.4;26080
57118;Budling;1.8;25090
33076;Budos;3.6;22590
18039;Bué;2.5;30460
27119;Bueil;1.9;25910
37041;Bueil-en-Touraine;2.7;23190
1065;Buellas;2.4;26810
68057;Buethwiller;2.7;25520
25098;Buffard;4.2;26120
71065;Buffières;2.3;22170
70106;Buffignécourt;2.9;23160
21114;Buffon;3.6;22960
11055;Bugarach;0;15230
65110;Bugard;2.5;
19033;Bugeat;4;21090
64149;Bugnein;3.1;22520
59117;Bugnicourt;3.3;23300
52082;Bugnières;3.6;22040
25099;Bugny;2.9;29850
67069;Buhl;3.4;26060
68058;Buhl;1.6;23360
57119;Buhl-Lorraine;4.4;24080
95119;Buhy;2.1;25850
60114;Buicourt;2.7;24400
80147;Buigny-l'Abbé;3.8;24440
80148;Buigny-lès-Gamaches;3.2;21910
80149;Buigny-Saint-Maclou;5.1;25620
2134;Buire;2.8;21200
62182;Buire-au-Bois;2.3;21560
80150;Buire-Courcelles;3.2;19880
62183;Buire-le-Sec;3.1;19280
80151;Buire-sur-l'Ancre;5.2;23830
2135;Buironfosse;2.2;19400
26063;Buis-les-Baronnies;3.6;21500
5025;Buissard;4.9;21940
84022;Buisson;4.4;23310
54104;Buissoncourt;2.9;25800
62184;Buissy;2.1;23870
87024;Bujaleuf;2.6;20470
65111;Bulan;0.3;
22023;Bulat-Pestivien;2.4;20170
58042;Bulcy;0.9;21940
56027;Buléon;4.2;20930
88079;Bulgnéville;4.6;23400
63058;Bulhon;3.5;23430
28065;Bullainville;1.6;23700
25100;Bulle;2.4;28390
62185;Bullecourt;2.7;24010
60115;Bulles;2.2;23340
54105;Bulligny;4.1;23350
78120;Bullion;2.3;33250
42027;Bully;0.3;22390
69032;Bully;3.4;27450
76147;Bully;4.4;23500
62186;Bully-les-Mines;4.3;19080
8088;Bulson;1.4;23670
88080;Bult;2.8;24090
65112;Bun;1.6;22100
21115;Buncey;2.6;22010
62187;Buneville;4.5;23470
91121;Buno-Bonnevaux;2.3;27070
64150;Bunus;0.7;18100
16067;Bunzac;3.8;22390
84023;Buoux;2.1;23320
67070;Burbach;3.7;23700
62188;Burbure;3.9;20450
38063;Burcin;2.7;24670
77056;Burcy;2.3;24360
42028;Burdignes;2.3;19950
74050;Burdignin;2;34360
55087;Bure;1.2;
61066;Buré;4.2;23940
21116;Bure-les-Templiers;1.6;19620
2136;Burelles;3.6;23000
54106;Bures;0.9;
61067;Bures;3.6;25840
76148;Bures-en-Bray;3.2;21380
91122;Bures-sur-Yvette;2.6;33510
27120;Burey;1.1;24520
55088;Burey-en-Vaux;4.4;23880
55089;Burey-la-Côte;2.8;
65113;Burg;2.4;21520
31092;Burgalays;3.1;23580
64151;Burgaronne;3.7;23900
25101;Burgille;4.7;25370
87025;Burgnac;3.1;24660
71066;Burgy;2.2;25260
17072;Burie;3.2;21120
54107;Buriville;2.4;
81042;Burlats;2;22910
57120;Burlioncourt;3;20910
71067;Burnand;2.6;22220
25102;Burnevillers;0;
68059;Burnhaupt-le-Bas;3.7;26820
68060;Burnhaupt-le-Haut;3.2;26480
64152;Buros;4;30470
64153;Burosse-Mendousse;1;
9068;Burret;4;
61068;Bursard;2.9;23790
54108;Burthecourt-aux-Chênes;2.7;27220
57121;Burtoncourt;1.9;24210
60116;Bury;1.9;23580
7045;Burzet;2;18990
71068;Burzy;1.4;
62189;Bus;2.4;20410
80152;Bus-la-Mésière;1.9;18330
80153;Bus-lès-Artois;2.2;19610
68061;Buschwiller;2.3;38960
59118;Busigny;3.3;18570
41028;Busloup;1.7;22670
62190;Busnes;3.8;23530
81043;Busque;2.2;22350
24069;Bussac;1.2;24140
17074;Bussac-Forêt;3.8;21230
17073;Bussac-sur-Charente;4;23680
88081;Bussang;0.7;22010
21117;Busseaut;0.7;
63059;Busséol;2.9;24670
24070;Busserolles;2.5;19120
21118;Busserotte-et-Montenaille;2.1;
3045;Busset;0.9;23160
2137;Bussiares;1.6;23060
24071;Bussière-Badil;3.1;18530
23036;Bussière-Dunoise;2.6;21300
87027;Bussière-Galant;3.6;20750
23037;Bussière-Nouvelle;2.6;
23038;Bussière-Saint-Georges;3.1;19360
21119;Bussières;2.1;
42029;Bussières;3.1;21690
63060;Bussières;0.8;
70107;Bussières;4.4;25020
71069;Bussières;3.8;29070
77057;Bussières;1.8;21720
89058;Bussières;1.7;21220
63061;Bussières-et-Pruns;2.6;22970
52084;Busson;4.3;
80154;Bussu;3;22340
64154;Bussunarits-Sarrasquette;2.6;22830
80155;Bussus-lès-Yaucourt;3.3;22720
18040;Bussy;0.7;23340
60117;Bussy;3.7;23740
42030;Bussy-Albieux;3.8;20350
89059;Bussy-en-Othe;1.7;22630
21121;Bussy-la-Pesle;0.6;
58043;Bussy-la-Pesle;0.5;
51097;Bussy-le-Château;1.6;27350
21122;Bussy-le-Grand;2;22610
51098;Bussy-le-Repos;1.1;25490
89060;Bussy-le-Repos;1.3;23030
80156;Bussy-lès-Daours;4.1;28060
80157;Bussy-lès-Poix;3.4;26730
51099;Bussy-Lettrée;0.3;24050
77058;Bussy-Saint-Georges;3.4;26270
77059;Bussy-Saint-Martin;3.4;34890
67071;Bust;1.9;23670
2B045;Bustanico;0;
64155;Bustince-Iriberry;3.3;
67068;Buswiller;4.1;25520
25103;Busy;3.9;25720
70109;Buthiers;5.4;24660
77060;Buthiers;2.1;26030
76149;Butot;3;25210
76732;Butot-Vénesville;2.3;23000
95120;Butry-sur-Oise;2.1;28700
89061;Butteaux;3.1;22340
67072;Butten;3.4;23900
80158;Buverchy;2.1;
39081;Buvilly;3.8;24350
21123;Buxerolles;0.9;
86041;Buxerolles;4.7;23600
10068;Buxeuil;4;36030
36029;Buxeuil;0.9;20690
86042;Buxeuil;3.1;21050
36030;Buxières-d'Aillac;4.4;22300
52085;Buxières-lès-Clefmont;1.9;
3046;Buxières-les-Mines;2.1;18870
52087;Buxières-lès-Villiers;3;24370
55093;Buxières-sous-les-Côtes;2.7;22660
63062;Buxières-sous-Montaigut;2.4;23010
10069;Buxières-sur-Arce;2.3;24090
71070;Buxy;2.5;23890
59119;Buysscheure;2.2;22420
9069;Buzan;2;
36031;Buzançais;2.4;20680
2138;Buzancy;2.9;25330
8089;Buzancy;5.3;18880
47043;Buzet-sur-Baïse;2.6;19840
31094;Buzet-sur-Tarn;3.5;25560
64156;Buziet;5.3;22360
34043;Buzignargues;2;24990
65114;Buzon;2.6;
64157;Buzy;5.3;21870
55094;Buzy-Darmont;4.3;22080
25104;By;1.5;
25105;Byans-sur-Doubs;5.1;23260
65115;Cabanac;2.4;21030
31095;Cabanac-Cazaux;3.4;22980
33077;Cabanac-et-Villagrains;2;25450
31096;Cabanac-Séguenville;2.1;22330
12041;Cabanès;3.7;19540
81044;Cabanès;2.9;21780
13018;Cabannes;3.8;21650
33078;Cabara;4.7;24330
17075;Cabariot;3.4;22500
83026;Cabasse;2.3;21560
66028;Cabestany;4.8;23510
64158;Cabidos;2.6;23940
14117;Cabourg;3.7;22860
46040;Cabrerets;0;19260
34044;Cabrerolles;1;21530
11056;Cabrespine;0.4;18240
30057;Cabrières;2.9;24450
34045;Cabrières;1.6;20460
84024;Cabrières-d'Aigues;2.9;23530
84025;Cabrières-d'Avignon;2.7;25990
13019;Cabriès;4.2;32780
6026;Cabris;6.4;26480
94016;Cachan;2;25800
40058;Cachen;4.4;21240
80159;Cachy;5.8;27220
81046;Cadalen;3.2;23820
9071;Cadarcet;5.4;20770
33079;Cadarsac;5;26800
33080;Cadaujac;4.1;24250
65116;Cadéac;9;18880
32068;Cadeilhan;2.8;20100
65117;Cadeilhan-Trachère;7.5;
32069;Cadeillan;5.1;
25106;Cademène;4.1;
56028;Caden;3.7;21280
84026;Cadenet;4.2;22760
84027;Caderousse;2.7;23430
33082;Cadillac-en-Fronsadais;3.6;24450
33081;Cadillac-sur-Garonne;4.8;20240
64159;Cadillon;2.1;
81047;Cadix;2.1;18870
13020;Cadolive;2.8;26530
31098;Cadours;2.8;23040
46041;Cadrieu;2.4;23060
14118;Caen;5.6;21600
59120;Caëstre;4.8;25330
62191;Caffiers;2.7;21090
81048;Cagnac-les-Mines;4.2;21390
2B046;Cagnano;5.8;20210
6027;Cagnes-sur-Mer;5;23940
62192;Cagnicourt;2.3;21830
59121;Cagnoncles;3.6;24470
40059;Cagnotte;3.2;21870
14119;Cagny;5.6;21620
80160;Cagny;7.5;28170
14120;Cahagnes;2.3;22760
14121;Cahagnolles;2.4;23740
61069;Cahan;3.3;20490
65118;Caharet;2.1;
80161;Cahon;4.9;23520
46042;Cahors;4.2;21750
46043;Cahus;1.3;24670
11057;Cahuzac;1.5;
47044;Cahuzac;2.2;22610
81049;Cahuzac;3.5;20930
32070;Cahuzac-sur-Adour;2.9;19800
81051;Cahuzac-sur-Vère;2.9;20900
31099;Caignac;4;23960
11058;Cailhau;2.4;20940
11059;Cailhavel;2.4;21460
11060;Cailla;3.2;
46044;Caillac;3.1;23710
32071;Caillavet;2.1;22680
6028;Caille;2.8;19050
76151;Cailleville;3.6;24240
2139;Caillouël-Crépigny;2.2;23580
27123;Caillouet-Orgeville;2.1;25550
69033;Cailloux-sur-Fontaines;4.1;34010
76152;Cailly;4.4;24210
27124;Cailly-sur-Eure;2.1;25780
84028;Cairanne;3.2;24960
14123;Cairon;3.2;30090
60118;Caisnes;2.4;23300
30060;Caissargues;5.1;24320
80162;Caix;4.2;21960
66029;Caixas;0.1;27150
65119;Caixon;3.5;20660
46045;Cajarc;3.2;21760
2B047;Calacuccia;0;17950
62193;Calais;3.9;18090
46046;Calamane;2.7;23750
56029;Calan;3.6;23790
22024;Calanhel;2.5;17700
65120;Calavanté;2.3;24480
2A048;Calcatoggio;7.8;23120
66030;Calce;1.8;22550
2B049;Calenzana;2.9;21060
24073;Calès;3.1;22110
46047;Calès;1.4;20700
47045;Calignac;4;23010
61070;Caligny;3.6;23400
22025;Callac;3;19970
83028;Callas;2.4;22700
40060;Callen;2.7;20380
76122;Callengeville;4.3;21610
27125;Calleville;2.6;23550
76153;Calleville-les-Deux-Églises;4.5;22320
32072;Callian;2.6;
83029;Callian;4.5;25910
66032;Calmeilles;0;
12042;Calmels-et-le-Viala;0.9;21860
12043;Calmont;3;25540
31100;Calmont;4.1;23560
70111;Calmoutier;3.4;21260
42031;Caloire;1.3;29190
47046;Calonges;1.6;20930
62194;Calonne-Ricouart;3.7;17610
62195;Calonne-sur-la-Lys;4.5;23260
22026;Calorguen;3;22070
69034;Caluire-et-Cuire;4.6;27370
2B050;Calvi;4.7;20080
24074;Calviac-en-Périgord;4;21520
46049;Calvignac;3.1;20430
30062;Calvisson;4;24680
9072;Calzan;1.1;
65121;Camalès;3.6;22520
9073;Camarade;1.2;16980
12044;Camarès;2.7;20760
84029;Camaret-sur-Aigues;3.1;23700
29022;Camaret-sur-Mer;3.8;23000
33083;Camarsac;3.6;26780
46050;Cambayrac;2.2;21720
31101;Cambernard;3.2;25100
50092;Cambernon;2.6;22170
33084;Cambes;2.7;25260
46051;Cambes;2.6;21970
47047;Cambes;2.3;21340
14125;Cambes-en-Plaine;6.6;27960
2B051;Cambia;0;
31102;Cambiac;2.9;26510
11061;Cambieure;2.4;21960
62197;Camblain-Châtelain;3.4;20790
62199;Camblain-l'Abbé;4;24610
33085;Camblanes-et-Meynac;4.9;28180
62198;Cambligneul;3.7;25930
64160;Cambo-les-Bains;4.6;22870
81052;Cambon;4.3;25670
34046;Cambon-et-Salvergues;0;
81050;Cambon-lès-Lavaur;1.9;24320
12045;Camboulazet;2.7;23240
46052;Camboulit;2.2;21670
81053;Cambounès;2.4;19730
81054;Cambounet-sur-le-Sor;3.6;23650
59122;Cambrai;3;19620
14126;Cambremer;2.4;23690
62200;Cambrin;5;23470
80163;Cambron;5.8;23300
60120;Cambronne-lès-Clermont;2.7;27170
60119;Cambronne-lès-Ribécourt;2.6;22550
46053;Camburat;3;22930
64161;Came;2.3;21700
66033;Camélas;3.1;24890
2140;Camelin;1.9;20540
61071;Camembert;2;22260
50093;Cametours;2.4;21430
33086;Camiac-et-Saint-Denis;3.1;22700
62201;Camiers;4.3;21230
33087;Camiran;3.4;21510
12046;Camjac;4.3;21690
22028;Camlez;4.4;22640
56030;Camoël;3.8;23900
9074;Camon;1.9;19380
80164;Camon;6.9;24690
97356;Camopi;0;
56031;Camors;2.9;22200
64162;Camou-Cihigue;2.4;
11062;Campagna-de-Sault;0;
12047;Campagnac;3.7;20260
81056;Campagnac;2;21910
24075;Campagnac-lès-Quercy;2.3;20860
34047;Campagnan;2.7;22000
24076;Campagne;3.9;20560
34048;Campagne;1.9;22300
40061;Campagne;5;22580
60121;Campagne;3.6;22640
32073;Campagne-d'Armagnac;2.9;23350
62202;Campagne-lès-Boulonnais;2.6;20260
62203;Campagne-lès-Guines;1.9;24580
62204;Campagne-lès-Hesdin;3;21560
62205;Campagne-lès-Wardrecques;3.7;23910
9075;Campagne-sur-Arize;5.5;19730
11063;Campagne-sur-Aude;3.7;19030
14127;Campagnolles;3.3;22940
65123;Campan;4.5;21240
2B052;Campana;2.8;
65124;Camparan;8.9;
44025;Campbon;3.7;23620
60122;Campeaux;2.5;20940
56032;Campénéac;2.8;22180
30064;Campestre-et-Luc;0;14830
40062;Campet-et-Lamolère;4;23740
59123;Camphin-en-Carembault;5.7;26920
59124;Camphin-en-Pévèle;4.3;30120
2B053;Campi;0;
62206;Campigneulles-les-Grandes;6;24560
62207;Campigneulles-les-Petites;5.8;24360
14130;Campigny;3.4;23980
27126;Campigny;3.1;23530
2B054;Campile;0;19110
65125;Campistrous;2.4;24670
2B055;Campitello;4.3;
34049;Camplong;2;20010
11064;Camplong-d'Aude;4.3;18950
76154;Campneuseville;3.5;22150
2A056;Campo;4.6;20230
66034;Campôme;1;20450
12048;Campouriez;6;22220
66035;Campoussy;3.3;
60123;Campremy;4;21840
50094;Camprond;3;21040
80165;Camps-en-Amiénois;3.7;24020
83030;Camps-la-Source;2.9;23420
19034;Camps-Saint-Mathurin-Léobazel;0.6;21050
11065;Camps-sur-l'Agly;1.3;
33088;Camps-sur-l'Isle;3.1;20700
82027;Campsas;4.7;23920
24077;Campsegret;1.3;21770
12049;Campuac;0.9;21670
33089;Campugnan;3.5;21770
65126;Campuzan;3.6;24780
11066;Camurac;3.4;18550
2B057;Canale-di-Verde;0;21180
82028;Canals;4.5;25260
80166;Canaples;6.1;22840
27127;Canappeville;1.3;24290
14131;Canapville;5.2;26910
61072;Canapville;2.2;22090
2B058;Canari;0;18470
30065;Canaules-et-Argentières;4.3;19870
2B059;Canavaggia;0;20470
66036;Canaveilles;0;
35049;Cancale;2.5;25380
14132;Canchy;3.7;22710
80167;Canchy;4;22790
47048;Cancon;1.9;19440
80168;Candas;4.7;21340
49054;Candé;2.4;20160
41029;Candé-sur-Beuvron;3.2;24550
37042;Candes-Saint-Martin;4.1;23190
34050;Candillargues;3.5;25040
60124;Candor;3.2;23310
40063;Candresse;4.8;23950
76155;Canehan;2.2;22070
33090;Canéjan;3.7;26100
31103;Canens;3.4;
40064;Canenx-et-Réaut;1.8;22860
11067;Canet;3.6;21930
34051;Canet;4.6;22940
12050;Canet-de-Salars;3.5;22110
66037;Canet-en-Roussillon;4.7;22520
62208;Canettemont;2.4;
37043;Cangey;3.3;24580
46054;Caniac-du-Causse;1.4;21060
22029;Canihuel;2.1;19910
50095;Canisy;3.3;22360
62209;Canlers;2.8;20570
60125;Canly;4.3;25750
60126;Cannectancourt;2.9;23610
2A060;Cannelle;7.2;
6029;Cannes;4.7;21210
77061;Cannes-Écluse;2.6;23840
30066;Cannes-et-Clairan;3.4;21210
80169;Cannessières;3.4;
60127;Canny-sur-Matz;1.9;23490
60128;Canny-sur-Thérain;2.6;21700
66038;Canohès;3.9;23760
76156;Canouville;2.5;21940
48166;Cans et Cévennes;1.4;19540
59125;Cantaing-sur-Escaut;3.3;24260
65482;Cantaous;4.1;22940
6031;Cantaron;5.1;26590
9076;Canté;2.7;23460
76157;Canteleu;3.2;18480
14134;Canteloup;3.1;26240
50096;Canteloup;3.1;21710
49055;Cantenay-Épinard;4.8;26090
80170;Cantigny;2.9;22920
59126;Cantin;4;21730
12051;Cantoin;2.1;19050
50097;Canville-la-Rocque;2;19750
76158;Canville-les-Deux-Églises;3.5;21500
76159;Cany-Barville;2.6;20520
27129;Caorches-Saint-Nicolas;2.9;24400
22030;Caouënnec-Lanvézéac;4.5;23050
80171;Caours;4.8;25550
32365;Cap d'Astarac;3.3;20940
6032;Cap-d'Ail;4;26680
40065;Capbreton;5.6;24460
46055;Capdenac;3.1;23010
12052;Capdenac-Gare;3.1;20860
24080;Capdrot;0.6;21100
59127;Capelle;3;24390
62211;Capelle-Fermont;3.3;27100
27130;Capelle-les-Grands;2.7;22200
62212;Capelle-lès-Hesdin;2.5;21740
11068;Capendu;2.6;18460
31104;Capens;6.1;23990
34052;Capestang;2.9;20850
97107;Capesterre-Belle-Eau;2;
97108;Capesterre-de-Marie-Galante;2.6;
33093;Capian;4.1;23770
59128;Capinghem;9.4;26300
33094;Caplong;2.9;20920
9077;Capoulet-et-Junac;4.4;20130
57122;Cappel;3.4;23810
59130;Cappelle-Brouck;2.7;23020
59129;Cappelle-en-Pévèle;4.4;27300
59131;Cappelle-la-Grande;4.3;20700
80172;Cappy;3.4;22920
33095;Captieux;2.7;20340
65127;Capvern;3.1;22160
31105;Caragoudes;2.6;27750
31106;Caraman;2.3;24710
66039;Caramany;0.6;16540
29023;Carantec;2.7;27360
50098;Carantilly;2;21210
46056;Carayac;0.8;
49056;Carbay;1.8;22740
81058;Carbes;3.6;23980
2A061;Carbini;1.8;
33096;Carbon-Blanc;5.6;23210
31107;Carbonne;4.6;22590
2A062;Carbuccia;1.9;22170
14135;Carcagny;4;25880
9078;Carcanières;0;
33097;Carcans;5.4;23810
40066;Carcarès-Sainte-Croix;3.3;23110
11069;Carcassonne;3.8;19240
40067;Carcen-Ponson;3.5;24270
83032;Carcès;2.1;21290
2B063;Carcheto-Brustico;0;
46057;Cardaillac;0.9;24110
33098;Cardan;3.8;22500
31108;Cardeilhac;1.8;18540
64165;Cardesse;2.7;23160
30068;Cardet;3;20890
2A064;Cardo-Torgia;5.4;
80173;Cardonnette;2.5;27490
14136;Cardonville;3.3;
35050;Cardroc;2.9;24330
53047;Carelles;3.5;19510
62213;Carency;2.5;27440
46058;Carennac;3.8;20480
50099;Carentan-les-Marais;3.1;21200
56033;Carentoir;3.4;20980
2A065;Cargèse;14.2;21490
2A066;Cargiaca;0;
29024;Carhaix-Plouguer;3.8;21180
8090;Carignan;3.4;19280
33099;Carignan-de-Bordeaux;5.3;27950
89062;Carisey;4.1;23000
9079;Carla-Bayle;5.7;19410
9080;Carla-de-Roquefort;2.2;21760
15028;Carlat;0.3;21380
34053;Carlencas-et-Levas;2;19960
60129;Carlepont;2.9;22980
57123;Carling;5.3;20940
11070;Carlipa;2.4;21870
46059;Carlucet;1.8;22260
81059;Carlus;3.6;24090
24081;Carlux;3.5;21240
62214;Carly;4.4;24750
81060;Carmaux;2.7;19350
56034;Carnac;4;26230
46060;Carnac-Rouffiac;2.7;21820
30069;Carnas;3.2;23690
77062;Carnetin;2;29680
50101;Carneville;1.8;24080
59132;Carnières;3.9;21580
59133;Carnin;4.8;27100
22031;Carnoët;2.6;18680
83033;Carnoules;3;22340
13119;Carnoux-en-Provence;4.7;26380
80505;Carnoy-Mametz;4.3;25340
56035;Caro;2.4;22100
64166;Caro;2.9;22740
50102;Carolles;3.6;26330
84030;Caromb;3.1;22480
84031;Carpentras;2.8;18780
2B067;Carpineto;0;
14137;Carpiquet;4.7;22140
44026;Carquefou;4.5;27830
83034;Carqueiranne;3.7;27440
80176;Carrépuis;3.4;23240
64167;Carrère;1.3;23130
64168;Carresse-Cassaber;3.7;21920
78123;Carrières-sous-Poissy;2.8;22570
78124;Carrières-sur-Seine;1.3;32680
6033;Carros;3.3;23480
61074;Carrouges;2.4;19350
13021;Carry-le-Rouet;4.4;32780
33100;Cars;3.6;22630
24082;Carsac-Aillac;4.9;22730
24083;Carsac-de-Gurson;1.7;21170
30070;Carsan;2;24230
68062;Carspach;3.8;28260
33101;Cartelègue;3.3;20510
2B068;Carticasi;0;
59134;Cartignies;4;21380
80177;Cartigny;2.8;21600
14138;Cartigny-l'Épinay;2.4;20490
24084;Carves;2.5;
76160;Carville-la-Folletière;3.3;25030
76161;Carville-Pot-de-Fer;2.6;24600
62215;Carvin;5;20130
2B069;Casabianca;0;
2A070;Casaglione;5.2;22580
2A071;Casalabriva;3.4;23480
2B072;Casalta;1.9;
2B073;Casamaccioli;0;20770
2B074;Casanova;4;23100
11071;Cascastel-des-Corbières;5.1;19180
97205;Case-Pilote;2.5;25520
66040;Casefabre;0.4;
84032;Caseneuve;2.1;24150
66041;Cases-de-Pène;2.1;22680
2B075;Casevecchie;0;
31109;Cassagnabère-Tournas;3;19470
48036;Cassagnas;0;20820
31110;Cassagne;3.5;24240
46061;Cassagnes;2;19010
66042;Cassagnes;1.8;18450
12057;Cassagnes-Bégonhès;2.9;21150
30071;Cassagnoles;2.9;24700
34054;Cassagnoles;0.1;13740
32075;Cassaigne;4.2;22450
11073;Cassaignes;0.9;
15029;Cassaniouze;3.6;19330
59135;Cassel;3.5;23700
40068;Cassen;3.3;22690
47049;Casseneuil;3.1;19460
33102;Casseuil;3.6;21110
47050;Cassignas;1.6;22390
13022;Cassis;3.5;28740
44027;Casson;3.2;25080
12058;Cassuéjouls;5.3;18610
29025;Cast;3.5;22050
31111;Castagnac;3.9;21720
31112;Castagnède;2.2;23040
64170;Castagnède;2.6;23130
6034;Castagniers;3.9;26050
40069;Castaignos-Souslens;3.9;20400
40070;Castandet;2.7;22800
12059;Castanet;1.6;21780
81061;Castanet;3.2;24220
82029;Castanet;2.9;22530
34055;Castanet-le-Haut;0;18220
31113;Castanet-Tolosan;4.7;25080
11075;Castans;0;15910
64171;Casteide-Cami;3.4;25410
64172;Casteide-Candau;2.2;21070
64173;Casteide-Doat;3;23280
66043;Casteil;1.3;19030
40074;Castel-Sarrazin;3.3;21830
65128;Castelbajac;2;21310
31114;Castelbiague;1.9;21970
47051;Castelculier;3.6;23470
82030;Castelferrus;2;19420
46062;Castelfranc;3.4;22100
31115;Castelgaillard;1.4;
31116;Castelginest;3.8;23790
47052;Casteljaloux;3.6;20380
47053;Castella;1.3;23250
4039;Castellane;4.5;21120
6035;Castellar;0;25640
2B077;Castellare-di-Casinca;7.2;21530
2B078;Castellare-di-Mercurio;1.6;
84033;Castellet-en-Luberon;1.5;17070
4042;Castellet-lès-Sausses;0.4;20510
2B079;Castello-di-Rostino;5.6;20730
12060;Castelmary;2.5;
31117;Castelmaurou;4;28780
82031;Castelmayran;3;20400
33103;Castelmoron-d'Albret;3.1;
47054;Castelmoron-sur-Lot;1.8;19800
32079;Castelnau d'Auzan Labarrère;3.9;19960
32076;Castelnau-Barbarens;1.7;23130
40071;Castelnau-Chalosse;3.3;22150
32077;Castelnau-d'Anglès;2.5;
32078;Castelnau-d'Arbieu;4.9;24620
11077;Castelnau-d'Aude;3.5;20980
31118;Castelnau-d'Estrétefonds;3.9;24980
34056;Castelnau-de-Guers;4.7;21920
81063;Castelnau-de-Lévis;2.6;24500
12061;Castelnau-de-Mandailles;1.3;21390
33104;Castelnau-de-Médoc;4.4;23530
81064;Castelnau-de-Montmiral;3;21490
9082;Castelnau-Durban;3.1;19370
34057;Castelnau-le-Lez;6.2;25160
65129;Castelnau-Magnoac;3.8;21240
46063;Castelnau-Montratier;1.4;20570
12062;Castelnau-Pégayrols;1.6;21980
31119;Castelnau-Picampeau;1.1;22170
65130;Castelnau-Rivière-Basse;2.1;20090
47056;Castelnau-sur-Gupie;3.8;25230
32080;Castelnau-sur-l'Auvignon;1.9;21550
40072;Castelnau-Tursan;3.2;20880
30072;Castelnau-Valence;3.4;22170
47055;Castelnaud-de-Gratecambe;1.4;21500
24086;Castelnaud-la-Chapelle;4.3;21250
11076;Castelnaudary;2.9;19700
32081;Castelnavet;1.5;17420
40073;Castelner;1.3;23360
66044;Castelnou;1.2;23220
11078;Castelreng;2.1;20680
24087;Castels et Bézenac;4.4;20770
82032;Castelsagrat;1.8;20130
82033;Castelsarrasin;2.5;19970
65131;Castelvieilh;1.5;22670
33105;Castelviel;3;19780
82034;Castéra-Bouzet;2.1;18050
65132;Castéra-Lanusse;1.6;
32082;Castéra-Lectourois;2.5;24130
65133;Castéra-Lou;2.3;24290
64174;Castéra-Loubix;2.2;
32083;Castéra-Verduzan;3;21650
31121;Castéra-Vignoles;2.4;
9083;Castéras;5.9;
65134;Casterets;4.1;
32084;Castéron;4;
64175;Castet;5.8;18040
32085;Castet-Arrouy;4.7;20790
64176;Castetbon;2.9;21610
64177;Castétis;4.1;24800
64178;Castetnau-Camblong;2.8;22030
64179;Castetner;2.1;25050
64180;Castetpugon;1.7;23330
40075;Castets;3.2;22700
33106;Castets et Castillon;3.6;21380
9084;Castex;3.8;
32086;Castex;4;
32087;Castex-d'Armagnac;1.7;19980
31122;Casties-Labrande;0.4;
2B080;Castifao;0;21880
2B081;Castiglione;0;
6036;Castillon;4.9;26240
14140;Castillon;2.9;22510
65135;Castillon;1.6;
64181;Castillon (Canton d'Arthez-de-Béarn);2.4;23950
64182;Castillon (Canton de Lembeye);2.4;
31123;Castillon-de-Larboust;5.3;
31124;Castillon-de-Saint-Martory;3.2;21880
32088;Castillon-Debats;2.2;21920
30073;Castillon-du-Gard;3.7;25050
14141;Castillon-en-Auge;1.8;22290
9085;Castillon-en-Couserans;3.1;19310
33108;Castillon-la-Bataille;3.8;15750
32089;Castillon-Massas;1.8;23340
32090;Castillon-Savès;4.1;24790
47057;Castillonnès;2.9;19650
32091;Castin;2.4;25610
14538;Castine-en-Plaine;4.3;24730
2B082;Castineta;8.4;
2B083;Castirla;3.2;20070
2142;Castres;2.5;26180
81065;Castres;3.4;20940
33109;Castres-Gironde;3.3;24940
34058;Castries;5.2;26010
76163;Catenay;2.6;26200
60130;Catenoy;2.8;26400
2B084;Cateri;2.5;21180
31125;Cathervielle;3.6;
60131;Catheux;4;24560
60132;Catigny;3.3;23700
60133;Catillon-Fumechon;3.5;22990
59137;Catillon-sur-Sambre;2.8;19730
66045;Catllar;2.7;21280
32092;Catonvielle;3.3;22460
59138;Cattenières;3.7;22060
57124;Cattenom;3.2;28820
50105;Catteville;2.4;20560
46064;Catus;1.8;21200
47058;Caubeyres;1.5;21570
31126;Caubiac;2.3;26630
64183;Caubios-Loos;3.7;25580
47059;Caubon-Saint-Sauveur;3.2;20340
31127;Caubous;2.7;
65136;Caubous;2;
81066;Caucalières;3.1;21450
62217;Cauchy-à-la-Tour;3.4;19580
62218;Caucourt;2.4;24960
56036;Caudan;6;24070
76165;Caudebec-lès-Elbeuf;3.7;19660
11079;Caudebronde;2.6;22290
47060;Caudecoste;2.6;22250
66047;Caudiès-de-Conflent;0;
66046;Caudiès-de-Fenouillèdes;4.9;18400
33111;Caudrot;3.9;21550
59139;Caudry;2.8;17850
60134;Cauffry;3.6;24570
27132;Caugé;2.1;26470
31128;Caujac;3.6;23300
2144;Caulaincourt;1.4;24290
80179;Caulières;4;22240
59140;Caullery;2.8;19990
22032;Caulnes;3.7;22210
2145;Caumont;2.3;23920
9086;Caumont;3.4;21650
27133;Caumont;3.3;27710
32093;Caumont;3.3;24020
33112;Caumont;3.1;22860
62219;Caumont;2.3;22020
82035;Caumont;3.2;22620
14143;Caumont-sur-Aure;2.1;20370
84034;Caumont-sur-Durance;5.7;23900
47061;Caumont-sur-Garonne;2.1;20750
40076;Cauna;1.9;22860
40077;Cauneille;4.1;22900
11081;Caunes-Minervois;2.1;19950
11082;Caunette-sur-Lauquet;0;
11083;Caunettes-en-Val;7.4;
40078;Caupenne;3.3;20820
32094;Caupenne-d'Armagnac;2.9;22120
22033;Caurel;1.2;20580
51101;Caurel;5.8;29120
2A085;Cauro;3.3;26380
59141;Cauroir;3.8;22210
8092;Cauroy;3.3;23780
51102;Cauroy-lès-Hermonville;2.7;26480
24088;Cause-de-Clérans;1.7;21940
82037;Caussade;3.8;19900
65137;Caussade-Rivière;1.9;
30074;Causse-Bégon;0.8;
34060;Causse-de-la-Selle;1;22450
12257;Causse-et-Diège;1.2;21770
32095;Caussens;3.3;22010
34061;Causses-et-Veyran;2.2;19850
34062;Caussiniojouls;3;20890
6037;Caussols;0;22570
9087;Caussou;2.1;
65138;Cauterets;4.6;21610
27134;Cauverville-en-Roumois;3.7;24650
14145;Cauvicourt;4.4;24420
33113;Cauvignac;4.7;22630
60135;Cauvigny;1.6;25990
14146;Cauville;2.5;20860
76167;Cauville-sur-Mer;2.9;28760
34063;Caux;2.3;21810
11084;Caux-et-Sauzens;3;21620
47062;Cauzac;1.3;22830
46065;Cavagnac;4.1;21830
84035;Cavaillon;3.7;18750
83036;Cavalaire-sur-Mer;3.1;23690
22034;Cavan;4.4;22720
11085;Cavanac;3.5;22720
47063;Cavarc;3.4;19660
30075;Caveirac;2.9;25330
11086;Caves;3.1;21390
33114;Cavignac;4.1;21270
50106;Cavigny;1.7;21440
30076;Cavillargues;2.6;22330
80180;Cavillon;4.3;
62220;Cavron-Saint-Martin;2.6;21600
9088;Caychax-et-Senconac;0.1;
97302;Cayenne;2.8;
80181;Cayeux-en-Santerre;3.9;22600
80182;Cayeux-sur-Mer;2.5;20400
82038;Caylus;4.4;19790
82039;Cayrac;3.8;21340
43042;Cayres;2.4;20840
82040;Cayriech;1.5;22140
15030;Cayrols;3.8;21690
31593;Cazac;0.8;
33115;Cazalis;2.3;22110
40079;Cazalis;2.6;22750
11087;Cazalrenoux;0.1;
46066;Cazals;3.4;22230
82041;Cazals;1.7;19550
9089;Cazals-des-Baylès;2.4;
31130;Cazaril-Tambourès;0;
65139;Cazarilh;0.9;
31129;Cazarilh-Laspènes;5.3;
33116;Cazats;5.2;23090
32096;Cazaubon;2.3;19040
33117;Cazaugitat;3;19390
31131;Cazaunous;1.5;
9090;Cazaux;3.6;
32097;Cazaux-d'Anglès;1.9;20070
65140;Cazaux-Debat;7.1;
65141;Cazaux-Fréchet-Anéran-Camors;6.1;
31132;Cazaux-Layrisse;4.5;
32098;Cazaux-Savès;5.7;26560
32099;Cazaux-Villecomtal;2.9;
9091;Cazavet;3;21550
31133;Cazeaux-de-Larboust;4.9;
34065;Cazedarnes;3.9;20940
9092;Cazenave-Serres-et-Allens;0.5;
32100;Cazeneuve;3.7;22350
31134;Cazeneuve-Montaut;2.9;
31135;Cazères;3.9;20080
40080;Cazères-sur-l'Adour;4.1;21510
82042;Cazes-Mondenard;2.3;18820
34066;Cazevieille;2.8;33500
47064;Cazideroque;1.4;19320
11088;Cazilhac;3.8;24670
34067;Cazilhac;4.9;21630
34068;Cazouls-d'Hérault;4.1;21250
34069;Cazouls-lès-Béziers;2.6;20990
61075;Ceaucé;2.1;20910
36032;Ceaulmont;1.8;22390
50108;Céaux;2.8;22030
43043;Céaux-d'Allègre;2.9;21580
86044;Ceaux-en-Loudun;2.3;21700
34070;Cébazan;4.3;22290
63063;Cébazat;4.8;23990
52088;Ceffonds;2;23080
1067;Ceignes;1.7;25900
34071;Ceilhes-et-Rocozels;0;17870
5026;Ceillac;0;22100
63065;Ceilloux;3.6;22610
54109;Ceintrey;3.5;25850
41030;Cellé;1.8;22310
86045;Celle-Lévescault;5.1;22510
16068;Cellefrouin;3.2;19390
9093;Celles;4;18800
15031;Celles;4.1;
17076;Celles;4.2;22330
24090;Celles;2.2;21640
34072;Celles;2.3;
52089;Celles-en-Bassigny;0.9;
2146;Celles-lès-Condé;2.6;
2148;Celles-sur-Aisne;3.2;22490
79061;Celles-sur-Belle;3;22510
63066;Celles-sur-Durolle;3.6;21250
10070;Celles-sur-Ource;4.3;28650
88082;Celles-sur-Plaine;2.7;20510
16069;Cellettes;3.7;21300
41031;Cellettes;3.7;26300
7047;Cellier-du-Luc;1.7;
42032;Cellieu;2.8;26190
36033;Celon;2.9;19550
15032;Celoux;0;
52090;Celsoy;2.8;
77065;Cély;2.5;30920
70112;Cemboing;4.2;21570
60136;Cempuis;4.5;23280
33118;Cénac;3.3;28590
24091;Cénac-et-Saint-Julien;3.9;21790
70113;Cenans;4.2;22670
30077;Cendras;3.3;18630
70114;Cendrecourt;4.8;20150
25107;Cendrey;3;22520
46068;Cénevières;2.3;20510
11089;Cenne-Monestiés;2.7;20060
33119;Cenon;7.5;18920
86046;Cenon-sur-Vienne;5.3;23340
39083;Censeau;3.2;25420
21124;Censerey;1.8;20380
89064;Censy;0.8;
12065;Centrès;2.4;18170
2B086;Centuri;8.6;19490
69035;Cenves;2.6;24870
31136;Cépet;3.7;25370
11090;Cépie;3.9;21520
45061;Cepoy;2.4;22840
32101;Céran;3.3;21180
72051;Cérans-Foulletourte;1.5;23130
66048;Cerbère;3.6;19880
18044;Cerbois;1.2;22470
69036;Cercié;3.1;24520
74051;Cercier;2.1;31990
45062;Cercottes;2.2;24730
17077;Cercoux;2.1;20070
58046;Cercy-la-Tour;3.7;20240
1068;Cerdon;1.9;21410
45063;Cerdon;1.6;21960
40081;Cère;2.4;23650
37046;Céré-la-Ronde;2.3;22530
37047;Cerelles;2.9;26800
50109;Cérences;3.5;20620
4045;Céreste-en-Luberon;2.2;20500
66049;Céret;4;21840
59142;Cerfontaine;4.1;24510
95127;Cergy;3.1;20270
3048;Cérilly;2;20180
21125;Cérilly;4.9;23440
89065;Cérilly;1.4;
61077;Cerisé;3.5;21400
52091;Cerisières;2.8;22710
89066;Cerisiers;0.7;22040
80184;Cerisy;3.8;20750
61078;Cerisy-Belle-Étoile;3.3;23030
80183;Cerisy-Buleux;3.3;21180
50110;Cerisy-la-Forêt;2;21590
50111;Cerisy-la-Salle;2.1;20770
79062;Cerizay;3;20010
9094;Cérizols;1.7;20560
2149;Cerizy;4.2;
39084;Cernans;3.7;24630
14147;Cernay;1.6;24490
28067;Cernay;1.4;
68063;Cernay;4;22130
86047;Cernay;2.5;23440
51104;Cernay-en-Dormois;0.3;21520
25108;Cernay-l'Église;2.8;34080
78128;Cernay-la-Ville;3.4;34950
51105;Cernay-lès-Reims;3.5;31910
77066;Cerneux;0.8;24510
74052;Cernex;2.3;45750
39085;Cerniébaud;2.7;
8094;Cernion;2.1;
39086;Cernon;1.7;23640
51106;Cernon;0.9;25210
60137;Cernoy;2.4;25010
45064;Cernoy-en-Berry;0.9;21210
49057;Cernusson;3.9;20760
91129;Cerny;2.1;27350
2150;Cerny-en-Laonnois;1.5;
2151;Cerny-lès-Bucy;3.3;
71071;Céron;1.2;19910
33120;Cérons;5.6;23240
70115;Cerre-lès-Noroy;2.2;21690
34073;Cers;5.4;21550
2152;Cerseuil;2.6;
71072;Cersot;2;26240
88083;Certilleux;2.8;23380
1069;Certines;3.5;25570
74053;Cervens;1.4;34240
5027;Cervières;3.1;20180
42034;Cervières;3.1;
54110;Cerville;2.4;27110
2B087;Cervione;3.9;21300
58047;Cervon;3.8;21330
43044;Cerzat;3.4;20210
39088;Cesancey;2.5;23430
73061;Césarches;2.4;25780
45065;Césarville-Dossainville;1.4;24550
9095;Cescau;4;21750
64184;Cescau;3.7;26010
14149;Cesny-aux-Vignes;3.3;23690
14150;Cesny-les-Sources;2.6;22350
33121;Cessac;3.7;24140
31137;Cessales;3.9;24640
55095;Cesse;2.8;19500
34074;Cessenon-sur-Orb;3.7;21500
34075;Cesseras;1.8;18700
3049;Cesset;2.4;22870
27135;Cesseville;2.1;25210
25109;Cessey;2.9;24520
21126;Cessey-sur-Tille;2.6;25220
2153;Cessières-Suzy;2.8;23530
38064;Cessieu;4.5;24690
77067;Cesson;2.5;27030
35051;Cesson-Sévigné;4.9;29450
77068;Cessoy-en-Montois;1.9;26430
1071;Cessy;2.6;42540
58048;Cessy-les-Bois;1.1;22110
33122;Cestas;4.3;28830
81067;Cestayrols;3.6;22220
61079;Ceton;2.2;21210
64185;Cette-Eygun;2.5;
73063;Cevins;3.4;23970
34076;Ceyras;4.3;22930
63070;Ceyrat;3.9;28590
13023;Ceyreste;4.8;28010
23042;Ceyroux;0.9;18430
43045;Ceyssac;3.2;22960
63071;Ceyssat;5.7;24220
1072;Ceyzériat;3.6;25320
1073;Ceyzérieu;4.8;25250
33123;Cézac;3.7;22510
46069;Cézac;1.2;21990
32102;Cézan;1.9;21030
42035;Cezay;3.1;21330
15033;Cézens;4.1;20650
89067;Cézy;2.4;22180
16070;Chabanais;3;20320
69228;Chabanière;2.6;25960
5028;Chabestan;4.9;19690
26064;Chabeuil;3.6;24700
89068;Chablis;2.1;24490
38065;Châbons;2.6;23020
5029;Chabottes;7.9;21360
86048;Chabournay;3.7;23400
16071;Chabrac;3.8;21360
63072;Chabreloche;4.1;20390
19035;Chabrignac;3.1;22190
26065;Chabrillan;3;25540
36034;Chabris;2.6;21370
10071;Chacenay;1.4;
2154;Chacrise;2;22240
63073;Chadeleuf;3.6;26380
17078;Chadenac;4.5;21840
48037;Chadenet;2.3;20690
43046;Chadrac;5.7;22440
43047;Chadron;2.5;21460
16072;Chadurie;3.3;22500
25110;Chaffois;4.5;28850
70116;Chagey;3.1;23000
42036;Chagnon;2.4;25240
8095;Chagny;1.9;24320
71073;Chagny;2.8;21390
72052;Chahaignes;3;22620
61080;Chahains;2.1;
21127;Chaignay;3.7;27870
27136;Chaignes;2;28880
36035;Chaillac;1.6;19690
87030;Chaillac-sur-Vienne;4.3;22970
53048;Chailland;2.2;22160
85042;Chaillé-les-Marais;2.8;21810
41032;Chailles;3.2;25690
17079;Chaillevette;3;21720
2155;Chaillevois;3;24300
89069;Chailley;2;22120
55096;Chaillon;5.2;20250
61081;Chailloué;3.8;21860
77069;Chailly-en-Bière;2.2;27330
77070;Chailly-en-Brie;3;24550
45066;Chailly-en-Gâtinais;1.5;22630
57125;Chailly-lès-Ennery;2.4;28040
21128;Chailly-sur-Armançon;2.7;21960
74054;Chainaz-les-Frasses;2.6;30750
39090;Chaînée-des-Coupis;2.4;21850
45067;Chaingy;2;26420
71074;Chaintré;4.2;27100
77071;Chaintreaux;1.6;25760
51107;Chaintrix-Bierges;2.5;24790
27137;Chaise-Dieu-du-Theil;3.2;22790
11091;Chalabre;1.6;18360
24094;Chalagnac;2;22110
42037;Chalain-d'Uzore;3;25150
42038;Chalain-le-Comtal;3.3;24030
55097;Chalaines;3.8;22490
16073;Chalais;2.8;18600
24095;Chalais;4.1;19600
36036;Chalais;0.9;21220
86049;Chalais;2.9;21820
1074;Chalamont;2.7;23720
68064;Chalampé;1.5;27780
52092;Chalancey;2.2;20980
26067;Chalancon;4.5;
86050;Chalandray;3.9;20970
2156;Chalandry;2.5;20700
8096;Chalandry-Elaire;4.1;25460
77072;Chalautre-la-Grande;2.3;23400
77073;Chalautre-la-Petite;3.3;27540
58049;Chalaux;0.8;
1075;Chaleins;2.3;24890
7048;Chalencon;1.6;19010
45068;Châlette-sur-Loing;2.9;17200
10073;Chalette-sur-Voire;2.6;23510
1076;Chaley;1;21070
25111;Chalèze;6.1;25770
25112;Chalezeule;5.8;24660
15034;Chaliers;1.7;18090
77075;Chalifert;1.9;28210
54111;Chaligny;1.9;24040
15035;Chalinargues;4.1;
52093;Chalindrey;4.1;21240
18045;Chalivoy-Milon;0.4;22640
49061;Challain-la-Potherie;2.6;20660
85047;Challans;3.3;22600
58050;Challement;2.4;
8097;Challerange;3.9;21910
72053;Challes;1;23860
1077;Challes-la-Montagne;0.8;24620
73064;Challes-les-Eaux;4.9;26880
28068;Challet;2.3;25090
1078;Challex;1.3;44460
16074;Challignac;1.7;21420
74055;Challonges;2.1;32800
58051;Challuy;3.8;23600
77076;Chalmaison;1.9;24330
42039;Chalmazel-Jeansagnière;0;18760
71075;Chalmoux;0.8;20650
91130;Chalo-Saint-Mars;2.1;27810
38066;Chalon;2;25720
71076;Chalon-sur-Saône;4;19590
49063;Chalonnes-sur-Loire;4.8;23340
53049;Châlons-du-Maine;2.7;22920
51108;Châlons-en-Champagne;4.1;20320
51109;Châlons-sur-Vesle;5.4;31010
70117;Châlonvillars;2.6;26340
91131;Chalou-Moulineux;2.4;26570
51110;Chaltrait;3.7;
63074;Chalus;3;22620
87032;Châlus;4;20470
15036;Chalvignac;2.1;21960
52095;Chalvraines;3.3;21380
33124;Chamadelle;2.4;21670
88084;Chamagne;2.5;24480
38067;Chamagnieu;4.7;28740
63075;Chamalières;3.4;27630
43049;Chamalières-sur-Loire;2.8;21030
26069;Chamaloc;4.6;18950
60138;Chamant;3.4;32430
91132;Chamarande;2.4;29130
52125;Chamarandes-Choignes;3.3;26130
26070;Chamaret;3.1;22350
21129;Chambain;0.9;
63244;Chambaron sur Morge;3.3;25870
21130;Chambeire;2.3;25030
49064;Chambellay;1.8;21610
42041;Chambéon;3.1;23220
3051;Chambérat;0.9;19360
23043;Chamberaud;3.2;22070
19036;Chamberet;2.6;19690
39092;Chambéria;3.4;22940
73065;Chambéry;5.1;21950
43050;Chambezon;3.8;17890
71077;Chambilly;1.5;21210
27138;Chamblac;1.3;21600
21131;Chamblanc;2.6;22640
39093;Chamblay;4.3;23440
42042;Chambles;1.4;27140
3052;Chamblet;4.1;22930
54112;Chambley-Bussières;1.7;22290
60139;Chambly;2.4;23650
21132;Chambœuf;2.9;28990
42043;Chambœuf;3.5;27920
27032;Chambois;2.3;25200
21133;Chambolle-Musigny;3.6;28360
17080;Chambon;4.4;22220
18046;Chambon;1.1;21080
30079;Chambon;4.4;21410
37048;Chambon;2.7;21810
45069;Chambon-la-Forêt;1.1;23520
23044;Chambon-Sainte-Croix;3.8;
63076;Chambon-sur-Dolore;0;18340
63077;Chambon-sur-Lac;4.3;23120
23045;Chambon-sur-Voueize;3.3;19880
7050;Chambonas;4.5;20920
23046;Chambonchard;5.5;
23047;Chamborand;2.7;20770
27139;Chambord;1.6;22370
41034;Chambord;2.7;
87033;Chamboret;2.7;20960
30080;Chamborigaud;3.4;19800
70118;Chambornay-lès-Bellevaux;5.6;24120
70119;Chambornay-lès-Pin;3.9;23890
60140;Chambors;1.5;26150
69037;Chambost-Allières;2.1;23330
69038;Chambost-Longessaigne;3.2;21860
19037;Chamboulive;2.8;21060
78133;Chambourcy;3.4;32930
37049;Chambourg-sur-Indre;4.3;23310
27140;Chambray;1.7;26600
37050;Chambray-lès-Tours;6.6;24280
51111;Chambrecy;3.3;28110
57126;Chambrey;3.8;23870
52097;Chambroncourt;0.5;
2157;Chambry;3.2;22440
77077;Chambry;2.9;25570
69039;Chamelet;2.2;24090
51112;Chamery;3.6;29090
25113;Chamesey;0.8;24960
25114;Chamesol;0.9;24960
21134;Chamesson;2.2;21660
19038;Chameyrat;1.8;24770
77078;Chamigny;2.4;24710
71078;Chamilly;2.2;25650
39094;Chamole;2.4;26740
74056;Chamonix-Mont-Blanc;5.9;24310
17081;Chamouillac;3;20540
2158;Chamouille;1.6;21760
52099;Chamouilley;2.6;21630
73068;Chamousset;4.3;25670
89071;Chamoux;2.8;22310
73069;Chamoux-sur-Gelon;3.6;23980
10074;Chamoy;2.3;20670
21137;Champ-d'Oiseau;4.7;21780
27141;Champ-Dolent;1.1;
61088;Champ-Haut;2;
73072;Champ-Laurent;0;
88086;Champ-le-Duc;3.9;22290
10078;Champ-sur-Barse;2.2;
38071;Champ-sur-Drac;2.2;24940
15037;Champagnac;2.7;19890
17082;Champagnac;2.8;22310
24096;Champagnac-de-Belair;3.5;21720
19039;Champagnac-la-Noaille;6;22050
19040;Champagnac-la-Prune;1.5;21190
87034;Champagnac-la-Rivière;3.8;19730
43052;Champagnac-le-Vieux;0.1;18730
23048;Champagnat;1.6;19680
71079;Champagnat;2.3;23280
63079;Champagnat-le-Jeune;3.7;19950
7051;Champagne;2.7;22810
17083;Champagne;3.2;22540
72054;Champagné;2.5;22560
69040;Champagne-au-Mont-d'Or;3.3;27100
1079;Champagne-en-Valromey;2;22770
24097;Champagne-et-Fontaine;1.7;21480
86051;Champagné-le-Sec;3.6;20860
85049;Champagné-les-Marais;3.1;21270
16076;Champagne-Mouton;1.5;19940
86052;Champagné-Saint-Hilaire;2.9;21680
39095;Champagne-sur-Loue;3.7;22840
95134;Champagne-sur-Oise;2.3;27340
77079;Champagne-sur-Seine;2.6;21180
21135;Champagne-sur-Vingeanne;2.5;23900
16075;Champagne-Vigny;2;23080
73070;Champagneux;1.9;23680
25115;Champagney;5.3;26060
39096;Champagney;3.7;20140
70120;Champagney;2.7;21710
38068;Champagnier;2.8;31460
39097;Champagnole;3.6;21580
17084;Champagnolles;3.6;19760
21136;Champagny;3.9;
73071;Champagny-en-Vanoise;6.1;25340
71080;Champagny-sous-Uxelles;2.8;
58052;Champallement;1.1;
74057;Champanges;3.5;31360
51113;Champaubert;1.1;22510
5031;Champcella;1.3;21620
77080;Champcenest;1.8;25090
61084;Champcerie;3;21230
24098;Champcevinel;4.2;25900
89072;Champcevrais;1.9;21640
43053;Champclause;2.6;16430
91135;Champcueil;1.5;27870
79066;Champdeniers;2.2;22420
77081;Champdeuil;2;26330
42046;Champdieu;4;23940
39099;Champdivers;3.4;22610
17085;Champdolent;1.6;20900
1080;Champdor-Corcelles;1.7;23720
21138;Champdôtre;3.6;24800
88085;Champdray;3.6;20970
21139;Champeau-en-Morvan;2.3;21020
35052;Champeaux;3.2;23890
50117;Champeaux;2.7;22240
77082;Champeaux;1.3;26650
61087;Champeaux-sur-Sarthe;4.2;20980
63080;Champeix;2;21750
27142;Champenard;2;26300
54113;Champenoux;3.6;26350
53051;Champéon;2.3;19780
63081;Champétières;2;21740
70121;Champey;2.2;23710
54114;Champey-sur-Moselle;2.8;25500
72056;Champfleur;2.6;23010
10075;Champfleury;2.7;24380
51115;Champfleury;6.6;29750
71081;Champforgeuil;3.8;20630
53052;Champfrémont;1.7;22780
1081;Champfromier;1.1;27400
53053;Champgenéteux;2.1;20770
51116;Champguyon;1.3;22180
28070;Champhol;2.4;26790
80185;Champien;2.7;23230
38069;Champier;2.9;22350
89073;Champignelles;2.2;20340
51117;Champigneul-Champagne;2.3;26160
8099;Champigneul-sur-Vence;3.2;21980
8098;Champigneulle;6.3;
54115;Champigneulles;5.9;22280
52101;Champigneulles-en-Bassigny;3.3;
10076;Champignol-lez-Mondeville;1.4;25940
21140;Champignolles;6.1;
51118;Champigny;8;28970
89074;Champigny;0.7;22720
86053;Champigny en Rochereau;4.1;23380
41035;Champigny-en-Beauce;0.9;25370
27144;Champigny-la-Futelaye;1.3;24290
52102;Champigny-lès-Langres;3.4;24570
52103;Champigny-sous-Varennes;1.9;20720
10077;Champigny-sur-Aube;3.4;
94017;Champigny-sur-Marne;4.9;21260
37051;Champigny-sur-Veude;4.2;21060
36038;Champillet;3;20340
51119;Champillon;3.3;30040
7052;Champis;2.5;21900
91136;Champlan;3.2;25020
51120;Champlat-et-Boujacourt;2.5;24860
89075;Champlay;2.6;22710
71082;Champlecy;3.1;22930
58053;Champlemy;1.2;21390
8100;Champlin;3.6;
58054;Champlin;0.6;
70122;Champlitte;3.7;21030
25116;Champlive;4.5;22180
89076;Champlost;2.7;23550
16077;Champmillon;2.3;25040
91137;Champmotteux;1.9;26290
87035;Champnétery;2.7;21020
55099;Champneuville;1.8;23110
16078;Champniers;4.2;25410
86054;Champniers;3.3;19940
24100;Champniers-et-Reilhac;2.8;18550
5032;Champoléon;6.3;19900
42047;Champoly;3.5;21100
61089;Champosoult;1.4;
55100;Champougny;3;24740
45070;Champoulet;0.9;
25117;Champoux;6.6;
21141;Champrenault;0.3;
50118;Champrepus;2.9;21500
72057;Champrond;1.8;
28071;Champrond-en-Gâtine;1.6;21210
28072;Champrond-en-Perchet;2.5;24150
39100;Champrougier;1.9;
2159;Champs;2.2;20810
63082;Champs;3;24810
24101;Champs-Romain;3.3;19680
77083;Champs-sur-Marne;2.8;23750
15038;Champs-sur-Tarentaine-Marchal;3;20070
89077;Champs-sur-Yonne;2;23650
87036;Champsac;3;21320
23049;Champsanglard;2.4;20420
61091;Champsecret;2.3;21390
28073;Champseru;2.5;28070
52083;Champsevraine;2.7;21240
4047;Champtercier;1;24420
49068;Champtocé-sur-Loire;5.2;22970
70124;Champtonnay;4.7;
39101;Champvans;5.1;23950
70125;Champvans;4.4;22840
25119;Champvans-les-Moulins;5.1;26250
58055;Champvert;2.7;22490
51121;Champvoisy;2.3;23290
58056;Champvoux;1.1;23260
38567;Chamrousse;9.6;21620
89079;Chamvres;3.2;24610
48039;Chanac;1.2;23000
19041;Chanac-les-Mines;2.5;25740
43054;Chanaleilles;0;19430
38072;Chanas;3;23720
63083;Chanat-la-Mouteyre;3.2;28070
1082;Chanay;0.6;27880
73073;Chanaz;3.4;24040
37052;Chançay;2.7;25110
21142;Chanceaux;3.9;22090
37053;Chanceaux-près-Loches;3.7;23750
37054;Chanceaux-sur-Choisille;3.1;25710
24102;Chancelade;3.7;22760
52104;Chancenay;3.1;25160
70126;Chancey;3.3;23090
39102;Chancia;1.2;28430
61092;Chandai;3.2;22530
7053;Chandolas;2.9;21190
42048;Chandon;2.4;22970
7054;Chanéac;3.1;21470
1083;Chaneins;2.2;25580
71084;Chânes;3.4;26500
71085;Change;3.4;26340
53054;Changé;3.8;25760
72058;Changé;2.2;25280
52105;Changey;2.7;22660
77084;Changis-sur-Marne;2.1;25770
42049;Changy;2.7;21430
51122;Changy;3.4;23540
71086;Changy;2.6;23390
43055;Chaniat;1.7;20840
17086;Chaniers;4.2;23380
21143;Channay;2.7;
37055;Channay-sur-Lathan;3.4;20810
10079;Channes;1.1;28160
63084;Chanonat;4.1;29190
26071;Chanos-Curson;3.9;25830
5033;Chanousse;0;
52106;Chanoy;3.4;24920
1084;Chanoz-Châtenay;1.7;24050
45072;Chanteau;1.2;26530
45073;Chantecoq;1.4;22640
54116;Chanteheux;4;24230
19042;Chanteix;2.8;24250
3053;Chantelle;3.5;21560
35054;Chanteloup;3.7;23630
50120;Chanteloup;3.8;24040
79069;Chanteloup;3.9;21350
77085;Chanteloup-en-Brie;2.6;27450
49070;Chanteloup-les-Bois;2.6;21220
78138;Chanteloup-les-Vignes;3;19940
51124;Chantemerle;3;
26072;Chantemerle-les-Blés;3.2;23250
26073;Chantemerle-lès-Grignan;3;24740
17087;Chantemerle-sur-la-Soie;1.9;21750
58057;Chantenay-Saint-Imbert;2.4;21180
72059;Chantenay-Villedieu;4.3;21750
38073;Chantepérier;0;22440
35055;Chantepie;7;24870
24104;Chantérac;1.8;22430
55358;Chanteraine;2.4;26360
15040;Chanterelle;3.5;
70127;Chantes;2.9;21590
38074;Chantesse;1.6;27500
43056;Chanteuges;3.3;21430
16079;Chantillac;3.1;21680
60141;Chantilly;3.4;27440
85051;Chantonnay;1.9;21500
88087;Chantraine;4.6;24500
52107;Chantraines;5.3;21550
25120;Chantrans;4.2;24790
53055;Chantrigné;2.4;21200
61093;Chanu;2.8;20500
85302;Chanverrie;3.1;22810
57127;Chanville;3.9;24430
41036;Chaon;1.9;22550
54117;Chaouilley;3.3;25680
10080;Chaource;1.7;20860
2160;Chaourse;3.2;19710
71087;Chapaize;2.9;24100
38075;Chapareillan;3.7;26050
63085;Chapdes-Beaufort;5.8;21760
24105;Chapdeuil;1.8;23390
3054;Chapeau;2.3;24130
74061;Chapeiry;5.7;30500
51125;Chapelaine;2.1;
25122;Chapelle-d'Huin;2.7;26560
25121;Chapelle-des-Bois;0.4;24880
28078;Chapelle-Guillaume;2;20650
28079;Chapelle-Royale;1.9;21540
19046;Chapelle-Spinasse;8.2;24590
10082;Chapelle-Vallon;1.9;22760
86059;Chapelle-Viviers;2.5;20050
39104;Chapelle-Voland;3.3;22180
45078;Chapelon;1.1;24940
78140;Chapet;3.3;32520
39105;Chapois;2.8;21880
69270;Chaponnay;3.3;31360
69043;Chaponost;4.5;31090
3058;Chappes;2.4;20380
8102;Chappes;2.3;
10083;Chappes;1.4;24240
63089;Chappes;3.1;25490
87038;Chaptelat;4.2;25310
63090;Chaptuzat;1.7;25270
38080;Charancieu;3.5;24780
38081;Charantonnay;2.6;25760
38082;Charavines;3.1;24060
8103;Charbogne;2.4;23730
71098;Charbonnat;4.1;18830
63091;Charbonnier-les-Mines;5.3;20470
28080;Charbonnières;2.3;22020
71099;Charbonnières;4.3;27640
69044;Charbonnières-les-Bains;5.5;36390
63092;Charbonnières-les-Varennes;1.9;25130
63093;Charbonnières-les-Vieilles;1.5;22850
89083;Charbuy;2.4;26570
70130;Charcenne;3.5;24760
53061;Charchigné;1.7;21130
39106;Charchilla;4.6;24600
39107;Charcier;3.2;22810
23053;Chard;2.6;19490
8104;Chardeny;4;
55101;Chardogne;3.9;25830
71100;Chardonnay;3.2;25170
3059;Chareil-Cintrat;3.4;21460
21144;Charencey;1.5;
61429;Charencey;1.8;20830
39108;Charency;2.8;
54118;Charency-Vezin;2.4;22230
26076;Charens;1.4;
63094;Charensat;1.2;19440
69045;Charentay;2.7;26070
89084;Charentenay;1.4;19380
37059;Charentilly;4.1;27020
18052;Charenton-du-Cher;2.8;19930
94018;Charenton-le-Pont;3.5;30250
18053;Charentonnay;1.5;23510
38083;Charette;2.5;22710
71101;Charette-Varennes;2.7;21630
54119;Charey;3.8;
39109;Charézier;4.4;22690
37060;Chargé;3.7;25470
70132;Chargey-lès-Gray;5.4;23370
70133;Chargey-lès-Port;3.9;21800
70134;Chariez;4.3;23190
21145;Charigny;1.2;
1087;Charix;0.4;27320
31138;Charlas;2.7;20210
13024;Charleval;3.9;23340
27151;Charleval;3.8;21710
51129;Charleville;2.6;25090
8105;Charleville-Mézières;4.5;18380
57128;Charleville-sous-Bois;3.1;25750
42052;Charlieu;2.2;20420
18054;Charly;1;22730
69046;Charly;3.7;33860
57129;Charly-Oradour;3.2;32350
2163;Charly-sur-Marne;1.1;21500
25124;Charmauvillers;0.9;32260
16083;Charmé;3.9;18780
3060;Charmeil;3.9;24160
15043;Charmensac;0.8;
77094;Charmentray;3.1;28430
2165;Charmes;2;20900
3061;Charmes;3.2;22170
21146;Charmes;2.6;22750
52108;Charmes;3.2;24030
88090;Charmes;3.3;20250
52109;Charmes-en-l'Angle;3;
54120;Charmes-la-Côte;3.6;23840
52110;Charmes-la-Grande;3;19390
70135;Charmes-Saint-Valbert;0.5;
26077;Charmes-sur-l'Herbasse;2.6;24400
7055;Charmes-sur-Rhône;3.5;24370
25125;Charmoille;0.8;23700
70136;Charmoille;5.4;23510
54121;Charmois;2.4;24440
90021;Charmois;2.5;27700
88091;Charmois-devant-Bruyères;3.5;23150
88092;Charmois-l'Orgueilleux;1.2;21370
51130;Charmont;3.1;21770
95141;Charmont;1.7;
45080;Charmont-en-Beauce;2.4;24930
10084;Charmont-sous-Barbuise;1.8;26350
10085;Charmoy;1.9;
71103;Charmoy;1.1;22910
89085;Charmoy;2.9;21840
7056;Charnas;2.9;23760
63095;Charnat;3;23170
25126;Charnay;2.9;24390
69047;Charnay;4.3;32860
71104;Charnay-lès-Chalon;2.1;21650
71105;Charnay-lès-Mâcon;5;24570
38084;Charnècles;5.2;27390
37061;Charnizay;3.3;21040
39111;Charnod;1.5;
8106;Charnois;2.9;
1088;Charnoz-sur-Ain;2.7;28140
21147;Charny;2.2;
77095;Charny;2.4;28060
89086;Charny Orée de Puisaye;1.9;21710
10086;Charny-le-Bachot;3.1;23110
55102;Charny-sur-Meuse;3.7;25320
71106;Charolles;3.7;21460
26078;Charols;2.6;22350
28081;Charonville;1.8;23600
18055;Chârost;2.1;21840
55103;Charpentry;1.6;
26079;Charpey;3.3;24950
28082;Charpont;2.5;27520
25127;Charquemont;3.4;32280
43060;Charraix;1.1;
16084;Charras;2.5;21180
64186;Charre;3.4;20410
71107;Charrecey;2.1;24770
21148;Charrey-sur-Saône;3.7;24650
21149;Charrey-sur-Seine;2.8;21030
58060;Charrin;3.4;21470
64187;Charritte-de-Bas;3.9;19360
17091;Charron;2.1;23250
23054;Charron;0.6;17490
3062;Charroux;3.6;24980
86061;Charroux;2.9;19690
95142;Chars;1.3;25320
45081;Charsonville;1.3;22290
28084;Chartainvilliers;1.9;27170
2166;Chartèves;4.3;24770
28085;Chartres;2.7;22770
35066;Chartres-de-Bretagne;4.1;23890
77096;Chartrettes;2.2;31160
19047;Chartrier-Ferrière;0.8;24060
77097;Chartronges;1.7;23660
17092;Chartuzac;3;20690
38085;Charvieu-Chavagneux;2.5;23620
74062;Charvonnex;4.1;32390
63096;Chas;2.9;24010
10087;Chaserey;0.8;
85058;Chasnais;3.1;23960
58061;Chasnay;1.1;23000
35067;Chasné-sur-Illet;3.2;26210
43061;Chaspinhac;2.2;24470
43062;Chaspuzac;2.5;23170
63097;Chassagne;0;
21150;Chassagne-Montrachet;3.7;27850
25129;Chassagne-Saint-Denis;3.1;21510
43063;Chassagnes;1.1;20350
24114;Chassaignes;2.8;
39339;Chassal-Molinges;3.6;23280
28086;Chassant;1.6;21440
38087;Chasse-sur-Rhône;4.6;22650
71108;Chasselas;1.9;25230
38086;Chasselay;1.6;24500
69049;Chasselay;4.1;32350
2167;Chassemy;2.7;23340
3063;Chassenard;1.7;21820
36042;Chasseneuil;3;21790
86062;Chasseneuil-du-Poitou;6;22800
16085;Chasseneuil-sur-Bonnieure;3.4;20070
16086;Chassenon;2.8;20540
21151;Chassey;2.3;
55104;Chassey-Beaupré;2.1;
71109;Chassey-le-Camp;1.9;23370
70137;Chassey-lès-Montbozon;4;22710
70138;Chassey-lès-Scey;4.5;21750
16087;Chassiecq;1.9;19500
7058;Chassiers;2;22310
69271;Chassieu;3.2;28750
89087;Chassignelles;4.2;20900
38089;Chassignieu;2.3;23970
36043;Chassignolles;3;21070
43064;Chassignolles;0;
52113;Chassigny;2.3;20910
71110;Chassigny-sous-Dun;3.6;21810
72070;Chassillé;3.5;22670
16088;Chassors;2.8;24230
18056;Chassy;1.2;20460
71111;Chassy;2.5;22100
89088;Chassy;1.7;24530
48041;Chastanier;1.7;
19049;Chasteaux;2;25030
43065;Chastel;0;15570
26080;Chastel-Arnaud;1.9;
48042;Chastel-Nouvel;3.7;25000
89089;Chastellux-sur-Cure;0.8;21950
63098;Chastreix;2.3;22120
86063;Chatain;1.7;17890
28087;Châtaincourt;2;26510
88093;Châtas;2.4;
71112;Château;1.9;28140
4049;Château-Arnoux-Saint-Auban;4.5;21080
38090;Château-Bernard;0.3;22690
57130;Château-Bréhain;3.4;
39114;Château-Chalon;1.6;23990
87039;Château-Chervix;1.6;22030
58063;Château-Chinon (Campagne);0;21990
58062;Château-Chinon (Ville);1;19050
1089;Château-Gaillard;4.3;25170
86064;Château-Garnier;3.8;20960
53062;Château-Gontier-sur-Mayenne;3.4;22410
85061;Château-Guibert;1.7;22780
59144;Château-l'Abbaye;4.3;25610
24115;Château-l'Évêque;4.6;23220
72072;Château-l'Hermitage;2.2;22730
37062;Château-la-Vallière;3;20570
77099;Château-Landon;1.5;22160
86065;Château-Larcher;4.3;23520
8107;Château-Porcien;3.3;20600
45083;Château-Renard;2.5;20260
37063;Château-Renault;4;19390
57131;Château-Rouge;1.5;27430
57132;Château-Salins;4.7;21410
3064;Château-sur-Allier;3.1;20050
63101;Château-sur-Cher;0;
27152;Château-sur-Epte;2.3;24260
44037;Château-Thébaud;2.3;25370
2168;Château-Thierry;3.6;19150
9096;Château-Verdun;2.6;
5038;Château-Ville-Vieille;10.5;20270
57133;Château-Voué;3.2;22230
16089;Châteaubernard;4.2;23440
77098;Châteaubleau;2;24310
7059;Châteaubourg;3.6;26200
35068;Châteaubourg;3.2;24830
44036;Châteaubriant;3.4;20350
26081;Châteaudouble;2.4;26050
83038;Châteaudouble;0.7;20820
28088;Châteaudun;3;19300
4050;Châteaufort;2.3;
78143;Châteaufort;3.4;37760
63099;Châteaugay;3;26340
35069;Châteaugiron;3.7;26900
29026;Châteaulin;4.9;21880
18057;Châteaumeillant;2.5;20240
21152;Châteauneuf;1.7;
42053;Châteauneuf;2.7;26200
71113;Châteauneuf;3.3;
73079;Châteauneuf;3.5;25570
85062;Châteauneuf;3.1;22110
6040;Châteauneuf-d'Entraunes;0;
35070;Châteauneuf-d'Ille-et-Vilaine;7.8;22380
5035;Châteauneuf-d'Oze;2.6;
26082;Châteauneuf-de-Bordette;1.4;20400
84036;Châteauneuf-de-Gadagne;2.6;26620
26083;Châteauneuf-de-Galaure;3.4;21040
48043;Châteauneuf-de-Randon;0;22440
7060;Châteauneuf-de-Vernoux;3.2;21250
29027;Châteauneuf-du-Faou;3.4;20890
84037;Châteauneuf-du-Pape;2.3;23750
26085;Châteauneuf-du-Rhône;3.1;22390
28089;Châteauneuf-en-Thymerais;1.9;21400
6038;Châteauneuf-Grasse;4.8;29230
87040;Châteauneuf-la-Forêt;2.1;21340
13025;Châteauneuf-le-Rouge;5.1;31590
63100;Châteauneuf-les-Bains;4.5;21030
13026;Châteauneuf-les-Martigues;5.2;23570
4051;Châteauneuf-Miravail;0;
16090;Châteauneuf-sur-Charente;1.7;21520
18058;Châteauneuf-sur-Cher;2.8;20810
26084;Châteauneuf-sur-Isère;4.4;24650
45082;Châteauneuf-sur-Loire;3.1;23370
58064;Châteauneuf-Val-de-Bargis;1.5;22800
4053;Châteauneuf-Val-Saint-Donat;3.6;23770
6039;Châteauneuf-Villevieille;1.5;25730
87041;Châteauponsac;2.1;20760
4054;Châteauredon;1.9;
13027;Châteaurenard;3.1;21440
36044;Châteauroux;3.1;20300
5036;Châteauroux-les-Alpes;5.4;22240
83039;Châteauvert;3.2;28000
5037;Châteauvieux;4.7;27840
41042;Châteauvieux;2.3;21220
83040;Châteauvieux;1.4;
25130;Châteauvieux-les-Fossés;2.8;
38091;Châteauvilain;2.2;27070
52114;Châteauvillain;3.7;20830
74063;Châtel;8.2;26560
89091;Châtel-Censoir;1.7;20010
8109;Chatel-Chéhéry;3.4;18650
39118;Châtel-de-Joux;1.7;
3065;Châtel-de-Neuvre;2.8;21250
38456;Châtel-en-Trièves;2.9;22840
89092;Châtel-Gérard;1.3;22760
63103;Châtel-Guyon;3;25780
3066;Châtel-Montagne;7.2;17980
71115;Châtel-Moron;0.6;
57134;Châtel-Saint-Germain;3.1;27390
88094;Châtel-sur-Moselle;3;21150
17094;Châtelaillon-Plage;4.1;26120
53063;Châtelain;3;21670
23055;Châtelard;3;
22206;Châtelaudren-Plouagat;3.2;22240
39117;Chatelay;4.3;
25131;Châtelblanc;4.2;29230
63102;Châteldon;2.5;21210
21153;Châtellenot;1.7;24170
86066;Châtellerault;4.4;19940
39120;Châtelneuf;2.2;25710
42054;Châtelneuf;4.2;23480
3067;Châtelperron;0;20840
51134;Châtelraould-Saint-Louvent;3.2;22460
3068;Châtelus;1;18420
38092;Châtelus;1.4;
42055;Châtelus;1.5;24330
23056;Châtelus-le-Marcheix;0.9;18460
23057;Châtelus-Malvaleix;3.3;20190
1090;Châtenay;1.5;24090
28092;Châtenay;1.9;24760
38093;Châtenay;2.3;24480
71116;Châtenay;2.4;20640
95144;Châtenay-en-France;2.4;
52115;Chatenay-Mâcheron;3.3;22410
92019;Châtenay-Malabry;2;27140
77101;Châtenay-sur-Seine;1.5;24140
52116;Chatenay-Vaudin;4;
17095;Chatenet;3.3;20860
70140;Châteney;1.9;
39121;Châtenois;3.8;24470
67073;Châtenois;6.3;25790
70141;Châtenois;1.9;23620
88095;Châtenois;3.7;20120
90022;Châtenois-les-Forges;3.3;24040
45084;Châtenoy;0.7;24160
77102;Châtenoy;2.9;25410
71117;Châtenoy-en-Bresse;2.8;25450
71118;Châtenoy-le-Royal;4;22130
16091;Châtignac;1.3;20820
91145;Chatignonville;2.2;
3069;Châtillon;2.4;21510
39122;Châtillon;2.9;22650
69050;Châtillon;3.3;28030
92020;Châtillon;3.9;30550
45085;Châtillon-Coligny;1.3;21410
58065;Châtillon-en-Bazois;3.2;20040
26086;Châtillon-en-Diois;3.1;20650
35072;Châtillon-en-Vendelais;1.9;21810
25132;Châtillon-Guyotte;3.9;25180
77103;Châtillon-la-Borde;1.9;27950
1092;Châtillon-la-Palud;3.2;25470
25133;Châtillon-le-Duc;4.5;29410
45086;Châtillon-le-Roi;2.6;23670
2169;Châtillon-lès-Sons;2.4;
26087;Châtillon-Saint-Jean;3.1;23990
55105;Châtillon-sous-les-Côtes;3.2;23430
51135;Châtillon-sur-Broué;1.5;
1093;Châtillon-sur-Chalaronne;1.5;23430
41043;Châtillon-sur-Cher;2.9;21540
74064;Châtillon-sur-Cluses;6.5;28140
53064;Châtillon-sur-Colmont;2.7;21290
36045;Châtillon-sur-Indre;4;20290
45087;Châtillon-sur-Loire;2.7;22170
51136;Châtillon-sur-Marne;3.6;24230
51137;Châtillon-sur-Morin;2.6;23400
2170;Châtillon-sur-Oise;4;24780
88096;Châtillon-sur-Saône;2;20570
21154;Châtillon-sur-Seine;2.8;19810
79080;Châtillon-sur-Thouet;2.6;21430
58066;Châtin;1;
38094;Châtonnay;2.6;23350
52118;Chatonrupt-Sommermont;3.6;22190
78146;Chatou;2.6;33670
10089;Châtres;3.3;22090
24116;Châtres;2.7;20730
77104;Châtres;2;30620
41044;Châtres-sur-Cher;2.3;20960
51138;Châtrices;3;
55106;Chattancourt;1.6;24440
38095;Chatte;2.9;23790
26088;Chatuzange-le-Goubet;4;24710
25136;Chaucenne;4.1;25200
48044;Chauchailles;3.7;
85064;Chauché;2.7;23180
10090;Chauchigny;1.5;23880
77335;Chauconin-Neufmontiers;3.1;26410
2171;Chaudardes;1.6;24500
26089;Chaudebonne;0;
49082;Chaudefonds-sur-Layon;3.4;22260
51139;Chaudefontaine;3.6;24100
52119;Chaudenay;3.2;21870
71119;Chaudenay;2;24700
21155;Chaudenay-la-Ville;3.9;
21156;Chaudenay-le-Château;2.8;
54122;Chaudeney-sur-Moselle;5.7;26200
15045;Chaudes-Aigues;4.2;20860
48045;Chaudeyrac;0.8;19800
43066;Chaudeyrolles;2.1;
28094;Chaudon;2.3;25520
4055;Chaudon-Norante;2.9;20290
10091;Chaudrey;2.9;22560
2172;Chaudun;3;24190
71120;Chauffailles;2;20460
88097;Chauffecourt;3.7;
10092;Chauffour-lès-Bailly;2.7;22000
91148;Chauffour-lès-Étréchy;2.4;30570
19050;Chauffour-sur-Vell;4.3;21390
28095;Chauffours;2.3;25610
52120;Chauffourt;2.8;21670
77106;Chauffry;2.1;25380
78147;Chaufour-lès-Bonnières;2.3;27350
72073;Chaufour-Notre-Dame;2.9;24090
21157;Chaugey;1.2;
58067;Chaulgnes;2.1;24280
48046;Chaulhac;0.2;
50514;Chaulieu;2.4;21300
80186;Chaulnes;4.4;18900
31139;Chaum;2.2;21510
58068;Chaumard;1;23550
21158;Chaume-et-Courchamp;3.5;22990
21160;Chaume-lès-Baigneux;3.1;
19051;Chaumeil;0.6;20210
70142;Chaumercenne;3.9;22640
39124;Chaumergy;2.3;21860
77107;Chaumes-en-Brie;1.9;26440
44005;Chaumes-en-Retz;2.6;22750
10093;Chaumesnil;2.5;21990
18060;Chaumont;0.7;
52121;Chaumont;3.3;21490
61103;Chaumont;2.5;19450
74065;Chaumont;1.9;31920
89093;Chaumont;1;23360
55107;Chaumont-devant-Damvillers;3.5;
60143;Chaumont-en-Vexin;0.9;23700
52122;Chaumont-la-Ville;2.7;18690
21161;Chaumont-le-Bois;2.5;
63105;Chaumont-le-Bourg;1.8;20810
8113;Chaumont-Porcien;3.1;19170
55108;Chaumont-sur-Aire;5.4;26710
41045;Chaumont-sur-Loire;2.7;24330
41046;Chaumont-sur-Tharonne;3.8;23670
95149;Chaumontel;2.7;28940
58069;Chaumot;2.6;21960
89094;Chaumot;1.1;23240
88098;Chaumousey;2.7;25130
18061;Chaumoux-Marcilly;1.3;
37064;Chaumussay;1;21790
51140;Chaumuzy;3.4;25620
17096;Chaunac;2.7;
86068;Chaunay;4.9;19980
2173;Chauny;2.5;18580
79081;Chauray;4;26010
63106;Chauriat;3.4;24720
69051;Chaussan;2;27050
15046;Chaussenac;4.8;18040
39127;Chaussenans;1.6;
42339;Chausseterre;3;20400
39128;Chaussin;2.2;21350
80188;Chaussoy-Epagny;2.8;23850
45088;Chaussy;2.4;24980
95150;Chaussy;1.5;26450
26091;Chauvac-Laux-Montaux;1.1;
44038;Chauvé;3.9;22680
55109;Chauvency-le-Château;2.8;21230
55110;Chauvency-Saint-Hubert;2.7;22630
35075;Chauvigné;3;21820
86070;Chauvigny;4.1;22230
41048;Chauvigny-du-Perche;1.4;21360
27153;Chauvincourt-Provemont;2.5;24250
70143;Chauvirey-le-Châtel;2.2;20650
70144;Chauvirey-le-Vieil;2.2;
55111;Chauvoncourt;4.8;23780
95151;Chauvry;3.6;30050
21162;Chaux;3;24130
90023;Chaux;3.9;24150
39133;Chaux-Champagny;3.4;
39129;Chaux-des-Crotenay;3.9;24420
70145;Chaux-la-Lotière;3.4;25410
25141;Chaux-lès-Passavant;2.2;
70146;Chaux-lès-Port;4.1;22380
25142;Chaux-Neuve;3.5;31630
7061;Chauzon;2.7;22530
15047;Chavagnac;4.1;
35076;Chavagne;4.4;24610
85065;Chavagnes-en-Paillers;2.8;22100
85066;Chavagnes-les-Redoux;2.1;21520
19052;Chavanac;0;
23060;Chavanat;2.1;18680
90024;Chavanatte;1.7;27600
42056;Chavanay;4.2;24760
10094;Chavanges;4;19260
43067;Chavaniac-Lafayette;3;22730
74066;Chavannaz;1.5;33450
70147;Chavanne;2;23970
18063;Chavannes;2.6;21200
26092;Chavannes;3.1;22700
90025;Chavannes-les-Grands;2.2;24540
68065;Chavannes-sur-l'Étang;1.8;24330
1094;Chavannes-sur-Reyssouze;1.5;23460
74067;Chavanod;5.1;29300
38097;Chavanoz;2.6;23010
63107;Chavaroux;3.6;26110
37065;Chaveignes;2.5;19950
88099;Chavelot;5;24050
78152;Chavenay;2.4;41630
60144;Chavençon;1.2;28760
3070;Chavenon;2.3;21820
39134;Chavéria;2.4;24260
19053;Chaveroche;1.8;23310
1096;Chaveyriat;2;23940
2174;Chavignon;3.2;22600
2175;Chavigny;1.2;21230
54123;Chavigny;5.7;25140
27154;Chavigny-Bailleul;2;22920
92022;Chaville;3.5;32290
36048;Chavin;1.9;20880
2176;Chavonne;2.3;20760
51142;Chavot-Courcourt;3.3;29910
50126;Chavoy;3.7;23290
3071;Chavroches;0.6;20160
25143;Chay;3.3;23250
69052;Chazay-d'Azergues;4;31020
49089;Chazé-sur-Argos;3.4;22030
7062;Chazeaux;1.4;19010
36049;Chazelet;2;17210
15048;Chazelles;0;
16093;Chazelles;3;22270
43068;Chazelles;1.1;
54124;Chazelles-sur-Albe;1.3;
42058;Chazelles-sur-Lavieu;1.5;22090
42059;Chazelles-sur-Lyon;3.4;21810
3072;Chazemais;0.8;21570
21163;Chazeuil;3.5;22710
58070;Chazeuil;0.9;
1098;Chazey-Bons;3.8;22520
1099;Chazey-sur-Ain;3.7;26780
21164;Chazilly;5.1;22780
25145;Chazot;2.9;22860
45089;Chécy;2.5;25770
37066;Chédigny;3.6;22870
79083;Chef-Boutonne;2.9;19400
88100;Chef-Haut;4.2;
49090;Cheffes;3.4;21980
85067;Cheffois;1.7;22260
1100;Cheignieu-la-Balme;2;21090
37067;Cheillé;3.6;22760
71122;Cheilly-lès-Maranges;2.9;23480
31140;Chein-Dessus;1.7;20480
87043;Cheissoux;1.8;16540
44039;Cheix-en-Retz;4.1;24590
32103;Chélan;4.5;18440
62221;Chelers;3.8;24050
38098;Chélieu;2.3;25040
65142;Chelle-Debat;2.4;21350
65143;Chelle-Spou;1.8;19040
60145;Chelles;1.8;25440
77108;Chelles;2;23830
35077;Chelun;2.3;20640
25147;Chemaudin et Vaux;5.2;26550
53066;Chemazé;3.1;22270
39136;Chemenot;2.1;
53067;Chémeré-le-Roi;2.5;21380
41049;Chémery;2.8;21250
8115;Chémery-Chéhéry;1.3;21920
57136;Chémery-les-Deux;2.3;24580
49092;Chemillé-en-Anjou;2.7;22060
37068;Chemillé-sur-Dême;1.5;21900
37069;Chemillé-sur-Indrois;1.7;22730
61105;Chemilli;2.7;20950
3073;Chemilly;3.1;23070
70148;Chemilly;3.9;26420
89095;Chemilly-sur-Serein;3.2;25990
89096;Chemilly-sur-Yonne;2.7;24260
39138;Chemin;2.8;21410
21165;Chemin-d'Aisey;1.7;
7063;Cheminas;3.8;20860
51144;Cheminon;3.8;20310
57137;Cheminot;5.8;25360
72074;Chemiré-en-Charnie;4.3;21730
72075;Chemiré-le-Gaudin;2.6;22660
59145;Chemy;5.3;29310
17098;Chenac-Saint-Seurin-d'Uzet;2;21060
19054;Chenailler-Mascheix;0.8;19120
69053;Chénas;2;25220
51145;Chenay;5;37780
72076;Chenay;3.3;23310
79084;Chenay;3.7;20020
71123;Chenay-le-Châtel;1.6;20080
39139;Chêne-Bernard;2;
74068;Chêne-en-Semine;2.5;28450
39140;Chêne-Sec;1.9;
70149;Chenebier;1.9;24760
25149;Chenecey-Buillon;2.8;24630
69054;Chénelette;2.6;24480
23061;Chénérailles;3.5;19930
42060;Chenereilles;2.4;24550
43069;Chenereilles;2.5;19740
86072;Chenevelles;1.4;21280
54125;Chenevières;5.1;22880
70150;Chenevrey-et-Morogne;5;23230
74069;Chênex;2;44990
89098;Cheney;3.5;24170
54126;Chenicourt;4.7;25290
54127;Chenières;3.3;30780
51146;Cheniers;1.1;25630
23062;Chéniers;2.1;19310
49067;Chenillé-Champteussé;1.8;21780
88101;Cheniménil;3.6;23380
27155;Chennebrun;1.6;20510
10096;Chennegy;2.4;23810
95154;Chennevières-lès-Louvres;2.3;25890
94019;Chennevières-sur-Marne;5.4;23910
57138;Chenois;2.8;
77109;Chenoise-Cucharmoy;2.1;23080
16095;Chenon;3.4;24340
37070;Chenonceaux;4.1;23980
77110;Chenou;2;26660
21166;Chenôve;5.9;18650
71124;Chenôves;2.9;26800
74070;Chens-sur-Léman;1.3;40580
72077;Chenu;2.4;21330
89099;Cheny;2.2;20850
17099;Chepniers;4.2;20960
60146;Chepoix;3.6;20680
51148;Cheppes-la-Prairie;2.4;25530
55113;Cheppy;2.2;23400
91156;Cheptainville;1.4;28720
51149;Chepy;2.5;26010
80190;Chépy;3.8;20290
17100;Chérac;3.3;23000
53068;Chérancé;2.8;21070
72078;Chérancé;1.6;19450
64188;Chéraute;3.2;22820
17101;Cherbonnières;2.8;19670
50129;Cherbourg-en-Cotentin;3.3;22650
95157;Chérence;1.6;28350
50130;Chérencé-le-Héron;2.3;21230
59146;Chéreng;4.3;31250
2177;Chérêt;2.8;23250
62222;Chériennes;2.4;21420
42061;Cherier;1.4;19350
79085;Chérigné;2.7;23640
72079;Chérisay;2.4;23950
57139;Chérisey;3;28260
28098;Cherisy;2.8;25810
62223;Chérisy;3.3;26480
71125;Chérizet;2.8;
17102;Chermignac;4.1;23710
88102;Chermisey;2.8;
2178;Chermizy-Ailles;1.7;22740
87044;Chéronnac;3.4;19130
27156;Chéronvilliers;2;22310
89100;Chéroy;1.1;21970
72080;Cherré-Au;2.6;23680
35078;Cherrueix;2.4;22140
24119;Cherval;2.3;21500
24120;Cherveix-Cubas;4.3;22320
86073;Cherves;3;20570
16096;Cherves-Châtelars;2.1;20720
79086;Cherveux;3.3;24540
10097;Chervey;2.7;27520
51150;Cherville;2.7;
18064;Chéry;1.4;21320
2179;Chéry-Chartreuve;2.4;23450
2180;Chéry-lès-Pouilly;2.7;22150
2181;Chéry-lès-Rozoy;4.9;
10098;Chesley;1.1;20150
8117;Chesnois-Auboncourt;2;22310
57140;Chesny;2.2;28610
74071;Chessenaz;2.1;32430
69056;Chessy;3.6;27050
77111;Chessy;2.3;27230
10099;Chessy-les-Prés;2.7;22390
89101;Chéu;3.7;20980
21167;Cheuge;2.4;23350
65144;Cheust;3.3;
3074;Chevagnes;4;22210
71126;Chevagny-les-Chevrières;4.4;32450
71127;Chevagny-sur-Guye;1.8;
35079;Chevaigné;3.7;26570
53069;Chevaigné-du-Maine;2.4;19770
84038;Cheval-Blanc;3.1;24850
74072;Chevaline;2.7;29840
17104;Chevanceaux;4.1;21170
21168;Chevannay;1.1;
21169;Chevannes;1.9;25500
45091;Chevannes;0.3;23490
89102;Chevannes;2.3;25090
91159;Chevannes;1.7;28780
58071;Chevannes-Changy;0.1;25020
2182;Chevennes;2;20280
58072;Chevenon;2.4;24040
74073;Chevenoz;3.3;28460
41050;Cheverny;3.2;25840
8119;Cheveuges;2;24350
8120;Chevières;5;
70151;Chevigney;3.6;
25151;Chevigney-lès-Vercel;4.8;25550
25150;Chevigney-sur-l'Ognon;3.9;23970
39141;Chevigny;3.3;23760
21170;Chevigny-en-Valière;1.9;22840
21171;Chevigny-Saint-Sauveur;3.7;23490
1101;Chevillard;0.9;26800
72083;Chevillé;4.8;22480
52123;Chevillon;2.9;20340
45092;Chevillon-sur-Huillard;1.2;25550
45093;Chevilly;1.6;23620
94021;Chevilly-Larue;2.3;22100
69057;Chevinay;2.4;26530
60147;Chevincourt;2.1;26080
77112;Chevrainvilliers;2.9;26950
39142;Chevreaux;2.1;20710
2183;Chevregny;1.7;24510
90026;Chèvremont;2.5;27180
2184;Chevresis-Monceau;2.9;21220
78160;Chevreuse;2.3;33230
60148;Chèvreville;2.2;27250
74074;Chevrier;1.8;38880
38099;Chevrières;1.4;24630
42062;Chevrières;3.3;23420
60149;Chevrières;3.4;25080
58073;Chevroches;3.4;25400
39143;Chevrotaine;2;
1102;Chevroux;1.9;23750
25153;Chevroz;4.2;28710
77113;Chevru;2.5;23460
1103;Chevry;2.3;44010
77114;Chevry-Cossigny;1.9;28480
77115;Chevry-en-Sereine;1.1;24350
45094;Chevry-sous-le-Bignon;0.5;25520
79087;Chey;4.5;18830
15049;Cheylade;1.6;17200
48048;Cheylard-l'Évêque;0;
38101;Cheyssieu;3.9;27280
18065;Chezal-Benoît;1;22320
65145;Chèze;6;
52124;Chézeaux;1.9;
3075;Chezelle;3.1;23310
36050;Chezelles;2.7;22320
37071;Chezelles;1.9;21530
38102;Chèzeneuve;3.6;28950
1104;Chézery-Forens;0.6;25230
3076;Chézy;4.3;23880
2185;Chézy-en-Orxois;1.7;23140
2186;Chézy-sur-Marne;3;24080
2B088;Chiatra;1.4;23740
79088;Chiché;1.6;21580
89104;Chichée;3.1;25860
89105;Chichery;3.4;24740
51151;Chichey;5.2;26060
38103;Chichilianne;2.2;24060
97605;Chiconi;NA;
57141;Chicourt;3.3;
58074;Chiddes;3.6;20260
71128;Chiddes;1.9;
2187;Chierry;3.8;24590
57142;Chieulles;3.3;33320
73084;Chignin;5.6;26380
2188;Chigny;3.1;20520
51152;Chigny-les-Roses;4.6;28860
43070;Chilhac;3.1;19720
16099;Chillac;1.3;21610
39145;Chille;4.2;29570
45095;Chilleurs-aux-Bois;2;23290
8121;Chilly;2.9;22710
74075;Chilly;1.5;30900
80191;Chilly;5;23400
39146;Chilly-le-Vignoble;3.9;24560
91161;Chilly-Mazarin;3.5;23140
39147;Chilly-sur-Salins;2.9;26760
38104;Chimilin;4.6;23500
73085;Chindrieux;3;24810
37072;Chinon;4.9;21860
80192;Chipilly;3.6;21960
16100;Chirac;2.7;22250
19055;Chirac-Bellevue;2.4;22330
42063;Chirassimont;3.9;22760
3077;Chirat-l'Église;1.4;18270
86074;Chiré-en-Montreuil;5;22870
38105;Chirens;4.5;26100
80193;Chirmont;3.5;22450
7065;Chirols;4;20070
97606;Chirongui;NA;
69058;Chiroubles;2.1;23730
60150;Chiry-Ourscamp;4.3;22770
65146;Chis;3.2;23330
2B366;Chisa;0;
41051;Chissay-en-Touraine;3.4;22580
37073;Chisseaux;4.2;22980
71129;Chissey-en-Morvan;1.8;20520
71130;Chissey-lès-Mâcon;3.3;22380
39149;Chissey-sur-Loue;3.8;22710
41052;Chitenay;3.6;25550
36051;Chitray;2.1;22680
89108;Chitry;1.2;24080
58075;Chitry-les-Mines;2.6;22380
17105;Chives;2.1;20960
21172;Chivres;2.9;23720
2189;Chivres-en-Laonnois;2.8;20150
2190;Chivres-Val;2.9;22790
2191;Chivy-lès-Étouvelles;4.1;22990
79090;Chizé;2.5;21320
62224;Chocques;3.9;20650
52126;Choilley-Dardenay;0.4;23700
78162;Choisel;2.5;35390
52127;Choiseul;3.2;
39150;Choisey;4.5;23670
59147;Choisies;3.2;
74076;Choisy;3;33880
60151;Choisy-au-Bac;4.4;25830
77116;Choisy-en-Brie;2.1;24430
60152;Choisy-la-Victoire;3.3;24740
94022;Choisy-le-Roi;4.1;20840
49099;Cholet;3.9;21960
38106;Cholonge;2.2;26750
54128;Choloy-Ménillot;5.3;22850
43071;Chomelix;3.8;21140
7066;Chomérac;2.5;23820
38107;Chonas-l'Amballan;3.8;28690
55114;Chonville-Malaumont;2.8;22100
8122;Chooz;3.4;23380
60153;Choqueuse-les-Bénards;3.2;
38108;Choranche;1.8;20340
21173;Chorey-les-Beaune;4.5;27380
5040;Chorges;4.4;22770
14159;Chouain;3.1;24860
36052;Chouday;1.9;26680
41053;Choue;0.7;21540
58076;Chougny;0.6;
51153;Chouilly;5.8;27370
86075;Chouppes;2.5;21230
24121;Chourgnac;2;
41054;Choussy;1.8;22020
3078;Chouvigny;1.6;22310
39151;Choux;3.3;21450
2192;Chouy;1.9;22180
37074;Chouzé-sur-Loire;5;21110
25154;Chouzelot;3.1;23860
38109;Chozeau;3.5;29960
45097;Chuelles;1.8;22410
8123;Chuffilly-Roche;4.2;
80194;Chuignes;3.3;20200
80195;Chuignolles;3.6;23820
28099;Chuisnes;1.2;24340
30081;Chusclan;2.3;24790
42064;Chuyer;1.6;26590
38110;Chuzelles;3.9;28900
31141;Ciadoux;2.7;19090
2A089;Ciamannacce;3.3;
64189;Ciboure;5.7;23710
76174;Cideville;2.7;24850
31142;Cier-de-Luchon;6;24930
31143;Cier-de-Rivière;3.7;22480
2193;Cierges;2.5;
55115;Cierges-sous-Montfaucon;1.5;
31144;Cierp-Gaud;3.9;20750
27158;Cierrey;1.9;25930
17106;Cierzac;3.5;22100
46070;Cieurac;3.7;24450
65147;Cieutat;3.3;22260
87045;Cieux;2.6;21370
58077;Ciez;1.6;22620
37075;Cigogné;2.9;24730
97424;Cilaos;3.9;13780
2194;Cilly;3.4;19560
37076;Cinais;4.6;23200
3079;Cindré;1.2;21750
37077;Cinq-Mars-la-Pile;4.3;23400
60154;Cinqueux;2.8;27420
31145;Cintegabelle;3.5;22210
14160;Cintheaux;4.5;24830
28100;Cintray;2.6;25180
35080;Cintré;3.2;24600
70153;Cintrey;3;21330
6041;Cipières;0;21830
61107;Ciral;2.7;20150
37078;Ciran;3.6;21910
88103;Circourt;1.6;
88104;Circourt-sur-Mouzon;2.4;22650
17107;Ciré-d'Aunis;3.6;22200
31146;Cirès;2.7;
60155;Cires-lès-Mello;1.7;23730
70154;Cirey;5.3;23680
52128;Cirey-lès-Mareilles;4.9;21890
21175;Cirey-lès-Pontailler;2.3;25350
52129;Cirey-sur-Blaise;3.5;
54129;Cirey-sur-Vezouze;3.7;19750
52130;Cirfontaines-en-Azois;2.6;20930
52131;Cirfontaines-en-Ornois;2.1;
79091;Cirières;3.6;21780
36053;Ciron;1.9;20520
71132;Ciry-le-Noble;3.3;21580
2195;Ciry-Salsogne;4.2;24060
61108;Cisai-Saint-Aubin;2.6;21170
33125;Cissac-Médoc;3.7;22790
86076;Cissé;5;25930
63110;Cisternes-la-Forêt;1.5;20840
43073;Cistrières;2;20410
80196;Citerne;2.8;20090
70155;Citers;2.9;22950
70156;Citey;3.1;23410
11092;Citou;0.7;13230
77117;Citry;1.5;23110
86077;Civaux;3.5;21520
42065;Civens;4.9;25340
33126;Civrac-de-Blaye;3.6;21370
33128;Civrac-en-Médoc;3.5;20980
33127;Civrac-sur-Dordogne;4.1;19940
18066;Civray;0.7;23380
86078;Civray;4.1;20090
37079;Civray-de-Touraine;5;24640
37080;Civray-sur-Esves;3.3;23100
1105;Civrieux;3.9;28920
69059;Civrieux-d'Azergues;4.9;28930
21176;Civry-en-Montagne;4.3;27110
78163;Civry-la-Forêt;1.4;29400
80197;Cizancourt;3.4;
49100;Cizay-la-Madeleine;3.7;21910
1106;Cize;1.9;23440
39153;Cize;3.3;24470
58078;Cizely;3.6;
65148;Cizos;2;19380
2196;Clacy-et-Thierret;3.9;25390
24122;Cladech;2.2;
66050;Claira;2.6;21850
47065;Clairac;3.2;20610
23063;Clairavaux;1.4;21110
78164;Clairefontaine-en-Yvelines;3.8;34860
70157;Clairegoutte;3.3;23030
59148;Clairfayts;2;22640
2197;Clairfontaine;3.8;23510
62225;Clairmarais;3.1;24580
60156;Clairoix;4;25270
12066;Clairvaux-d'Aveyron;2.3;23940
39154;Clairvaux-les-Lacs;4;21700
80198;Clairy-Saulchoix;3.7;27030
76175;Clais;5;21820
16101;Claix;3.1;24760
38111;Claix;4.8;29740
17108;Clam;4;23700
51154;Clamanges;2.4;28560
92023;Clamart;2.4;29920
2198;Clamecy;2.9;23230
58079;Clamecy;3.4;18240
4057;Clamensane;2.2;18900
21177;Clamerey;3.4;22240
6042;Clans;0;21960
70158;Clans;4.4;21760
26093;Clansayes;2.2;26080
34077;Clapiers;4.5;28000
66051;Clara-Villerach;1.6;21850
31147;Clarac;3.6;23500
65149;Clarac;1.2;21500
64190;Claracq;2.7;21230
74077;Clarafond-Arcine;2.6;33990
14161;Clarbec;2.7;26440
65150;Clarens;2.9;24070
30082;Clarensac;3.2;24940
4058;Claret;2.3;19770
34078;Claret;3.4;24800
59149;Clary;3.4;21420
40082;Classun;2.6;24920
2199;Clastres;1.7;21930
76176;Clasville;2.7;23730
88105;Claudon;3.9;20660
38112;Clavans-en-Haut-Oisans;0;
79092;Clavé;1;19790
69060;Claveisolles;1.9;21860
17109;Clavette;4.6;25660
26094;Claveyson;3.1;21820
15051;Clavières;2.6;18490
83041;Claviers;1.2;20520
27161;Claville;2.6;25100
76177;Claville-Motteville;3.6;24390
8124;Clavy-Warby;2.6;25870
77118;Claye-Souilly;3.1;27510
35081;Clayes;4.1;24420
54130;Clayeures;1.9;20790
14162;Clécy;4.1;21540
29028;Cléden-Cap-Sizun;2.9;20620
29029;Cléden-Poher;3.4;22140
29030;Cléder;3.5;23190
40083;Clèdes;3.4;21780
67074;Cleebourg;3.1;26430
27191;Clef Vallée d'Eure;2.3;25250
52132;Clefmont;2;20010
56040;Cléguer;2.7;23140
56041;Cléguérec;1.6;22080
38113;Clelles;3.4;21060
63111;Clémensat;1.3;23700
54131;Clémery;2.5;26470
18067;Clémont;1.7;20740
21179;Clénay;2.1;29080
62227;Clenleu;2.2;22960
76178;Cléon;4.2;19240
26095;Cléon-d'Andran;2.7;22570
42066;Cleppé;3.9;23710
17110;Clérac;2.5;20050
36054;Cléré-du-Bois;4.3;20120
37081;Cléré-les-Pins;3.7;22430
49102;Cléré-sur-Layon;2;18650
76179;Clères;3.8;24640
10100;Clérey;1.3;22690
88107;Clérey-la-Côte;1.3;
54132;Clérey-sur-Brenon;3;
19056;Clergoux;3.5;21170
26096;Clérieux;3;22880
63112;Clerlande;3.3;26340
9097;Clermont;3.2;
40084;Clermont;4.8;24420
60157;Clermont;2.1;21790
74078;Clermont;1.4;30370
72084;Clermont-Créans;3.4;23150
24124;Clermont-d'Excideuil;2.2;21290
24123;Clermont-de-Beauregard;2.6;17550
47066;Clermont-Dessous;3.3;21310
55117;Clermont-en-Argonne;5.3;21480
63113;Clermont-Ferrand;4.3;20430
34079;Clermont-l'Hérault;4.4;19320
31148;Clermont-le-Fort;5.5;34480
2200;Clermont-les-Fermes;4.1;
32104;Clermont-Pouyguillès;3.8;23090
32105;Clermont-Savès;2.4;26840
47067;Clermont-Soubiran;2.9;21060
11094;Clermont-sur-Lauquet;0;
25155;Cléron;5.3;23690
62228;Clerques;1.3;21090
21180;Cléry;3;22690
73086;Cléry;1.2;26560
95166;Cléry-en-Vexin;2.1;29140
55118;Cléry-le-Grand;0.7;
55119;Cléry-le-Petit;1.9;21380
45098;Cléry-Saint-André;2.4;25550
80199;Cléry-sur-Somme;4;22470
51155;Clesles;3.4;22740
71135;Clessé;3.6;26520
79094;Clessé;1.5;20370
71136;Clessy;1.9;21310
62229;Cléty;3.6;23010
88109;Cleurie;2.9;23670
76180;Cleuville;3.9;24090
14163;Cléville;2.7;23020
76181;Cléville;3.2;21580
28102;Clévilliers;1.9;25560
33129;Cleyrac;3.6;21400
1107;Cleyzieu;0.4;22370
88110;Clézentaine;3.7;20190
92024;Clichy;4.1;22410
93014;Clichy-sous-Bois;3;15260
67075;Climbach;3.7;24010
52133;Clinchamp;0.5;
17111;Clion;3.2;20610
36055;Clion;2.9;20710
26097;Cliousclat;1.9;24900
76182;Cliponville;4.4;24530
8125;Cliron;4.1;23860
44043;Clisson;3.5;25170
50135;Clitourps;2.5;22300
29031;Clohars-Carnoët;4;25420
29032;Clohars-Fouesnant;4.2;24820
21181;Clomot;4.1;22140
38114;Clonas-sur-Varèze;3.9;26890
77119;Clos-Fontaine;1.6;25330
57143;Clouange;3.8;21500
86080;Cloué;4.2;22870
28103;Cloyes-les-Trois-Rivières;2.7;22660
51156;Cloyes-sur-Marne;3.7;22400
39155;Clucy;1.5;
23064;Clugnat;3.4;20750
36056;Cluis;4.1;20860
4059;Clumanc;2;19470
71137;Cluny;3.7;23370
74081;Cluses;3.6;21720
79095;Clussais-la-Pommeraie;3.7;19970
71578;Clux-Villeneuve;3.1;24370
22040;Coadout;2.9;21430
6043;Coaraze;0.5;23670
64191;Coarraze;5.3;21920
29035;Coat-Méal;5.1;23690
22041;Coatascorn;2;20340
22042;Coatréven;4.4;22720
26098;Cobonne;3;21980
59150;Cobrieux;3.9;30350
77120;Cocherel;1.9;23200
57144;Cocheren;3.2;20980
10101;Coclois;2;22590
80200;Cocquerel;4.5;22540
47068;Cocumont;4.2;20580
66052;Codalet;3;23300
30083;Codognan;5.5;24070
30084;Codolet;2;22910
35082;Coësmes;2.6;21820
22044;Coëtmieux;4.4;24530
46138;Cœur de Causse;1.8;21830
51457;Cœur-de-la-Vallée;3.7;25690
2201;Cœuvres-et-Valsery;1.5;24510
85070;Coëx;2.4;21870
2A090;Coggia;5;24900
39156;Cogna;2.6;24310
16102;Cognac;3.7;21980
87046;Cognac-la-Forêt;4;21990
3080;Cognat-Lyonne;3.5;22770
72085;Cogners;1.7;23840
38116;Cognet;4.9;
70159;Cognières;3.4;18460
73087;Cognin;3.1;23270
38117;Cognin-les-Gorges;2.3;22600
2A091;Cognocoli-Monticchi;0;21100
18068;Cogny;0.6;
69061;Cogny;3.6;28860
83042;Cogolin;4.6;21630
43074;Cohade;4.6;22150
73088;Cohennoz;2.1;23360
22045;Cohiniac;1.7;23640
52134;Cohons;3.7;23300
52135;Coiffy-le-Bas;2;
52136;Coiffy-le-Haut;1.9;20130
80201;Coigneux;2.7;
78168;Coignières;3.1;23590
33130;Coimères;4.3;24890
57146;Coin-lès-Cuvry;5.8;29150
57147;Coin-sur-Seille;4.1;29650
45099;Coinces;1.6;24850
88111;Coinches;3.1;22680
54133;Coincourt;0.4;22640
2203;Coincy;2.5;20580
57145;Coincy;3.6;27530
36057;Coings;2.8;23470
2204;Coingt;2.3;
33131;Coirac;3.2;21110
69062;Coise;2.4;22830
73089;Coise-Saint-Jean-Pied-Gauthier;3;26070
39157;Coiserette;2.4;
70160;Coisevaux;2.1;27070
80202;Coisy;3.4;26660
17114;Coivert;2.4;19050
60158;Coivrel;2.8;24200
51157;Coizard-Joches;2.2;
47069;Colayrac-Saint-Cirq;4.4;21960
62230;Colembert;2.5;24250
1108;Coligny;3.1;23750
80203;Colincamps;2.9;
89112;Collan;4.1;21770
15052;Collandres;2.4;22690
27162;Collandres-Quincarnon;1.3;21600
63114;Collanges;3.7;21730
43075;Collat;0.4;
77121;Collégien;4.1;26810
89113;Collemiers;3.1;25380
59151;Colleret;4;22560
27163;Colletot;3.1;27400
76183;Colleville;3.6;22920
14166;Colleville-Montgomery;3.8;26130
14165;Colleville-sur-Mer;2.9;21450
30085;Collias;3.3;22440
2205;Colligis-Crandelain;1.5;22400
57148;Colligny-Maizery;3.3;28910
62231;Colline-Beaumont;5.1;24030
66053;Collioure;3.7;23370
83043;Collobrières;0.3;21650
71139;Collonge-en-Charollais;1.1;19140
71140;Collonge-la-Madeleine;1.6;
1109;Collonges;1.9;33820
69063;Collonges-au-Mont-d'Or;2.6;35240
21183;Collonges-et-Premières;2.3;24860
19057;Collonges-la-Rouge;2.7;23710
21182;Collonges-lès-Bévy;2.2;
74082;Collonges-sous-Salève;2;46700
6045;Collongues;0;
65151;Collongues;1.4;21760
29036;Collorec;1.7;18960
30086;Collorgues;4.1;23440
68066;Colmar;4.5;21120
4061;Colmars;7.8;20610
57149;Colmen;2.5;22860
58081;Colméry;0.7;22240
76184;Colmesnil-Manneville;4.1;25990
54134;Colmey;2.6;22480
52137;Colmier-le-Bas;1.5;
52138;Colmier-le-Haut;1.5;
30087;Colognac;0;19950
32106;Cologne;2.5;22300
6046;Colomars;4.8;28750
38118;Colombe;4.2;26360
10102;Colombé-la-Fosse;2.9;26300
10103;Colombé-le-Sec;2.6;26810
70162;Colombe-lès-Vesoul;4.6;26600
14167;Colombelles;5.5;19440
92025;Colombes;2.6;25100
52140;Colombey les Deux Églises;2.1;23000
54135;Colombey-les-Belles;4.2;22830
3081;Colombier;2.8;21280
21184;Colombier;1.9;
24126;Colombier;2.4;23010
42067;Colombier;1.7;22310
70163;Colombier;4.3;22820
71141;Colombier-en-Brionnais;3;22590
25159;Colombier-Fontaine;3.3;22690
7067;Colombier-le-Cardinal;2.2;25460
7068;Colombier-le-Jeune;0;21490
7069;Colombier-le-Vieux;2.7;20410
69299;Colombier-Saugnieu;3.4;27000
14168;Colombières;2.7;22660
34080;Colombières-sur-Orb;4.1;21320
17115;Colombiers;3.8;22900
18069;Colombiers;1.8;24050
34081;Colombiers;4.4;22970
61111;Colombiers;2.5;24020
86081;Colombiers;2.9;24350
53071;Colombiers-du-Plessis;3.5;20350
14169;Colombiers-sur-Seulles;4.4;25330
12068;Colombiès;1.7;19990
70152;Colombine;4.2;23250
70164;Colombotte;3;
50138;Colomby;3;23230
14014;Colomby-Anguerny;5.8;29170
31149;Colomiers;4.9;23690
1110;Colomieu;0.8;20800
23065;Colondannes;3.1;19750
2206;Colonfay;2.2;
39159;Colonne;2.4;23420
26099;Colonzelle;2.7;23960
56042;Colpo;3.7;22660
67076;Colroy-la-Roche;3.5;22860
28104;Coltainville;1.9;26600
15053;Coltines;4.9;21320
24364;Coly-Saint-Amand;1.9;21170
34082;Combaillaux;3;29020
30088;Combas;3;22500
70165;Combeaufontaine;3.2;20980
81068;Combefa;2.1;23080
24128;Comberanche-et-Épeluche;2.9;21390
70166;Comberjon;5.3;24460
82043;Comberouger;4;21390
21185;Combertault;4.6;28400
34083;Combes;2.6;21900
16103;Combiers;2.8;19710
21186;Comblanchien;2.9;24870
80204;Combles;2;20130
55120;Combles-en-Barrois;2.8;24810
35084;Comblessac;4.3;21300
45100;Combleux;1.7;33190
61113;Comblot;2.7;
74083;Combloux;5.5;27430
27164;Combon;2;24370
35085;Combourg;3.5;22720
35086;Combourtillé;2;21560
26100;Combovin;1.8;23910
63115;Combrailles;1.8;19650
79096;Combrand;1.6;21770
14171;Combray;3.4;22310
42068;Combre;3.3;23370
28105;Combres;1.2;21870
55121;Combres-sous-les-Côtes;3.1;24050
19058;Combressol;3.5;22150
12069;Combret;1;18980
45101;Combreux;1.1;25000
88113;Combrimont;4.1;19860
29037;Combrit;3.8;26210
63116;Combronde;4.3;23140
77122;Combs-la-Ville;2.7;24650
11095;Comigne;2.6;22100
59152;Comines;3.3;22310
29038;Commana;1.8;20170
21187;Commarin;2.5;22640
61114;Commeaux;4.3;23530
42069;Commelle-Vernay;2.4;24710
39160;Commenailles;3.7;20810
2207;Commenchon;1.9;23680
40085;Commensacq;4.2;21580
3082;Commentry;2.3;20330
95169;Commeny;2;28020
85071;Commequiers;2.3;21770
53072;Commer;1.9;23010
55122;Commercy;3.5;19120
72086;Commerveil;2.5;21720
14172;Commes;2.9;25230
69272;Communay;4.2;28770
63117;Compains;2.3;21970
76185;Compainville;5;20690
77123;Compans;2.8;26040
51160;Compertrix;3.9;24770
12070;Compeyre;1.6;24110
60159;Compiègne;3.6;21000
89115;Compigny;1.3;23740
12071;Compolibat;3.3;21590
12072;Comprégnac;1.4;23120
87047;Compreignac;3.2;23350
26101;Comps;5.1;20010
30089;Comps;4.2;22590
33132;Comps;3.5;24090
12073;Comps-la-Grand-Ville;2.1;22850
83044;Comps-sur-Artuby;4.7;19740
11096;Comus;2.3;
41057;Conan;1.2;24840
1111;Conand;0.8;21730
66054;Conat;1.8;
2A092;Conca;0.7;19850
29039;Concarneau;4.4;23590
2208;Concevreux;3;24070
19059;Concèze;2.9;20730
27165;Conches-en-Ouche;1.4;19880
77124;Conches-sur-Gondoire;2.5;31060
64192;Conchez-de-Béarn;3;
62233;Conchil-le-Temple;5.9;23380
60160;Conchy-les-Pots;2.6;23250
62234;Conchy-sur-Canche;3.3;21510
46072;Concorès;2.5;20960
56043;Concoret;2.9;20710
46073;Concots;2.4;18030
30090;Concoules;4.2;19430
36058;Concremiers;2.4;22540
18070;Concressault;2;22660
41058;Concriers;1.9;24200
16104;Condac;3.4;22090
71143;Condal;1.5;22280
1112;Condamine;2.1;25520
39162;Condamine;3.1;23850
15054;Condat;4.3;20110
46074;Condat;4.5;21100
63118;Condat-en-Combraille;4.2;18590
63119;Condat-lès-Montboissier;1.5;19480
19060;Condat-sur-Ganaveix;1.3;22750
24129;Condat-sur-Trincou;3;21360
24130;Condat-sur-Vézère;3.9;20960
87048;Condat-sur-Vienne;3.8;24810
36059;Condé;2.1;25080
2209;Condé-en-Brie;1.6;22080
14174;Condé-en-Normandie;3.5;20430
80205;Condé-Folie;4.2;21440
8128;Condé-lès-Autry;1.7;
8126;Condé-lès-Herpy;3.5;20800
57150;Condé-Northen;3.5;24850
77125;Condé-Sainte-Libiaire;1.1;29670
2210;Condé-sur-Aisne;3.2;22960
14173;Condé-sur-Ifs;3.7;22850
59153;Condé-sur-l'Escaut;4;16620
51161;Condé-sur-Marne;3.5;24740
27167;Condé-sur-Risle;3.1;23460
61117;Condé-sur-Sarthe;2.9;23130
14175;Condé-sur-Seulles;3.4;23100
2211;Condé-sur-Suippe;3.2;22530
78171;Condé-sur-Vesgre;1.3;30840
50139;Condé-sur-Vire;3.6;23390
95170;Condécourt;2.4;28300
1113;Condeissiat;1.7;23170
16105;Condéon;2.3;20470
39163;Condes;0.9;23470
52141;Condes;4.1;25950
62235;Condette;4.8;28750
47070;Condezaygues;2.3;20390
26102;Condillac;2.6;22480
32107;Condom;4;19750
12074;Condom-d'Aubrac;6;17980
26103;Condorcet;1.5;20200
2212;Condren;3.4;22270
69064;Condrieu;3.4;23490
70167;Conflandey;2.3;21980
54136;Conflans-en-Jarnisy;2.8;22130
78172;Conflans-Sainte-Honorine;2.5;27320
72087;Conflans-sur-Anille;1.4;23470
70168;Conflans-sur-Lanterne;2.2;21160
45102;Conflans-sur-Loing;2.5;27540
51162;Conflans-sur-Seine;2.7;21360
16106;Confolens;4;21030
19167;Confolent-Port-Dieu;0;
1114;Confort;1.8;30140
29145;Confort-Meilars;6.4;22300
70169;Confracourt;1.2;22270
1115;Confrançon;2.3;24350
72088;Congé-sur-Orne;2.5;22180
30091;Congénies;3.9;25310
91613;Congerville-Thionville;2;25570
77126;Congis-sur-Thérouanne;1.7;25660
53073;Congrier;2.1;19800
51163;Congy;1.1;25810
28106;Conie-Molitard;1.9;24100
11098;Conilhac-Corbières;4;20410
73091;Conjux;2.6;24840
72089;Conlie;4.1;21420
39164;Conliège;3.1;24060
12075;Connac;1.6;
43076;Connangles;3.1;17590
51164;Connantray-Vaurefroy;2.8;22180
51165;Connantre;2.8;22820
30092;Connaux;2.8;23720
24132;Conne-de-Labarde;2.3;23760
27168;Connelles;2.6;26010
72090;Connerré;2.2;21380
24131;Connezac;1.6;
2213;Connigis;3.1;22390
44044;Conquereuil;2;19990
12218;Conques-en-Rouergue;5.2;
11099;Conques-sur-Orbiel;2.9;21440
30093;Conqueyrac;5;
54137;Cons-la-Grandville;3.1;25740
17116;Consac;3.3;21270
6047;Conségudes;0;
55124;Consenvoye;3.2;22280
52142;Consigny;1.3;
25161;Consolation-Maisonnettes;0.3;
80206;Contalmaison;4.9;19860
74086;Contamine-Sarzin;1.4;37900
74087;Contamine-sur-Arve;4;35710
51166;Contault;1.1;
80207;Contay;4.2;22620
39165;Conte;2.8;
6048;Contes;3.6;24870
62236;Contes;2.7;21760
2214;Contescourt;2.3;
53074;Contest;1.8;23540
27169;Conteville;1.9;23330
60161;Conteville;3.9;
76186;Conteville;2.7;20870
80208;Conteville;2.7;19960
62238;Conteville-en-Ternois;2.8;
62237;Conteville-lès-Boulogne;5.1;25290
57151;Conthil;3.2;21720
3083;Contigny;3.5;22670
72091;Contilly;2.4;23070
37082;Continvoir;2.1;20870
9098;Contrazy;0.4;
80210;Contre;3;25840
17117;Contré;1.7;20880
70170;Contréglise;2.9;23780
76187;Contremoulins;2.6;26050
18071;Contres;1.9;
8130;Contreuve;2.1;
1116;Contrevoz;2.4;23210
88114;Contrexéville;5.1;21040
55125;Contrisson;6.5;22110
80211;Conty;3.9;22340
57152;Contz-les-Bains;2.4;30340
1117;Conzieu;0.8;22900
51167;Coole;1.9;23560
51168;Coolus;2.9;25500
74088;Copponex;3.8;46120
14177;Coquainvilliers;3.1;24240
62239;Coquelles;4.8;24230
28107;Corancez;2.7;26530
58082;Corancy;0;20890
29041;Coray;2.6;21930
2B093;Corbara;5.4;22870
82044;Corbarieu;3.8;23660
69273;Corbas;5.4;25250
62240;Corbehem;3.4;21780
51169;Corbeil;1.1;
60162;Corbeil-Cerf;1.4;26580
91174;Corbeil-Essonnes;2;18970
45103;Corbeilles;1.5;20300
73092;Corbel;0.1;23670
38124;Corbelin;2.8;23280
70171;Corbenay;3.5;20040
2215;Corbeny;4.2;22490
66055;Corbère;2.6;22600
64193;Corbère-Abères;2.8;
66056;Corbère-les-Cabanes;3;21840
21189;Corberon;2.6;26820
80212;Corbie;4.4;21720
11100;Corbières;1.4;
4063;Corbières-en-Provence;2.5;24550
58083;Corbigny;3.7;20820
61118;Corbon;3.1;26700
1118;Corbonod;1.1;27120
91175;Corbreuse;1.9;27530
25163;Corcelle-Mieslot;5.4;
69065;Corcelles-en-Beaujolais;2.8;25170
25162;Corcelles-Ferrières;5.8;24890
21190;Corcelles-les-Arts;3.2;26020
21191;Corcelles-lès-Cîteaux;2.8;26450
21192;Corcelles-les-Monts;2.8;29080
88115;Corcieux;4.5;20900
25164;Corcondray;6.3;24530
30095;Corconne;5.5;24270
44156;Corcoué-sur-Logne;3.5;21980
2216;Corcy;1.7;24090
14179;Cordebugle;2.1;23350
42070;Cordelle;0.6;22350
44045;Cordemais;1.8;24590
81069;Cordes-sur-Ciel;2.3;19430
82045;Cordes-Tolosannes;2;21870
71144;Cordesse;1.9;23430
14180;Cordey;4.7;22190
74089;Cordon;1.3;27650
70174;Cordonnet;1.6;24640
15055;Coren;3.6;22120
38126;Corenc;5;37560
63120;Corent;3.4;26450
51170;Corfélix;3;23480
21193;Corgengoux;2.7;26100
24134;Corgnac-sur-l'Isle;4.6;20630
21194;Corgoloin;3.7;25320
17118;Corignac;3;21290
22047;Corlay;2.2;20600
1121;Corlier;1.4;24470
28108;Cormainville;2;23770
71145;Cormatin;3.5;22130
17119;Corme-Écluse;3;21850
17120;Corme-Royal;3.4;23120
27170;Cormeilles;2.6;19460
60163;Cormeilles;5.5;22590
95176;Cormeilles-en-Parisis;2.7;28650
95177;Cormeilles-en-Vexin;1.4;27390
14181;Cormelles-le-Royal;6.3;23050
41060;Cormenon;0.8;20230
41061;Cormeray;2.8;23530
37083;Cormery;3.3;23340
72093;Cormes;2.4;23990
51171;Cormicy;2.7;25970
14182;Cormolain;1.9;21030
62241;Cormont;4;22230
51172;Cormontreuil;5.2;26120
1123;Cormoranche-sur-Saône;3.6;25480
10104;Cormost;1.6;25550
21195;Cormot-Vauchignon;2.7;22990
51173;Cormoyeux;2.8;27620
1124;Cormoz;2.3;23440
46075;Corn;1.7;22040
46076;Cornac;3.7;23060
89116;Cornant;2.1;23700
7070;Cornas;3.4;24510
8131;Cornay;3;
31150;Cornebarrieu;4.5;25600
34084;Corneilhan;3.9;22500
66057;Corneilla-de-Conflent;2.3;18980
66059;Corneilla-del-Vercol;4.4;22360
66058;Corneilla-la-Rivière;3.4;21830
32108;Corneillan;1;21700
27173;Corneville-la-Fouquetière;3.1;23540
27174;Corneville-sur-Risle;3.6;23270
74090;Cornier;2.7;33300
19061;Cornil;1.8;23460
26104;Cornillac;7;
24135;Cornille;3.9;25320
35087;Cornillé;3.6;23510
49107;Cornillé-les-Caves;1.8;23750
30096;Cornillon;3.4;23120
13029;Cornillon-Confoux;4.3;29130
38127;Cornillon-en-Trièves;3.7;22380
26105;Cornillon-sur-l'Oule;7;
88116;Cornimont;2.7;20340
39166;Cornod;1.8;23220
70175;Cornot;1.2;21140
12077;Cornus;1.2;20230
18072;Cornusse;0.9;19410
8132;Corny-Machéroménil;2.7;25430
57153;Corny-sur-Moselle;3.7;27320
49109;Coron;3.9;22360
85073;Corpe;3.6;22590
21196;Corpeau;3.6;23770
21197;Corpoyer-la-Chapelle;1.1;
38128;Corps;7.8;21360
35088;Corps-Nuds;3.4;23570
45104;Corquilleroy;1.7;22590
18073;Corquoy;2.2;22420
2A094;Corrano;1.1;
70176;Corravillers;1.8;18880
70177;Corre;3.6;20630
38129;Corrençon-en-Vercors;4.6;23590
83045;Correns;2.7;19240
19062;Corrèze;2;22380
51174;Corribert;0.9;
51175;Corrobert;4;22700
21198;Corrombles;3.4;22180
31151;Corronsac;4.8;32380
51176;Corroy;3.4;25300
21199;Corsaint;1.9;22230
66060;Corsavy;1.8;19020
2B095;Corscia;0;18710
44046;Corsept;2.4;24200
22048;Corseul;4.4;22910
71146;Cortambert;3.1;24490
2B096;Corte;5;20820
71147;Cortevaix;3.8;21390
45105;Cortrat;1.9;
1125;Corveissiat;2;24010
58084;Corvol-d'Embernard;0.6;23280
58085;Corvol-l'Orgueilleux;2.4;20880
49110;Corzé;3.4;23160
9099;Cos;4.4;25320
39167;Cosges;3.5;23660
64194;Coslédaà-Lube-Boast;1.3;21670
53075;Cosmes;2.7;22180
19063;Cosnac;2.4;26170
58086;Cosne-Cours-sur-Loire;3.1;21140
3084;Cosne-d'Allier;1.9;20910
54138;Cosnes-et-Romain;3.2;30790
58087;Cossaye;2.7;20510
53076;Cossé-en-Champagne;2.3;21260
53077;Cossé-le-Vivien;2;22070
14183;Cossesseville;3;23000
67077;Cosswiller;2.7;27520
2B097;Costa;0;
43077;Costaros;2.9;20800
39491;Coteaux du Lizon;2.8;23400
16046;Coteaux-du-Blanzacais;2.6;20870
37232;Coteaux-sur-Loire;2.6;21950
25166;Côtebrune;1.9;
2A098;Coti-Chiavari;2.4;25460
83046;Cotignac;1.4;22790
42073;Cottance;4;21560
80213;Cottenchy;3.6;28010
76188;Cottévrard;4.9;23050
14184;Cottun;4;25360
18074;Couargues;1.8;23000
77127;Coubert;1.4;26930
33133;Coubeyrac;2.6;
12079;Coubisou;4;21540
24136;Coubjours;2.4;20150
52145;Coublanc;3.3;22450
71148;Coublanc;1.6;21500
38133;Coublevie;3.2;29600
64195;Coublucq;3.8;20710
43078;Coubon;5.1;24440
93015;Coubron;2.3;27100
71149;Couches;2.2;24070
21200;Couchey;4.7;28040
7071;Coucouron;3.2;20350
8133;Coucy;3.7;21240
2219;Coucy-la-Ville;1.9;20440
2217;Coucy-le-Château-Auffrique;2.4;22120
2218;Coucy-lès-Eppes;2.7;22440
41062;Couddes;3.3;22550
61120;Coudehard;1.1;
59155;Coudekerque-Branche;3.9;20680
63121;Coudes;7.1;22930
50143;Coudeville-sur-Mer;4.4;24890
11101;Coudons;0;
13118;Coudoux;6.9;29730
27176;Coudray;2.9;21110
53078;Coudray;2.1;21630
28111;Coudray-au-Perche;1.9;22390
72094;Coudrecieux;1.8;20790
27177;Coudres;1.9;23910
45107;Coudroy;1.4;21810
60166;Coudun;4.2;25370
40086;Coudures;4.2;21860
31152;Coueilles;2.2;
44047;Couëron;3.3;24290
37084;Couesmes;2.5;21300
53079;Couesmes-Vaucé;2.3;18640
41248;Couëtron-au-Perche;1.2;22360
44048;Couffé;2.8;23500
11102;Couffoulens;3.3;21510
41063;Couffy;2.9;22050
19064;Couffy-sur-Sarsonne;1.5;
9100;Couflens;2.2;
81070;Coufouleux;3.3;23620
77128;Couilly-Pont-aux-Dames;2.6;28840
62242;Couin;2.5;
11103;Couiza;2.5;18500
31153;Couladère;3.8;22250
72095;Coulaines;3.9;19370
3085;Coulandon;4.4;25030
89117;Coulangeron;1.2;22470
3086;Coulanges;1.8;20820
89118;Coulanges-la-Vineuse;1.4;23360
58088;Coulanges-lès-Nevers;4.2;23010
89119;Coulanges-sur-Yonne;3.1;20360
72096;Coulans-sur-Gée;1.9;23900
24137;Coulaures;3.5;21230
3087;Couleuvre;1.5;18920
70179;Coulevon;4.6;23080
16107;Coulgens;3.4;21770
61121;Coulimer;3.2;22110
80214;Coullemelle;3.2;21000
62243;Coullemont;2.1;20840
45108;Coullons;1.8;22080
61122;Coulmer;2.6;
21201;Coulmier-le-Sec;2;21320
45109;Coulmiers;1.5;24110
34085;Coulobres;4.5;22510
62244;Coulogne;4.4;22290
60167;Couloisy;3.1;20830
86083;Coulombiers;4.6;22420
28113;Coulombs;2.5;26630
77129;Coulombs-en-Valois;1.1;24540
62245;Coulomby;1.8;22030
77130;Coulommes;2.2;25710
8134;Coulommes-et-Marqueny;3.6;
51177;Coulommes-la-Montagne;4.5;30500
77131;Coulommiers;2.5;21030
41065;Coulommiers-la-Tour;1.6;23860
79100;Coulon;3.2;25270
61123;Coulonces;1.7;22470
72098;Coulongé;2.1;22330
16108;Coulonges;3.7;20890
17122;Coulonges;3.2;24730
2220;Coulonges-Cohan;2.1;22040
86084;Coulonges-les-Hérolles;0.5;19910
79101;Coulonges-sur-l'Autize;1.5;22130
61126;Coulonges-sur-Sarthe;4.1;20200
79102;Coulonges-Thouarsais;2;21330
80215;Coulonvillers;2.5;20620
32109;Couloumé-Mondebat;2.5;19560
24138;Coulounieix-Chamiers;4.1;22030
89120;Coulours;1.2;21860
58089;Couloutre;0.9;22510
50144;Coulouvray-Boisbenâtre;1.8;18070
47071;Coulx;0.4;19810
57154;Coume;2.9;24290
11104;Counozouls;0;
62246;Coupelle-Neuve;2.4;19980
62247;Coupelle-Vieille;3;20690
51178;Coupetz;1.3;
51179;Coupéville;1;23300
12080;Coupiac;1.2;18710
52146;Coupray;6.3;22260
2221;Coupru;2.2;24820
53080;Couptrain;2.2;17670
77132;Coupvray;1.8;30190
33134;Couquèques;2.4;21170
41067;Cour-Cheverny;3.2;25620
38134;Cour-et-Buis;2.1;25410
52151;Cour-l'Évêque;5;22100
61050;Cour-Maugis sur Huisne;3.6;22610
25173;Cour-Saint-Maurice;1.5;24530
41069;Cour-sur-Loire;2.1;27780
91180;Courances;2.5;33100
17124;Courant;2.2;20600
21202;Courban;2.8;23440
28114;Courbehaye;1.9;22870
27179;Courbépine;3.3;24100
2222;Courbes;2.6;
54139;Courbesseaux;2.5;26650
39168;Courbette;2.6;
53082;Courbeveille;1.5;21350
92026;Courbevoie;3.8;32080
47072;Courbiac;1.8;
16109;Courbillac;2.1;22070
2223;Courboin;2.5;21900
39169;Courbouzon;3.8;26580
41066;Courbouzon;2.7;24360
3088;Courçais;0.7;18370
37085;Courçay;3.2;26000
72099;Courcebœufs;2.8;22260
80216;Courcelette;4.8;21480
17125;Courcelles;3;23280
25171;Courcelles;2.9;
54140;Courcelles;3.2;
58090;Courcelles;1;22460
90027;Courcelles;1.2;31940
80217;Courcelles-au-Bois;2.3;
57155;Courcelles-Chaussy;3.6;25940
37086;Courcelles-de-Touraine;3.8;21730
55127;Courcelles-en-Barrois;2.6;
77133;Courcelles-en-Bassée;1.4;25930
52147;Courcelles-en-Montagne;1.8;22500
60168;Courcelles-Epayelles;2.7;22300
21203;Courcelles-Frémoy;3.1;23780
72100;Courcelles-la-Forêt;2.4;23080
62248;Courcelles-le-Comte;3.8;23350
45110;Courcelles-le-Roi;1.1;22800
60169;Courcelles-lès-Gisors;2.1;25840
62249;Courcelles-lès-Lens;5.7;18890
21204;Courcelles-lès-Montbard;3.2;
25170;Courcelles-lès-Montbéliard;3.3;24560
21205;Courcelles-lès-Semur;3.8;23780
51181;Courcelles-Sapicourt;2.5;28710
88117;Courcelles-sous-Châtenois;3.4;
80218;Courcelles-sous-Moyencourt;3.8;24620
80219;Courcelles-sous-Thoix;2.8;
55128;Courcelles-sur-Aire;5.9;
52149;Courcelles-sur-Blaise;4.8;
57156;Courcelles-sur-Nied;3.8;26740
27180;Courcelles-sur-Seine;2.4;23390
2224;Courcelles-sur-Vesle;3.4;21440
95181;Courcelles-sur-Viosne;2.7;29680
10105;Courcelles-sur-Voire;4;
51182;Courcemain;1.8;
72101;Courcemont;2.7;21590
17126;Courcerac;3.2;21960
10106;Courceroy;2.9;24730
77134;Courchamp;1.8;25580
2225;Courchamps;0.8;
49113;Courchamps;3.8;22010
25172;Courchapon;4.4;24350
59156;Courchelettes;3.3;21750
73227;Courchevel;5.7;23170
53083;Courcité;2.2;21190
72102;Courcival;1.9;
16110;Courcôme;3.8;20030
17127;Courçon;3.7;21530
37087;Courcoué;3.1;23150
17128;Courcoury;4.2;23730
70181;Courcuire;3.3;22230
14190;Courcy;2.2;21850
50145;Courcy;3.6;21230
51183;Courcy;4.4;26230
45111;Courcy-aux-Loges;1.2;24670
27181;Courdemanche;1.4;25540
72103;Courdemanche;2.2;22200
51184;Courdemanges;4.2;22510
95183;Courdimanche;2.1;26460
91184;Courdimanche-sur-Essonne;2.2;29730
31155;Couret;3.3;22190
72104;Courgains;2.6;19970
16111;Courgeac;3.2;20550
72105;Courgenard;2.5;24350
89122;Courgenay;1.3;21290
78185;Courgent;1.1;32110
61129;Courgeon;3;22640
61130;Courgeoût;3.9;23690
89123;Courgis;1.9;27460
51185;Courgivaux;1.3;20180
63122;Courgoul;2.5;
51186;Courjeonnet;0.7;
16112;Courlac;2.8;
51187;Courlandon;3.1;24720
39170;Courlans;4.8;22520
39171;Courlaoux;4.3;23220
79103;Courlay;3.6;20860
49114;Courléon;2.5;20270
21207;Courlon;2.1;
89124;Courlon-sur-Yonne;0.9;23520
1127;Courmangoux;2.5;24080
51188;Courmas;3.8;27100
2226;Courmelles;3.7;22730
41068;Courmemin;1.5;20410
6049;Courmes;0.2;19450
2227;Courmont;3;22630
70182;Courmont;2.1;23420
11105;Cournanel;2.8;21970
34086;Courniou;5.9;19670
63123;Cournols;1.3;24360
56044;Cournon;2.4;22340
63124;Cournon-d'Auvergne;4.8;23720
34087;Cournonsec;3.1;24160
34088;Cournonterral;3.7;22850
55129;Courouvre;5.7;
77135;Courpalay;2.2;26530
33135;Courpiac;3.6;22240
63125;Courpière;2.5;20580
17129;Courpignac;2.4;21820
77136;Courquetaine;1.5;32790
32110;Courrensan;3.7;21660
62250;Courrières;5.2;20310
81071;Courris;1;
30097;Courry;3.8;21650
47073;Cours;3.1;23100
69066;Cours;1.5;21050
79104;Cours;1.9;23950
33136;Cours-de-Monségur;3.9;20420
24140;Cours-de-Pile;3.7;22390
33137;Cours-les-Bains;5.2;19630
18075;Cours-les-Barres;2.8;22720
24139;Coursac;2.4;24550
11106;Coursan;4.6;20550
10107;Coursan-en-Othe;3.4;
6050;Coursegoules;2.7;21460
62251;Courset;2.9;21910
14191;Courseulles-sur-Mer;3.6;23280
89125;Courson-les-Carrières;1.7;21090
91186;Courson-Monteloup;2.3;32560
77137;Courtacon;1.3;21940
51190;Courtagnon;1.8;
10108;Courtaoult;2.9;
11107;Courtauly;0.7;
68067;Courtavon;1.2;28270
25174;Courtefontaine;0.7;29490
39172;Courtefontaine;3.8;23520
27182;Courteilles;2.9;22900
19065;Courteix;2.8;
90028;Courtelevant;1.9;27130
80220;Courtemanche;3.9;21130
45113;Courtemaux;1.1;22890
51191;Courtémont;2.1;
2228;Courtemont-Varennes;4.3;21750
45114;Courtempierre;1.4;25910
38135;Courtenay;2.4;24680
45115;Courtenay;1.4;20910
10109;Courtenot;2;24180
10110;Courteranges;1.4;25190
10111;Courteron;3.5;27330
1128;Courtes;2.1;22520
70183;Courtesoult-et-Gatey;3.6;
25175;Courtetain-et-Salans;1.1;
60170;Courteuil;3.1;34080
84039;Courthézon;4.3;22150
51192;Courthiézy;3.2;24590
32111;Courties;3.3;
60171;Courtieux;2.4;24380
72106;Courtillers;2.4;22800
50146;Courtils;2.4;21260
51193;Courtisols;2.1;25780
21208;Courtivron;1.2;24130
89126;Courtoin;1.2;
89127;Courtois-sur-Yonne;3;24680
61133;Courtomer;3.6;21840
77138;Courtomer;1.8;27640
14193;Courtonne-la-Meurdrac;2.4;23470
14194;Courtonne-les-Deux-Églises;2.4;22120
2229;Courtrizy-et-Fussigny;3;
77139;Courtry;3.4;26930
14195;Courvaudon;3.5;21890
25176;Courvières;2.9;26530
51194;Courville;2.4;24430
28116;Courville-sur-Eure;1.8;22300
69067;Courzieu;2.1;22530
39173;Cousance;1.8;20760
55132;Cousances-les-Forges;2.1;21700
55518;Cousances-lès-Triconville;0.8;20780
59157;Cousolre;2;20440
9101;Coussa;4;23090
87049;Coussac-Bonneval;3.2;20580
65153;Coussan;1.2;26200
86085;Coussay;3;21390
86086;Coussay-les-Bois;2;22350
10112;Coussegrey;2.4;21150
88118;Coussey;2.9;21380
18076;Coust;2.6;20080
11109;Coustaussa;1.9;
11110;Coustouge;1.8;18270
66061;Coustouges;5.5;16630
50147;Coutances;4.1;20280
3089;Coutansouze;1.3;20270
89128;Coutarnoux;2.9;23500
77140;Coutençon;1.8;26040
9102;Coutens;2.6;17250
21209;Couternon;4.8;29080
43079;Couteuges;4.2;21820
77141;Coutevroult;2.4;27100
70184;Couthenans;2.8;23170
47074;Couthures-sur-Garonne;3;18850
59158;Coutiches;5.8;27150
42074;Coutouvre;1.3;22660
33138;Coutras;3.1;20730
16114;Couture;3.2;20110
79106;Couture-d'Argenson;2.4;20350
62253;Couturelle;2.2;
24141;Coutures;2.2;21550
33139;Coutures;3.4;
82046;Coutures;3.5;
50148;Couvains;2.5;22610
55133;Couvertpuis;1.2;
10113;Couvignon;1.5;23690
50149;Couville;3.3;25630
55134;Couvonges;6.1;25070
2230;Couvrelles;2.9;21890
2231;Couvron-et-Aumencourt;1.9;20170
51195;Couvrot;3.6;23990
7072;Coux;2.2;24650
17130;Coux;2.2;19790
24142;Coux et Bigaroque-Mouzens;4.6;21920
18077;Couy;0.8;21200
24143;Couze-et-Saint-Front;3.3;21160
87050;Couzeix;4.1;24820
37088;Couziers;1.2;21210
3090;Couzon;2.3;19430
69068;Couzon-au-Mont-d'Or;2.5;28290
46078;Couzou;1.8;
31156;Cox;1.2;22860
60172;Coye-la-Forêt;2.3;32080
62254;Coyecques;3.6;20340
2232;Coyolles;2.5;22930
39174;Coyrière;1.7;
39175;Coyron;6.1;
54141;Coyviller;1.6;27470
17131;Cozes;2.7;20860
2A099;Cozzano;3.3;20680
56046;Crach;5.3;25590
38136;Crachier;3.6;26560
89129;Crain;3.1;21100
57158;Craincourt;3.6;24450
42075;Craintilleux;3.9;25200
88119;Crainvilliers;4.1;21630
17132;Cram-Chaban;3.9;21800
2233;Cramaille;2.8;22370
39176;Cramans;5.5;22290
51196;Cramant;3.3;25430
61137;Craménil;2.3;22640
60173;Cramoisy;2;25170
80221;Cramont;1.8;21660
9103;Crampagna;5.5;23030
10114;Crancey;3.2;20870
15056;Crandelles;3.5;24060
72107;Crannes-en-Champagne;2.4;24980
1129;Crans;1.4;26820
39178;Crans;3;
12083;Cransac;3.3;18880
54142;Crantenoy;5;24860
74094;Cranves-Sales;3.8;36420
53084;Craon;3.1;21610
86087;Craon;3.9;19030
2234;Craonne;2.7;
2235;Craonnelle;2.2;20300
60174;Crapeaumesnil;2;21500
69069;Craponne;3.3;27380
43080;Craponne-sur-Arzon;3.1;20800
38137;Cras;2.1;26240
46079;Cras;0.5;
67078;Crastatt;4.1;24410
32112;Crastes;1.5;22150
27184;Crasville;2.2;25810
50150;Crasville;3.2;22630
76189;Crasville-la-Mallet;3.4;26440
76190;Crasville-la-Rocquefort;3.2;20770
90029;Cravanche;3.7;23880
17133;Cravans;3.1;21200
45116;Cravant;1.1;24070
37089;Cravant-les-Côteaux;3.7;23210
32113;Cravencères;3.5;
78188;Cravent;1.7;26910
46080;Crayssac;3;24420
59159;Craywick;3.1;23240
17134;Crazannes;3.7;21950
50151;Créances;2.6;21150
21210;Créancey;3.3;22750
21211;Crécey-sur-Tille;5.2;27040
71150;Crêches-sur-Saône;3.9;23470
65154;Créchets;1.1;
3091;Créchy;3.3;22140
2236;Crécy-au-Mont;1.6;20610
28117;Crécy-Couvé;1.9;23650
80222;Crécy-en-Ponthieu;2.7;20220
77142;Crécy-la-Chapelle;2.4;26890
2237;Crécy-sur-Serre;2.6;20300
56047;Crédin;2.2;21770
46081;Crégols;1.5;
77143;Crégy-lès-Meaux;2.8;24800
57159;Créhange;2.3;21460
22049;Créhen;3.1;22420
60175;Creil;3.7;15440
34089;Creissan;2.8;21720
12084;Creissels;4.6;21850
62255;Crémarest;3.9;23890
42076;Cremeaux;1.4;21280
80223;Crémery;4.4;25520
38138;Crémieu;2.6;24360
74095;Crempigny-Bonneguête;1.2;29370
46082;Cremps;2.6;23040
39179;Crenans;4.5;26140
10115;Creney-près-Troyes;5.4;25060
53085;Crennes-sur-Fraubée;2.1;23510
33140;Créon;3.6;22410
40087;Créon-d'Armagnac;2.1;19580
71151;Créot;3.4;
21212;Crépand;4;22490
54143;Crépey;2.6;23650
26107;Crépol;2;23090
14196;Crépon;3.4;25810
2238;Crépy;2.3;20740
62256;Crépy;2.3;19800
60176;Crépy-en-Valois;3.3;23100
62257;Créquy;2.4;21770
70185;Cresancey;3.7;20670
10116;Crésantignes;2.1;23900
30098;Crespian;2.9;24150
78189;Crespières;1.8;37670
12085;Crespin;3.9;19300
59160;Crespin;3.3;18560
81072;Crespin;1.5;
81073;Crespinet;1.1;22500
10117;Crespy-le-Neuf;3.4;22710
3092;Cressanges;2.1;22080
23068;Cressat;3;21240
17135;Cressé;2.7;18300
46083;Cressensac-Sarrazac;2.8;21910
14197;Cresserons;4.6;28250
14198;Cresseveuille;2.3;22950
39180;Cressia;0.8;21410
1133;Cressin-Rochefort;4.1;23660
60177;Cressonsacq;2.3;25550
80224;Cressy-Omencourt;3.5;22680
71152;Cressy-sur-Somme;3.2;19830
26108;Crest;3.4;20500
73094;Crest-Voland;6.3;22960
84040;Crestet;3.4;21580
27185;Crestot;2.5;24180
94028;Créteil;5.1;21270
38439;Crêts en Belledonne;3.5;24890
14200;Creully sur Seulles;3.9;24040
80225;Creuse;4.2;32440
57160;Creutzwald;3.3;19470
3093;Creuzier-le-Neuf;3.7;24310
3094;Creuzier-le-Vieux;2.9;25400
70187;Crevans-et-la-Chapelle-lès-Granges;2.6;20870
36060;Crevant;2.1;20190
63128;Crevant-Laveine;3.3;21730
54144;Crévéchamps;2.1;25570
77144;Crèvecœur-en-Brie;1.4;27290
60178;Crèvecœur-le-Grand;3.6;20500
60179;Crèvecœur-le-Petit;3.8;22420
59161;Crèvecœur-sur-l'Escaut;4.2;23920
70188;Creveney;1.9;
54145;Crévic;3.2;24690
35090;Crevin;4.3;24190
5044;Crévoux;0;21440
38139;Creys-Mépieu;1.4;24340
24144;Creyssac;1.4;
24145;Creysse;3.5;22110
46084;Creysse;2.4;21110
7074;Creysseilles;0.8;25590
24146;Creyssensac-et-Pissot;1.7;23010
18078;Crézançay-sur-Cher;1.6;
2239;Crézancy;4.2;20650
18079;Crézancy-en-Sancerre;2;26080
54146;Crézilles;4.6;24150
14202;Cricquebœuf;3.1;28340
14203;Cricqueville-en-Auge;3.5;26190
14204;Cricqueville-en-Bessin;1.7;22710
76192;Criel-sur-Mer;2.1;22720
60180;Crillon;2.8;23280
84041;Crillon-le-Brave;2.9;25600
54147;Crion;2.7;22230
76194;Criquebeuf-en-Caux;2.6;23740
27187;Criquebeuf-la-Campagne;2.2;25940
27188;Criquebeuf-sur-Seine;6.2;26250
76196;Criquetot-l'Esneval;2.4;24020
76195;Criquetot-le-Mauconduit;1.9;20380
76197;Criquetot-sur-Longueville;3.7;25860
76198;Criquetot-sur-Ouville;3.2;24110
76199;Criquiers;3;20720
77145;Crisenoy;2.2;28400
60181;Crisolles;3;22400
37090;Crissay-sur-Manse;4;21140
72109;Crissé;4.7;22240
39182;Crissey;3.7;24540
71154;Crissey;3.3;24110
2A100;Cristinacce;0;
14205;Cristot;3.4;23420
16116;Criteuil-la-Magdeleine;2.6;21500
76200;Critot;4.4;24310
2B101;Croce;2.8;
59162;Crochte;3.6;26550
2B102;Crocicchia;0;
23069;Crocq;3.4;18570
14206;Crocy;3.9;20810
67079;Crœttwiller;4;25490
33141;Croignon;3.4;26650
62258;Croisette;4.6;23480
14207;Croisilles;2.4;23210
28118;Croisilles;2.1;28940
61138;Croisilles;1.9;21570
62259;Croisilles;2.8;21820
54148;Croismare;4.2;23360
77146;Croissy-Beaubourg;3.9;30400
60183;Croissy-sur-Celle;3.7;24470
78190;Croissy-sur-Seine;2.1;38780
18080;Croisy;1.4;21060
76201;Croisy-sur-Andelle;3.5;21980
27190;Croisy-sur-Eure;1.3;29650
59163;Croix;6.8;23360
90030;Croix;1.4;28650
59164;Croix-Caluyau;3.9;23580
17136;Croix-Chapeau;3.2;24680
62260;Croix-en-Ternois;4.4;20980
2240;Croix-Fonsomme;2.5;21140
76203;Croix-Mare;3.8;24330
80226;Croix-Moligneaux;2.9;20030
76202;Croixdalle;3.3;20340
80227;Croixrault;3;22800
42077;Croizet-sur-Gand;3.6;21240
38140;Crolles;3.6;28760
50155;Crollon;2.8;21700
87053;Cromac;1.6;19510
70189;Cromary;6;23110
71155;Cronat;1.3;19440
43082;Cronce;0;
76204;Cropus;3.5;22050
30099;Cros;2.3;19980
63129;Cros;3.4;20900
7075;Cros-de-Géorand;1.1;15820
15057;Cros-de-Montvert;0.8;18250
15058;Cros-de-Ronesque;0;19760
25177;Crosey-le-Grand;2.3;22100
25178;Crosey-le-Petit;2.7;21590
72110;Crosmières;3.1;22120
91191;Crosne;2.4;26280
44050;Crossac;2.5;23370
18081;Crosses;1.9;23600
27192;Crosville-la-Vieille;2.2;25740
50156;Crosville-sur-Douve;2.4;
76205;Crosville-sur-Scie;4.2;23960
37092;Crotelles;3.2;23830
39183;Crotenay;2.5;24370
27193;Croth;1.9;23590
5045;Crots;6.5;21370
45118;Crottes-en-Pithiverais;1.8;23330
1134;Crottet;4.1;24310
14209;Crouay;3.4;23630
64196;Crouseilles;1.6;21620
86088;Croutelle;5.6;25000
60184;Croutoy;2.2;25490
61139;Crouttes;1.6;21700
2242;Crouttes-sur-Marne;1.5;23730
2243;Crouy;4.6;20820
60185;Crouy-en-Thelle;1.9;27700
80229;Crouy-Saint-Pierre;5;24090
41071;Crouy-sur-Cosson;2.8;23260
77148;Crouy-sur-Ourcq;1.5;23830
25180;Crouzet-Migette;2.7;21910
37093;Crouzilles;3.4;21850
23070;Crozant;1.7;18720
23071;Croze;2.8;19200
26110;Crozes-Hermitage;2.7;27100
1135;Crozet;1.5;44040
29042;Crozon;5.6;23350
36061;Crozon-sur-Vauvre;1;18550
7076;Cruas;1.9;22970
28120;Crucey-Villages;2.7;23870
41072;Crucheray;2.9;24680
73096;Cruet;2.2;26450
21214;Crugey;2.8;21070
51198;Crugny;2.5;24770
56051;Cruguel;2.6;20960
4065;Cruis;1.9;20490
61140;Crulai;2.4;23730
26111;Crupies;2.9;
2244;Crupilly;2.1;
11111;Cruscades;3.6;20190
74096;Cruseilles;3;34800
54149;Crusnes;3.9;25710
30100;Cruviers-Lascours;2.6;22660
58092;Crux-la-Ville;3;20710
71156;Cruzille;2.9;22860
1136;Cruzilles-lès-Mépillat;2.4;25850
34092;Cruzy;2.2;19610
89131;Cruzy-le-Châtel;3;21110
89132;Cry;2.6;20030
43083;Cubelles;0;21280
48053;Cubières;5.8;18680
11112;Cubières-sur-Cinoble;2.7;
48054;Cubiérettes;5.8;
24147;Cubjac-Auvézère-Val d'Ans;1.4;21580
19066;Cublac;2.4;22310
69070;Cublize;2.1;22890
33142;Cubnezais;3.9;22480
25181;Cubrial;4.3;23320
25182;Cubry;4.1;
70190;Cubry-lès-Faverney;1.9;22450
33143;Cubzac-les-Ponts;4.1;23010
51199;Cuchery;2.8;25400
62261;Cucq;6.8;23240
11113;Cucugnan;3;21360
84042;Cucuron;2.9;22920
33144;Cudos;4;22100
89133;Cudot;1.2;21250
6052;Cuébris;7.7;18460
32114;Cuélas;3.3;20720
83049;Cuers;4.6;23860
2245;Cuffies;3.1;21430
18082;Cuffy;2.4;23900
85076;Cugand-la-Bernardière;4.3;24350
13030;Cuges-les-Pins;1.4;25090
31157;Cugnaux;3.5;23980
70192;Cugney;3.1;25320
2246;Cugny;2.4;21670
35092;Cuguen;3.1;21600
31158;Cuguron;2.4;22570
86089;Cuhon;3.1;20230
60186;Cuignières;2.3;25620
60187;Cuigy-en-Bray;1.6;22850
53088;Cuillé;2.5;21590
62262;Cuinchy;4.5;22700
59165;Cuincy;5.1;23000
42079;Cuinzier;2.4;21780
2248;Cuirieux;1.6;18830
2249;Cuiry-Housse;2.6;23420
2250;Cuiry-lès-Chaudardes;2.2;
2251;Cuiry-lès-Iviers;3;
51200;Cuis;4.1;26970
60188;Cuise-la-Motte;2.9;21720
71157;Cuiseaux;2.2;22620
21215;Cuiserey;2.4;25050
71158;Cuisery;2.2;22050
39185;Cuisia;2.1;22490
51201;Cuisles;3.5;26550
61141;Cuissai;2.1;25460
2252;Cuissy-et-Geny;1.5;
55137;Cuisy;1.3;
77150;Cuisy;2.3;26400
2253;Cuisy-en-Almont;2.4;24260
18083;Culan;1.8;18560
21216;Culètre;5.2;
55138;Culey;2.5;23870
14211;Culey-le-Patry;2.7;22170
63131;Culhat;3.4;23390
38141;Culin;3.4;27200
71159;Culles-les-Roches;2.4;24080
52155;Culmont;3.3;22750
1138;Culoz-Béon;3.5;21730
70193;Cult;3.4;23470
48055;Cultures;1.3;21750
51202;Cumières;3.7;26900
55139;Cumières-le-Mort-Homme;N/A - résultat non disponible;
11114;Cumiès;3;
82047;Cumont;4.8;
81074;Cunac;4.3;24140
58093;Cuncy-lès-Varzy;1.1;22860
24148;Cunèges;2.3;21640
55140;Cunel;2.8;
90031;Cunelières;1.9;26710
10119;Cunfin;0.3;22800
63132;Cunlhat;5;19640
51203;Cuperly;2.9;26660
47076;Cuq;1.4;23350
81075;Cuq;3.8;22090
81076;Cuq-Toulza;1.7;22200
64197;Cuqueron;3;27620
16117;Curac;1.1;19770
12307;Curan;3.2;21130
4066;Curbans;3.4;23750
71160;Curbigny;2.1;23840
86090;Curçay-sur-Dive;1.7;20180
80230;Curchy;4.6;20540
1139;Curciat-Dongalon;1.7;19790
71161;Curdin;1.4;23500
4067;Curel;0.5;
52156;Curel;3.3;20530
19067;Curemonte;3.1;22360
72111;Cures;2.8;24890
59166;Curgies;6.6;26200
71162;Curgy;2.8;24770
73097;Curienne;1.8;26620
12088;Curières;4.8;20990
69071;Curis-au-Mont-d'Or;2.8;33160
21217;Curley;2.6;24160
80231;Curlu;3.5;21820
52157;Curmont;2.5;
26112;Curnier;1.5;20270
33145;Cursan;3.7;26030
1140;Curtafond;2;26220
21218;Curtil-Saint-Seine;0.3;26420
71163;Curtil-sous-Buffières;1.8;
71164;Curtil-sous-Burnand;3;23350
21219;Curtil-Vergy;2.2;28240
81077;Curvalle;1.9;17700
86091;Curzay-sur-Vonne;2.4;21190
85077;Curzon;2.8;19900
25183;Cusance;1.7;
25184;Cuse-et-Adrisans;5.5;21230
52158;Cusey;0.7;24580
15059;Cussac;4.3;19630
87054;Cussac;3.3;18760
33146;Cussac-Fort-Médoc;4.8;21490
43084;Cussac-sur-Loire;2.9;23410
10120;Cussangy;1.7;21850
37094;Cussay;3.7;23130
3095;Cusset;4;20770
21220;Cussey-les-Forges;1.9;23840
25186;Cussey-sur-l'Ognon;3.1;25140
25185;Cussey-sur-Lison;1.8;
14214;Cussy;4;26360
71165;Cussy-en-Morvan;1.9;18960
21221;Cussy-la-Colonne;3.6;
21222;Cussy-le-Châtel;6.1;21630
89134;Cussy-les-Forges;5.2;22660
54150;Custines;6.2;23050
74097;Cusy;3.5;29170
2254;Cutry;1.4;24460
54151;Cutry;3.4;29290
60189;Cuts;2.2;24150
57161;Cutting;3.4;24010
2A103;Cuttoli-Corticchiato;1.9;25510
74098;Cuvat;5.1;42430
70194;Cuve;3.4;20530
60190;Cuvergnon;1.7;24640
14215;Cuverville;3.4;23550
27194;Cuverville;2.2;22380
76206;Cuverville;2.2;26250
76207;Cuverville-sur-Yères;2.6;23630
50158;Cuves;1.5;19110
52159;Cuves;1.9;
39187;Cuvier;2.7;25590
59167;Cuvillers;3;24790
60191;Cuvilly;3.1;22150
57162;Cuvry;5.5;29170
11115;Cuxac-Cabardès;3.2;19820
11116;Cuxac-d'Aude;5.2;20520
60192;Cuy;2.7;21990
89136;Cuy;3;23020
76208;Cuy-Saint-Fiacre;2;22920
46085;Cuzac;2.8;20080
46086;Cuzance;3.6;22720
1141;Cuzieu;4.6;25670
42081;Cuzieu;3.5;25290
36062;Cuzion;2;20400
47077;Cuzorn;3;19710
71166;Cuzy;5.9;21440
2255;Cys-la-Commune;2.2;20660
59168;Cysoing;4.2;27570
91198;D'Huison-Longueville;2.7;27620
57163;Dabo;2.3;23020
67080;Dachstein;4.5;27120
45119;Dadonville;1.5;23680
24150;Daglan;2.2;22150
1142;Dagneux;3.6;25320
77151;Dagny;2.4;25270
2256;Dagny-Lambercy;3.9;20490
55141;Dagonville;1.8;
67081;Dahlenheim;4.1;26740
33147;Daignac;3.4;22800
8136;Daigny;3.2;23430
52160;Daillancourt;2.3;
52161;Daillecourt;2.5;
62263;Dainville;4.2;24790
55142;Dainville-Bertheléville;2.1;21260
21223;Daix;3.3;33340
57165;Dalem;1.3;25180
57166;Dalhain;2.7;
67082;Dalhunden;2.7;25460
2257;Dallon;3.7;27180
9104;Dalou;5.3;22510
57167;Dalstein;3;25350
6053;Daluis;0.4;16980
88121;Damas-aux-Bois;1.7;23070
88122;Damas-et-Bettegney;3.3;23370
47078;Damazan;3.1;20400
67083;Dambach;1.8;23650
67084;Dambach-la-Ville;4.8;25480
25187;Dambelin;2.4;25200
25188;Dambenois;4.4;27770
70195;Dambenoît-lès-Colombe;1.2;21050
88123;Damblain;4.2;20400
14216;Damblainville;4.8;22810
28121;Dambron;2.3;
61142;Dame-Marie;2.5;24970
37095;Dame-Marie-les-Bois;2.7;23320
54152;Damelevières;2.4;23270
60193;Daméraucourt;2.8;23510
71167;Damerey;2.2;23110
51204;Damery;3;24970
80232;Damery;4.6;21170
56052;Damgan;2.5;26070
81078;Damiatte;3.2;21040
61143;Damigny;3.5;24730
55143;Damloup;3;26890
2258;Dammard;1.9;22140
28122;Dammarie;2.1;25700
45120;Dammarie-en-Puisaye;2.4;21150
77152;Dammarie-les-Lys;1.7;20310
45121;Dammarie-sur-Loing;1.6;22420
55144;Dammarie-sur-Saulx;1.5;21810
77153;Dammartin-en-Goële;2.8;25560
78192;Dammartin-en-Serve;1.2;25440
25189;Dammartin-les-Templiers;3.7;24340
39188;Dammartin-Marpain;4;22950
52162;Dammartin-sur-Meuse;3.2;20190
77154;Dammartin-sur-Tigeaux;1.6;27550
59169;Damousies;3.2;19920
8137;Damouzy;4.5;26860
39189;Damparis;4;22040
10121;Dampierre;1.1;22750
39190;Dampierre;5.2;23590
52163;Dampierre;3.9;22550
76209;Dampierre-en-Bray;2.4;21960
71168;Dampierre-en-Bresse;1.3;20560
45122;Dampierre-en-Burly;2.2;24770
18084;Dampierre-en-Crot;1.9;22340
18085;Dampierre-en-Graçay;1.8;22020
21224;Dampierre-en-Montagne;2.7;
78193;Dampierre-en-Yvelines;2.5;35130
21225;Dampierre-et-Flée;3;23440
51206;Dampierre-le-Château;0.8;21200
25190;Dampierre-les-Bois;3.3;25710
70196;Dampierre-lès-Conflans;1.2;21550
76210;Dampierre-Saint-Nicolas;3.8;21840
58094;Dampierre-sous-Bouhy;3.2;19680
28123;Dampierre-sous-Brou;2;21830
28124;Dampierre-sur-Avre;1.8;24570
17138;Dampierre-sur-Boutonne;2;21940
25191;Dampierre-sur-le-Doubs;3.6;22590
70197;Dampierre-sur-Linotte;2;22260
51208;Dampierre-sur-Moivre;0.9;27550
70198;Dampierre-sur-Salon;3.7;22720
25192;Dampjoux;2.3;25210
2259;Dampleux;2.3;25610
77155;Dampmart;0.9;26590
19068;Dampniat;1;24080
25193;Damprichard;2.1;28300
70199;Dampvalley-lès-Colombe;4.3;22340
70200;Dampvalley-Saint-Pancras;3;
54153;Dampvitoux;3.8;
52164;Damrémont;2.4;21140
55145;Damvillers;3.8;20510
85078;Damvix;2.8;21250
52165;Dancevoir;3.9;23560
76211;Dancourt;3.7;20300
80233;Dancourt-Popincourt;2.8;24090
28126;Dancy;1.2;24280
14218;Danestal;3.1;22590
86092;Dangé-Saint-Romain;1.7;21640
28127;Dangeau;2.7;22940
28128;Dangers;2.1;24540
72112;Dangeul;2.8;21560
67085;Dangolsheim;4.3;28030
27199;Dangu;2.5;24350
50159;Dangy;2.2;20270
2260;Danizy;2.1;19930
90032;Danjoutin;4.9;22260
57168;Danne-et-Quatre-Vents;2.6;24630
57169;Dannelbourg;3.7;24550
25194;Dannemarie;0.4;
68068;Dannemarie;1.9;23110
78194;Dannemarie;1.8;32960
25195;Dannemarie-sur-Crète;5.1;25540
89137;Dannemoine;4.7;22480
91195;Dannemois;2.3;28770
62264;Dannes;3.8;20160
55146;Dannevoux;0.6;20880
41073;Danzé;1.7;20570
53089;Daon;1.7;23150
29043;Daoulas;4.9;25810
80234;Daours;4.9;24400
19069;Darazac;3.7;22020
39191;Darbonnay;4.2;
7077;Darbres;0.9;19770
21226;Darcey;1.5;22380
33148;Dardenac;3.7;
27200;Dardez;2.3;26850
69072;Dardilly;3.8;32510
60194;Dargies;3.7;23180
80235;Dargnies;3.8;19320
42083;Dargoire;3.5;27540
52167;Darmannes;4.6;23900
76212;Darnétal;5.1;19340
19070;Darnets;5.6;23390
88124;Darney;3.1;19800
88125;Darney-aux-Chênes;2.6;
88126;Darnieulles;3.3;22510
21227;Darois;3.9;30290
77156;Darvault;2.9;24720
45123;Darvoy;2.6;25590
25196;Dasle;3.1;25670
67086;Daubensand;1.9;27530
27201;Daubeuf-la-Campagne;2.8;24860
27202;Daubeuf-près-Vatteville;2.7;24210
76213;Daubeuf-Serville;2.6;21620
33149;Daubèze;2.9;24310
67087;Dauendorf;3.8;25940
9105;Daumazan-sur-Arize;4;19230
4068;Dauphin;3.7;24570
47079;Dausse;1.8;21180
31160;Daux;4.5;27000
63134;Dauzat-sur-Vodable;0.9;
63135;Davayat;3.5;25400
71169;Davayé;4.4;28350
11117;Davejean;2.4;13460
80236;Davenescourt;4;21470
7078;Davézieux;3.6;23670
19071;Davignac;2.6;19020
10122;Davrey;2.7;20670
78196;Davron;2.6;39010
40088;Dax;4.9;20570
14220;Deauville;4.1;23750
30101;Deaux;2.3;23520
12089;Decazeville;3.7;19440
59170;Dechy;4.1;18010
69275;Décines-Charpieu;2.6;22050
58095;Decize;1.7;20830
46087;Dégagnac;3.4;20290
72113;Degré;2.3;24330
72114;Dehault;1.6;22300
59171;Dehéries;3.2;
67088;Dehlingen;3.3;25090
88127;Deinvillers;2.2;
70201;Delain;4;22450
62265;Delettes;3.5;21960
60195;Delincourt;1.8;26740
90033;Delle;2.1;21660
57171;Delme;4.5;24840
55148;Delouze-Rosières;3.9;20290
55149;Delut;3.2;21520
25197;Deluz;3.6;22170
4069;Demandolx;1.5;22910
55150;Demange-Baudignécourt;2.1;22320
70202;Demangevelle;1.8;20960
97607;Dembeni;NA;
74099;Demi-Quartier;6.1;24590
71170;Demigny;2.9;23940
14221;Démouville;4.8;23070
32115;Dému;4.4;20690
80237;Démuin;5.6;24550
59172;Denain;3.8;14890
81079;Dénat;3.4;23140
53090;Denazé;2.8;22030
49120;Denée;3.1;24840
76214;Dénestanville;4.1;23040
3096;Deneuille-lès-Chantelle;3;
3097;Deneuille-les-Mines;2.5;23600
54154;Deneuvre;3;22950
70204;Denèvre;4;21290
49121;Dénezé-sous-Doué;2.8;21090
39192;Denezières;2.8;
64198;Denguin;4.3;25280
69074;Denicé;4;28360
62266;Denier;1.9;
88128;Denipaire;2.9;22910
62267;Dennebrœucq;3;20870
71171;Dennevy;2.6;20590
90034;Denney;3.5;24970
28129;Denonville;1.8;25800
57172;Denting;3.1;24660
36063;Déols;4.2;22250
88129;Derbamont;2.2;22920
86093;Dercé;2.6;20650
2261;Dercy;3;21950
11118;Dernacueillette;0;
80238;Dernancourt;4.8;24930
44051;Derval;2.8;21380
7079;Désaignes;3.1;19470
25198;Désandans;3.7;26440
37115;Descartes;3.1;19890
3098;Désertines;3.5;22100
53091;Désertines;2.7;20410
25199;Déservillers;4.4;24710
43085;Desges;0;
97111;Deshaies;2.9;
74100;Desingy;1.8;30090
45124;Desmonts;1.7;28280
39194;Desnes;4.6;21920
57173;Desseling;1.2;25170
68069;Dessenheim;3.1;26150
88130;Destord;3.5;22310
57174;Destry;2.3;26630
62268;Desvres;3;18210
21228;Détain-et-Bruant;1.3;25980
73099;Détrier;3.7;26470
71172;Dettey;1.7;
67089;Dettwiller;4.4;24000
95197;Deuil-la-Barre;2.2;25000
2262;Deuillet;2.8;22500
59173;Deûlémont;4.7;26320
89130;Deux Rivières;1.4;21520
3099;Deux-Chaises;2.4;20760
69135;Deux-Grosnes;2.4;21080
14224;Deux-Jumeaux;3.4;
15060;Deux-Verges;3.5;
54155;Deuxville;2.5;24660
58096;Devay;2.4;22570
25200;Devecey;5.1;26340
7080;Devesset;5;19900
65155;Devèze;3.7;
16118;Deviat;2.4;17010
47080;Dévillac;3.8;20380
8139;Deville;2.4;18890
76216;Déville-lès-Rouen;5.2;19820
80239;Devise;2.4;
5139;Dévoluy;7.7;21670
71173;Devrouze;1.8;20990
88131;Deycimont;3.6;24400
31161;Deyme;3.5;28660
88132;Deyvillers;4.2;25640
71174;Dezize-lès-Maranges;2.6;28180
77157;Dhuisy;1.6;25080
2263;Dhuizel;2.3;23820
41074;Dhuizon;2.5;21560
2458;Dhuys et Morin-en-Brie;4;23090
14347;Dialan sur Chaîne;3;21460
21229;Diancey;1.8;
57175;Diane-Capelle;2.1;23220
77158;Diant;1.1;23540
54156;Diarville;3.6;22840
71175;Diconne;2.1;22100
26113;Die;4.6;20890
57176;Diebling;3.1;24440
67090;Diebolsheim;2.8;25660
67091;Diedendorf;3.4;22450
67092;Dieffenbach-au-Val;3.5;25730
67093;Dieffenbach-lès-Wœrth;4.5;26430
67094;Dieffenthal;4.2;25990
68071;Diefmatten;4.8;28740
69075;Dième;1.4;23960
67095;Diemeringen;3.3;22840
38144;Diémoz;3.1;26090
21230;Diénay;4;28600
15061;Dienne;0.2;19320
86094;Dienné;2.9;23930
58097;Diennes-Aubigny;2;
10123;Dienville;3.8;21860
76217;Dieppe;3.6;18850
55153;Dieppe-sous-Douaumont;2.7;22280
37096;Dierre;3.5;22650
10124;Dierrey-Saint-Julien;2.3;23690
10125;Dierrey-Saint-Pierre;2.1;23540
57765;Diesen;4.6;22760
68072;Dietwiller;1.8;33030
60197;Dieudonné;1.2;26890
55154;Dieue-sur-Meuse;3.4;21830
26114;Dieulefit;4.3;21500
33150;Dieulivol;3.7;21690
54157;Dieulouard;4.1;22280
82048;Dieupentale;3.6;23120
57177;Dieuze;3.6;20590
62269;Diéval;2.5;22090
57178;Diffembach-lès-Hellimer;2.2;22810
89139;Diges;2;24010
39197;Digna;2.2;24370
16119;Dignac;2.2;22020
4070;Digne-les-Bains;2.5;21480
88133;Dignonville;2.1;25360
28130;Digny;3.4;23270
71176;Digoin;2.5;19650
50162;Digosville;3.1;25950
21231;Dijon;4.5;22720
45125;Dimancheville;1.9;23880
67096;Dimbsthal;3.3;27270
59174;Dimechaux;3.9;24080
59175;Dimont;3.4;23760
22050;Dinan;4.1;23290
35093;Dinard;3.8;25920
29044;Dinéault;1.8;21940
35094;Dingé;4.1;22030
67097;Dingsheim;4.3;32280
74101;Dingy-en-Vuache;1.9;43160
74102;Dingy-Saint-Clair;3.1;31240
88134;Dinozé;4.4;24520
87056;Dinsac;2.2;21420
67098;Dinsheim-sur-Bruche;3.5;26250
52168;Dinteville;2.7;
30102;Dions;3.7;22280
36064;Diors;2.2;23090
3100;Diou;3.1;21080
36065;Diou;1.2;21640
16120;Dirac;3.2;24710
29045;Dirinon;5.2;25820
58098;Dirol;3.8;23590
89141;Dissangis;1.9;22030
86095;Dissay;3.3;23330
72115;Dissay-sous-Courcillon;3.1;21880
49123;Distré;4.8;23590
57179;Distroff;2.9;27860
64199;Diusse;2.2;18610
26115;Divajeu;2.9;23730
44029;Divatte-sur-Loire;3.2;24160
60198;Dives;2.7;24130
14225;Dives-sur-Mer;3.6;19560
62270;Divion;3.5;17560
1143;Divonne-les-Bains;2.1;46650
89142;Dixmont;0.8;22260
38146;Dizimieu;1.9;26850
51210;Dizy;4.1;26340
2264;Dizy-le-Gros;2.3;19340
40089;Doazit;3.6;22150
64200;Doazon;2;25100
88135;Docelles;3.3;20150
17139;Dœuil-sur-le-Mignon;1.7;21970
64201;Dognen;3;24160
88136;Dogneville;3.6;25440
62271;Dohem;2.7;22420
2265;Dohis;2.5;
59176;Doignies;1.9;23040
80240;Doingt;3.1;23110
24151;Doissat;1.9;
38147;Doissin;2;25580
85080;Doix lès Fontaines;2.2;22040
42085;Doizieux;0.4;24650
35095;Dol-de-Bretagne;3.2;21700
88137;Dolaincourt;4;
10126;Dolancourt;2.1;21280
54158;Dolcourt;1.4;26800
39198;Dole;5;21070
2266;Dolignon;3.4;
68073;Dolleren;1.5;24610
72118;Dollon;1.8;21790
89143;Dollot;1.3;23550
47081;Dolmayrac;2.6;22200
38148;Dolomieu;2.5;25140
17140;Dolus-d'Oléron;4.5;22910
37097;Dolus-le-Sec;3.8;23620
57180;Dolving;3.5;22650
8140;Dom-le-Mesnil;2.6;22400
35096;Domagné;3.2;23760
63136;Domaize;4.4;21780
35097;Domalain;2.5;22980
74103;Domancy;6.6;28140
38149;Domarin;5.3;26660
80241;Domart-en-Ponthieu;3.2;20520
80242;Domart-sur-la-Luce;6.3;25210
89144;Domats;1.3;23120
30103;Domazan;2.5;24310
88138;Dombasle-devant-Darney;2.2;
55155;Dombasle-en-Argonne;4.6;23750
88139;Dombasle-en-Xaintois;2.5;21980
54159;Dombasle-sur-Meurthe;4.6;22810
52169;Domblain;3.3;
39199;Domblans;4.6;24520
55156;Dombras;4.9;19000
88140;Dombrot-le-Sec;4.1;23800
88141;Dombrot-sur-Vair;3.7;23530
89145;Domecy-sur-Cure;2.7;20930
89146;Domecy-sur-le-Vault;3.7;
60199;Doméliers;4.3;25030
38150;Domène;4.2;24200
3101;Domérat;2.7;22590
80243;Domesmont;1.6;
30104;Domessargues;2.8;21640
73100;Domessin;3.1;25000
54160;Domèvre-en-Haye;1.5;23140
88144;Domèvre-sous-Montfort;2.5;
88142;Domèvre-sur-Avière;3.9;24870
88143;Domèvre-sur-Durbion;1.4;22130
54161;Domèvre-sur-Vezouze;2.4;21190
43086;Domeyrat;2;21280
23072;Domeyrot;2.3;21780
64202;Domezain-Berraute;4.5;22050
88145;Domfaing;2.5;22380
67099;Domfessel;3.9;22700
60200;Domfront;3.7;22170
61145;Domfront en Poiraie;2.3;21460
72119;Domfront-en-Champagne;3.4;23540
54162;Domgermain;4.1;24220
80244;Dominois;2.1;21920
50164;Domjean;2.7;21960
54163;Domjevin;2.6;20590
88146;Domjulien;2.4;23070
80245;Domléger-Longvillers;1.7;20560
35099;Domloup;2.9;26730
54164;Dommarie-Eulmont;3.4;
52170;Dommarien;0.7;22990
54165;Dommartemont;4.5;39430
25201;Dommartin;3.6;29800
58099;Dommartin;2.3;20580
69076;Dommartin;3.9;34020
80246;Dommartin;3.4;26400
88147;Dommartin-aux-Bois;1.5;21910
51211;Dommartin-Dampierre;2.4;
54166;Dommartin-la-Chaussée;2.8;
55157;Dommartin-la-Montagne;2.4;
10127;Dommartin-le-Coq;0.8;
52171;Dommartin-le-Franc;4.6;19790
52172;Dommartin-le-Saint-Père;3.7;20490
71177;Dommartin-lès-Cuiseaux;1.8;21820
88148;Dommartin-lès-Remiremont;4.8;23660
54167;Dommartin-lès-Toul;5.6;24910
88149;Dommartin-lès-Vallois;1.9;
51212;Dommartin-Lettrée;0.7;25040
54168;Dommartin-sous-Amance;4.4;29640
51213;Dommartin-sous-Hans;2.1;
88150;Dommartin-sur-Vraine;4.1;21190
51214;Dommartin-Varimont;0.9;22180
55158;Dommary-Baroncourt;4.1;21200
24152;Domme;3.8;21430
8141;Dommery;2.1;21570
2267;Dommiers;2.9;23120
57181;Domnom-lès-Dieuze;3.4;
95199;Domont;1.9;25810
88151;Dompaire;2.7;22390
55159;Dompcevrin;3.4;21840
60201;Dompierre;3.2;22600
61146;Dompierre;2;20990
88152;Dompierre;3.1;23720
55160;Dompierre-aux-Bois;2;
80247;Dompierre-Becquincourt;2.2;19840
21232;Dompierre-en-Morvan;3.3;20440
87057;Dompierre-les-Églises;1.6;19990
71178;Dompierre-les-Ormes;1.9;21320
25202;Dompierre-les-Tilleuls;1.4;26550
71179;Dompierre-sous-Sanvignes;1.5;
80248;Dompierre-sur-Authie;2.4;19640
3102;Dompierre-sur-Besbre;3.4;21010
1146;Dompierre-sur-Chalaronne;1.9;24550
17141;Dompierre-sur-Charente;4.4;22220
59177;Dompierre-sur-Helpe;3.8;21650
17142;Dompierre-sur-Mer;6.9;26110
39200;Dompierre-sur-Mont;3.7;22920
58101;Dompierre-sur-Nièvre;2;21410
1145;Dompierre-sur-Veyle;1.6;24100
85081;Dompierre-sur-Yon;3.2;24310
7081;Dompnac;0;
25203;Domprel;3.6;25350
51215;Dompremy;2.8;21910
54169;Domprix;3.4;
87058;Domps;1.3;18680
88153;Domptail;3;21560
54170;Domptail-en-l'Air;1.4;
2268;Domptin;2.2;24440
80249;Domqueur;2;21510
55162;Domremy-la-Canne;4.1;
88154;Domrémy-la-Pucelle;1.6;22200
52173;Domremy-Landéville;2.4;
1147;Domsure;2.6;21490
88155;Domvallier;4.3;
80250;Domvast;3.5;22720
59670;Don;3;24970
11121;Donazac;2.4;
8142;Donchery;3.7;20700
88156;Doncières;4;21490
55163;Doncourt-aux-Templiers;3.2;
54171;Doncourt-lès-Conflans;2.9;24500
54172;Doncourt-lès-Longuyon;1.6;26290
52174;Doncourt-sur-Meuse;1.5;
47082;Dondas;1.4;23600
44052;Donges;2.7;22520
52175;Donjeux;4.2;19830
57182;Donjeux;4.7;
14226;Donnay;3.2;21750
81080;Donnazac;2.5;
57183;Donnelay;2.5;22080
28132;Donnemain-Saint-Mamès;2.7;22170
77159;Donnemarie-Dontilly;1.4;23170
10128;Donnement;2.6;
67100;Donnenheim;3.5;28550
45126;Donnery;2.4;27290
31162;Donneville;4.5;26760
33151;Donnezac;4;19970
23073;Dontreix;2.9;20510
51216;Dontrien;2.2;23890
50165;Donville-les-Bains;4.7;24310
33152;Donzac;3.4;24040
82049;Donzac;3.3;22400
40090;Donzacq;3.5;21850
19072;Donzenac;3.6;23700
26116;Donzère;2.7;21930
58102;Donzy;1.1;20850
71181;Donzy-le-Pertuis;3;23460
63137;Doranges;0;18450
90035;Dorans;5.3;27440
63138;Dorat;3.7;23080
45127;Dordives;3;22700
63139;Dore-l'Église;3.6;20600
2269;Dorengt;4;21180
67101;Dorlisheim;5.5;25820
51217;Dormans;3.4;21850
77161;Dormelles;2.3;26610
7082;Dornas;4.6;20970
58103;Dornecy;3.8;20890
58104;Dornes;1.8;21620
66062;Dorres;3.9;22710
1148;Dortan;1.9;23960
10129;Dosches;3.1;24930
10130;Dosnon;2.9;28350
67102;Dossenheim-Kochersberg;3.6;32100
67103;Dossenheim-sur-Zinsel;4.3;24880
36066;Douadic;2.3;21790
59178;Douai;3.2;18440
27203;Douains;2.1;26400
29046;Douarnenez;3.5;22000
55537;Douaumont-Vaux;2.1;
25204;Doubs;3.8;30830
72120;Doucelles;2;22200
24154;Douchapt;1.9;20310
2270;Douchy;1.5;21140
62272;Douchy-lès-Ayette;3.4;22700
59179;Douchy-les-Mines;5.5;17880
45129;Douchy-Montcorbon;2.2;20980
39201;Doucier;2.3;22010
73101;Doucy-en-Bauges;0.8;
62273;Doudeauville;2.5;22690
76218;Doudeauville;2;21660
27204;Doudeauville-en-Vexin;1.9;23490
80251;Doudelainville;3.5;21680
76219;Doudeville;3.4;20530
47083;Doudrac;3.2;
77162;Doue;2;25380
49125;Doué-en-Anjou;3.1;21530
46088;Douelle;3.4;23230
72121;Douillet;1.7;21000
80252;Douilly;1.8;20740
52177;Doulaincourt-Saucourt;4.3;19870
55165;Doulcon;1.9;21420
52178;Doulevant-le-Château;3.5;21140
52179;Doulevant-le-Petit;4;
33153;Doulezon;3.1;21410
80253;Doullens;4;18430
8143;Doumely-Bégny;3;
64203;Doumy;4.4;24070
88157;Dounoux;2.5;23450
30105;Dourbies;0;20960
35101;Dourdain;3.7;23050
91200;Dourdan;2;23670
62274;Dourges;5.5;20460
81081;Dourgne;3.2;21630
62275;Douriez;2.5;22210
59181;Dourlers;4.1;24490
87060;Dournazac;3.1;18670
39202;Dournon;2.7;23540
65156;Dours;2.7;24900
74104;Doussard;3.8;26420
86096;Doussay;3.4;21220
74105;Douvaine;2.3;32160
24155;Douville;1.7;22030
14227;Douville-en-Auge;3.5;22390
27205;Douville-sur-Andelle;3.4;20820
76220;Douvrend;2.3;20720
1149;Douvres;2.8;27910
14228;Douvres-la-Délivrande;4.2;25920
62276;Douvrin;5;21320
8144;Doux;3;
79108;Doux;2.2;22000
77163;Douy-la-Ramée;2.1;26010
47084;Douzains;1.7;20510
16121;Douzat;3.3;23410
11122;Douzens;3;20150
24157;Douzillac;2.9;20570
8145;Douzy;3.7;20830
50166;Doville;2.4;20680
39203;Doye;3.1;25600
3104;Doyet;2.8;21120
14229;Dozulé;3.6;20970
69077;Dracé;2.8;24320
37098;Draché;3.1;23700
67104;Drachenbronn-Birlenbach;4;24190
89147;Dracy;1.4;22210
71182;Dracy-le-Fort;2.9;32970
71183;Dracy-lès-Couches;2.1;24360
71184;Dracy-Saint-Loup;2.5;21690
50167;Dragey-Ronthon;2;23500
83050;Draguignan;4.2;21510
74106;Draillant;1.8;30650
4072;Draix;0.7;
8146;Draize;3.3;
21233;Drambon;2.4;22940
39204;Dramelay;2.9;
93029;Drancy;2.9;18660
6054;Drap;5.3;21790
2271;Dravegny;1.9;18840
91201;Draveil;2.3;26090
21234;Drée;2.2;
44053;Drefféac;3.6;23060
31163;Drémil-Lafage;3.4;30000
80256;Dreuil-lès-Amiens;5.1;23650
9106;Dreuilhe;3.4;21160
28134;Dreux;2.3;18250
18086;Drevant;1.9;22040
8147;Dricourt;3.9;
80258;Driencourt;3.1;
59182;Drincham;2.5;21910
62277;Drocourt;4.1;20630
78202;Drocourt;2.1;26400
27206;Droisy;1.1;24190
74107;Droisy;1.4;27090
3105;Droiturier;2.2;20640
2272;Droizy;0.8;
1150;Drom;2.7;23580
80259;Dromesnil;2.8;
76221;Drosay;3.5;25510
51219;Drosnay;3.4;21170
41075;Droué;1.5;20160
28135;Droue-sur-Drouette;3.2;30000
35102;Drouges;3.1;21080
51220;Drouilly;3.1;23670
10131;Droupt-Saint-Basle;2.1;22710
10132;Droupt-Sainte-Marie;2.4;24370
54173;Drouville;1.8;24780
62278;Drouvin-le-Marais;4.2;26760
87061;Droux;3.6;20020
14230;Drubec;4.5;26830
80260;Drucat;4.8;28240
27207;Drucourt;2.8;22540
31164;Drudas;2.2;28040
12090;Druelle Balsac;2.1;26070
15063;Drugeac;7.8;20190
1151;Druillat;2.9;24570
12091;Drulhe;2.4;21790
67105;Drulingen;2.6;21570
73103;Drumettaz-Clarafond;4.9;28010
67106;Drusenheim;3.9;25990
58105;Druy-Parigny;0.9;22450
37099;Druye;5.7;24340
89148;Druyes-les-Belles-Fontaines;2.3;23230
45130;Dry;2.8;25990
22052;Duault;4.3;21000
50168;Ducey-Les Chéris;3.4;22270
76222;Duclair;3.5;22810
97207;Ducos;3.9;23230
14232;Ducy-Sainte-Marguerite;3.4;25020
69078;Duerne;3.6;24160
21235;Duesme;1.8;
32116;Duffort;4.3;22110
93030;Dugny;3;17070
55166;Dugny-sur-Meuse;4.3;23250
40091;Duhort-Bachen;4.3;22650
11123;Duilhac-sous-Peyrepertuse;0;15780
74108;Duingt;4.5;28180
62279;Duisans;4.4;28940
73104;Dullin;1.5;24960
40092;Dumes;3.4;23450
9107;Dun;1.2;19790
23075;Dun-le-Palestel;2.5;21540
36068;Dun-le-Poëlier;1.2;19150
58106;Dun-les-Places;2.4;21400
18087;Dun-sur-Auron;1.2;21460
58107;Dun-sur-Grandry;0.3;18520
55167;Dun-sur-Meuse;1.6;18820
72122;Duneau;1.7;22900
82050;Dunes;2.6;23020
36067;Dunet;1.2;
25207;Dung;3.7;26980
7083;Dunière-sur-Eyrieux;1.4;21840
43087;Dunières;4.3;21630
59183;Dunkerque;3.6;20240
67107;Duntzenheim;3.8;25440
67108;Duppigheim;7.1;26730
32117;Duran;3.4;25780
47085;Durance;1;20100
6055;Duranus;1.5;20110
27208;Duranville;2.5;24070
47086;Duras;3.7;20170
46089;Duravel;3.4;21250
32118;Durban;2.9;20340
11124;Durban-Corbières;1.6;19750
9108;Durban-sur-Arize;4.9;18800
46090;Durbans;1.9;21850
61148;Durcet;2.9;22920
3106;Durdat-Larequille;4.3;22540
72123;Dureil;2.1;
12092;Durenque;2.9;19770
9109;Durfort;2.2;21790
81083;Durfort;3.7;19260
30106;Durfort-et-Saint-Martin-de-Sossenac;4.5;20190
82051;Durfort-Lacapelette;2.8;20130
68074;Durlinsdorf;2.5;29630
68075;Durmenach;3.6;28950
63140;Durmignat;1.3;20530
25208;Durnes;3.5;26050
67109;Durningen;3.8;30080
67110;Durrenbach;6.2;24690
68076;Durrenentzen;3;25550
67111;Durstel;3;23360
49127;Durtal;2.5;21240
63141;Durtol;3.9;27850
2273;Dury;2.1;22730
62280;Dury;2.6;21270
80261;Dury;6.6;33680
24158;Dussac;2.1;21510
67112;Duttlenheim;4.4;27120
60203;Duvy;3.1;25220
55168;Duzey;4.1;
89149;Dyé;2.9;22140
71185;Dyo;2.4;23350
97608;Dzaoudzi;NA;
35103;Eancé;2.1;21590
95203;Eaubonne;2.3;26900
80262;Eaucourt-sur-Somme;5.2;23550
31165;Eaunes;4.1;24230
64204;Eaux-Bonnes;4.4;20030
10133;Eaux-Puiseaux;2.4;23930
32119;Eauze;4.1;19780
21236;Ébaty;3.3;23700
59184;Ebblinghem;4.7;23510
67113;Eberbach-Seltz;2.7;28890
67115;Ebersheim;5.9;25220
67116;Ebersmunster;5.5;25140
57186;Ébersviller;2.5;22960
57187;Éblange;3.2;24640
2274;Ébouleau;2.1;20730
16122;Ébréon;3.5;17100
3107;Ébreuil;4;22690
59185;Écaillon;3.5;19590
76223;Écalles-Alix;3.2;24340
27209;Écaquelon;1.4;23920
27210;Écardenville-la-Campagne;3.3;21560
50169;Écausseville;3.1;23070
27212;Écauville;1.5;23570
2A104;Eccica-Suarella;1.6;27290
59186;Eccles;3;
69080;Échalas;1.8;26910
16123;Échallat;3.2;23530
1152;Échallon;0;28070
21237;Échalot;0.3;
61149;Échalou;2;21850
63142;Échandelys;2.7;19360
21238;Échannay;3.2;24170
91204;Écharcon;2.7;29820
3108;Échassières;1.1;20290
61150;Échauffour;2.6;21510
70205;Échavanne;2.6;23890
25209;Échay;2;22400
17145;Échebrune;2.6;23840
10134;Échemines;1.9;
25210;Échenans;3.7;26460
70206;Échenans-sous-Mont-Vaudois;3.1;27250
52181;Échenay;0;
1153;Échenevex;2.2;49930
21239;Échenon;3.1;22250
70207;Échenoz-la-Méline;4.6;23240
70208;Échenoz-le-Sec;3;23330
21240;Échevannes;4.4;25970
25211;Échevannes;1.9;
26117;Échevis;4.2;
21241;Échevronne;3.3;26930
21242;Échigey;3.2;23010
17146;Échillais;4.2;23030
45131;Échilleuses;1.6;23790
62281;Echinghen;5.7;29980
79109;Échiré;3.2;25850
38151;Échirolles;5.2;19930
77164;Échouboulains;2.2;25160
24159;Échourgnac;1;20300
67117;Eckartswiller;3.7;25710
67118;Eckbolsheim;3.2;25540
67119;Eckwersheim;3.3;29240
59187;Éclaibes;3.6;24600
51222;Éclaires;2.4;
10135;Éclance;2.4;
39205;Éclans-Nenon;3.7;24900
52182;Éclaron-Braucourt-Sainte-Livière;2.6;21650
7084;Eclassan;1.4;23380
39206;Écleux;5.7;23780
62282;Éclimeux;4;20430
38152;Eclose-Badinières;2.7;24830
80264;Éclusier-Vaux;2.7;
28136;Écluzelles;2.7;27760
8150;Écly;3.6;21460
42086;Écoche;1.7;22340
62283;Écoivres;4;18140
73106;École;2.6;22780
25212;École-Valentin;6.1;26150
51223;Écollemont;1.8;
72124;Écommoy;2.1;22050
61151;Écorcei;2.6;23340
61152;Écorches;1.4;
8151;Écordal;2.7;21270
72125;Écorpain;1.5;22830
25214;Écot;3;24750
52183;Ecot-la-Combe;3.2;
42087;Écotay-l'Olme;2.4;28340
61153;Écouché-les-Vallées;3.4;21610
95205;Écouen;1.8;25760
49129;Écouflant;5.3;23410
27214;Écouis;3.4;21730
62284;Écourt-Saint-Quentin;2.5;22330
62285;Écoust-Saint-Mein;2.9;25110
61341;Écouves;2.1;24590
55169;Écouviez;0.8;24730
17147;Écoyeux;2.6;22530
62286;Ecquedecques;4;23280
62288;Ecques;4.9;23460
27215;Ecquetot;2.1;24400
78206;Ecquevilly;2.9;26630
76224;Écrainville;3;25230
76225;Écretteville-lès-Baons;4.3;23870
76226;Écretteville-sur-Mer;1.9;24610
51224;Écriennes;4;24530
39207;Écrille;4.3;
70210;Écromagny;3.9;26560
28137;Écrosnes;3.1;28190
54174;Écrouves;4.4;23510
76227;Ectot-l'Auber;3.1;25520
76228;Ectot-lès-Baons;4.6;24690
51225;Écueil;4.6;31620
36069;Écueillé;1.8;19580
59188;Écuélin;4.1;24840
70211;Écuelle;4.5;
71186;Écuelles;2.4;20080
49130;Écuillé;3.4;24470
62289;Écuires;5.3;25110
71187;Écuisses;1.7;22550
69081;Écully;4.3;29600
16124;Écuras;3;18790
17148;Écurat;4.4;24500
25216;Écurcey;2.9;23730
55170;Écurey-en-Verdunois;3.5;23650
62290;Écurie;6.5;27890
51226;Écury-le-Repos;2;
51227;Écury-sur-Coole;1.8;26320
21243;Écutigny;4.4;
60204;Écuvilly;3.3;22650
29048;Edern;2.5;23250
16125;Édon;2.4;20390
59189;Eecke;4.4;25350
63143;Effiat;2.4;23700
52184;Effincourt;0.5;
2275;Effry;2.7;16390
66064;Égat;4.4;20860
89150;Égleny;1.9;22770
19073;Égletons;9.2;20110
77167;Égligny;1.3;24590
68077;Eglingen;2.3;29330
24161;Église-Neuve-d'Issac;2.7;21600
24160;Église-Neuve-de-Vergt;2.6;24840
63144;Égliseneuve-d'Entraigues;4.4;20210
63145;Égliseneuve-des-Liards;1;19130
63146;Égliseneuve-près-Billom;1.7;25290
63147;Églisolles;4.2;20210
91207;Égly;2.5;23770
77168;Égreville;0.7;22690
89151;Égriselles-le-Bocage;1.3;22640
45132;Égry;1.6;22500
57188;Éguelshardt;1.3;21430
90036;Eguenigue;3.5;26930
13032;Éguilles;4.2;32090
21244;Éguilly;3.5;
10136;Éguilly-sous-Bois;1.9;22230
68078;Eguisheim;3.5;28570
36070;Éguzon-Chantôme;1.7;20290
70213;Éhuns;2;22720
67120;Eichhoffen;6;27200
57189;Eincheville;3.2;25060
54175;Einvaux;1.7;23850
54176;Einville-au-Jard;2.4;22920
55171;Eix;3.7;24850
78208;Élancourt;2.4;26320
68079;Elbach;1.4;26810
76231;Elbeuf;3.8;17120
76229;Elbeuf-en-Bray;1.5;23110
76230;Elbeuf-sur-Andelle;3.4;24660
60205;Élencourt;1.9;
59190;Élesmes;3.4;26150
76232;Életot;3.1;21350
62291;Éleu-dit-Leauwette;4.5;20260
59191;Élincourt;3.8;19640
60206;Élincourt-Sainte-Marguerite;2.4;25880
51228;Élise-Daucourt;3.4;
76233;Ellecourt;2.7;23510
29049;Elliant;3;22910
14236;Ellon;3.5;23380
66065;Elne;5.1;19550
62292;Elnes;2;20940
90037;Éloie;4;25260
74109;Éloise;2.4;36190
88158;Éloyes;3.9;21990
67121;Elsenheim;2.8;24400
57190;Elvange;2.8;22530
56053;Elven;5.1;23150
57191;Elzange;2;25890
25217;Émagny;3.9;23010
27216;Émalleville;1.8;26890
78209;Émancé;2.9;30810
27217;Émanville;1.9;22700
76234;Émanville;2.4;24530
54177;Emberménil;1.3;23360
11125;Embres-et-Castelmaure;1;17330
80265;Embreville;3.5;21110
5046;Embrun;6;21750
62293;Embry;2.1;18870
77169;Émerainville;3.5;26240
59192;Émerchicourt;3.8;22070
69082;Émeringes;1.1;25840
60207;Éméville;1.3;25090
14237;Émiéville;4.2;25440
68080;Emlingen;3.8;32860
59193;Emmerin;4.9;27020
50172;Émondeville;2.7;23050
31166;Empeaux;2.1;23970
7085;Empurany;2.1;18950
16127;Empuré;2.3;22460
58108;Empury;1.6;
32120;Encausse;3;25140
31167;Encausse-les-Thermes;4.2;20990
4073;Enchastrayes;6.1;22140
57192;Enchenberg;3.4;23750
9110;Encourtiech;1.9;
32121;Endoufielle;4.5;26340
60208;Énencourt-Léage;0.9;29140
52185;Enfonvelle;3;
47087;Engayrac;1.4;20430
10137;Engente;3.1;
45133;Engenville;1.7;24690
95210;Enghien-les-Bains;1.9;31400
38153;Engins;3;26810
2276;Englancourt;2.2;22940
80266;Englebelmer;3.5;21410
59194;Englefontaine;3.6;21400
14238;Englesqueville-en-Auge;5.1;30430
14239;Englesqueville-la-Percée;1.9;
59195;Englos;11.4;30440
9111;Engomer;4.2;20040
67123;Engwiller;3.7;27520
80267;Ennemain;3;22090
57193;Ennery;5.3;26940
95211;Ennery;2;29520
59196;Ennetières-en-Weppes;9.4;31230
59197;Ennevelin;4.5;29330
63148;Ennezat;3;24860
18088;Ennordres;2.8;20820
62295;Enquin-lez-Guinegatte;3.3;20530
62296;Enquin-sur-Baillons;2.3;21090
65157;Ens;7.5;
79111;Ensigné;2.3;21250
68082;Ensisheim;2.7;23990
13033;Ensuès-la-Redonne;5;29210
4074;Entrages;0.7;20030
38154;Entraigues;0;21830
63149;Entraigues;3.3;24630
84043;Entraigues-sur-la-Sorgue;4;22500
58109;Entrains-sur-Nohain;1.4;20400
53094;Entrammes;2.7;23560
57194;Entrange;2.4;33890
6056;Entraunes;0;
12094;Entraygues-sur-Truyère;4.5;21150
97403;Entre-Deux;2.6;17730
88159;Entre-deux-Eaux;3.5;23580
38155;Entre-deux-Guiers;4.3;23160
39208;Entre-deux-Monts;3.5;29810
34246;Entre-Vignes;4.4;25740
83051;Entrecasteaux;3.3;20560
84044;Entrechaux;4.9;21450
73010;Entrelacs;3.6;26780
73107;Entremont-le-Vieux;1.5;24610
4075;Entrepierres;0.8;25900
4076;Entrevaux;3.8;20970
4077;Entrevennes;0.4;21150
74111;Entrevernes;0.9;27890
67124;Entzheim;6.9;26100
63150;Enval;3.3;26740
66066;Enveitg;4.7;20910
76235;Envermeu;2.9;22020
76236;Envronville;4;22900
28406;Éole-en-Beauce;2.3;23910
5047;Éourres;0.5;
31168;Eoux;1.4;20590
10138;Épagne;4.1;22820
80268;Épagne-Épagnette;5.1;25540
2277;Épagny;0.8;21260
21245;Épagny;3.7;26990
74112;Epagny Metz-Tessy;5.4;30270
27218;Épaignes;3.7;22690
14240;Épaney;3.8;22820
79112;Épannes;3.8;24790
2278;Éparcy;2.7;
17152;Épargnes;2.6;20470
80269;Épaumesnil;3.6;22020
2279;Épaux-Bézu;2.3;24860
28139;Épeautrolles;1.3;25440
80270;Épécamps;2;
27219;Épégard;2.4;23860
80271;Épehy;2.9;19470
37100;Épeigné-les-Bois;3.1;22190
37101;Épeigné-sur-Dême;2;20600
80272;Épénancourt;2.6;21100
16128;Épenède;1.7;18900
25218;Épenouse;3.1;24650
25219;Épenoy;6.2;27100
51229;Épense;0.1;22050
42088;Épercieux-Saint-Paul;3.4;22570
62297;Éperlecques;2.6;21580
51230;Épernay;4.3;20590
21246;Épernay-sous-Gevrey;2.4;26620
28140;Épernon;2.3;23440
71188;Épertully;2.9;
71189;Épervans;2.5;23750
25220;Épeugney;3.9;23780
67125;Epfig;6.4;26440
41077;Épiais;1.6;23100
95212;Épiais-lès-Louvres;2.8;23550
95213;Épiais-Rhus;1.3;30610
2280;Épieds;4;24460
27220;Épieds;2;22720
49131;Épieds;2.4;21250
45134;Épieds-en-Beauce;1.1;23380
73109;Épierre;2.4;22070
54178;Épiez-sur-Chiers;2.4;24330
55173;Épiez-sur-Meuse;3.9;
71190;Épinac;2.8;19890
88160;Épinal;5.1;20140
95214;Épinay-Champlâtreux;4.1;
91215;Épinay-sous-Sénart;2.7;18880
76237;Épinay-sur-Duclair;2.1;23170
14241;Épinay-sur-Odon;4.1;25200
91216;Épinay-sur-Orge;2.2;28730
93031;Épinay-sur-Seine;3.7;17880
89152;Épineau-les-Voves;2.8;21350
72126;Épineu-le-Chevreuil;3.5;22130
89153;Épineuil;4.8;22690
18089;Épineuil-le-Fleuriel;1.7;20140
60210;Épineuse;1.9;25270
35104;Epiniac;3.4;22340
55174;Épinonville;1.6;
26118;Épinouze;3.1;23070
62298;Épinoy;3.3;22660
58110;Epiry;1.2;19940
52187;Épizon;1.1;19730
80273;Éplessier;3.7;24780
54179;Éply;2.6;27190
21247;Époisses;3;21060
78217;Épône;3.1;26330
10139;Épothémont;3;22940
76238;Épouville;3.9;25290
51232;Époye;4.1;26040
59198;Eppe-Sauvage;0.9;23030
2282;Eppes;3.5;21000
80274;Eppeville;2.9;19890
57195;Epping;2.2;25770
76239;Épretot;4.2;27050
76240;Épreville;3.7;23640
27222;Épreville-en-Lieuvin;2.1;22410
27224;Épreville-près-le-Neubourg;2.7;25000
14242;Épron;7.6;29720
62299;Eps;2.5;23660
41078;Épuisay;1;21970
80275;Équancourt;1.8;21860
14243;Équemauville;3.4;27050
80276;Équennes-Éramecourt;3.1;24730
70214;Équevilley;1.3;23530
39210;Équevillon;4;25900
62300;Équihen-Plage;4;20650
50174;Équilly;2.9;21280
62301;Équirre;2.7;
95218;Éragny;3.4;24320
60211;Éragny-sur-Epte;1.6;23950
14244;Eraines;4.7;26400
2B105;Erbajolo;0;
54180;Erbéviller-sur-Amezule;3.3;
44054;Erbray;3.4;22320
35105;Erbrée;3.2;23740
9113;Ercé;5.4;18920
35106;Ercé-en-Lamée;1.2;21490
35107;Ercé-près-Liffré;4.3;25010
45135;Erceville;2.4;24440
80278;Erches;4.9;23000
80279;Ercheu;2.3;21450
59199;Erchin;2.5;25400
57196;Erching;1.5;24940
67126;Erckartswiller;2;25390
80280;Ercourt;3.4;20500
60212;Ercuis;1.8;24610
56054;Erdeven;4.6;23940
49367;Erdre-en-Anjou;5;22330
22053;Éréac;2.7;19640
67127;Ergersheim;4.7;27600
80281;Ergnies;1.5;23240
62302;Ergny;2.5;20740
29051;Ergué-Gabéric;4.8;24500
62303;Érin;3;20410
21248;Éringes;2.6;
59200;Eringhem;2.6;22170
55175;Érize-la-Brûlée;5.8;25130
55177;Érize-la-Petite;3.7;
55178;Érize-Saint-Dizier;5.2;23970
2283;Erlon;3.1;19790
2284;Erloy;1.2;
60213;Ermenonville;2.7;28970
28141;Ermenonville-la-Grande;1.6;28140
28142;Ermenonville-la-Petite;1.4;25130
76241;Ermenouville;3.5;22950
95219;Ermont;2.8;24940
53096;Ernée;2.7;21500
60214;Ernemont-Boutavent;1.9;22830
76242;Ernemont-la-Villette;2.3;24180
76243;Ernemont-sur-Buchy;2.5;24080
14245;Ernes;3.1;21700
57197;Ernestviller;3.2;24050
55179;Erneville-aux-Bois;1.8;24380
67128;Ernolsheim-Bruche;3.3;27260
67129;Ernolsheim-lès-Saverne;3.6;24990
62304;Erny-Saint-Julien;2.3;19540
26119;Érôme;2.3;23410
80282;Érondelle;4.9;22310
2B106;Érone;0;
50175;Éroudeville;2.3;21000
9114;Erp;2.9;17600
60215;Erquery;1.4;27100
59201;Erquinghem-le-Sec;6.9;30070
59202;Erquinghem-Lys;6.4;23060
60216;Erquinvillers;3.1;25500
22054;Erquy;3.5;25380
66067;Err;5.2;22370
59203;Erre;4.6;22540
70215;Errevet;3.6;27330
54181;Errouville;2.9;24920
2B107;Ersa;10.3;17870
67130;Erstein;3.9;23340
57198;Erstroff;2.5;22300
45136;Ervauville;1.1;22750
62306;Ervillers;3.8;21970
10140;Ervy-le-Châtel;2.7;19020
65158;Esbareich;0.1;
21249;Esbarres;3.4;22970
77171;Esbly;1.9;27620
70216;Esboz-Brest;3.1;22580
65159;Escala;4.2;22430
40093;Escalans;3;20980
11126;Escales;3.4;19490
62307;Escalles;3.3;24740
31169;Escalquens;4.4;27790
60217;Escames;2.2;23240
46091;Escamps;2.7;25800
89154;Escamps;2.8;22610
12095;Escandolières;3.4;21310
31170;Escanecrabe;3.4;19790
51233;Escardes;0.3;
59204;Escarmain;2.9;23380
66068;Escaro;0.2;15010
47088;Escassefort;2.8;21340
82052;Escatalens;3.3;22170
59205;Escaudain;5;17370
33155;Escaudes;4.2;21180
59206;Escaudœuvres;3;20630
65160;Escaunets;1.7;
59207;Escautpont;4.6;16460
82053;Escazeaux;4.8;22380
67131;Eschau;2.2;27100
67132;Eschbach;6;27000
68083;Eschbach-au-Val;3.7;24300
67133;Eschbourg;1.3;22060
68084;Eschentzwiller;3.1;34250
57199;Escherange;1.9;37350
60218;Esches;1.8;26240
67134;Eschwiller;2.6;22290
9115;Esclagne;3.4;20830
80283;Esclainvillers;2.6;21030
48056;Esclanèdes;0.7;22930
32122;Esclassan-Labastide;3.9;23450
46092;Esclauzels;0.7;23370
76244;Esclavelles;5;24120
51234;Esclavolles-Lurey;2.8;22990
88161;Escles;1.4;20110
60219;Escles-Saint-Pierre;4;19490
47089;Esclottes;3.7;21950
59208;Escobecques;7;37210
62308;Escœuilles;2.5;20940
24162;Escoire;3.1;23230
89155;Escolives-Sainte-Camille;2;23420
8153;Escombres-et-le-Chesnois;2.4;21090
65161;Escondeaux;3.4;20630
65162;Esconnets;1.2;
15064;Escorailles;6.5;
32123;Escornebœuf;3.8;24550
28143;Escorpain;2;26370
64205;Escos;4;20700
9116;Escosse;1.6;22100
64206;Escot;3.8;
65163;Escots;0.1;
64207;Escou;5.8;22190
64208;Escoubès;2.4;21250
65164;Escoubès-Pouts;4;22520
31591;Escoulis;1.7;
11127;Escouloubre;0;
40094;Escource;3.3;22140
33156;Escoussans;3.1;21910
81084;Escoussens;1.7;21870
64209;Escout;5.5;23540
63151;Escoutoux;2.2;23510
14246;Escoville;4.1;25090
6058;Escragnolles;0;20520
45137;Escrennes;1.7;25170
45138;Escrignelles;0.6;
11128;Escueillens-et-Saint-Just-de-Bélengard;1.7;18630
64210;Escurès;2.4;23030
3109;Escurolles;2.7;21420
76245;Eslettes;4.8;26020
88162;Esley;1.8;23260
64211;Eslourenties-Daban;2.5;24240
77172;Esmans;2.8;24000
80284;Esmery-Hallon;2.7;21450
70217;Esmoulières;1.4;
70218;Esmoulins;3.8;25320
17153;Esnandes;2.3;23500
25221;Esnans;5.4;
59209;Esnes;3.6;21020
55180;Esnes-en-Argonne;2.4;23710
89156;Esnon;2.1;22950
52190;Esnouveaux;1.3;22050
19075;Espagnac;1.3;21020
46093;Espagnac-Sainte-Eulalie;0.2;
82054;Espalais;2.7;21260
43088;Espalem;4.7;20390
12096;Espalion;4.6;21900
43089;Espaly-Saint-Marcel;4.4;22610
31171;Espanès;3.9;31340
32124;Espaon;5.1;23420
5049;Esparron;0.4;
31172;Esparron;2;
83052;Esparron;2.5;20400
4081;Esparron-de-Verdon;0.4;20650
65165;Esparros;1;17930
82055;Esparsac;5.7;20790
19076;Espartignac;2.2;24790
32125;Espas;3.6;21950
60220;Espaubourg;1.8;23860
65166;Espèche;0.4;
64212;Espéchède;2.8;22820
46094;Espédaillac;1.9;23980
64213;Espelette;4.4;23460
26121;Espeluche;3.2;25600
26122;Espenel;1.9;20680
81086;Espérausses;2.6;16270
11129;Espéraza;3.1;17820
31173;Esperce;2.8;24620
46095;Espère;3;22500
64214;Espès-Undurein;2.9;22150
12097;Espeyrac;1.3;20700
46096;Espeyroux;2.9;
11130;Espezel;3.4;18040
65167;Espieilh;0.4;
47090;Espiens;3.6;21760
33157;Espiet;4.2;24360
82056;Espinas;4.3;20420
15065;Espinasse;1.5;
63152;Espinasse;1.7;19940
3110;Espinasse-Vozelle;2.7;24210
5050;Espinasses;2.5;19420
63153;Espinchal;2.7;
14248;Espins;2.2;24960
66070;Espira-de-Conflent;2.3;20240
66069;Espira-de-l'Agly;2.3;20350
63154;Espirat;2.8;24230
64215;Espiute;3.2;
43090;Esplantas-Vazeilles;0;18300
9117;Esplas;0.9;
9118;Esplas-de-Sérou;1.2;16000
64216;Espoey;3.6;25220
34094;Espondeilhan;4.2;21880
70219;Esprels;4.8;21850
14249;Esquay-Notre-Dame;2.8;25050
14250;Esquay-sur-Seulles;4.3;23790
2286;Esquéhéries;3.6;21000
59210;Esquelbecq;3;23960
60221;Esquennoy;4.2;19160
59211;Esquerchin;4.3;23580
62309;Esquerdes;3.2;21730
65168;Esquièze-Sère;5.6;21550
64217;Esquiule;2;24520
21250;Essarois;0.7;
62310;Essars;5;23290
85084;Essarts-en-Bocage;2.8;22670
61156;Essay;3.4;20310
16131;Esse;4.2;20610
35108;Essé;4.1;23770
88163;Essegney;2.8;23840
90039;Essert;3.9;25050
74114;Essert-Romand;6.4;26680
80285;Essertaux;5;26690
71191;Essertenne;2.1;24320
70220;Essertenne-et-Cecey;3.3;22640
42089;Essertines-en-Châtelneuf;2.9;25270
42090;Essertines-en-Donzy;3.5;22850
73110;Esserts-Blay;3;24850
39214;Esserval-Tartre;3;26060
21251;Essey;4;22690
54182;Essey-et-Maizerais;4.3;23690
54183;Essey-la-Côte;1.7;
54184;Essey-lès-Nancy;4.9;22890
2287;Essigny-le-Grand;4.9;24790
2288;Essigny-le-Petit;2.2;21550
2289;Essises;3;24830
2290;Essômes-sur-Marne;3.6;23660
14251;Esson;2.4;22250
17277;Essouvert;3.6;21480
10141;Essoyes;2.1;21340
60222;Essuiles;2.2;25560
26123;Establet;2.2;
31174;Estadens;2.5;22220
66071;Estagel;2.6;18620
12098;Estaing;2.9;22060
65169;Estaing;0.8;
59212;Estaires;4.7;21970
46097;Estal;2.1;
32126;Estampes;3.5;20910
65170;Estampures;3.5;
31175;Estancarbon;2.8;23260
63155;Estandeuil;0.8;21810
32127;Estang;0.9;19810
65171;Estarvielle;6.1;
66072;Estavar;2.9;21400
63156;Esteil;3.9;
31176;Esténos;2.2;20980
65172;Estensan;8.3;
64218;Estérençuby;1.6;17400
51237;Esternay;1.3;21720
65173;Esterre;5.6;23440
62311;Estevelles;3.8;22850
76247;Esteville;3.9;24530
30107;Estézargues;3;25750
64219;Estialescq;4.7;23140
40095;Estibeaux;4.1;23530
40096;Estigarde;1.4;
47091;Estillac;3.3;23300
32128;Estipouy;3.7;22280
65174;Estirac;2.9;
10142;Estissac;2.2;21010
19077;Estivals;0.6;23070
3111;Estivareilles;2.5;23010
42091;Estivareilles;3.4;22220
19078;Estivaux;0.8;20510
66073;Estoher;1.3;19160
64220;Estos;4.4;26780
4084;Estoublon;1.3;23060
59213;Estourmel;3.4;25670
45139;Estouy;1.6;25430
38157;Estrablin;3.6;25820
32129;Estramiac;2.7;19670
8154;Estrebay;2.6;
80287;Estrébœuf;3.7;21320
62312;Estrée;3.7;22100
62313;Estrée-Blanche;3.3;18470
62314;Estrée-Cauchy;3;25440
62316;Estrée-Wamin;2.7;21190
62315;Estréelles;3.5;24480
2291;Estrées;2.5;21190
59214;Estrées;3.2;24500
80288;Estrées-Deniécourt;5.2;22340
14252;Estrées-la-Campagne;4;25670
80290;Estrées-lès-Crécy;2.4;20480
80557;Estrées-Mons;2.1;20930
60223;Estrées-Saint-Denis;2.2;23180
80291;Estrées-sur-Noye;2.9;28130
88164;Estrennes;0.9;22540
59215;Estreux;6;27850
59219;Estrun;3.1;24680
37103;Esves-le-Moutier;4.2;22620
37104;Esvres;3.9;25360
59216;Eswars;3.3;25770
7086;Étables;4;21900
16132;Étagnac;4.1;21150
76249;Étaimpuis;4;23640
55181;Étain;4.3;19930
62317;Étaing;2.7;23190
76250;Étainhus;4.9;25560
21252;Étais;2.3;
89158;Étais-la-Sauvin;1.7;20510
25222;Étalans;6.4;24050
21253;Étalante;1.8;22090
8155;Étalle;3.5;
76251;Étalleville;2.6;21950
80292;Étalon;4.2;22180
76252;Étalondes;3.4;23900
91223;Étampes;2.4;20480
2292;Étampes-sur-Marne;4.1;21900
71192;Étang-sur-Arroux;2.6;21440
62318;Étaples;6;19120
89159;Étaule;3.7;23890
17155;Étaules;2.9;22480
21255;Étaules;2.6;30430
33159;Étauliers;3.6;20490
74116;Etaux;4.3;36340
2293;Étaves-et-Bocquiaux;3.7;21120
60224;Étavigny;1.2;21490
64221;Etcharry;4;22060
64222;Etchebar;2.5;
8156;Éteignières;4.7;21840
68085;Eteimbes;2.7;26240
56055;Étel;3;23980
80293;Ételfay;3.4;25380
74117;Étercy;2.6;29590
25223;Éternoz-Vallée-du-Lison;3.6;20810
62319;Éterpigny;2.9;27010
80294;Éterpigny;2.6;18430
14254;Éterville;6.7;26560
21256;Étevaux;2.7;26000
59217;Eth;2.9;33140
50177;Étienville;2.3;22400
89160;Étigny;2.8;24060
80295;Étinehem-Méricourt;2.4;21920
91225;Étiolles;4.3;33550
39216;Étival;2.9;20610
88165;Étival-Clairefontaine;4.1;22500
72127;Étival-lès-le-Mans;2.6;24730
89161;Étivey;1.7;23690
70221;Étobon;2.6;24410
51238;Étoges;2;23660
5051;Étoile-Saint-Cyrice;0;
26124;Étoile-sur-Rhône;3.7;24560
55182;Éton;4.1;20990
21257;Étormay;3.5;
24163;Étouars;3.8;16550
10143;Étourvy;0.6;24210
76253;Étoutteville;3.4;24970
25224;Étouvans;3.2;26700
2294;Étouvelles;4.1;25310
60225;Étouy;2;24500
25225;Étrabonne;4.9;22960
25226;Étrappe;3.2;23980
25227;Étray;5;26730
55183;Étraye;3.5;
2295;Étréaupont;2.6;19530
36071;Étrechet;2.4;24480
18090;Étréchy;1.1;21130
51239;Étréchy;2.9;23330
91226;Étréchy;2.3;27380
14256;Étréham;3.8;23530
2296;Étreillers;2.6;23170
80297;Étréjust;2.1;
35109;Étrelles;4;23730
70222;Étrelles-et-la-Montbleuse;3.2;23300
10144;Étrelles-sur-Aube;2.9;24310
74118;Étrembières;4.3;30250
27226;Étrépagny;2;21790
39218;Étrepigney;3.5;23800
8158;Étrépigny;2.1;24900
2297;Étrépilly;2.3;23220
77173;Étrépilly;2.5;25840
51240;Étrepy;3;22290
76254;Étretat;1.5;23330
2298;Étreux;4.5;19940
54185;Étreval;2.3;
27227;Étréville;3.5;21550
16133;Étriac;2.4;23520
49132;Étriché;3.6;22650
80298;Étricourt-Manancourt;2.9;21710
71193;Étrigny;2.4;23730
21258;Étrochey;4;23300
59218;Étrœungt;4.1;21230
3112;Étroussat;3.8;21210
62320;Étrun;4.6;23800
64223;Etsaut;2.5;
67135;Ettendorf;4.4;25790
57201;Etting;2.7;24270
90041;Étueffont;3.4;24440
25228;Étupes;4.5;22770
27228;Éturqueraye;3.2;22140
70224;Étuz;4.8;24450
57202;Etzling;3.1;26230
76255;Eu;4.4;21700
52193;Euffigneix;2.3;27000
40097;Eugénie-les-Bains;3.6;22620
8159;Euilly-et-Lombut;3.5;24760
54186;Eulmont;3.7;28400
31177;Eup;2.1;23820
26125;Eurre;3.5;24820
52194;Eurville-Bienville;2.3;21070
66074;Eus;3.1;19780
54187;Euvezin;3.2;20880
55184;Euville;3.4;21610
51241;Euvy;2.2;
30109;Euzet;1.2;21150
39219;Évans;4.7;26770
88166;Évaux-et-Ménil;2.8;23420
23076;Évaux-les-Bains;3.2;20870
60226;Ève;2.9;27410
78227;Évecquemont;2;31430
56144;Évellys;2.9;21970
83053;Évenos;2;25580
2299;Évergnicourt;3.7;22270
77174;Everly;2;24140
90042;Évette-Salbert;3.8;28560
69083;Éveux;4;30290
74119;Évian-les-Bains;3.1;27820
8160;Évigny;3.1;26760
25229;Évillers;3.4;24230
62321;Évin-Malmaison;6.4;19350
2A108;Évisa;0;20170
1155;Évosges;0;23720
22056;Évran;2.3;22460
57203;Évrange;1.2;38280
14257;Évrecy;3;25620
55185;Èvres;1.9;
27229;Évreux;2.6;18580
60227;Évricourt;2.8;22850
56056;Évriguet;2.9;19460
53097;Évron;3;21550
89162;Évry;3;24470
91228;Évry-Courcouronnes;3;19160
77175;Évry-Grégy-sur-Yerre;4;29590
74121;Excenevex;1.5;32280
24164;Excideuil;3.8;20240
8161;Exermont;2.2;
16134;Exideuil-sur-Vienne;2.6;21200
25230;Exincourt;4.1;22480
79114;Exireuil;2.4;21620
79115;Exoudun;2.6;21440
17156;Expiremont;2.6;20920
38158;Eybens;6;25120
87062;Eybouleuf;3.4;22420
19079;Eyburie;1.2;19680
9119;Eycheil;4.1;21680
38159;Eydoche;2.5;22710
26126;Eygalayes;1;
13034;Eygalières;2.8;23740
26127;Eygaliers;3.6;17900
5052;Eygliers;3.5;22550
26128;Eygluy-Escoulin;0.8;
13035;Eyguières;3.1;25680
19080;Eygurande;3.3;20870
24165;Eygurande-et-Gardedeuil;1.6;20460
87063;Eyjeaux;3.5;24610
24167;Eymet;2.2;21130
26129;Eymeux;3.8;24450
16135;Eymouthiers;3.5;21390
87064;Eymoutiers;2.6;20590
66075;Eyne;7.9;19540
33160;Eynesse;3.2;21480
13036;Eyragues;4;23990
33161;Eyrans;2.9;21940
24259;Eyraud-Crempse-Maurens;1.3;22100
19081;Eyrein;5.7;22220
40098;Eyres-Moncube;4.3;25270
26130;Eyroles;0;
33162;Eysines;6.9;23980
25231;Eysson;3.7;27580
64224;Eysus;2.6;23660
67136;Eywiller;3.7;21990
26131;Eyzahut;1.5;22690
24171;Eyzerac;4.2;22310
38160;Eyzin-Pinet;2.7;26800
95229;Ézanville;1.5;25510
6059;Èze;4.6;29970
27230;Ézy-sur-Eure;2.3;22490
9120;Fabas;1.7;19250
31178;Fabas;1.4;20310
82057;Fabas;2.8;25600
7087;Fabras;3.5;20980
34095;Fabrègues;5.6;24410
11132;Fabrezan;5.8;20810
59220;Faches-Thumesnil;3;22280
58111;Fâchin;0;20330
32130;Faget-Abbatial;1.7;19390
51242;Fagnières;2.6;22390
8162;Fagnon;2.9;26460
70225;Fahy-lès-Autrey;2.2;25120
57204;Failly;2.5;29080
25232;Faimbe;3.7;23170
21259;Fain-lès-Montbard;4.4;23390
21260;Fain-lès-Moutiers;2.2;22050
27231;Fains;0.9;25520
55186;Fains-Véel;3.8;25050
8163;Faissault;2.8;25150
11133;Fajac-en-Val;1.5;
11134;Fajac-la-Relenque;3;
46098;Fajoles;4.3;20010
82058;Fajolles;2.4;22090
8164;Falaise;4.6;22940
14258;Falaise;4.5;20500
57205;Falck;2.3;21910
33163;Faleyras;3.6;22570
31180;Falga;2.6;23560
6060;Falicon;2.4;32330
68086;Falkwiller;2.2;27270
76257;Fallencourt;3.3;17920
25233;Fallerans;5;25670
85086;Falleron;2.4;21790
39220;Falletans;3.8;24350
70226;Fallon;4.5;20740
47092;Fals;1.4;26160
80300;Falvy;2.7;22740
59221;Famars;4.8;24250
62322;Famechon;3.2;22410
80301;Famechon;4;22780
57206;Fameck;3.6;19950
62323;Fampoux;3.2;25700
11136;Fanjeaux;1.9;19610
24174;Fanlac;2.9;18650
1156;Faramans;2.2;26730
38161;Faramans;2.3;23460
62324;Farbus;4.3;25950
27232;Farceaux;2.3;23240
57207;Farébersviller;4.1;16050
1157;Fareins;3.1;27070
77176;Faremoutiers;2.4;24820
1158;Farges;1.5;37990
18091;Farges-Allichamps;1.6;22020
18092;Farges-en-Septaine;2;23450
71194;Farges-lès-Chalon;2.7;24430
71195;Farges-lès-Mâcon;2.6;26520
33164;Fargues;4.8;24700
40099;Fargues;2.5;21830
33165;Fargues-Saint-Hilaire;4;25170
47093;Fargues-sur-Ourbise;2.3;23730
52195;Farincourt;0.7;
2B109;Farinole;2.7;23220
42093;Farnay;2.5;28690
57208;Farschviller;1.9;22460
72129;Fatines;2.4;23850
27233;Fatouville-Grestain;3.1;25330
81088;Fauch;2.2;22900
74122;Faucigny;3.4;37760
70227;Faucogney-et-la-Mer;2.3;18820
88167;Faucompierre;2.9;23550
84045;Faucon;5.8;23370
4086;Faucon-de-Barcelonnette;6.3;21400
4085;Faucon-du-Caire;1.4;
88168;Fauconcourt;2.6;24480
82059;Faudoas;3.3;20090
7088;Faugères;1.9;19320
34096;Faugères;3.9;21290
14260;Fauguernon;3.2;26580
47094;Fauguerolles;3.2;19730
47095;Fauillet;2.6;21030
57209;Faulquemont;3.5;20970
54188;Faulx;3;26490
59222;Faumont;3.9;27700
62325;Fauquembergues;3;17750
24176;Faurilles;3;
82060;Fauroux;2.2;17780
81089;Faussergues;3.4;18880
21261;Fauverney;4.6;28200
27234;Fauville;3.7;25010
8165;Faux;2.6;
24177;Faux-en-Périgord;2.3;23020
51243;Faux-Fresnay;2.2;22410
23077;Faux-la-Montagne;7.1;16970
23078;Faux-Mazuras;4.2;22010
51244;Faux-Vésigneul;1;24780
10145;Faux-Villecerf;2.3;24090
2B110;Favalello;0;
19082;Favars;2.6;24080
18093;Faverdines;1.2;22090
45141;Faverelles;3.2;20310
38162;Faverges-de-la-Tour;3.4;25090
74123;Faverges-Seythenex;3.7;23620
70228;Faverney;2.2;20330
90043;Faverois;2.1;29270
2302;Faverolles;2.2;24050
28146;Faverolles;2.6;28220
52196;Faverolles;0.8;25360
61158;Faverolles;2.7;19760
80302;Faverolles;3.9;23940
51245;Faverolles-et-Coëmy;3.1;26290
27235;Faverolles-la-Campagne;1.8;25410
21262;Faverolles-lès-Lucey;0.6;
41080;Faverolles-sur-Cher;2.8;23160
28147;Favières;2.4;24080
54189;Favières;2.2;22780
77177;Favières;2;28690
80303;Favières;4.5;23120
51246;Favresse;1.8;23610
62326;Favreuil;3.1;23010
78231;Favrieux;1.8;28820
61159;Fay;1.9;
72130;Fay;1.9;26120
80304;Fay;3.9;
45142;Fay-aux-Loges;3.2;25090
44056;Fay-de-Bretagne;3;23410
39222;Fay-en-Montagne;2.2;
26133;Fay-le-Clos;2.8;22920
60228;Fay-les-Étangs;1.2;27700
10146;Fay-lès-Marcilly;1.9;
77178;Faÿ-lès-Nemours;2.7;26090
43092;Fay-sur-Lignon;2.9;20110
46100;Faycelles;1.8;25070
41081;Faye;1.7;23500
79116;Faye-l'Abbesse;2.6;20620
37105;Faye-la-Vineuse;3.1;20640
79117;Faye-sur-Ardin;1.5;23160
83055;Fayence;3.8;23170
2303;Fayet;3.7;32330
12099;Fayet;1.4;19050
63157;Fayet-le-Château;0.6;22870
63158;Fayet-Ronaye;1.2;21340
52197;Fayl-Billot;3;20740
70229;Faymont;1.4;21750
85087;Faymoreau;1.1;18260
52198;Fays;3.3;
88169;Fays;3.2;24460
10147;Fays-la-Chapelle;2.1;24760
81087;Fayssac;3.7;24000
62327;Febvin-Palfart;2;21000
76259;Fécamp;3.2;19850
59224;Féchain;2.2;21800
90045;Fêche-l'Église;2.7;24660
54190;Fécocourt;2;22330
70230;Fédry;2.4;22350
67137;Fegersheim;6;26570
44057;Fégréac;2.7;20810
74124;Feigères;2.2;47300
60231;Feigneux;2.8;27920
59225;Feignies;2.7;19550
1159;Feillens;3.9;24360
66076;Feilluns;1.5;
61160;Feings;3.2;23280
35110;Feins;2.3;22210
45143;Feins-en-Gâtinais;1.1;
73113;Feissons-sur-Salins;1.3;25520
2B111;Felce;0;
68087;Feldbach;4.3;31430
68088;Feldkirch;4.4;27420
2B112;Feliceto;1.8;20360
7089;Félines;3.4;25570
43093;Félines;5.4;20180
34097;Félines-Minervois;2;18210
26134;Félines-sur-Rimandoule;2.8;
11137;Félines-Termenès;2.4;13820
59226;Felleries;3.5;21730
68089;Fellering;3.4;23560
23079;Felletin;5.2;19690
90044;Felon;4.4;27660
46101;Felzins;2.6;21970
59227;Fenain;3.5;20110
21263;Fénay;5.4;27260
11138;Fendeille;3.4;22910
79118;Fénery;1.8;21400
57210;Fénétrange;2.7;21970
49135;Feneu;3.1;24520
82061;Féneyrols;2.7;18320
23080;Féniers;0.6;
17157;Fenioux;2.8;22180
79119;Fenioux;1.7;21710
54191;Fenneviller;3.1;23310
81090;Fénols;2.3;22910
31182;Fenouillet;4.9;22940
66077;Fenouillet;2.5;
11139;Fenouillet-du-Razès;0.9;
8166;Fépin;3;21050
44058;Fercé;2.4;20890
72131;Fercé-sur-Sarthe;2.7;23280
88170;Ferdrupt;2.7;21320
51248;Fère-Champenoise;2.8;21310
2305;Fère-en-Tardenois;2.7;19780
51247;Fèrebrianges;2;26540
56058;Férel;3.1;23200
62328;Ferfay;3.5;20620
77179;Féricy;2;29840
59228;Férin;3.3;25080
50178;Fermanville;1.5;25300
1160;Ferney-Voltaire;1.6;27220
63159;Fernoël;3.3;19650
45144;Férolles;2.7;25950
77180;Férolles-Attilly;2.7;34290
59229;Féron;3.6;22470
62329;Ferques;3.8;20400
11140;Ferrals-les-Corbières;4.7;20570
34098;Ferrals-les-Montagnes;0.1;17330
11141;Ferran;1.7;26110
26135;Ferrassières;4.6;19450
47096;Ferrensac;2.8;22260
65175;Ferrère;0.1;
68090;Ferrette;3.1;25270
10148;Ferreux-Quincey;3;25880
52199;Ferrière-et-Lafolie;2.9;
59230;Ferrière-la-Grande;4.1;19240
59231;Ferrière-la-Petite;3.9;20640
37107;Ferrière-Larçon;4.7;21460
37108;Ferrière-sur-Beaulieu;3.9;24280
17158;Ferrières;4;22420
54192;Ferrières;2.5;26280
60232;Ferrières;3.4;21840
65176;Ferrières;0;17100
80305;Ferrières;2.6;28420
76260;Ferrières-en-Bray;2.5;21400
77181;Ferrières-en-Brie;4.2;29080
45145;Ferrières-en-Gâtinais;1;22730
27238;Ferrières-Haut-Clocher;2.3;26610
61166;Ferrières-la-Verrerie;2.2;22730
25234;Ferrières-le-Lac;1.9;32370
25235;Ferrières-les-Bois;5.1;25040
70231;Ferrières-lès-Ray;3.6;
70232;Ferrières-lès-Scey;3.8;21920
34099;Ferrières-les-Verreries;2;
34100;Ferrières-Poussarou;1.1;
27239;Ferrières-Saint-Hilaire;1.7;24410
15069;Ferrières-Saint-Mary;2.8;18650
9121;Ferrières-sur-Ariège;3.9;24090
3113;Ferrières-sur-Sichon;4.4;20330
43094;Ferrussac;0;
25236;Fertans;4.7;22400
58113;Fertrève;1.6;22650
80306;Fescamps;2.9;22990
25237;Fesches-le-Châtel;3.7;22280
2308;Fesmy-le-Sart;3;19670
76262;Fesques;4.2;23210
28151;Fessanvilliers-Mattanvilliers;2.7;20260
68091;Fessenheim;2.8;26870
67138;Fessenheim-le-Bas;4.2;27120
25238;Fessevillers;1.6;29940
74126;Fessy;1.6;35730
11142;Festes-et-Saint-André;1.5;15210
2309;Festieux;2.5;21460
51249;Festigny;2.2;25510
89164;Festigny;2.6;
62330;Festubert;4.9;25790
74127;Féternes;3.2;28700
78233;Feucherolles;2.3;42090
62331;Feuchy;4.3;22970
47097;Feugarolles;4.1;19750
50181;Feugères;2.1;21360
10149;Feuges;2.9;25100
27241;Feuguerolles;1;26740
14266;Feuguerolles-Bully;4.5;26070
11143;Feuilla;1.3;16510
16137;Feuillade;2.7;19960
80307;Feuillères;3.5;20160
25239;Feule;2.3;23720
60233;Feuquières;2.7;19130
80308;Feuquières-en-Vimeu;3.5;20140
42094;Feurs;2.9;20980
36073;Feusines;2.6;20410
18094;Feux;1.6;21130
57211;Fèves;3.2;26940
57212;Féy;6.1;30250
54193;Fey-en-Haye;2.6;
19083;Feyt;2.9;21450
87065;Feytiat;4.1;24630
69276;Feyzin;5.2;22210
81092;Fiac;3.7;24050
2B113;Ficaja;0;
62332;Ficheux;3.8;25080
64226;Fichous-Riumayou;3.2;21150
80566;Fieffes-Montrelet;4.5;23050
62333;Fiefs;1.6;19300
62334;Fiennes;2.1;21970
80310;Fienvillers;3.6;21270
50183;Fierville-les-Mines;2.5;21390
14269;Fierville-les-Parcs;4;24280
2310;Fieulaine;4.1;23300
47098;Fieux;1.9;23360
83056;Figanières;2.8;23630
2A114;Figari;1.8;20620
31183;Figarol;3;21590
46102;Figeac;3.5;22150
88171;Fignévelle;2.9;
80311;Fignières;4.2;22940
70234;Filain;1.8;23980
72133;Fillé;2.2;25950
74282;Fillière;3.9;32280
54194;Fillières;2.5;29020
62335;Fillièvres;3.9;20580
74128;Fillinges;5;36920
66078;Fillols;1.4;17030
57213;Filstroff;2.1;22910
88172;Fiménil;3.9;21740
66079;Finestret;2.3;20330
82062;Finhan;2.4;22080
80312;Fins;2.9;20160
27243;Fiquefleur-Équainville;3.1;25460
24180;Firbeix;4.3;18920
14270;Firfol;2.9;23730
12100;Firmi;3.9;22030
42095;Firminy;3.1;19020
68092;Fislis;2.7;32230
51250;Fismes;3.1;20690
11144;Fitou;2.2;20530
60234;Fitz-James;2.4;24800
43095;Fix-Saint-Geneys;2.1;20070
57214;Fixem;2.5;28500
21265;Fixin;4.2;31990
21266;Flacey;3.2;28580
28153;Flacey;2.6;23790
71198;Flacey-en-Bresse;1.6;22040
38167;Flachères;1.4;23940
78234;Flacourt;1.5;26080
89165;Flacy;2;22040
25241;Flagey;3.3;23050
52200;Flagey;2.6;
21267;Flagey-Echézeaux;3.3;27340
21268;Flagey-lès-Auxonne;2.7;22360
25242;Flagey-Rigney;2.7;23440
12101;Flagnac;2.8;22510
70235;Flagy;2.8;21100
71199;Flagy;3.6;25230
77184;Flagy;2;25780
8169;Flaignes-Havys;2.9;
54195;Flainval;3.6;24230
50184;Flamanville;2.5;22390
76264;Flamanville;3.3;24320
32131;Flamarens;3.6;23260
76265;Flamets-Frétils;2.8;20670
21269;Flammerans;3;24080
52201;Flammerécourt;2.4;
27085;Flancourt-Crescy-en-Roumois;2.6;24490
25243;Flangebouche;4.4;25130
84046;Flassan;1.8;22900
83057;Flassans-sur-Issole;2.7;22800
55188;Flassigny;1.1;
57215;Flastroff;2.5;24950
80313;Flaucourt;2.5;21160
46104;Flaujac-Gare;3.6;
46105;Flaujac-Poujols;3.9;25950
33168;Flaujagues;3;21440
59233;Flaumont-Waudrechies;3.5;20600
30110;Flaux;3.3;24120
60235;Flavacourt;0.8;25200
7090;Flaviac;2.1;22320
87066;Flavignac;3.4;21520
21270;Flavignerot;1.1;27110
18095;Flavigny;1.4;21760
51251;Flavigny;4.5;29240
2313;Flavigny-le-Grand-et-Beaurain;3.3;21670
54196;Flavigny-sur-Moselle;5.2;26060
21271;Flavigny-sur-Ozerain;1.7;25950
12102;Flavin;3.8;24530
2315;Flavy-le-Martel;2.4;21150
60236;Flavy-le-Meldeux;2.4;21310
1162;Flaxieu;4.3;
68093;Flaxlanden;1.9;31060
23081;Flayat;3.3;19320
83058;Flayosc;5.4;24580
16138;Fléac;2.3;23980
17159;Fléac-sur-Seugne;3.9;20330
62336;Fléchin;2.1;19940
60237;Fléchy;3.6;
72134;Flée;2.8;22120
8170;Fleigneux;1.1;23950
57216;Fleisheim;2.1;23510
86098;Fleix;3.2;21620
36074;Fléré-la-Rivière;4.5;20920
61169;Flers;2.9;18810
62337;Flers;3.2;22250
80314;Flers;3;21970
59234;Flers-en-Escrebieux;6.7;19610
80315;Flers-sur-Noye;4.2;26490
59236;Flesquières;3.1;22460
80316;Flesselles;4.9;23770
57217;Flétrange;2.8;23970
59237;Flêtre;5.4;26440
58114;Fléty;5.9;
16139;Fleurac;3.4;23590
24183;Fleurac;3.1;23150
32132;Fleurance;4.8;20810
23082;Fleurat;4.3;23080
62338;Fleurbaix;6.5;30270
61170;Fleuré;3.2;24200
86099;Fleuré;4;22580
25244;Fleurey;0.6;
70236;Fleurey-lès-Faverney;2.2;21700
70237;Fleurey-lès-Lavoncourt;1.6;20280
70238;Fleurey-lès-Saint-Loup;2.9;20000
21273;Fleurey-sur-Ouche;4.1;28030
69084;Fleurie;2.4;24350
3115;Fleuriel;3.1;23340
69085;Fleurieu-sur-Saône;3.4;31110
69086;Fleurieux-sur-l'Arbresle;3.3;29780
60238;Fleurines;2.8;29520
71591;Fleurville;3;24840
2316;Fleury;1.6;26560
11145;Fleury;2.1;21060
50185;Fleury;3.6;23510
57218;Fleury;3.5;28930
60239;Fleury;1.3;24590
62339;Fleury;2.7;19530
80317;Fleury;3.5;22890
55189;Fleury-devant-Douaumont;N/A - résultat non disponible;
77185;Fleury-en-Bière;1.9;32710
27245;Fleury-la-Forêt;2.2;24000
71200;Fleury-la-Montagne;2.3;22100
51252;Fleury-la-Rivière;2.3;25000
89167;Fleury-la-Vallée;1.6;24060
45147;Fleury-les-Aubrais;3.2;21170
91235;Fleury-Mérogis;3;19420
27246;Fleury-sur-Andelle;3.6;20330
58115;Fleury-sur-Loire;0.7;20430
14271;Fleury-sur-Orne;7;21780
8171;Fléville;3.4;
54197;Fléville-devant-Nancy;6.4;28000
54198;Fléville-Lixières;3.3;22380
57219;Flévy;3;27560
78236;Flexanville;2;31130
67139;Flexbourg;3.4;26300
71201;Fley;1.3;26540
89168;Fleys;4.4;23970
58116;Flez-Cuzy;2.7;19850
8172;Fligny;4.6;18540
54199;Flin;3.5;24690
59238;Flines-lès-Mortagne;2.8;24600
59239;Flines-lez-Raches;3.1;24460
78237;Flins-Neuve-Église;1.4;26740
78238;Flins-sur-Seine;4.5;25620
27247;Flipou;2.6;24880
54200;Flirey;1.6;23740
80318;Flixecourt;5.3;19160
8173;Flize;3.6;22990
57220;Flocourt;3.9;22250
76266;Flocques;2.8;22520
89169;Flogny-la-Chapelle;3.5;21750
8174;Floing;1.9;22080
17160;Floirac;2.3;22590
33167;Floirac;8.1;20850
46106;Floirac;2.6;22830
48061;Florac Trois Rivières;5;21280
57221;Florange;4.8;21130
88173;Florémont;4.7;24490
34101;Florensac;4.5;20750
51253;Florent-en-Argonne;4.3;22560
81093;Florentin;3.2;23770
12103;Florentin-la-Capelle;4.7;18510
46107;Floressas;1.3;22210
90046;Florimont;1.7;29020
24184;Florimont-Gaumier;3.5;20150
62340;Floringhem;2.9;22310
50186;Flottemanville;3.3;23450
33169;Floudès;2.8;
11146;Floure;3.2;19470
31184;Flourens;3.8;29110
59240;Floursies;4.7;24000
59241;Floyon;3.4;22090
73114;Flumet;6.6;23130
2317;Fluquières;1.5;26590
80319;Fluy;4;27330
55191;Foameix-Ornel;3.6;25080
2A115;Foce;1;26190
2B116;Focicchia;0;
18096;Foëcy;2.5;21550
8175;Foisches;4;23090
12104;Foissac;0.7;21060
30111;Foissac;3.1;21530
1163;Foissiat;1.9;23810
21274;Foissy;5.7;21010
89170;Foissy-lès-Vézelay;2.6;19090
89171;Foissy-sur-Vanne;1.6;19950
9122;Foix;4.9;20950
31185;Folcarde;3.4;24870
2318;Folembray;2.4;20330
68094;Folgensbourg;3.3;36700
80320;Folies;6.1;22750
57222;Folkling;3;25070
78239;Follainville-Dennemont;1.8;25230
87067;Folles;2.6;19800
27248;Folleville;2.5;23750
80321;Folleville;3.7;24670
50188;Folligny;3.8;20980
57224;Folschviller;3.3;18660
88174;Fomerey;2.4;24390
79121;Fomperron;2.7;21840
31186;Fonbeauzard;3.6;23240
21275;Foncegrive;2.2;23550
80322;Fonches-Fonchette;5;20090
39227;Foncine-le-Bas;3.9;25710
39228;Foncine-le-Haut;3.6;28180
62341;Foncquevillers;3.2;22090
12155;Fondamente;0;20550
37109;Fondettes;3.6;28030
70239;Fondremand;3.2;26540
97208;Fonds-Saint-Denis;2;18040
47099;Fongrave;1.1;20120
76268;Fongueusemare;3.2;21920
24186;Fonroque;1.7;17700
7091;Fons;1.9;24010
30112;Fons;3.3;23540
46108;Fons;3.2;22270
30113;Fons-sur-Lussan;0.9;21050
2319;Fonsomme;3.2;20590
31187;Fonsorbes;3.6;25650
66124;Font-Romeu-Odeillo-Via;4.3;21580
25245;Fontain;3.7;27860
10150;Fontaine;2.8;24240
38169;Fontaine;2.9;20790
90047;Fontaine;2.9;24850
59242;Fontaine-au-Bois;3;22680
59243;Fontaine-au-Pire;2.5;21520
27249;Fontaine-Bellenger;3.4;26400
60240;Fontaine-Bonneleau;3.7;22430
60241;Fontaine-Chaalis;1.8;36590
17162;Fontaine-Chalendray;2.8;16740
53098;Fontaine-Couverte;1.6;20870
84139;Fontaine-de-Vaucluse;2;20320
51254;Fontaine-Denis-Nuisy;4.2;25840
76269;Fontaine-en-Bray;4.1;22120
51255;Fontaine-en-Dormois;0;
14274;Fontaine-Étoupefour;4.7;27940
77187;Fontaine-Fourches;2.2;21280
21277;Fontaine-Française;2.6;22320
14275;Fontaine-Henry;4.2;24430
27251;Fontaine-l'Abbé;2.9;22590
62345;Fontaine-l'Étalon;3;
89172;Fontaine-la-Gaillarde;3.3;25520
28154;Fontaine-la-Guyon;1.4;25770
27252;Fontaine-la-Louvet;1.6;22230
76270;Fontaine-la-Mallet;3.2;30880
91240;Fontaine-la-Rivière;2.7;29390
60242;Fontaine-Lavaganne;4;23390
76271;Fontaine-le-Bourg;3.5;24370
86100;Fontaine-le-Comte;5.2;25330
76272;Fontaine-le-Dun;3.5;20750
14276;Fontaine-le-Pin;2.3;23770
77188;Fontaine-le-Port;2.2;31180
80324;Fontaine-le-Sec;3.2;22060
61171;Fontaine-les-Bassets;2.8;21230
62342;Fontaine-lès-Boulans;1.7;
80325;Fontaine-lès-Cappy;3.1;
2320;Fontaine-lès-Clercs;3.8;26300
25246;Fontaine-lès-Clerval;2.2;20340
41087;Fontaine-les-Coteaux;2.5;23310
62343;Fontaine-lès-Croisilles;2.2;25950
21278;Fontaine-lès-Dijon;4.9;28750
10151;Fontaine-les-Grès;2.1;20990
62344;Fontaine-lès-Hermans;2;19720
70240;Fontaine-lès-Luxeuil;4.5;20540
28155;Fontaine-les-Ribouts;1.5;25160
2321;Fontaine-lès-Vervins;2.4;22120
10153;Fontaine-Mâcon;2.7;26490
2322;Fontaine-Notre-Dame;3.2;24950
59244;Fontaine-Notre-Dame;3.8;22970
41088;Fontaine-Raoul;1.2;21090
60243;Fontaine-Saint-Lucien;2.8;24840
28156;Fontaine-Simon;3.9;22150
27254;Fontaine-sous-Jouy;1.6;27700
80326;Fontaine-sous-Montdidier;2.7;23180
76273;Fontaine-sous-Préaux;4.7;28460
51256;Fontaine-sur-Ay;3.5;31660
80327;Fontaine-sur-Maye;2.4;21410
80328;Fontaine-sur-Somme;4;22020
2323;Fontaine-Uterte;2.6;23020
77186;Fontainebleau;3.1;27340
39229;Fontainebrux;3.2;24200
71202;Fontaines;3.5;25380
89173;Fontaines;3.6;22180
17163;Fontaines-d'Ozillac;2.6;21400
21276;Fontaines-en-Duesmois;3;22990
41086;Fontaines-en-Sologne;2.8;23040
21279;Fontaines-les-Sèches;1.8;
55192;Fontaines-Saint-Clair;0.7;
69087;Fontaines-Saint-Martin;2.9;34190
52203;Fontaines-sur-Marne;2.8;21290
69088;Fontaines-sur-Saône;3;25230
77190;Fontains;1.5;25990
6062;Fontan;4.6;19210
46109;Fontanes;3.5;22860
30114;Fontanès;3.1;23230
34102;Fontanès;2.9;27330
42096;Fontanès;1.3;23590
11147;Fontanès-de-Sault;0;
15070;Fontanges;5.2;20810
21280;Fontangy;2;22690
23083;Fontanières;2.6;20600
38170;Fontanil-Cornillon;3.9;27990
43096;Fontannes;3.1;21570
48063;Fontans;2;19400
30115;Fontarèches;2.5;22090
11148;Fontcouverte;5.3;21070
17164;Fontcouverte;4.5;24750
73116;Fontcouverte-la-Toussuire;4.1;22340
77191;Fontenailles;1.6;27010
36075;Fontenay;1.2;
71203;Fontenay;1.4;
76275;Fontenay;3.5;27130
88175;Fontenay;2.6;24410
92032;Fontenay-aux-Roses;3.1;26990
10154;Fontenay-de-Bossery;2.1;
95241;Fontenay-en-Parisis;3.7;25530
85092;Fontenay-le-Comte;2.9;21440
78242;Fontenay-le-Fleury;2.2;26260
14277;Fontenay-le-Marmion;2.9;23770
14278;Fontenay-le-Pesnel;3.1;24300
91244;Fontenay-le-Vicomte;2.1;27290
91243;Fontenay-lès-Briis;2.5;29050
78245;Fontenay-Mauvoisin;2;32020
89175;Fontenay-près-Chablis;2.3;30250
89176;Fontenay-près-Vézelay;2.9;21180
78246;Fontenay-Saint-Père;1.8;30160
94033;Fontenay-sous-Bois;3.5;25750
89177;Fontenay-sous-Fouronnes;1.4;
28157;Fontenay-sur-Conie;1.6;24000
28158;Fontenay-sur-Eure;2.6;28410
45148;Fontenay-sur-Loing;2;22250
50190;Fontenay-sur-Mer;2.1;21960
72136;Fontenay-sur-Vègre;3.7;22980
60244;Fontenay-Torcy;2.2;23800
77192;Fontenay-Trésigny;2.2;24880
2324;Fontenelle;4.1;21680
21281;Fontenelle;2.4;23160
90048;Fontenelle;2.4;24840
25247;Fontenelle-Montby;4.2;
17165;Fontenet;4.3;21180
16141;Fontenille;4.4;22140
79122;Fontenille-Saint-Martin-d'Entraigues;2.2;20950
31188;Fontenilles;3.2;27860
70242;Fontenois-la-Ville;3.3;20250
70243;Fontenois-lès-Montbozon;2.8;19710
25249;Fontenotte;5.9;
2326;Fontenoy;2;23650
89179;Fontenoy;3.4;20680
54201;Fontenoy-la-Joûte;3;21110
88176;Fontenoy-le-Château;3.3;16860
54202;Fontenoy-sur-Moselle;5.2;28370
39230;Fontenu;2;
57225;Fonteny;3.6;22990
11149;Fonters-du-Razès;1.2;
34103;Fontès;2.3;21500
33170;Fontet;3.4;21100
10155;Fontette;1;35380
49140;Fontevraud-l'Abbaye;1.6;20070
36076;Fontgombault;3.4;21620
36077;Fontguenand;2.6;19590
4087;Fontienne;3.7;21610
11150;Fontiers-Cabardès;3.8;20030
11151;Fontiès-d'Aude;4.1;20990
79064;Fontivillié;4.1;21850
11152;Fontjoncouse;1.4;18290
57226;Fontoy;3.7;24190
66080;Fontpédrouse;0;20750
66081;Fontrabiouse;5.5;22060
65177;Fontrailles;3.7;23070
81062;Fontrieu;2.3;19120
10156;Fontvannes;2.5;21720
13038;Fontvieille;2.4;24530
57227;Forbach;3.6;17540
83059;Forcalqueiret;4.3;23670
4088;Forcalquier;4.5;20570
53099;Forcé;3.8;24520
54203;Forcelles-Saint-Gorgon;3.6;25020
54204;Forcelles-sous-Gugney;3.6;
80329;Forceville;3.9;20650
80330;Forceville-en-Vimeu;3.2;20560
52204;Forcey;2;
2A117;Forciolo;1.4;
59246;Forest-en-Cambrésis;4.2;21870
80331;Forest-l'Abbaye;5.4;22950
80332;Forest-Montiers;6.2;21050
5056;Forest-Saint-Julien;5.1;20900
59247;Forest-sur-Marque;5;28160
2327;Foreste;1.5;18850
77193;Forfry;2.2;28170
17166;Forges;3.8;22130
77194;Forges;2.8;23650
19084;Forgès;3.3;22620
56102;Forges de Lanouée;2.8;21500
35114;Forges-la-Forêt;2.6;20550
91249;Forges-les-Bains;2.3;30150
76276;Forges-les-Eaux;4.4;20540
55193;Forges-sur-Meuse;1.8;21200
31189;Forgues;2.6;25100
21282;Forléans;4.2;22420
14280;Formentin;2.6;22850
60245;Formerie;2.9;19260
14281;Formigny La Bataille;4.7;22330
66082;Formiguères;8.2;19910
9123;Fornex;2.7;20620
79125;Fors;1.9;24580
67140;Forstfeld;3.7;28440
67141;Forstheim;5.1;26210
97209;Fort-de-France;4.7;19470
39232;Fort-du-Plasne;3.1;24360
67142;Fort-Louis;1.9;27060
80333;Fort-Mahon-Plage;3.2;22110
27258;Fort-Moville;2.9;24810
41090;Fortan;1.4;24740
62346;Fortel-en-Artois;2.8;19860
68095;Fortschwihr;2.5;28260
31190;Fos;2;19960
34104;Fos;0.8;18380
13039;Fos-sur-Mer;2.9;23680
66083;Fosse;3.2;
8176;Fossé;5.3;
41091;Fossé;2.6;24410
24188;Fossemagne;2.6;20110
80334;Fossemanant;3.4;23780
95250;Fosses;1.9;23310
33171;Fossès-et-Baleyssac;2.4;21270
62347;Fosseux;3.1;20690
57228;Fossieux;3.9;22870
2328;Fossoy;3.9;24890
76278;Foucarmont;4.3;19610
76279;Foucart;3.2;23250
80335;Foucaucourt-en-Santerre;3.6;22690
80336;Foucaucourt-Hors-Nesle;3.4;
55194;Foucaucourt-sur-Thabas;2.4;
70244;Fouchécourt;2.8;19210
88179;Fouchécourt;5.3;
39233;Foucherans;4.8;23170
10158;Fouchères;2.3;23610
89180;Fouchères;2;24060
55195;Fouchères-aux-Bois;2.1;24930
45149;Foucherolles;1.1;21170
67143;Fouchy;3;24620
27259;Foucrainville;2;
67144;Fouday;3.5;23240
80337;Fouencamps;4.3;24730
29058;Fouesnant;3.7;26760
62348;Foufflin-Ricametz;4.1;24460
54205;Foug;3.6;20900
31191;Fougaron;0;23300
9125;Fougax-et-Barrineuf;0.9;18510
85093;Fougeré;3.4;22860
35115;Fougères;2.1;20620
36078;Fougerolles;5.8;20450
53100;Fougerolles-du-Plessis;1.8;20450
70245;Fougerolles-Saint-Valbert;4.9;21620
24189;Fougueyrolles;3.9;21640
60247;Fouilleuse;2.2;26170
5057;Fouillouse;2.3;27550
60248;Fouilloy;4.2;20340
80338;Fouilloy;5.8;23530
77195;Fouju;1.6;28330
52205;Foulain;2.8;24620
60249;Foulangues;1.5;30290
47100;Foulayronnes;3.1;25560
27260;Foulbec;2.7;23510
57229;Foulcrey;2.9;20820
24190;Fouleix;3.8;22190
39234;Foulenay;2.1;
57230;Fouligny;2.9;24970
14282;Foulognes;2.3;21400
16143;Fouquebrune;2.6;21700
60250;Fouquenies;4.1;26350
62349;Fouquereuil;5;22330
60251;Fouquerolles;2.8;25430
80339;Fouquescourt;3.8;21200
16144;Fouqueure;3.7;21220
27261;Fouqueville;3.2;23800
62350;Fouquières-lès-Béthune;5;25480
62351;Fouquières-lès-Lens;5.3;18110
38172;Four;3.6;27890
17168;Fouras;2.7;25880
25251;Fourbanne;6.3;23350
25252;Fourcatier-et-Maison-Neuve;2.2;34890
32133;Fourcès;2.7;21630
58117;Fourchambault;3.3;19170
14283;Fourches;3.6;21560
80340;Fourcigny;3.8;19820
2329;Fourdrain;2.3;24060
80341;Fourdrinoy;4;24900
25253;Fourg;4.1;23570
3116;Fourilles;4.2;21920
46111;Fourmagnac;3;23350
59249;Fourmies;2.9;16810
89181;Fournaudin;0.8;24170
42098;Fourneaux;3.6;22020
50192;Fourneaux;1.9;23280
73117;Fourneaux;4.1;21680
14284;Fourneaux-le-Val;3.6;24740
48064;Fournels;3.4;19140
30116;Fournès;4;21680
11154;Fournes-Cabardès;0.2;
59250;Fournes-en-Weppes;5.9;29740
25255;Fournet-Blancheroche;2.1;33740
25288;Fournets-Luisans;2.6;29430
14286;Fourneville;3.7;25890
60252;Fournival;2.4;24660
63162;Fournols;0;19680
89182;Fouronnes;1.1;22150
30117;Fourques;4.7;23590
66084;Fourques;1.6;21750
47101;Fourques-sur-Garonne;2.7;24080
31192;Fourquevaux;3.8;28610
33172;Fours;3.5;21790
58118;Fours;4;19540
11155;Fourtou;0;
85094;Foussais-Payré;2.3;21210
90049;Foussemagne;1.9;25500
16145;Foussignac;3.6;25230
70247;Fouvent-Saint-Andoche;2.3;20340
34105;Fouzilhon;2.7;23050
57231;Foville;4.5;
83060;Fox-Amphoux;2.9;19630
34106;Fozières;2.1;24900
2A118;Fozzano;1.1;20520
71204;Fragnes-La Loyère;3.5;25010
70248;Frahier-et-Chatebier;3.1;26010
21283;Fraignot-et-Vesvrotte;1.4;
8178;Fraillicourt;3.7;19580
54206;Fraimbois;5.6;22710
88180;Frain;4.4;21190
90050;Frais;2.9;25170
39235;Fraisans;4.1;21710
54207;Fraisnes-en-Saintois;4.2;
24191;Fraisse;1.4;21770
11156;Fraisse-Cabardès;3.4;20650
11157;Fraissé-des-Corbières;1.6;16940
34107;Fraisse-sur-Agout;2.7;18790
42099;Fraisses;3.5;23530
81094;Fraissines;2.1;
48065;Fraissinet-de-Fourques;0;
88181;Fraize;2.6;20290
10159;Fralignes;3;
25256;Frambouhans;3.8;33930
62352;Framecourt;4.4;24960
80342;Framerville-Rainecourt;4.9;22630
80343;Framicourt;4.3;21680
70252;Framont;5.6;21030
52206;Frampas;1.3;25050
70249;Francalmont;2.6;21520
57232;Francaltroff;2.2;21930
31194;Francarville;2.3;24870
60253;Francastel;3.9;22850
41093;Françay;2.2;23280
31195;Francazal;1.7;
47102;Francescas;3;20870
1165;Francheleins;2.5;26140
3117;Franchesse;3.3;19780
8179;Francheval;2.1;20540
70250;Franchevelle;3.4;24530
21284;Francheville;2.7;26600
39236;Francheville;2.3;
51259;Francheville;0.9;25730
54208;Francheville;3.4;24130
61176;Francheville;2.4;24210
69089;Francheville;3.6;28120
60254;Francières;2.1;27000
80344;Francières;3.9;25000
36079;Francillon;1.9;
26137;Francillon-sur-Roubion;1.9;21370
2330;Francilly-Selency;3.8;26360
74130;Franclens;1.5;34270
79128;François;4.5;27610
31196;Francon;1.8;23340
54209;Franconville;3.5;
95252;Franconville;2.5;24120
46112;Francoulès;1.4;21620
70251;Francourt;1.4;
28160;Francourville;2.2;25090
33173;Francs;1.8;22200
37110;Francueil;3.7;23710
25257;Franey;5.4;24110
74131;Frangy;2;28270
71205;Frangy-en-Bresse;3.6;21900
68096;Franken;4.6;36420
80345;Franleu;2.9;21390
25258;Franois;6.1;25460
31197;Franquevielle;1.6;23630
2331;Franqueville;2.6;20060
27266;Franqueville;1.6;23980
80346;Franqueville;1.9;20060
76475;Franqueville-Saint-Pierre;3.9;28970
1166;Frans;2.7;27060
80347;Fransart;4.2;24340
23086;Fransèches;3.2;21620
80348;Fransu;2.1;19920
80349;Fransures;4.3;24880
80350;Franvillers;4.8;24970
21285;Franxault;2.9;21460
88182;Frapelle;4.1;21510
57233;Fraquelfing;2.9;
39237;Fraroz;1.7;
58119;Frasnay-Reugny;3.6;
25259;Frasne;1.8;28060
70253;Frasne-le-Château;3.9;23340
39238;Frasne-les-Meulières;3.4;25120
59251;Frasnoy;2.8;26480
2A119;Frasseto;3.5;
57234;Frauenberg;2.3;25060
81095;Frausseilles;2.5;
10160;Fravaux;1.3;
46113;Frayssinet;3.2;19600
46114;Frayssinet-le-Gélat;4.2;20420
46115;Frayssinhes;5;20440
28161;Frazé;1.8;22040
76280;Fréauville;3.3;22200
88183;Frebécourt;3.8;23620
39241;Frébuans;3.8;23820
65178;Fréchède;2.9;
80351;Fréchencourt;3.1;24700
65179;Fréchendets;0.1;
65180;Fréchet-Aure;6.6;
47103;Fréchou;1.9;21600
65181;Fréchou-Fréchet;1.7;24750
52207;Frécourt;2.8;
70254;Frédéric-Fontaine;3.7;24720
36080;Frédille;2.1;
47104;Frégimont;4.5;22190
32134;Frégouville;3.2;25930
22179;Fréhel;3.5;24130
5058;Freissinières;1.3;21880
57235;Freistroff;2.2;24070
15072;Freix-Anglards;3.1;20860
81097;Fréjairolles;3.8;25590
81098;Fréjeville;4.1;25380
83061;Fréjus;3.9;21960
68097;Fréland;3.7;24550
59252;Frelinghien;4.9;25080
95253;Frémainville;2.5;31060
95254;Frémécourt;1.6;30330
54210;Fréménil;3.4;23890
55196;Frémeréville-sous-les-Côtes;1.9;23380
57236;Frémery;3.1;
57237;Frémestroff;2;22990
62353;Frémicourt;2.8;20760
88184;Fremifontaine;2.3;20990
80352;Frémontiers;4.5;20510
54211;Frémonville;4.1;21440
62354;Frencq;4.4;21590
88185;Frenelle-la-Grande;4.7;24310
88186;Frenelle-la-Petite;4;
27070;Frenelles-en-Vexin;2.5;23050
76282;Freneuse;5.1;26440
78255;Freneuse;1;22930
27267;Freneuse-sur-Risle;1.8;24150
73119;Freney;5;
60255;Fréniches;2.9;23120
21286;Frénois;1.3;
88187;Frénois;2.7;
14287;Frénouville;3.4;23250
95256;Frépillon;4.2;28370
76283;Fresles;3.6;23830
10161;Fresnay;1.8;
28164;Fresnay-l'Évêque;2;21540
28162;Fresnay-le-Comte;1.8;24070
28163;Fresnay-le-Gilmert;2;27240
76284;Fresnay-le-Long;4;23620
61180;Fresnay-le-Samson;2.5;21150
72138;Fresnay-sur-Sarthe;1.3;20690
27269;Fresne-Cauverville;2;21490
14289;Fresné-la-Mère;4.7;22530
76285;Fresne-le-Plan;4;28340
60257;Fresne-Léguillon;1.5;24440
70255;Fresne-Saint-Mamès;5.6;21050
21287;Fresnes;3.4;23910
41094;Fresnes;3.1;23810
89183;Fresnes;1.9;
94034;Fresnes;3.4;23940
55197;Fresnes-au-Mont;5.3;24990
57238;Fresnes-en-Saulnois;5.2;23840
2332;Fresnes-en-Tardenois;2.9;22610
55198;Fresnes-en-Woëvre;4;22760
62355;Fresnes-lès-Montauban;8.2;25750
80353;Fresnes-Mazancourt;3.4;19410
2333;Fresnes-sous-Coucy;1.6;20060
52208;Fresnes-sur-Apance;3;19710
59253;Fresnes-sur-Escaut;4.8;17650
77196;Fresnes-sur-Marne;2.6;29260
80354;Fresnes-Tilloloy;3.4;21070
80355;Fresneville;4;21300
27271;Fresney;2.9;24940
14290;Fresney-le-Puceux;2.6;25080
14291;Fresney-le-Vieux;2.1;23360
62356;Fresnicourt-le-Dolmen;2.7;23420
60258;Fresnières;2.3;24210
54212;Fresnois-la-Montagne;2.9;28280
62357;Fresnoy;2.7;
80356;Fresnoy-Andainville;3.5;
80357;Fresnoy-au-Val;3.5;25340
80358;Fresnoy-en-Chaussée;5.1;24310
62358;Fresnoy-en-Gohelle;4.5;26000
60259;Fresnoy-en-Thelle;1.4;26600
76286;Fresnoy-Folny;3.2;21030
60260;Fresnoy-la-Rivière;3.4;26720
10162;Fresnoy-le-Château;1.1;24620
2334;Fresnoy-le-Grand;2.4;19180
60261;Fresnoy-le-Luat;2.7;29820
80359;Fresnoy-lès-Roye;4.3;22900
47105;Frespech;1.5;22240
76287;Fresquiennes;4;26930
30119;Fressac;3.5;22160
59254;Fressain;3.3;23720
2335;Fressancourt;2.1;22200
70256;Fresse;1.7;20580
88188;Fresse-sur-Moselle;2.3;20090
23087;Fresselines;1.1;19620
80360;Fressenneville;3.9;20370
59255;Fressies;2.9;23190
62359;Fressin;2.4;20880
79129;Fressines;3;26070
50194;Fresville;2.9;22310
73120;Fréterive;3.5;25660
41095;Fréteval;2.1;20870
62360;Fréthun;4.1;24060
70257;Fretigney-et-Velloreille;4.3;21380
59256;Fretin;5;26580
77197;Frétoy;1.8;25140
60263;Frétoy-le-Château;3.2;21980
80361;Frettecuisse;3;
80362;Frettemeule;2.9;21270
71207;Fretterans;2.4;20340
76288;Freulleville;2.7;21710
62361;Frévent;3.2;16160
88189;Fréville;3.6;21830
45150;Fréville-du-Gâtinais;1.5;21990
62362;Frévillers;3.3;20040
62363;Frévin-Capelle;3.5;25310
57239;Freybouse;2.6;23160
43097;Freycenet-la-Cuche;0.7;15460
43098;Freycenet-la-Tour;2.5;17700
9126;Freychenet;0.4;
57240;Freyming-Merlebach;5.5;18530
7092;Freyssenet;0;
28166;Friaize;1.3;22880
80364;Friaucourt;4.9;22370
54213;Friauville;2.4;23640
57241;Fribourg;1.8;20800
80365;Fricamps;3.2;22120
76290;Frichemesnil;3.2;24210
80366;Fricourt;4.6;22970
15073;Fridefont;0.8;
67145;Friedolsheim;4;25750
2336;Frières-Faillouël;3;23400
68098;Friesen;2.9;27880
67146;Friesenheim;2.9;26050
51262;Frignicourt;4.3;22110
80367;Frise;3.5;23280
80368;Friville-Escarbotin;4;19640
88190;Frizon;4.5;23950
76291;Froberville;3.3;23590
60264;Frocourt;3.6;25550
68099;Frœningen;3.1;28010
67147;Frœschwiller;4.8;24420
38175;Froges;4.5;25780
80369;Frohen-sur-Authie;3.5;18040
67148;Frohmuhl;2;22190
70258;Froideconche;4.3;22200
90051;Froidefontaine;3;23110
2337;Froidestrées;2.4;21010
70259;Froideterre;4.5;25160
25261;Froidevaux;0.8;
85095;Froidfond;2.9;22020
2338;Froidmont-Cohartille;3.8;21240
55199;Froidos;5.6;
60265;Froissy;3.9;21550
54214;Frolois;2.8;26310
21288;Frôlois;1.3;20820
8183;Fromelennes;2.3;22760
59257;Fromelles;5.6;29030
87068;Fromental;3.7;21740
51263;Fromentières;2;23160
53101;Fromentières;4;21830
55200;Fromeréville-les-Vallons;4.9;21820
55201;Fromezey;4;
77198;Fromont;2.2;25670
8184;Fromy;2.5;
52211;Froncles;3.7;19820
31199;Fronsac;2.3;22450
33174;Fronsac;3.7;23270
33175;Frontenac;3.5;20770
46116;Frontenac;0.9;
71208;Frontenard;2.9;19920
69090;Frontenas;3.7;27540
71209;Frontenaud;2;22490
39244;Frontenay;3.8;25200
79130;Frontenay-Rohan-Rohan;4;24990
73121;Frontenex;3.5;23260
34108;Frontignan;5;21830
31200;Frontignan-de-Comminges;1.8;
31201;Frontignan-Savès;4.4;
31202;Fronton;3.1;24760
38176;Frontonas;4.7;28780
52212;Fronville;4.1;20860
44061;Frossay;2.3;22520
70260;Frotey-lès-Lure;3.5;24160
70261;Frotey-lès-Vesoul;5.8;24780
54215;Frouard;4.6;21730
95258;Frouville;1.3;31000
31203;Frouzins;4.4;25080
54216;Froville;2.5;25160
80371;Froyelles;3.7;20090
86102;Frozes;5.4;24900
80372;Frucourt;3.6;21450
43099;Frugerès-les-Mines;6.4;21450
62364;Fruges;2.9;17990
43100;Frugières-le-Pin;2.4;19670
28167;Fruncé;1.5;25340
76292;Fry;2.4;22750
25262;Fuans;4;30610
77199;Fublaines;1.4;25230
66085;Fuilla;2.2;20420
71210;Fuissé;3;27170
10163;Fuligny;1.6;
68100;Fulleren;2.5;27450
76293;Fultot;2.9;21030
89184;Fulvy;4.2;21140
8185;Fumay;2.5;18590
47106;Fumel;2.5;18460
14293;Fumichon;2.6;25620
67149;Furchhausen;5.2;25830
67150;Furdenheim;4.2;28520
2B120;Furiani;3;23840
5060;Furmeyer;2.6;23480
23192;Fursac;3.1;21240
21289;Fussey;2.8;23340
18097;Fussy;2.2;24560
32135;Fustérouau;3.6;19170
31204;Fustignac;0.7;
55202;Futeau;3.1;22120
13040;Fuveau;4.1;28140
72139;Fyé;2.4;21370
40101;Gaas;3.6;22050
33176;Gabarnac;3.7;23490
40102;Gabarret;3;19890
64227;Gabaston;3.4;24280
64228;Gabat;4.4;23140
34109;Gabian;2.9;19550
24192;Gabillou;1.1;
9127;Gabre;2.6;19640
12106;Gabriac;5.2;22390
48067;Gabriac;0;
48068;Gabrias;1;22470
61181;Gacé;3;19840
58120;Gâcogne;2.6;18970
27273;Gadencourt;1.4;25950
35117;Gaël;3.3;21290
24193;Gageac-et-Rouillac;2.8;23510
46117;Gagnac-sur-Cère;3;23700
31205;Gagnac-sur-Garonne;4.4;25090
30120;Gagnières;4.3;18270
93032;Gagny;3.2;23090
35118;Gahard;1.9;24060
30121;Gailhan;3.7;23200
81099;Gaillac;4.2;20780
12107;Gaillac-d'Aveyron;3;20600
31206;Gaillac-Toulza;2.1;22130
65182;Gaillagos;1.6;21270
33177;Gaillan-en-Médoc;4.4;21910
74133;Gaillard;4.2;25070
76295;Gaillefontaine;5.1;19270
40103;Gaillères;3.8;23370
27275;Gaillon;2.6;19050
78261;Gaillon-sur-Montcient;1.9;28410
76296;Gainneville;4.2;26040
11158;Gaja-et-Villedieu;3.3;21180
11159;Gaja-la-Selve;1.1;18280
33178;Gajac;5.2;21040
9128;Gajan;2.9;22770
30122;Gajan;3.3;23020
87069;Gajoubert;1.1;15250
62365;Galametz;2.6;18930
65183;Galan;3.2;21250
47107;Galapian;4.1;20530
34110;Galargues;2.4;23120
2B121;Galéria;0;21850
9129;Galey;2;15980
65184;Galez;1.7;21070
68101;Galfingue;2.1;30510
12108;Galgan;1.9;21390
33179;Galgon;3.4;22490
32136;Galiax;3.1;19580
31207;Galié;2.2;
11160;Galinagues;0;
28168;Gallardon;2.2;24170
30123;Gallargues-le-Montueux;5.6;23890
78262;Galluis;2.4;30840
80373;Gamaches;3.5;18520
27276;Gamaches-en-Vexin;2.2;24720
40104;Gamarde-les-Bains;3.4;22470
64229;Gamarthe;2.7;21400
78263;Gambais;1.8;32660
78264;Gambaiseuil;1.3;
67151;Gambsheim;4.1;26460
64230;Gan;3.5;24730
9130;Ganac;3.7;21980
4091;Ganagobie;1.9;
76297;Gancourt-Saint-Étienne;1.7;21210
61182;Gandelain;2.1;23000
2339;Gandelu;1.5;23210
57242;Gandrange;3.7;24210
34111;Ganges;5.2;17450
3118;Gannat;3.4;20770
3119;Gannay-sur-Loire;2.2;20720
60268;Gannes;3.1;24580
33180;Gans;4.6;20600
31208;Ganties;3;21110
76298;Ganzeville;3.3;26120
5061;Gap;5.2;22280
80374;Gapennes;3.3;20890
61183;Gâprée;3.3;22230
31209;Garac;2.6;24490
78265;Garancières;1.9;31350
28169;Garancières-en-Beauce;1.8;25490
28170;Garancières-en-Drouais;1.9;26040
9131;Garanou;3.9;23020
16146;Garat;2.5;25570
92033;Garches;2.6;36150
58121;Garchizy;2.4;21640
58122;Garchy;0.8;22210
13041;Gardanne;3.9;22780
5053;Garde-Colombe;4.3;21380
18098;Gardefort;2.5;24260
33181;Gardegan-et-Tourtirac;1.5;23490
65185;Gardères;2.5;24280
11161;Gardie;1.7;20130
24194;Gardonne;3.6;20870
31210;Gardouch;6;25010
40105;Garein;5;23140
27278;Garennes-sur-Eure;2.1;24740
77200;Garentreville;2.3;28720
83064;Garéoult;3.6;25010
82063;Garganvillar;2.4;20560
31211;Gargas;4.1;26590
84047;Gargas;4.9;21870
78267;Gargenville;3.3;25030
95268;Garges-lès-Gonesse;2.1;15750
36081;Gargilesse-Dampierre;1.9;22100
31212;Garidech;6.7;27280
82064;Gariès;3.5;22420
18099;Garigny;1.3;18690
31213;Garin;4.9;22650
64231;Garindein;2.9;22220
29059;Garlan;4.3;23750
64232;Garlède-Mondebat;2.8;22720
64233;Garlin;3.8;20690
3120;Garnat-sur-Engièvre;3.9;21670
28171;Garnay;1.9;25280
1167;Garnerans;1.8;24530
30125;Garons;4.1;22230
64234;Garos;1.6;22830
32138;Garravet;4.4;24730
57244;Garrebourg;2.3;22340
81100;Garrevaques;3.8;22920
40106;Garrey;3.6;21100
34112;Garrigues;1.5;24840
81102;Garrigues;3.4;25450
30126;Garrigues-Sainte-Eulalie;4;24570
64235;Garris;4;22570
6063;Gars;0;
23088;Gartempe;1.7;22900
28172;Gas;2.9;28040
27279;Gasny;1.9;23060
82065;Gasques;1.6;24110
83065;Gassin;4.4;25130
40108;Gastes;3.8;22980
53102;Gastines;2;21440
77201;Gastins;1.8;25850
28173;Gasville-Oisème;1.9;27060
39245;Gatey;2.4;23410
50195;Gathemo;2.3;19150
50196;Gatteville-le-Phare;2.7;25370
6064;Gattières;2.6;27110
48069;Gatuzières;4.5;
45151;Gaubertin;1.5;23420
62366;Gauchin-Légal;3;23260
62367;Gauchin-Verloingt;4.4;22670
2340;Gauchy;4.1;20850
27280;Gauciel;1.8;25270
60269;Gaudechart;4.7;22970
65186;Gaudent;0.6;
62368;Gaudiempré;2.1;19540
9132;Gaudiès;2.7;21340
32139;Gaudonville;4;
27281;Gaudreville-la-Rivière;1;25650
24195;Gaugeac;2.7;18250
30127;Gaujac;2.1;24940
32140;Gaujac;3.1;
47108;Gaujac;3;19670
40109;Gaujacq;3.7;21170
32141;Gaujan;3.9;18420
31215;Gauré;3.4;28450
33182;Gauriac;3.2;22360
33183;Gauriaguet;3.1;22700
65187;Gaussan;2.3;21980
22060;Gausson;1.6;21510
80375;Gauville;3.6;21990
27282;Gauville-la-Campagne;2.2;26120
65192;Gavarnie-Gèdre;1.9;19830
32142;Gavarret-sur-Aulouste;2.2;20830
47109;Gavaudun;3.5;18840
2B122;Gavignano;5.6;
57245;Gavisse;2.8;33440
50197;Gavray-sur-Sienne;2.3;21040
62369;Gavrelle;4.8;25010
56062;Gâvres;0.7;22430
14297;Gavrus;3.8;24980
65189;Gayan;3;22550
51265;Gaye;4.4;25230
64236;Gayon;2.1;
32143;Gazaupouy;2.1;22000
65190;Gazave;2.2;
32144;Gazax-et-Baccarisse;2.6;
78269;Gazeran;4;33010
65191;Gazost;1.4;21970
40110;Geaune;4.5;21150
17171;Geay;2.7;22680
79131;Geay;1.9;19680
32145;Gée-Rivière;3.3;
50198;Geffosses;3.8;21140
14298;Géfosse-Fontenay;2.9;25820
36082;Gehée;1.9;21620
68102;Geishouse;1;24820
68103;Geispitzen;2.5;39910
67152;Geispolsheim;5.2;25970
68104;Geiswasser;2.5;26050
67153;Geiswiller-Zœbersdorf;3.4;25490
54217;Gélacourt;2.8;21960
10164;Gélannes;2.5;22210
54218;Gélaucourt;2.2;
28177;Gellainville;3;25530
54219;Gellenoncourt;2.2;
63163;Gelles;3.8;20350
25263;Gellin;2.9;36100
64237;Gelos;5.5;25160
40111;Geloux;2.1;22840
57246;Gelucourt;3.7;22370
88192;Gelvécourt-et-Adompt;2.4;23140
88193;Gemaingoutte;2.5;24910
65193;Gembrie;1.5;
21290;Gemeaux;3.8;25920
13042;Gémenos;3.8;28710
45152;Gémigny;1.5;24800
31216;Gémil;5.7;27930
88194;Gemmelaincourt;1.6;22120
25264;Gémonval;2.7;
54220;Gémonville;4.2;
17172;Gémozac;3.7;20560
16148;Genac-Bignac;3.6;22400
95270;Genainville;1.5;27700
69277;Genas;3.4;30610
9133;Génat;0.2;
21291;Genay;4.4;22470
69278;Genay;4.1;26920
86103;Gençay;4.3;21230
88195;Gendreville;1.3;21330
39246;Gendrey;5.8;21730
82066;Génébrières;1.2;23070
59258;Genech;4.4;28530
71212;Génelard;3.2;21960
30128;Générac;3;23110
33184;Générac;2.9;20760
30129;Générargues;2.3;21750
65194;Générest;1.4;
11162;Generville;0.1;
7093;Genestelle;0.8;16430
44223;Geneston;3.1;24260
50199;Genêts;1.6;22670
25265;Geneuille;4.7;27610
70262;Genevreuille;2.3;23500
70263;Genevrey;2;24750
52213;Genevrières;2.9;22490
25266;Geney;4.1;21290
95271;Génicourt;2;29250
55204;Génicourt-sur-Meuse;2.8;20670
42225;Genilac;2.6;25220
37111;Genillé;2.8;22060
24196;Génis;3.5;21630
33185;Génissac;5.9;24120
26139;Génissieux;3.7;27810
21292;Genlis;3.6;22480
25267;Gennes;3.8;25670
62370;Gennes-Ivergny;2.6;18950
53104;Gennes-Longuefuye;4.5;22930
35119;Gennes-sur-Seiche;2.4;22880
49261;Gennes-Val-de-Loire;3.9;22090
3121;Gennetines;3.4;23840
79132;Genneton;1;18250
14299;Genneville;2.5;24970
92036;Gennevilliers;3.8;18380
39247;Genod;3.3;
30130;Génolhac;2.2;20290
31217;Génos;2.1;
65195;Génos;6.1;21600
23089;Genouillac;3.1;19590
17174;Genouillé;4.1;22010
86104;Genouillé;3.6;20690
1169;Genouilleux;2.4;25500
18100;Genouilly;1.7;21040
71214;Genouilly;1.1;21280
33186;Gensac;3;19930
65196;Gensac;4;
82067;Gensac;3.5;
31218;Gensac-de-Boulogne;3.6;15630
16150;Gensac-la-Pallue;3.7;24820
31219;Gensac-sur-Garonne;3.8;22750
16151;Genté;3.9;24240
80376;Gentelles;6;26780
94037;Gentilly;3.4;22390
23090;Gentioux-Pigerolles;7.1;18260
60270;Genvry;3.1;24400
1171;Géovreisset;2.1;25370
50200;Ger;1.9;17960
64238;Ger;2.3;26130
65197;Ger;4.1;22620
39248;Geraise;2.2;
88196;Gérardmer;5;22450
10165;Géraudot;4.4;22710
73122;Gerbaix;1.6;27100
88197;Gerbamont;2.9;24050
57247;Gerbécourt;3.7;
54221;Gerbécourt-et-Haplemont;3.2;26600
88198;Gerbépal;4.9;22100
60271;Gerberoy;2.6;
54222;Gerbéviller;3.5;22010
55206;Gercourt-et-Drillancourt;1.8;19870
2341;Gercy;3.4;22290
65198;Gerde;4.5;23090
64239;Gerderest;2.3;19650
64240;Gère-Bélesten;6.1;20790
2342;Gergny;2.7;22010
21293;Gergueil;1.6;25660
71215;Gergy;2.3;24890
21294;Gerland;1.8;27420
65199;Germ;5.3;
71216;Germagny;1.6;21240
2343;Germaine;1.5;
51266;Germaine;1.4;30050
52216;Germaines;3;
28178;Germainville;2.5;27700
52217;Germainvilliers;3.3;
52218;Germay;0;
25268;Germéfontaine;2.7;19300
58123;Germenay;2.7;20850
17175;Germignac;3.4;22310
39249;Germigney;4.5;
70265;Germigney;3.1;21420
51267;Germigny;3.5;28310
89186;Germigny;3.8;23570
45153;Germigny-des-Prés;2.7;25390
77203;Germigny-l'Évêque;2.6;29410
18101;Germigny-l'Exempt;2.6;20150
77204;Germigny-sous-Coulombs;1.4;22900
58124;Germigny-sur-Loire;1.2;22720
51268;Germinon;0.9;27090
54223;Germiny;0.4;23140
52219;Germisay;0.6;
71217;Germolles-sur-Grosne;4.3;21790
79133;Germond-Rouvre;2.9;24160
25269;Germondans;3.5;
8186;Germont;8.2;
54224;Germonville;4.5;25850
65200;Germs-sur-l'Oussouet;1.3;19810
8187;Gernelle;2.5;24790
64241;Géronce;4.6;23380
76299;Gerponville;2.5;20800
67154;Gerstheim;2.7;26200
67155;Gertwiller;5.8;24990
39250;Geruge;1.8;25050
26380;Gervans;2.4;23760
76300;Gerville;2.5;24950
55207;Géry;3.7;
63164;Gerzat;6;22270
53105;Gesnes;1.7;22810
55208;Gesnes-en-Argonne;1.6;
72141;Gesnes-le-Gandelin;2.2;22530
8188;Gespunsart;0.6;20390
64242;Gestas;3.2;
56063;Gestel;5.3;25010
9134;Gestiès;0;
53106;Gesvres;2.6;20590
77205;Gesvres-le-Chapitre;2.4;32080
44063;Gétigné;4;23940
65201;Geu;3.7;20630
67156;Geudertheim;2.5;27080
64243;Géus-d'Arzacq;2.2;22770
64244;Geüs-d'Oloron;3.6;23730
35120;Gévezé;3.8;25190
70267;Gevigney-et-Mercey;5.3;21590
55258;Geville;2.2;21570
39251;Gevingey;3.7;22580
25270;Gevresin;4.3;25000
21295;Gevrey-Chambertin;4.1;23570
21296;Gevrolles;2.7;22390
39252;Gevry;5.7;23390
1173;Gex;2.4;35280
26140;Geyssans;2.2;25160
65202;Gez;3.5;24540
65203;Gez-ez-Angles;2.3;
80377;Gézaincourt;4.1;21300
70268;Gézier-et-Fontenelay;3.9;23750
54225;Gézoncourt;1.2;25990
2B123;Ghisonaccia;4.5;20420
2B124;Ghisoni;0;20410
59259;Ghissignies;3.4;27020
59260;Ghyvelde;3.4;24040
63165;Giat;3;19970
54226;Gibeaumeix;4.9;19570
31220;Gibel;4;23400
2345;Gibercourt;4.7;
14301;Giberville;5.4;21510
71218;Gibles;2.6;20830
17176;Gibourne;2.8;22160
40112;Gibret;3.6;
45154;Gidy;2.1;26690
61189;Giel-Courteilles;2.1;21260
45155;Gien;3.1;19830
58125;Gien-sur-Cure;2.9;
38179;Gières;6.9;26010
41097;Gièvres;2.5;20380
52220;Giey-sur-Aujon;3.6;20970
74135;Giez;3.7;24940
91272;Gif-sur-Yvette;2.7;34730
51269;Giffaumont-Champaubert;1.8;23690
34113;Gigean;5.4;22830
34114;Gignac;6.4;21810
46118;Gignac;0.8;22670
84048;Gignac;1.1;
13043;Gignac-la-Nerthe;4.8;24490
63166;Gignat;3.7;24190
88199;Gignéville;3.5;
88200;Gigney;2.7;
39253;Gigny;0.3;21580
89187;Gigny;4.1;
51270;Gigny-Bussy;3.9;22610
71219;Gigny-sur-Saône;2.4;22870
84049;Gigondas;3.1;28390
4093;Gigors;1.9;
26141;Gigors-et-Lozeron;1.1;19180
46119;Gigouzac;1.4;23200
81103;Gijounet;2.9;21170
68105;Gildwiller;2.4;28590
6066;Gilette;3.1;24760
7094;Gilhac-et-Bruzac;0;22200
7095;Gilhoc-sur-Ormèze;1.6;19730
52221;Gillancourt;1.6;22830
52222;Gillaumé;1.1;
28180;Gilles;1.7;28030
25271;Gilley;2.8;31050
52223;Gilley;0.7;
39254;Gillois;3.5;26060
38180;Gillonnay;3.4;24010
21297;Gilly-lès-Cîteaux;3.4;29240
73124;Gilly-sur-Isère;4.7;26700
71220;Gilly-sur-Loire;2.1;20560
60272;Gilocourt;2.7;26120
82068;Gimat;5.6;22170
32146;Gimbrède;2.5;20630
63167;Gimeaux;3.2;24760
55210;Gimécourt;5.8;
19085;Gimel-les-Cascades;2.1;22450
16152;Gimeux;3.8;25940
32147;Gimont;4.2;22200
58126;Gimouille;2.5;21480
61190;Ginai;1.7;
82069;Ginals;4.7;20030
83066;Ginasservis;3.2;23560
80378;Ginchy;3.2;
11163;Gincla;1.4;
55211;Gincrey;2.7;
46120;Gindou;2.4;20820
11164;Ginestas;4.1;21930
24197;Ginestet;2.3;22690
11165;Ginoles;2.4;24170
46121;Ginouillac;3.6;23830
46122;Gintrac;2.9;
2B125;Giocatojo;0;
15074;Giou-de-Mamou;4.4;26210
23091;Gioux;0.8;18220
3122;Gipcy;4.3;22070
46123;Girac;4.3;23450
88201;Girancourt;2.9;24610
54227;Giraumont;2.7;21590
60273;Giraumont;3.4;27950
55212;Girauvoisin;2.1;
88202;Gircourt-lès-Viéville;3.8;23600
88203;Girecourt-sur-Durbion;2.6;24080
70269;Girefontaine;2.7;
77206;Giremoutiers;2.5;27540
15075;Girgols;2.9;
54228;Giriviller;1.9;
88205;Girmont-Val-d'Ajol;1.5;21020
45156;Girolles;1.7;23780
89188;Girolles;2.9;20710
90052;Giromagny;2.8;20890
1174;Giron;3.2;26560
88206;Gironcourt-sur-Vraine;2.5;21090
33187;Gironde-sur-Dropt;3.5;18940
8189;Girondelle;4.5;21100
77207;Gironville;2.1;26120
91273;Gironville-sur-Essonne;2;26180
81104;Giroussens;4.1;25680
36083;Giroux;0.9;23380
58127;Giry;1.8;20530
32148;Giscaro;3.2;
33188;Giscos;2.5;18300
27284;Gisors;1.7;20550
12109;Gissac;1.4;20850
21298;Gissey-le-Vieil;2.5;22440
21299;Gissey-sous-Flavigny;0.4;23690
21300;Gissey-sur-Ouche;2.4;26120
89189;Gisy-les-Nobles;2.2;25070
2B126;Giuncaggio;0;
2A127;Giuncheto;1;
18102;Givardon;1;19640
62371;Givenchy-en-Gohelle;4.2;25520
62372;Givenchy-le-Noble;3.5;23660
62373;Givenchy-lès-la-Bassée;4.1;22900
27285;Giverny;3;28020
27286;Giverville;2.4;21000
8190;Givet;3.4;19050
8191;Givonne;2;23830
69091;Givors;5;18160
45157;Givraines;1.8;24620
85100;Givrand;2.9;24110
55214;Givrauval;2.6;24670
17178;Givrezac;3.6;
8192;Givron;3.7;
8193;Givry;3.1;22100
71221;Givry;3.7;28710
89190;Givry;3.8;23220
51272;Givry-en-Argonne;1.9;18790
51273;Givry-lès-Loisy;3.3;
57248;Givrycourt;1.4;
51274;Gizaucourt;1.7;20960
86105;Gizay;3.5;22160
37112;Gizeux;3.1;20150
39255;Gizia;1.8;21460
2346;Gizy;1.7;21480
59261;Glageon;2.9;18450
60274;Glaignes;3.3;27290
63168;Glaine-Montaigut;2.7;23440
8194;Glaire;3.5;22740
25273;Glamondans;2.4;23620
2347;Gland;4.1;25850
89191;Gland;4.4;
26142;Glandage;0;14570
87071;Glandon;3.7;22060
46124;Glanes;3.7;23690
87072;Glanges;3.5;21070
51275;Glannes;3.6;23470
21301;Glanon;2.6;23010
14302;Glanville;3.7;28830
82070;Glatens;4.8;
57249;Glatigny;2.6;29900
60275;Glatigny;2.2;24410
25274;Glay;1.1;26240
69092;Gleizé;4;23660
15076;Glénat;2.8;19600
79134;Glénay;2.8;22210
23092;Glénic;2.8;23210
86106;Glénouze;1.9;
25275;Glère;0;27140
74212;Glières-Val-de-Borne;3.4;25950
27287;Glisolles;1.7;25070
80379;Glisy;7.3;28890
22061;Glomel;4.8;20520
54229;Glonville;2.1;23000
66086;Glorianes;0;
14303;Glos;3.4;22950
27288;Glos-sur-Risle;2.3;22490
7096;Gluiras;1.4;20870
7097;Glun;2.9;23100
58128;Glux-en-Glenne;0;
82071;Goas;3.3;
60276;Godenvillers;2.5;24880
76302;Goderville;2.7;23180
59262;Godewaersvelde;3.8;23840
88208;Godoncourt;2.9;16110
67159;Gœrlingen;3.5;24310
67160;Gœrsdorf;4.4;24700
64245;Goès;4.8;24030
57250;Goetzenbruck;2.9;23470
59263;Gœulzin;3.9;26990
54230;Gogney;3.7;
59264;Gognies-Chaussée;1.3;23430
28182;Gohory;2.7;23630
57251;Goin;1.6;25360
60277;Goincourt;3.9;24700
60278;Golancourt;2.8;22510
88209;Golbey;5.3;20430
68106;Goldbach-Altenbach;0.7;25840
82072;Golfech;3;21940
12110;Golinhac;1.7;20670
50207;Golleville;2.8;22430
41098;Gombergean;2.5;23960
57252;Gomelange;2.5;23560
22062;Gomené;2.4;21670
64246;Gomer;2.9;25050
91274;Gometz-la-Ville;3.8;34030
91275;Gometz-le-Châtel;3.8;30690
62374;Gomiécourt;3.2;20770
62375;Gommecourt;2.9;
78276;Gommecourt;2;26090
59265;Gommegnies;3;25290
22063;Gommenec'h;2.9;20680
68107;Gommersdorf;2.1;24930
28183;Gommerville;2;24420
76303;Gommerville;4.4;27910
21302;Gomméville;2.6;21320
8195;Gomont;3.1;22360
38181;Goncelin;7;25920
16154;Gond-Pontouvre;4;21880
59266;Gondecourt;4.5;26300
25277;Gondenans-les-Moulins;5.4;
25276;Gondenans-Montby;1.7;21060
54231;Gondrecourt-Aix;1.8;23870
55215;Gondrecourt-le-Château;3.2;20040
45158;Gondreville;1.4;24950
54232;Gondreville;6.2;27420
60279;Gondreville;3;25870
57253;Gondrexange;2.9;22160
54233;Gondrexon;1.4;
32149;Gondrin;3.8;21530
95277;Gonesse;3;19140
65204;Gonez;1.4;
83067;Gonfaron;1.8;21490
50208;Gonfreville;2.6;21610
76304;Gonfreville-Caillot;2.6;24830
76305;Gonfreville-l'Orcher;3.8;20470
62376;Gonnehem;3.9;24540
59267;Gonnelieu;4.2;22800
76306;Gonnetot;3;22320
14306;Gonneville-en-Auge;3.4;26030
76307;Gonneville-la-Mallet;3.1;24010
50209;Gonneville-Le Theil;2.8;23890
14304;Gonneville-sur-Honfleur;4.4;28220
14305;Gonneville-sur-Mer;3.8;29820
76308;Gonneville-sur-Scie;3.9;22050
25278;Gonsans;3.4;23990
47110;Gontaud-de-Nogaret;1.9;21250
76309;Gonzeville;3.3;25040
40113;Goos;2.2;23260
6067;Gorbio;0;26260
54234;Gorcy;1.5;26540
84050;Gordes;2.6;24770
80380;Gorenflos;2.9;22370
44064;Gorges;3.7;24310
50210;Gorges;2.9;19940
80381;Gorges;2.8;
48146;Gorges du Tarn Causses;3.9;20770
88210;Gorhey;2.2;20640
33189;Gornac;2.9;20600
34115;Gorniès;1.1;21040
87073;Gorre;3.5;23070
1175;Gorrevod;1.5;22580
53107;Gorron;2.2;20210
46125;Gorses;0;19980
57254;Gorze;1.9;23650
62377;Gosnay;4.3;20030
35121;Gosné;4.4;24740
57255;Gosselming;3.3;23700
64247;Gotein-Libarrenx;3.8;21950
67161;Gottenhouse;4.1;26360
67162;Gottesheim;3.6;24770
77208;Gouaix;2.6;22600
33190;Goualade;3.3;25180
22064;Gouarec;3.1;21750
65205;Gouaux;7.6;
31221;Gouaux-de-Larboust;3.2;
31222;Gouaux-de-Luchon;3.5;
30131;Goudargues;3.5;21560
2349;Goudelancourt-lès-Berrieux;3.8;
2350;Goudelancourt-lès-Pierrepont;2.1;20470
22065;Goudelin;2.2;22160
43101;Goudet;2.3;
31223;Goudex;2.9;
65206;Goudon;1.3;23620
82073;Goudourville;2.2;22920
29060;Gouesnach;3.1;25550
29061;Gouesnou;5.4;26020
86107;Gouex;2.1;22450
29062;Gouézec;3.2;22080
61474;Gouffern en Auge;2;22020
67163;Gougenheim;3.9;28530
25279;Gouhelans;4.8;21350
70271;Gouhenans;3;21640
28184;Gouillons;1.5;23310
3124;Gouise;1.6;22840
46126;Goujounac;2.5;19300
29063;Goulien;4;21290
19086;Goulles;0.3;18660
58129;Gouloux;3;21060
84051;Goult;3.5;23380
29064;Goulven;3.5;24150
25280;Goumois;0;28310
27290;Goupil-Othon;3.9;24180
76311;Goupillières;2.5;24980
78278;Goupillières;2;32630
55216;Gouraincourt;4.5;
40114;Gourbera;3.1;25280
97109;Gourbeyre;3.6;
9136;Gourbit;1;20640
60280;Gourchelles;2.4;19850
31224;Gourdan-Polignan;2.9;19760
15077;Gourdièges;6;
6068;Gourdon;0.7;23530
7098;Gourdon;0;
46127;Gourdon;4;21420
71222;Gourdon;2;26950
19087;Gourdon-Murat;2.7;18610
51276;Gourgançon;2.6;26840
79135;Gourgé;4;21000
70272;Gourgeon;1.8;23030
65207;Gourgue;2.8;
56065;Gourhel;3.6;23590
56066;Gourin;2.3;20660
29065;Gourlizon;3.6;22550
36084;Gournay;4.7;20900
76312;Gournay-en-Bray;2.4;19390
27291;Gournay-le-Guérin;2.2;24410
60281;Gournay-sur-Aronde;2.3;25370
93033;Gournay-sur-Marne;2.8;29930
33191;Gours;2.9;21850
11166;Gourvieille;4.2;
17180;Gourvillette;2.2;18410
55217;Goussaincourt;1.9;21420
28185;Goussainville;2.5;27040
95280;Goussainville;1.7;18160
2351;Goussancourt;2.8;24670
40115;Gousse;3.3;23590
78281;Goussonville;2.2;28640
14308;Goustranville;4.1;21730
24199;Gout-Rossignol;3;21150
31225;Goutevernisse;3.1;22950
12111;Goutrens;3.3;23960
40116;Gouts;2.9;21790
63171;Gouttières;3.8;20960
32150;Goutz;3.5;21900
77209;Gouvernes;3.1;33280
62378;Gouves;3.6;25430
50214;Gouvets;2.1;19060
60282;Gouvieux;3;31500
50215;Gouville-sur-Mer;3.2;23430
14309;Gouvix;3.7;22050
32151;Goux;2.8;
25281;Goux-lès-Dambelin;1.4;22810
25283;Goux-sous-Landet;2.4;
2352;Gouy;3.4;20460
76313;Gouy;4.3;28970
62379;Gouy-en-Artois;2.6;23340
62381;Gouy-en-Ternois;4;21520
60283;Gouy-les-Groseillers;4.1;
62382;Gouy-Saint-André;3.1;21480
62380;Gouy-Servins;3.1;26280
62383;Gouy-sous-Bellonne;2.8;25220
59269;Gouzeaucourt;3.1;20820
31226;Gouzens;3;
23093;Gouzon;2.4;22100
35123;Goven;3.2;24650
54235;Goviller;2.6;23910
67164;Goxwiller;7;26950
97114;Goyave;2.3;
80383;Goyencourt;4.8;
31227;Goyrans;3.6;38740
34116;Grabels;4.6;24100
18103;Graçay;1.5;20540
22068;Grâce-Uzel;1.9;21590
22067;Grâces;3.5;23070
33192;Gradignan;4.9;25980
52227;Graffigny-Chemin;1.1;20960
31228;Gragnague;6.6;28720
50216;Graignes-Mesnil-Angot;1.4;21620
65208;Grailhen;7.6;
76314;Graimbouville;3.9;27000
62384;Graincourt-lès-Havrincourt;2.5;22480
76315;Grainville-la-Teinturière;2.7;21990
14310;Grainville-Langannerie;3.1;22910
14311;Grainville-sur-Odon;6;24770
76316;Grainville-sur-Ry;3.1;25390
76317;Grainville-Ymauville;2.2;23420
34117;Graissessac;0.8;17600
42101;Graix;1.4;20770
46128;Gramat;2.7;22330
11167;Gramazie;2.4;20110
84052;Grambois;2.7;23590
42102;Grammond;0.9;23010
70273;Grammont;3.1;
12113;Gramond;2;21890
82074;Gramont;3.5;21560
2A128;Granace;2;
21304;Grancey-le-Château-Neuvelle;2.1;23250
21305;Grancey-sur-Ource;1.6;20210
88212;Grand;0.4;18560
27105;Grand Bourgtheroulde;2.8;24150
73003;Grand-Aigueblanche;4.6;24280
44065;Grand-Auverné;1.9;20030
97112;Grand-Bourg;3.6;
24200;Grand-Brassac;1.3;21330
27295;Grand-Camp;2.2;22350
76318;Grand-Camp;3.7;26250
56067;Grand-Champ;3.3;24130
25284;Grand-Charmont;4.1;18290
1177;Grand-Corent;1.6;24680
76319;Grand-Couronne;3.5;21100
54236;Grand-Failly;3.5;22680
59270;Grand-Fayt;3.3;21490
59272;Grand-Fort-Philippe;2.1;20070
35124;Grand-Fougeray;2.9;22300
80385;Grand-Laviers;6.8;24990
2665;Grand-Rozoy;2.3;23820
62385;Grand-Rullecourt;3.1;21840
97357;Grand-Santi;0;
2783;Grand-Verly;4;19860
25285;Grand'Combe-Châteleu;4.2;34650
25286;Grand'Combe-des-Bois;0.9;32160
85102;Grand'Landes;2.3;20130
97211;Grand'Rivière;0.3;16460
14312;Grandcamp-Maisy;2.1;22590
8196;Grandchamp;2.7;
52228;Grandchamp;2.6;
72142;Grandchamp;1.5;22060
78283;Grandchamp;2.1;27740
44066;Grandchamp-des-Fontaines;3.3;26190
76320;Grandcourt;3.3;20200
80384;Grandcourt;3.7;20680
39258;Grande-Rivière Château;1;27950
59271;Grande-Synthe;3.2;16650
70274;Grandecourt;2.1;
63172;Grandeyrolles;2.2;
25287;Grandfontaine;4.4;26850
67165;Grandfontaine;3.7;24000
25289;Grandfontaine-sur-Creuse;4.1;
60284;Grandfresnoy;3;26230
8197;Grandham;3.6;
17181;Grandjean;3;21800
2353;Grandlup-et-Fay;2.6;21860
50391;Grandparigny;2.9;22400
8198;Grandpré;5;21430
77211;Grandpuits-Bailly-Carrois;1.7;24730
48070;Grandrieu;2.1;20240
2354;Grandrieux;4.2;
63173;Grandrif;2.4;20690
69093;Grandris;2.2;21580
60287;Grandrû;3;23880
88215;Grandrupt;1.4;
88214;Grandrupt-de-Bains;1.2;
19088;Grandsaigne;0;
63174;Grandval;0;21050
48071;Grandvals;4.6;
71224;Grandvaux;3;
70275;Grandvelle-et-le-Perrenot;3.2;24000
90053;Grandvillars;2.2;22540
10167;Grandville;3;
88216;Grandvillers;3.3;21640
60285;Grandvillers-aux-Bois;2.9;24810
60286;Grandvilliers;3.8;19400
26144;Grane;3.4;23920
11168;Granès;2.8;18930
39259;Grange-de-Vaivre;5.4;
45159;Grangermont;1.7;25110
71225;Granges;3.8;25620
88218;Granges-Aumontzey;4.7;20740
24202;Granges-d'Ans;3;23100
70276;Granges-la-Ville;1.9;21340
70277;Granges-le-Bourg;1.7;21760
26379;Granges-les-Beaumont;4.3;23790
25293;Granges-Narboz;3.7;35140
51279;Granges-sur-Aube;2.4;20910
47111;Granges-sur-Lot;2.8;19750
14316;Grangues;3.6;24990
38183;Granieu;2.4;24890
13044;Grans;5.3;26790
50218;Granville;4.4;22430
79137;Granzay-Gript;2.3;24870
7099;Gras;0;22750
16158;Grassac;2.1;21580
6069;Grasse;3.7;23380
67166;Grassendorf;3.4;26640
47112;Grateloup-Saint-Gayrand;1.5;20910
31229;Gratens;3;24140
31230;Gratentour;3.3;25020
80386;Gratibus;4.2;20040
50219;Gratot;4.3;23610
51280;Gratreuil;0.1;
80387;Grattepanche;2.4;26200
70278;Grattery;4.5;24810
81105;Graulhet;2.2;18800
51281;Grauves;4.2;27560
76323;Graval;3.7;22130
59273;Gravelines;2.4;21680
57256;Gravelotte;3.3;25100
27298;Graveron-Sémerville;2.1;26880
16297;Graves-Saint-Amant;2.4;25160
13045;Graveson;4.3;23070
7100;Gravières;3.7;19940
27299;Gravigny;2.9;21540
77212;Gravon;1.7;26980
70279;Gray;4.1;18110
70280;Gray-la-Ville;4.1;24240
33193;Grayan-et-l'Hôpital;4.4;22970
39261;Graye-et-Charnay;0.3;22360
14318;Graye-sur-Mer;3.7;24360
47113;Grayssas;1.9;24590
31231;Grazac;3.7;23640
43102;Grazac;2.9;22560
81106;Grazac;2.2;25130
53109;Grazay;1.7;22110
46129;Gréalou;1.6;22190
13046;Gréasque;4.1;26900
80388;Grébault-Mesnil;4;20250
39262;Gredisans;3.7;24810
72144;Gréez-sur-Roc;2.5;20330
11169;Greffeil;0.3;
76324;Grèges;3.2;22930
57257;Grémecey;2;19350
60288;Grémévillers;3.5;23960
55218;Gremilly;3.3;
76325;Grémonville;4.4;22880
31232;Grenade;4;23810
40117;Grenade-sur-l'Adour;2.7;22250
52229;Grenant;2.5;20070
21306;Grenant-lès-Sombernon;3.2;27420
38184;Grenay;3.8;27310
62386;Grenay;4.1;17190
67167;Grendelbruch;3.9;25940
45160;Greneville-en-Beauce;2.4;23460
43103;Grenier-Montgon;2.7;19250
57258;Gréning;1.5;21130
38185;Grenoble;4.2;22140
58130;Grenois;1.8;21010
14319;Grentheville;6;24350
6070;Gréolières;0.9;20840
4094;Gréoux-les-Bains;6.1;22240
31233;Grépiac;4.5;25750
21307;Grésigny-Sainte-Reine;2.5;23700
38186;Gresse-en-Vercors;0.3;25900
78285;Gressey;1.7;31200
67168;Gresswiller;2.8;26770
77214;Gressy;2.7;34290
73128;Grésy-sur-Aix;4.6;26410
73129;Grésy-sur-Isère;3.2;25040
77215;Gretz-Armainvilliers;1.7;24260
76327;Greuville;3.2;22940
88219;Greux;1.6;24270
62387;Grévillers;3.2;22670
71226;Grevilly;2.3;
60289;Grez;4.1;22680
53110;Grez-en-Bouère;4;20150
49155;Grez-Neuville;2.9;25620
77216;Grez-sur-Loing;3.8;26740
17183;Grézac;2.7;22260
46130;Grézels;2.5;23130
43104;Grèzes;0;17760
46131;Grèzes;1.5;20350
48072;Grèzes;1.3;23070
47114;Grézet-Cavagnan;2.2;22090
65209;Grézian;10.4;
69094;Grézieu-la-Varenne;3.2;27230
69095;Grézieu-le-Marché;4.3;22700
42105;Grézieux-le-Fromental;4.1;24080
33194;Grézillac;4.6;23120
42106;Grézolles;3.2;21430
2355;Gricourt;2.2;24170
1179;Grièges;3.4;24460
67169;Gries;3.6;27290
68109;Griesbach-au-Val;3.5;25610
67172;Griesheim-près-Molsheim;4.2;28620
67173;Griesheim-sur-Souffel;4.2;30450
26146;Grignan;2.6;24690
76328;Grigneuseville;4.6;23080
24205;Grignols;1.6;21280
33195;Grignols;5.3;19000
21308;Grignon;2;21900
73130;Grignon;3.3;23840
88220;Grignoncourt;2;
62388;Grigny;2.8;21620
91286;Grigny;2.4;14790
69096;Grigny-sur-Rhône;2.2;21900
84053;Grillon;2.9;21600
1180;Grilly;2.4;55340
55219;Grimaucourt-en-Woëvre;2.5;
55220;Grimaucourt-près-Sampigny;2.8;
83068;Grimaud;6.1;24650
89194;Grimault;1.6;21230
14320;Grimbosq;2;23510
50221;Grimesnil;2.6;
54237;Grimonviller;3.1;22710
62389;Grincourt-lès-Pas;2.2;
57259;Grindorff-Bizing;3.4;24420
54238;Gripport;4.4;23950
54239;Griscourt;2.2;21150
21309;Griselles;2.9;
45161;Griselles;0.5;23930
2356;Grisolles;2.5;20880
82075;Grisolles;3.3;23580
95287;Grisy-les-Plâtres;1.4;31090
77217;Grisy-Suisnes;1.3;29270
77218;Grisy-sur-Seine;1.5;25060
24206;Grives;2.3;
80390;Grivesnes;4.1;23890
80391;Grivillers;3.3;
8200;Grivy-Loisy;4.1;22170
62390;Groffliers;5.3;25560
18104;Groises;1.5;19400
1181;Groissiat;2.5;25220
74137;Groisy;4.5;33100
56069;Groix;10.6;22250
24207;Groléjac;3.9;22420
18105;Gron;1.2;23790
89195;Gron;2.8;24240
2357;Gronard;3.5;
19089;Gros-Chastang;3.2;24030
97212;Gros-Morne;2.8;18300
57261;Gros-Réderching;3.1;23070
57260;Grosbliederstroff;3.7;25510
25298;Grosbois;5.7;24030
21310;Grosbois-en-Montagne;3;26260
21311;Grosbois-lès-Tichey;3;
85103;Grosbreuil;2.5;22590
95288;Groslay;2.7;26430
1338;Groslée-Saint-Benoit;1.1;23430
27300;Grosley-sur-Risle;1.5;23000
90054;Grosmagny;4.3;24740
90055;Grosne;2.7;27160
7101;Grospierres;2.8;20270
78289;Grosrouvre;1.9;37690
54240;Grosrouvres;1.2;
2A129;Grossa;3.8;
2A130;Grosseto-Prugna;6;26630
27301;Grossœuvre;3.4;24470
18106;Grossouvre;2.4;17550
57262;Grostenquin;2.8;23180
50222;Grosville;3.2;24550
80392;Grouches-Luchuel;3.3;22440
2358;Grougis;4.6;20440
39263;Grozon;3.9;21630
76329;Gruchet-le-Valasse;2.7;21670
76330;Gruchet-Saint-Siméon;3.3;25100
85104;Grues;3;22250
88221;Gruey-lès-Surance;1.7;18760
74138;Gruffy;3.8;29990
2359;Grugies;4.2;22150
76331;Grugny;3.8;23580
11170;Gruissan;2.4;21140
76332;Grumesnil;2.7;20050
24208;Grun-Bordas;3.5;21390
57263;Grundviller;3.7;24030
80393;Gruny;3.6;22870
71227;Grury;1.5;18980
59275;Gruson;3.9;35560
68110;Grussenheim;2.9;26400
65210;Grust;3.7;
8201;Gruyères;1.2;
2A131;Guagno;0;
28187;Guainville;1.7;28860
62391;Guarbecque;3.4;22260
2A132;Guargualé;2.8;
65211;Guchan;9.8;25750
65212;Guchen;9.8;20940
9137;Gudas;3.2;22710
52230;Gudmont-Villiers;5.2;21130
8202;Gué-d'Hossus;2.3;21480
57264;Guebenhouse;3.2;21630
68111;Gueberschwihr;3.6;28270
57265;Guébestroff;3.3;
57266;Guéblange-lès-Dieuze;3.3;20980
57268;Guébling;3.1;23980
68112;Guebwiller;2.9;21240
72146;Guécélard;2.3;24280
56070;Guégon;3.6;21960
56071;Guéhenno;3.1;20810
56072;Gueltas;2.9;21380
62392;Guémappe;4.3;25530
68113;Guémar;6.9;26170
44067;Guémené-Penfao;1.6;20550
56073;Guémené-sur-Scorff;2.1;19740
62393;Guemps;3.4;21260
57269;Guénange;5.8;21990
29066;Guengat;3.5;23910
56074;Guénin;2.3;22980
22069;Guenroc;2.9;21770
44068;Guenrouet;2.5;21200
57271;Guenviller;3.4;24750
61197;Guêprei;2;23110
56075;Guer;4;22590
44069;Guérande;5.3;25270
77219;Guérard;1.9;27850
80395;Guerbigny;4.5;21860
77220;Guercheville;2;26550
1183;Guéreins;2.1;25240
23096;Guéret;2.9;20830
71228;Guerfand;2.5;22700
58131;Guérigny;1.7;21520
47115;Guérin;2.6;22740
22158;Guerlédan;2.3;21550
29067;Guerlesquin;2.1;20470
57272;Guermange;2.5;22200
77221;Guermantes;3.1;32090
56076;Guern;2;20980
78290;Guernes;0.8;25840
27304;Guerny;2.2;24120
14322;Guéron;4.1;25900
55221;Guerpont;3.7;22430
61198;Guerquesalles;2.9;25170
57273;Guerstling;1.1;22530
57274;Guerting;3.3;24530
76333;Guerville;2.5;22440
78291;Guerville;2.1;28050
80396;Gueschart;2.1;20780
59276;Guesnain;3.1;18710
86109;Guesnes;2.9;18300
57275;Guessling-Hémering;3.3;23290
64249;Guéthary;4.1;25090
80397;Gueudecourt;2.7;23940
71230;Gueugnon;1.6;21250
76334;Gueures;3.3;21200
76335;Gueutteville;3.3;
76336;Gueutteville-les-Grès;3.9;24860
51282;Gueux;5.2;33920
68114;Guevenatten;1.5;27730
68115;Guewenheim;4.1;26300
88222;Gugnécourt;2.7;23080
54241;Gugney;3.6;
88223;Gugney-aux-Aulx;3.3;20420
91292;Guibeville;2;28690
27306;Guichainville;2.5;24700
64250;Guiche;2.9;22990
35126;Guichen;2.8;25270
29068;Guiclan;3.8;22560
56078;Guidel;4.4;26610
60290;Guignecourt;3.8;25850
80399;Guignemicourt;2.5;28430
35127;Guignen;3.1;23440
77222;Guignes;1.6;24510
45162;Guigneville;1.8;23710
91293;Guigneville-sur-Essonne;2.5;28550
8203;Guignicourt-sur-Vence;3.4;23520
62395;Guigny;2;21830
29070;Guiler-sur-Goyen;5.2;22130
29069;Guilers;5.3;24640
7102;Guilherand-Granges;4.1;24110
33196;Guillac;3.5;26010
56079;Guillac;3.7;22290
80400;Guillaucourt;5.1;22310
6071;Guillaumes;2.9;20310
80401;Guillemont;2.9;23940
91294;Guillerval;3;28330
5065;Guillestre;5.2;21330
28189;Guilleville;1.2;24310
56080;Guilliers;3.1;21170
29071;Guilligomarc'h;3;20810
25299;Guillon-les-Bains;3.4;
89197;Guillon-Terre-Plaine;4.1;21750
28190;Guillonville;1.8;23140
33197;Guillos;1.7;22780
36085;Guilly;0.5;21210
45164;Guilly;2.8;24240
29072;Guilvinec;3.8;22440
29073;Guimaëc;2.9;22520
29074;Guimiliau;3.6;21650
16160;Guimps;3;23480
64251;Guinarthe-Parenties;4.9;21160
8204;Guincourt;2.7;
52231;Guindrecourt-aux-Ormes;4;
52232;Guindrecourt-sur-Blaise;2.8;
62396;Guinecourt;3.8;
62397;Guînes;3.2;19160
22070;Guingamp;3.4;18300
57276;Guinglange;3.6;23810
57277;Guinkirchen;2.7;23850
57278;Guinzeling;1.8;
29075;Guipavas;5.6;25310
35128;Guipel;2.9;22960
35176;Guipry-Messac;2.6;22370
58132;Guipy;1.6;20240
95295;Guiry-en-Vexin;1.4;29600
60291;Guiscard;3.3;20290
56081;Guiscriff;2.6;20540
2361;Guise;4.2;17320
27307;Guiseniers;1.5;24730
29077;Guissény;3.7;22410
62398;Guisy;2.7;23050
81132;Guitalens-L'Albarède;3.3;21250
2A133;Guitera-les-Bains;1.1;23950
17187;Guitinières;3.4;22610
78296;Guitrancourt;2.9;28720
33198;Guîtres;3;19940
22071;Guitté;3.1;21610
2362;Guivry;2.5;23070
80402;Guizancourt;2.9;26790
16161;Guizengeard;0.9;18470
65213;Guizerix;3.8;20620
33199;Gujan-Mestras;4.4;25670
67174;Gumbrechtshoffen;4.1;24950
10169;Gumery;2.1;23900
26147;Gumiane;1.1;
42107;Gumières;1.5;22250
19090;Gumond;3.2;
67176;Gundershoffen;4.1;24180
68116;Gundolsheim;3.6;26810
67178;Gungwiller;3.1;22090
68117;Gunsbach;4.3;24540
67177;Gunstett;5.5;25170
57280;Guntzviller;3.4;24990
2363;Guny;1.9;21020
31235;Guran;3.1;
16162;Gurat;2;23900
77223;Gurcy-le-Châtel;1;26700
89198;Gurgy;2.2;24050
21312;Gurgy-la-Ville;0.6;
21313;Gurgy-le-Château;0.6;
64252;Gurmençon;3.8;23130
64253;Gurs;3;21750
22072;Gurunhuel;1.9;19810
60292;Gury;2.2;25520
55222;Gussainville;3.6;
59277;Gussignies;1;25410
78297;Guyancourt;3.3;24720
25300;Guyans-Durnes;4.3;26260
25301;Guyans-Vennes;2.2;28540
2364;Guyencourt;1.8;25500
80404;Guyencourt-Saulcourt;2.4;23540
80403;Guyencourt-sur-Noye;2.3;25430
52233;Guyonvelle;2.1;
34118;Guzargues;4.6;31110
70282;Gy;3.1;22870
41099;Gy-en-Sologne;2;23470
89199;Gy-l'Évêque;2;21950
45165;Gy-les-Nonains;2.1;23690
54242;Gye;3.7;23500
10170;Gyé-sur-Seine;3.9;24660
62399;Habarcq;3.8;26350
40118;Habas;4.5;22070
74139;Habère-Lullin;2.6;30010
74140;Habère-Poche;2.6;28870
54243;Hablainville;2.1;21380
61199;Habloville;3.8;23440
57281;Haboudange;2.7;21960
68118;Habsheim;3.2;28500
65214;Hachan;4;
52234;Hâcourt;1.5;
27310;Hacqueville;2.4;22510
60293;Hadancourt-le-Haut-Clocher;1.6;29160
88224;Hadigny-les-Verrières;1.9;24130
88225;Hadol;2.6;23950
67179;Haegen;3.7;24850
88226;Hagécourt;2.5;25570
65215;Hagedet;2.3;
57282;Hagen;0.8;40720
68119;Hagenbach;3;28320
68120;Hagenthal-le-Bas;1.9;38650
68121;Hagenthal-le-Haut;2.2;38870
32152;Haget;3.6;20860
64254;Hagetaubin;3.3;23170
40119;Hagetmau;3.2;21490
54244;Hagéville;3;25450
88227;Hagnéville-et-Roncourt;3.5;
8205;Hagnicourt;2.2;
57283;Hagondange;5.4;21770
67180;Haguenau;5.3;23110
54245;Haigneville;1.7;
88228;Haillainville;2.3;21810
80405;Hailles;4.1;26170
62400;Haillicourt;3.7;18570
17188;Haimps;2.7;21230
86110;Haims;3.7;21820
60294;Hainvillers;3.1;
55224;Haironville;2.6;24010
62401;Haisnes;4;20400
62402;Halinghen;3.1;22150
80406;Hallencourt;2.7;20140
59278;Hallennes-lez-Haubourdin;10;24380
57284;Hallering;1.8;23870
55225;Halles-sous-les-Côtes;3.6;22190
52235;Hallignicourt;3.2;19890
62403;Hallines;3;20390
80407;Hallivillers;2.7;23610
54246;Halloville;3.1;
60295;Halloy;3.5;22310
62404;Halloy;2.7;22980
80408;Halloy-lès-Pernois;4.3;22060
80409;Hallu;5.2;25500
59279;Halluin;2.7;21590
64255;Halsou;4.4;25760
57286;Halstroff;3.6;23940
80410;Ham;2.7;17450
62407;Ham-en-Artois;3.8;24340
8206;Ham-les-Moines;3.4;24040
57288;Ham-sous-Varsberg;3.8;22820
8207;Ham-sur-Meuse;3.4;22930
57289;Hambach;4.8;25100
53113;Hambers;2.9;21300
62405;Hamblain-les-Prés;3;22530
50228;Hambye;2.2;20960
59280;Hamel;2.4;23250
80412;Hamelet;5.2;25990
50229;Hamelin;2.1;21040
62406;Hamelincourt;3.8;25570
62408;Hames-Boucres;3.3;22770
54247;Hammeville;3.3;25430
54248;Hamonville;1.2;
10171;Hampigny;4.5;20630
57290;Hampont;3;24220
54602;Han-devant-Pierrepont;3.2;22660
55226;Han-lès-Juvigny;1.9;23090
55229;Han-sur-Meuse;3.5;22040
57293;Han-sur-Nied;4.4;23420
28191;Hanches;3.3;27330
80413;Hancourt;2.7;
67181;Handschuheim;4;30180
80414;Hangard;4.9;28450
67182;Hangenbieten;3.3;28050
80415;Hangest-en-Santerre;4.7;23060
80416;Hangest-sur-Somme;5.9;23410
57291;Hangviller;2;22570
60296;Hannaches;2.5;23510
2366;Hannapes;3.5;19940
8208;Hannappes;3.7;19740
62409;Hannescamps;2.9;24710
57292;Hannocourt;3;
8209;Hannogne-Saint-Martin;1.7;23510
8210;Hannogne-Saint-Rémy;2.4;22600
55228;Hannonville-sous-les-Côtes;4;20610
54249;Hannonville-Suzémont;1.9;23220
51283;Hans;1.1;24200
59281;Hantay;3.5;24950
29078;Hanvec;4.8;24130
57294;Hanviller;1.5;21980
60298;Hanvoile;3;23520
62410;Haplincourt;2.7;18730
2367;Happencourt;2.7;23430
28192;Happonvilliers;1.2;22290
2368;Haramont;2.5;22430
8211;Haraucourt;2.4;19950
54250;Haraucourt;2.9;25680
57295;Haraucourt-sur-Seille;4.3;25060
62411;Haravesnes;2.4;
95298;Haravilliers;1.1;30750
80417;Harbonnières;5.1;19390
54251;Harbouey;3.8;20660
76340;Harcanville;2.7;23490
88229;Harchéchamp;3;
2369;Harcigny;3;18870
27311;Harcourt;3.5;22560
8212;Harcy;3.8;22990
88230;Hardancourt;2.6;
53114;Hardanges;1.9;20150
80418;Hardecourt-aux-Bois;3.2;
27312;Hardencourt-Cocherel;1.3;25560
59282;Hardifort;3.6;24110
62412;Hardinghen;1.6;22020
50230;Hardinvast;4.1;26550
60299;Hardivillers;6.1;20290
78299;Hardricourt;2.3;25430
88231;Haréville;3.7;24250
76341;Harfleur;4.8;20130
57296;Hargarten-aux-Mines;3.3;23880
78300;Hargeville;1.7;30610
2370;Hargicourt;2.9;21310
8214;Hargnies;1.7;20190
59283;Hargnies;3.2;25580
2371;Harly;4.9;21470
88232;Harmonville;1.8;21170
62413;Harnes;4;18510
88233;Harol;1.7;22580
54252;Haroué;4.1;23160
80420;Harponville;3.7;20880
57297;Harprich;3.2;23360
27315;Harquency;1.6;24480
57298;Harreberg;3.2;24290
52237;Harréville-les-Chanteurs;2.7;21100
8215;Harricourt;5.3;
67183;Harskirchen;3.2;22720
2372;Hartennes-et-Taux;2.5;22960
68122;Hartmannswiller;3.8;28090
57299;Hartzviller;2.7;23590
55232;Harville;2.8;21980
2373;Hary;3.7;23070
57300;Haselbourg;1.6;22200
59284;Hasnon;4.2;23710
64256;Hasparren;4.2;22630
57301;Haspelschiedt;1;21240
59285;Haspres;3.5;21260
40120;Hastingues;3.3;24220
54253;Hatrize;4.5;23750
67184;Hatten;4.6;24890
80421;Hattencourt;5.1;20930
76342;Hattenville;2.7;23080
57302;Hattigny;3.1;21850
67185;Hattmatt;4.3;24650
68123;Hattstatt;4;27740
65216;Hauban;4.6;
59286;Haubourdin;4.6;21490
57303;Hauconcourt;7.1;23490
60301;Haucourt;2.7;24190
62414;Haucourt;3.6;23070
76343;Haucourt;3.5;19750
59287;Haucourt-en-Cambrésis;3.6;20800
54254;Haucourt-Moulaine;4;23500
55236;Haudainville;6.2;23250
55237;Haudiomont;2.7;20140
60302;Haudivillers;2;25000
54255;Haudonville;3.4;
8216;Haudrecy;3.4;24720
76344;Haudricourt;2.2;21000
59288;Haulchin;4.7;20680
32153;Haulies;2.8;23680
8217;Haulmé;2.1;
55239;Haumont-près-Samogneux;N/A - résultat non disponible;
40121;Hauriet;2.7;21560
68124;Hausgauen;4.2;32490
76345;Haussez;3.2;23170
51284;Haussignémont;2.8;22180
51285;Haussimont;1.5;25800
54256;Haussonville;2.3;23980
59289;Haussy;2.1;20820
1187;Haut Valromey;0.8;23000
3158;Haut-Bocage;1.6;20780
57304;Haut-Clocher;2.9;23910
64257;Haut-de-Bosdarros;2;25130
70283;Haut-du-Them-Château-Lambert;2.8;20270
59290;Haut-Lieu;3.9;23400
62419;Haut-Loquin;1.1;20000
40122;Haut-Mauco;3.7;24980
65217;Hautaget;2.4;
60303;Hautbos;3;22760
52242;Haute-Amance;2.7;22110
62415;Haute-Avesnes;4.5;27400
60304;Haute-Épine;4.7;24160
44071;Haute-Goulaine;4.2;27730
95301;Haute-Isle;1.1;26340
57371;Haute-Kontz;2.7;26820
69099;Haute-Rivoire;2.4;22560
57714;Haute-Vigneulles;1.8;22620
62416;Hautecloque;4.2;24340
39265;Hautecour;3.3;25390
73131;Hautecour;0.8;23850
1184;Hautecourt-Romanèche;2.7;24580
19091;Hautefage;6.5;21720
47117;Hautefage-la-Tour;2.6;23090
24209;Hautefaye;1.1;16480
77224;Hautefeuille;1.6;28070
71232;Hautefond;2.6;23720
60305;Hautefontaine;2.1;21720
24210;Hautefort;3.7;21050
73132;Hauteluce;8;22820
3126;Hauterive;3.1;22750
61202;Hauterive;4.2;23580
89200;Hauterive;1.9;24970
26148;Hauterives;3;23360
21314;Hauteroche;1.3;
39177;Hauteroche;1.8;24420
4177;Hautes-Duyes;0.5;
47118;Hautesvignes;0.7;20460
70284;Hautevelle;3.3;21080
2375;Hautevesnes;0.7;24030
2376;Hauteville;5;23470
8219;Hauteville;2.7;22190
51286;Hauteville;1.4;21320
62418;Hauteville;2.9;23210
73133;Hauteville;3;25100
50232;Hauteville-la-Guichard;1.7;21490
21315;Hauteville-lès-Dijon;3.3;31780
74141;Hauteville-sur-Fier;2.8;27970
50231;Hauteville-sur-Mer;3.9;25530
2377;Haution;1.7;19340
59291;Hautmont;3.1;16280
76346;Hautot-l'Auvray;2.7;23300
76347;Hautot-le-Vatois;4.3;26280
76348;Hautot-Saint-Sulpice;3.3;23270
76349;Hautot-sur-Mer;4;25170
76350;Hautot-sur-Seine;2.3;25350
39368;Hauts de Bienne;3;23510
50233;Hautteville-Bocage;2.9;22250
51287;Hautvillers;3.7;26980
80422;Hautvillers-Ouville;4.4;24290
27316;Hauville;3.2;25590
8220;Hauviné;3.5;22300
33201;Haux;3.8;23790
64258;Haux;2.5;
57305;Havange;4.9;29780
28193;Havelu;1.9;32040
59292;Haveluy;3.8;17350
80423;Havernas;5.3;26760
59293;Haverskerque;3.5;23500
62421;Havrincourt;2.5;21230
57306;Hayange;3.6;21480
8222;Haybes;3;21640
57307;Hayes;3;25700
59294;Haynecourt;3.3;23030
59295;Hazebrouck;3.5;21160
57308;Hazembourg;2.3;20990
50238;Héauville;2.5;22100
27324;Hébécourt;1.8;23840
80424;Hébécourt;3.2;29210
76353;Héberville;3.3;24290
62422;Hébuterne;3;20980
65218;Hèches;4.2;20090
68125;Hecken;2.9;28960
27325;Hecmanville;2.2;21040
27326;Hécourt;1.4;24940
60306;Hécourt;2.1;26740
59296;Hecq;3.4;23060
27327;Hectomare;2.6;26210
80425;Hédauville;3.9;21020
35130;Hédé-Bazouges;4.3;24700
95304;Hédouville;1.5;33710
67186;Hegeney;5.3;26260
68126;Hégenheim;2.7;40800
67187;Heidolsheim;5.1;24490
68127;Heidwiller;3.5;28430
67188;Heiligenberg;4.8;27050
67189;Heiligenstein;3.4;27520
54257;Heillecourt;6.6;27340
60307;Heilles;2.2;25520
80426;Heilly;5.3;24420
51290;Heiltz-l'Évêque;3.1;19800
51288;Heiltz-le-Hutier;2.4;23810
51289;Heiltz-le-Maurupt;4.6;21500
68128;Heimersdorf;3.8;29260
68129;Heimsbrunn;1.8;30290
57309;Heining-lès-Bouzonville;1.4;24670
55241;Heippes;3.3;
68130;Heiteren;3.5;26380
68131;Heiwiller;3.4;34910
59297;Hélesmes;4.3;22690
64259;Hélette;2.5;21720
62423;Helfaut;4.3;22990
68132;Helfrantzkirch;3.5;36220
56082;Helléan;3.2;21850
57310;Hellering-lès-Fénétrange;3;23260
50240;Helleville;3.4;26280
57311;Hellimer;2.2;23470
61203;Héloup;2.8;24550
57312;Helstroff;4.6;24670
59299;Hem;6.6;23140
80427;Hem-Hardinval;3.6;22260
59300;Hem-Lenglet;3;22510
80428;Hem-Monacu;2.7;23220
50241;Hémevez;3;24830
60308;Hémévillers;2.5;25900
57313;Hémilly;3.2;22840
57314;Héming;4.2;23570
22075;Hémonstoir;2.3;21060
54258;Hénaménil;1.6;20900
22076;Hénanbihen;3.1;22810
22077;Hénansal;3.3;22130
64260;Hendaye;3;22090
62424;Hendecourt-lès-Cagnicourt;3.2;21040
62425;Hendecourt-lès-Ransart;3.6;22450
80429;Hénencourt;4.6;22770
67190;Hengwiller;3.6;24430
62427;Hénin-Beaumont;4.7;19170
62428;Hénin-sur-Cojeul;4;26230
62426;Héninel;4.5;26300
56083;Hennebont;6.2;22060
88237;Hennecourt;2.7;23880
55242;Hennemont;3;23360
62429;Henneveux;2.5;24030
88238;Hennezel;2.4;18810
27329;Hennezis;1.6;24700
22079;Hénon;1.4;22490
60309;Hénonville;1.4;25730
76354;Hénouville;3.7;28850
18109;Henrichemont;1.7;20780
57315;Henridorff;4;24970
57316;Henriville;3.6;24040
62430;Hénu;2.3;19890
29079;Henvic;5.2;22220
57317;Hérange;3.3;
41101;Herbault;1.8;23320
80430;Herbécourt;3.5;20520
8223;Herbeuval;1.1;25670
55243;Herbeuville;4;22690
78305;Herbeville;1.9;34160
54259;Herbéviller;2.3;23130
38188;Herbeys;3.6;32700
44072;Herbignac;3.7;22980
62432;Herbinghen;1.1;21750
10172;Herbisse;2.6;23900
67191;Herbitzheim;4.1;23350
95306;Herblay-sur-Seine;2.3;27080
67192;Herbsheim;3.7;25100
53115;Hercé;2.8;21540
60310;Herchies;3.3;24970
34119;Hérépian;5.8;20040
65219;Hères;2.1;
59301;Hergnies;3.5;21860
88239;Hergugney;4.7;20530
44073;Héric;4.1;24590
62433;Héricourt;3.7;
70285;Héricourt;3.5;20650
76355;Héricourt-en-Caux;4.2;22980
60312;Héricourt-sur-Thérain;2.2;21970
77226;Héricy;2.3;29650
54260;Hériménil;6.3;24470
25304;Hérimoncourt;2;21740
59302;Hérin;4.7;19930
80431;Hérissart;3.8;24630
3127;Hérisson;2;21930
80432;Herleville;3.6;24000
59303;Herlies;5.4;27360
62436;Herlin-le-Sec;4.5;22130
62435;Herlincourt;4.1;23010
62437;Herly;2.4;20570
80433;Herly;3.3;
40123;Herm;1.3;24450
76356;Hermanville;3.6;21930
14325;Hermanville-sur-Mer;4;26180
62438;Hermaville;3.4;26110
77227;Hermé;3.1;23360
57318;Hermelange;3;26210
62439;Hermelinghen;1.7;21040
63175;Herment;1.5;20810
78307;Hermeray;2.7;31520
60313;Hermes;1.9;21990
76357;Hermeville;4.3;27690
55244;Herméville-en-Woëvre;4.1;22420
62440;Hermies;2.7;21390
62441;Hermin;2.4;24590
14326;Hermival-les-Vaux;3.4;24050
51291;Hermonville;2.8;29230
62442;Hernicourt;3.5;22120
57319;Herny;3.4;23690
76359;Héronchelles;2.3;25010
95308;Hérouville-en-Vexin;2;29670
14327;Hérouville-Saint-Clair;6.9;18840
14328;Hérouvillette;3.9;24560
88240;Herpelmont;3.9;19200
51292;Herpont;0.2;24990
8225;Herpy-l'Arlésienne;3.5;22500
27330;Herqueville;3.3;22070
31236;Herran;0;
40124;Herré;2.5;19530
64261;Herrère;5.5;24080
59304;Herrin;3.5;27820
67194;Herrlisheim;5.1;26270
68134;Herrlisheim-près-Colmar;4.4;26970
18110;Herry;1.4;21400
54261;Herserange;2;20050
62443;Hersin-Coupigny;3.9;19750
57320;Hertzing;3.5;21580
62444;Hervelinghen;4;23900
80434;Hervilly;2.5;22980
58133;Héry;2;
89201;Héry;1.7;25010
74142;Héry-sur-Alby;4.1;28190
59305;Herzeele;4.3;23390
80435;Hesbécourt;2;
80436;Hescamps;3.2;23840
62445;Hesdigneul-lès-Béthune;5.4;23910
62446;Hesdigneul-lès-Boulogne;5.5;22120
62448;Hesdin-l'Abbé;5.4;23340
62447;Hesdin-la-Forêt;2.6;16350
68135;Hésingue;3.3;39120
62449;Hesmond;2.2;21500
57321;Hesse;4.3;23260
67195;Hessenheim;5.1;26930
57322;Hestroff;1.8;23400
59306;Hestrud;1.6;21660
62450;Hestrus;2.7;20710
60314;Hétomesnil;3.9;21250
57323;Hettange-Grande;2.6;31880
68136;Hettenschlag;2.6;26570
27331;Heubécourt-Haricourt;1.6;24880
62451;Heuchin;2.5;21270
80437;Heucourt-Croquoison;2.5;24260
27332;Heudebouville;4;25530
27333;Heudicourt;2.3;22790
80438;Heudicourt;2.7;18700
55245;Heudicourt-sous-les-Côtes;3.7;22760
27334;Heudreville-en-Lieuvin;1.7;24620
27335;Heudreville-sur-Eure;2.8;26330
40125;Heugas;3.7;24670
76360;Heugleville-sur-Scie;3.7;22350
36086;Heugnes;1.5;21290
50243;Heugueville-sur-Sienne;3.8;22320
52240;Heuilley-le-Grand;2.1;20190
21316;Heuilley-sur-Saône;1.6;21020
14329;Heuland;5;23710
63176;Heume-l'Église;1.6;21750
27337;Heuqueville;2.9;24970
76361;Heuqueville;3.3;27640
62452;Heuringhem;4.5;25220
76362;Heurteauville;2.8;23300
51293;Heutrégiville;5;26710
80439;Heuzecourt;1.5;22310
55246;Hévilliers;1.5;21570
38189;Heyrieux;2.9;26240
62453;Hézecques;2.4;21790
65220;Hibarette;3.1;22890
38190;Hières-sur-Amby;2.5;23800
8226;Hierges;3.3;23570
80440;Hiermont;2.5;19450
16163;Hiersac;3;22570
16164;Hiesse;2.5;17560
50246;Hiesville;3.9;
64262;Higuères-Souye;4.1;22140
65221;Hiis;4.3;22880
57324;Hilbesheim;2.9;23590
22081;Hillion;3.7;24090
67196;Hilsenheim;3.8;25390
57325;Hilsprich;2.1;22700
2380;Hinacourt;2.9;
57326;Hinckange;3.3;24180
67197;Hindisheim;4.6;28730
68137;Hindlingen;2.2;26240
62454;Hinges;4;25890
67198;Hinsbourg;1.3;25280
67199;Hinsingen;2.8;
40126;Hinx;4.2;22720
67200;Hipsheim;5.6;28100
35132;Hirel;2.1;22390
67201;Hirschland;3.2;21370
68138;Hirsingue;4.1;24940
2381;Hirson;2.7;16460
68139;Hirtzbach;4.4;27760
68140;Hirtzfelden;2.5;27350
31237;His;2.6;19320
65222;Hitte;2;23950
67202;Hochfelden;4;25780
68141;Hochstatt;4.4;29610
67203;Hochstett;5.4;28180
50247;Hocquigny;3.2;20510
62455;Hocquinghen;1.3;20490
60315;Hodenc-en-Bray;1.7;24820
60316;Hodenc-l'Évêque;1.7;26690
76363;Hodeng-au-Bosc;3.8;22730
76364;Hodeng-Hodenger;2.6;21960
95309;Hodent;1.8;27430
56085;Hœdic;0;22320
67204;Hœnheim;4.1;22500
67205;Hœrdt;6;27680
54262;Hoéville;1.6;24080
67206;Hoffen;4.2;24990
67208;Hohengœft;4.5;25170
67209;Hohfrankenheim;3.5;27010
68142;Hohrod;3.7;23720
57328;Holacourt;4.6;
57329;Holling;2.8;23640
2382;Holnon;3.8;23890
59307;Holque;2.3;20870
67212;Holtzheim;6;26950
57330;Holving;3;23520
80442;Hombleux;2.6;21190
2383;Homblières;4.6;25090
68144;Hombourg;1.3;30210
57331;Hombourg-Budange;2.3;25340
57332;Hombourg-Haut;4;19130
54263;Homécourt;4.8;19490
57333;Hommarting;3.8;24640
57334;Hommert;3.5;23940
37117;Hommes;2.4;21420
11172;Homps;3.1;17700
32154;Homps;4;24160
59310;Hon-Hergies;1.5;26090
60317;Hondainville;2.1;25590
59308;Hondeghem;4.2;26110
77228;Hondevilliers;0.8;22030
27339;Hondouville;1.6;26210
59309;Hondschoote;2;20980
14333;Honfleur;3.8;20840
27340;Honguemare-Guenouville;4.6;26380
59311;Honnechy;3.6;18450
59312;Honnecourt-sur-Escaut;3.7;20490
57335;Honskirch;2.9;22120
40127;Hontanx;3.5;21740
29080;Hôpital-Camfrout;3.8;25820
68145;Horbourg-Wihr;5.1;25580
59313;Hordain;4.6;22280
65223;Horgues;4.8;27410
59314;Hornaing;3.6;20420
80443;Hornoy-le-Bourg;4.8;21200
40128;Horsarrieu;3;23990
55247;Horville-en-Ornois;3.2;
64265;Hosta;0.4;
57337;Hoste;2.1;23180
33202;Hostens;3.3;22830
26149;Hostun;3.1;23620
14335;Hotot-en-Auge;2.7;25200
14336;Hottot-les-Bagues;2.6;23460
57338;Hottviller;2.6;23190
62456;Houchin;3.1;24240
62457;Houdain;3.2;18850
59315;Houdain-lez-Bavay;2.8;23570
78310;Houdan;1.9;24540
60318;Houdancourt;2.6;26220
55248;Houdelaincourt;3.2;22030
54264;Houdelmont;2.4;25060
54265;Houdemont;6.8;28880
76365;Houdetot;3.8;22490
8229;Houdilcourt;3.4;24420
54266;Houdreville;3.5;23320
88241;Houécourt;4.5;22740
47119;Houeillès;0.9;19790
27342;Houetteville;1.3;24170
88242;Houéville;2.3;
65224;Houeydets;2.2;22410
78311;Houilles;1.2;30390
27343;Houlbec-Cocherel;2.2;29700
8230;Houldizy;3.5;26680
16165;Houlette;2.3;21930
14338;Houlgate;4.1;24440
62458;Houlle;3.1;21740
11173;Hounoux;1.4;17130
59316;Houplin-Ancoisne;5.4;25620
59317;Houplines;5.3;22140
76367;Houppeville;4.1;28650
76368;Houquetot;2.8;25570
65225;Hourc;2.2;24370
51294;Hourges;2.4;
64266;Hours;3.1;23910
33203;Hourtin;3.9;23480
2384;Houry;2.7;
41102;Houssay;3.1;23980
53117;Houssay;2.6;22250
68146;Houssen;4.9;25790
88243;Housseras;2.6;24430
2385;Housset;3;19820
54268;Housséville;3.9;23610
25309;Houtaud;4.8;31480
59318;Houtkerque;2.9;23780
27346;Houville-en-Vexin;3.1;21760
28194;Houville-la-Branche;2.5;28540
62459;Houvin-Houvigneul;3.6;20520
28195;Houx;2.8;27360
59319;Hoymille;3.6;24610
25310;Huanne-Montmartin;5;
62460;Hubersent;4.1;23380
50251;Huberville;3.2;21760
80444;Huchenneville;4.8;22920
62462;Huclier;3;25480
62463;Hucqueliers;1.8;19360
50252;Hudimesnil;4.8;23350
54269;Hudiviller;6.3;26230
29081;Huelgoat;1.1;21380
27347;Huest;3.5;25760
45166;Huêtre;2;25560
38191;Huez;7.1;22890
70286;Hugier;4.3;24970
76370;Hugleville-en-Caux;2.8;23870
49174;Huillé-Lézigné;1.9;21360
52243;Huilliécourt;1.5;22340
71234;Huilly-sur-Seille;1.7;21060
51295;Huiron;3.8;24540
37118;Huismes;3.5;23790
50253;Huisnes-sur-Mer;1.6;20660
41103;Huisseau-en-Beauce;3.3;24230
41104;Huisseau-sur-Cosson;3.2;25100
45167;Huisseau-sur-Mauves;2.3;25850
62464;Hulluch;5.7;21680
57339;Hultehouse;1.7;25280
51296;Humbauville;0.5;
52244;Humbécourt;2.8;22380
62465;Humbercamps;2.6;21780
80445;Humbercourt;2.2;20020
62466;Humbert;1.8;21570
52245;Humberville;4.2;
18111;Humbligny;0.9;19660
62467;Humerœuille;4;23130
52246;Humes-Jorquenay;3.5;23760
62468;Humières;4.1;23080
68147;Hunawihr;2.8;28850
57340;Hundling;3.3;23700
68148;Hundsbach;4.2;33290
68149;Huningue;1.9;25540
67213;Hunspach;4.9;26920
57341;Hunting;3.8;29800
31238;Huos;3;20310
12116;Huparlac;8;18540
80446;Huppy;4.8;23350
88245;Hurbache;4.5;22440
33204;Hure;2.8;21100
70287;Hurecourt;2.2;
48074;Hures-la-Parade;1.5;19850
3128;Huriel;1.7;22370
71235;Hurigny;2.9;27390
38192;Hurtières;2;26320
67214;Hurtigheim;4.8;26900
68150;Husseren-les-Châteaux;2.9;30790
68151;Husseren-Wesserling;3.2;22460
54270;Hussigny-Godbrange;2.7;28050
67215;Huttendorf;4.9;27000
67216;Huttenheim;4.3;24860
3129;Hyds;3.2;20730
25311;Hyémondans;2.7;22340
83069;Hyères;4.8;22960
70288;Hyet;2.4;24690
25312;Hyèvre-Magny;5;
25313;Hyèvre-Paroisse;4.4;21270
88246;Hymont;3.7;23520
80621;Hypercourt;3.6;20690
64267;Ibarrolle;1.5;
57342;Ibigny;3.6;
65226;Ibos;4.5;24680
67217;Ichtratzheim;6.1;27700
77230;Ichy;2;25220
64268;Idaux-Mendy;3.5;19970
32156;Idrac-Respaillès;2.5;22540
64269;Idron;4;30290
18112;Ids-Saint-Roch;1.1;19220
35133;Iffendic;2.4;23340
14341;Ifs;6.5;22310
61207;Igé;2.3;21060
71236;Igé;2.9;25210
80449;Ignaucourt;3.7;
9140;Ignaux;5.3;23510
54271;Igney;2.6;23770
88247;Igney;4.3;23530
18113;Ignol;0.9;20940
70289;Igny;3.6;20610
91312;Igny;3.1;31760
51298;Igny-Comblizy;2.2;20510
64270;Igon;5.2;23760
71237;Igornay;3.7;20150
27348;Igoville;4.3;24850
71238;Iguerande;2.4;22080
64271;Iholdy;1.5;20970
56087;Île-aux-Moines;0;24760
17004;Île-d'Aix;14;22100
56088;Île-d'Arz;0;26300
56086;Île-d'Houat;14.1;22410
29082;Île-de-Batz;6.8;23080
22016;Île-de-Bréhat;11.1;25130
29083;Île-de-Sein;27.7;
29084;Île-Molène;3.2;
29085;Île-Tudy;1.7;26690
64272;Ilharre;3.4;22420
9142;Ilhat;2.5;18560
65228;Ilhet;3.7;21340
65229;Ilheu;0.6;
57343;Illange;5.8;27560
9141;Illartein;3;
33205;Illats;5.3;24130
66088;Ille-sur-Têt;2.5;19430
27349;Illeville-sur-Montfort;2.1;23920
68152;Illfurth;3;27340
68153;Illhaeusern;4.7;28010
1188;Illiat;2.1;24070
9143;Illier-et-Laramade;2.4;
28196;Illiers-Combray;1.6;21440
27350;Illiers-l'Évêque;1.4;25010
59320;Illies;7.1;24770
22083;Illifaut;3.6;20130
67218;Illkirch-Graffenstaden;5.9;24190
76372;Illois;2;20060
52247;Illoud;0.5;24370
68240;Illtal;5.1;31100
8232;Illy;1.5;22010
68154;Illzach;5.7;20570
6072;Ilonse;0;
76373;Imbleville;2.7;22170
8233;Imécourt;6.5;
57344;Imling;3.6;23670
58134;Imphy;1.5;20110
8234;Inaumont;3.1;24820
27351;Incarville;4.6;24890
76374;Incheville;3.6;20170
59321;Inchy;3.8;19440
62469;Inchy-en-Artois;2.2;22010
62470;Incourt;3.5;
25314;Indevillers;0;30130
44074;Indre;4.3;24380
18114;Ineuil;1.7;23180
67220;Ingenheim;3.7;25170
68155;Ingersheim;6.2;23430
57345;Inglange;3.1;29790
67221;Ingolsheim;4.2;27590
76375;Ingouville;2.9;25690
36087;Ingrandes;2.3;21990
86111;Ingrandes;4.6;22440
49160;Ingrandes-le-Fresne-sur-Loire;3.5;21800
45168;Ingrannes;0.8;23620
45169;Ingré;2;24890
56089;Inguiniel;3.3;21190
67222;Ingwiller;3.8;22600
1189;Injoux-Génissiat;0.7;28040
67223;Innenheim;7;27870
1190;Innimond;0.1;
55250;Inor;4.2;21600
57346;Insming;1.9;23070
57347;Insviller;1.4;21370
28197;Intréville;2;25640
45170;Intville-la-Guétard;1.6;25680
80450;Inval-Boiron;4;20790
62472;Inxent;2.1;23720
56090;Inzinzac-Lochrist;2.7;22680
55251;Ippécourt;3.2;
57348;Ippling;4.2;26260
97303;Iracoubo;0;
61208;Irai;1.6;21250
79141;Irais;3.8;22060
89202;Irancy;1;24150
55252;Iré-le-Sec;2.8;24980
69100;Irigny;3;25740
64273;Irissarry;2.2;22670
80451;Irles;3.5;21310
35135;Irodouër;3.2;23000
2386;Iron;3.6;19670
64274;Irouléguy;4;22840
27353;Irreville;2.8;27820
29086;Irvillac;4.3;23990
52248;Is-en-Bassigny;3.6;23670
21317;Is-sur-Tille;5.1;23170
62473;Isbergues;3.3;20020
88248;Isches;4.4;21580
45171;Isdes;1.6;22820
58135;Isenay;4.7;
50256;Isigny-le-Buat;1.9;21340
14342;Isigny-sur-Mer;3.4;20930
89203;Island;3.7;25170
87075;Isle;3.6;25190
10174;Isle-Aubigny;2.9;22610
10173;Isle-Aumont;1.9;26360
3130;Isle-et-Bardais;2.3;21340
33206;Isle-Saint-Georges;2.7;23950
51300;Isle-sur-Marne;2.6;
77231;Isles-les-Meldeuses;1.5;23960
77232;Isles-lès-Villenoy;2.5;28620
51299;Isles-sur-Suippe;6.1;26170
76377;Isneauville;7.1;31100
6073;Isola;6.4;21710
2B135;Isolaccio-di-Fiumorbo;6.5;17680
52249;Isômes;0.9;23590
48075;Ispagnac;4.1;21250
64275;Ispoure;3.6;21460
62474;Isques;6.5;23160
24211;Issac;2.2;21290
7104;Issamoulenc;0;
8235;Issancourt-et-Rumel;3.1;24100
7105;Issanlas;3;18880
25316;Issans;3.4;26910
7106;Issarlès;0;19820
51301;Isse;2.5;26260
44075;Issé;2.6;20770
11175;Issel;2.8;21860
46132;Issendolus;4.8;22390
67225;Issenhausen;4.2;25070
68156;Issenheim;4.6;24540
46133;Issepts;3.7;23260
3131;Isserpent;3.2;20450
63177;Isserteaux;0.8;21820
24212;Issigeac;2.7;21440
30134;Issirac;0.2;21670
63178;Issoire;4.8;21810
64276;Issor;2.7;21610
78314;Issou;3.3;25020
36088;Issoudun;2.9;20680
23097;Issoudun-Létrieix;3.1;19390
31240;Issus;3.9;27490
71239;Issy-l'Évêque;5.1;20540
92040;Issy-les-Moulineaux;3;33650
13047;Istres;2.8;22710
64277;Isturits;2;23050
2387;Itancourt;5.8;24980
86113;Iteuil;4.1;24080
67226;Ittenheim;5.1;27430
67227;Itterswiller;3.9;27060
91315;Itteville;1.6;28000
64279;Itxassou;4.1;24290
81108;Itzac;2.5;21970
62475;Ivergny;2;20830
77233;Iverny;2.7;25240
2388;Iviers;2.6;19850
27354;Iville;2.6;25160
60320;Ivors;2.4;26530
39267;Ivory;3.4;
18115;Ivoy-le-Pré;1.6;21340
39268;Ivrey;3.9;
27355;Ivry-la-Bataille;2.5;22290
60321;Ivry-le-Temple;1;25330
94041;Ivry-sur-Seine;4.4;19680
59322;Iwuy;4.5;19850
65230;Izaourt;2.4;23240
31241;Izaut-de-l'Hôtel;3.4;21710
65231;Izaux;3.7;23150
53120;Izé;3.4;21310
38194;Izeaux;3.3;23880
62476;Izel-lès-Équerchin;3.9;25030
62477;Izel-lès-Hameau;4;24160
1191;Izenave;1.3;24140
1192;Izernore;2;23500
38195;Izeron;2.7;22580
64280;Izeste;6;19900
21319;Izeure;3;25520
21320;Izier;2.4;26840
1193;Izieu;0.5;23870
33207;Izon;2.9;24460
26150;Izon-la-Bruisse;0.5;
32161;Izotges;3.3;
77234;Jablines;1.8;30560
87076;Jabreilles-les-Bordes;3.2;20850
15078;Jabrun;1.5;20630
73137;Jacob-Bellecombette;3.7;25720
34120;Jacou;3.9;26300
65232;Jacque;2.7;
95316;Jagny-sous-Bois;2.4;30470
77235;Jaignes;2;25350
26381;Jaillans;1;24650
54272;Jaillon;2.1;26270
58136;Jailly;4.2;
21321;Jailly-les-Moulins;1.8;
88249;Jainvillotte;1.7;
23098;Jalesches;2.5;
15079;Jaleyrac;2.4;21170
3132;Jaligny-sur-Besbre;0.5;20390
21322;Jallanges;2.7;22740
28198;Jallans;2.7;22970
57349;Jallaucourt;5.5;23460
25317;Jallerange;4.6;22740
18116;Jalognes;1.3;21560
71240;Jalogny;3.6;23440
51303;Jâlons;2.5;24070
71241;Jambles;2.5;27330
78317;Jambville;2.1;29650
60322;Jaméricourt;1.3;25060
55255;Jametz;3.5;21260
87077;Janailhac;2.7;22620
23099;Janaillat;1.1;20500
21323;Jancigny;1.7;23610
8236;Jandun;1.2;22770
38197;Janneyrias;2.7;26820
44076;Jans;2.3;21410
14344;Janville;3.2;28060
60323;Janville;3.6;23650
28199;Janville-en-Beauce;2;22530
91318;Janville-sur-Juine;1.8;30320
51304;Janvilliers;3;18000
51305;Janvry;2.9;32150
91319;Janvry;3.3;32110
35136;Janzé;3.4;23450
38198;Jarcieu;2.9;23560
85114;Jard-sur-Mer;2.3;25160
38199;Jardin;2.9;28020
86114;Jardres;4;24100
45173;Jargeau;3.1;23880
5068;Jarjayes;3.1;22280
88250;Jarménil;5.1;21850
16167;Jarnac;3.7;22340
17192;Jarnac-Champagne;3.6;24080
23100;Jarnages;3.7;21010
42112;Jarnosse;1.7;22950
54273;Jarny;2.8;21170
65233;Jarret;2.6;21430
38200;Jarrie;3.2;28430
73138;Jarrier;1.9;26000
18117;Jars;1.8;22190
73139;Jarsy;0.8;22840
54274;Jarville-la-Malgrange;5.3;19320
49163;Jarzé Villages;3.2;22090
42113;Jas;2.9;22800
70290;Jasney;2.8;22830
1194;Jassans-Riottier;4.8;24030
10175;Jasseines;1.4;21120
1195;Jasseron;3.9;25630
64281;Jasses;2.8;20420
64282;Jatxou;3.6;25370
33208;Jau-Dignac-et-Loirac;3.2;20520
10176;Jaucourt;2.8;23640
28200;Jaudrais;3.4;23360
7107;Jaujac;3.4;21110
16168;Jauldes;2.8;22960
89205;Jaulges;3.4;22810
2389;Jaulgonne;4.3;22640
37121;Jaulnay;2;20540
77236;Jaulnes;1.4;25940
54275;Jaulny;3.7;23310
60324;Jaulzy;2.9;21250
7108;Jaunac;7.1;22680
86115;Jaunay-Marigny;4.6;23340
24213;Jaure;1.2;20670
4096;Jausiers;4;21510
60325;Jaux;3.9;28450
72148;Jauzé;2.2;
43105;Javaugues;2.4;22270
35137;Javené;2.1;23730
87078;Javerdat;2.8;21810
24214;Javerlhac-et-la-Chapelle-Saint-Robert;2.9;19930
10177;Javernant;2.1;27470
16169;Javrezac;3.5;24430
53121;Javron-les-Chapelles;2.3;21680
43106;Jax;1.5;18360
64283;Jaxu;3.6;19780
24215;Jayac;1.1;21280
1196;Jayat;2.2;23020
86116;Jazeneuil;4;23020
17196;Jazennes;3.9;22520
2390;Jeancourt;1.5;22430
54276;Jeandelaincourt;3.6;22570
54277;Jeandelize;2.6;21600
88251;Jeanménil;3.4;23310
2391;Jeantes;3.3;20940
68157;Jebsheim;2.6;26410
32162;Jegun;2.4;22490
59323;Jenlain;5.7;27150
3133;Jenzat;4.1;21720
88252;Jésonville;1.1;22290
10178;Jessains;1.9;23560
67229;Jetterswiller;4.1;23310
68158;Jettingen;4.4;36320
36089;Jeu-les-Bois;3.1;22170
36090;Jeu-Maloches;1.8;
10179;Jeugny;2.7;22420
59324;Jeumont;3.1;16910
39269;Jeurre;2.4;23340
21324;Jeux-lès-Bard;2.4;
88253;Jeuxey;5.8;25280
54278;Jevoncourt;5.4;24120
54279;Jezainville;2.9;24520
65234;Jézeau;6;
7109;Joannas;0.9;19750
63179;Job;1.2;23300
66089;Joch;1.4;22370
54280;Jœuf;3.3;18000
50258;Joganville;2.9;
89206;Joigny;2.6;18260
8237;Joigny-sur-Meuse;2.5;24860
52250;Joinville;3.3;18080
94042;Joinville-le-Pont;4.9;29100
51306;Joiselle;1.3;22520
59325;Jolimetz;3.5;25130
54281;Jolivet;3.9;25450
69279;Jonage;1.4;28030
34121;Joncels;1.1;20350
26152;Jonchères;1.6;
90056;Joncherey;1.9;26930
52251;Jonchery;2.7;24760
51307;Jonchery-sur-Suippe;3.7;22680
51308;Jonchery-sur-Vesle;3.4;27760
2392;Joncourt;2;23280
10180;Joncreuil;3.6;
71242;Joncy;1.3;21100
73140;Jongieux;2.6;27390
84055;Jonquerettes;3.2;27110
51309;Jonquery;2.7;25030
11176;Jonquières;2.7;
34122;Jonquières;5.4;22180
60326;Jonquières;4.6;30990
81109;Jonquières;4.2;21980
84056;Jonquières;3.1;21940
30135;Jonquières-Saint-Vincent;2.9;21460
69280;Jons;2.1;27110
8238;Jonval;1.7;
70291;Jonvelle;1.5;20600
55256;Jonville-en-Woëvre;1.9;23170
17197;Jonzac;3.4;20210
74144;Jonzier-Épagny;2.2;41670
42115;Jonzieux;3.5;23810
54282;Joppécourt;2.7;23940
14345;Jort;3.6;21340
88254;Jorxey;2.6;
43107;Josat;1.1;
41105;Josnes;2.1;22650
40129;Josse;3.5;22330
56091;Josselin;3.9;21450
77237;Jossigny;3;27560
15081;Jou-sous-Monjou;3.2;20000
87080;Jouac;0.8;19430
2393;Jouaignes;2.8;22980
89207;Jouancy;0.8;
77238;Jouarre;2.5;23900
78321;Jouars-Pontchartrain;3.4;32860
54283;Jouaville;4.1;26570
84057;Joucas;3.5;22510
11177;Joucou;0;
71243;Joudes;2.3;21620
54284;Joudreville;1.4;19860
61209;Joué-du-Bois;3.1;21990
61210;Joué-du-Plain;3.3;21970
72149;Joué-en-Charnie;4.9;21450
72150;Joué-l'Abbé;2.8;23960
37122;Joué-lès-Tours;4.1;21520
44077;Joué-sur-Erdre;2.5;22510
18118;Jouet-sur-l'Aubois;1.6;21540
21325;Jouey;3.5;22920
25318;Jougne;1.5;39910
39270;Jouhe;4.6;24430
86117;Jouhet;2.7;21580
23101;Jouillat;2.7;23620
13048;Jouques;3.4;25220
81110;Jouqueviel;1.9;
87081;Jourgnac;2.5;25130
1197;Journans;3.4;25780
86118;Journet;3.7;21520
24217;Journiac;2.6;21180
62478;Journy;0.9;21170
21326;Jours-lès-Baigneux;3.3;
15080;Joursac;3.5;18900
86119;Joussé;3.6;21010
71244;Jouvençon;1.8;21700
69102;Joux;1.5;23230
89208;Joux-la-Ville;2.3;21470
28201;Jouy;1.9;26710
89209;Jouy;1.2;24280
57350;Jouy-aux-Arches;4.7;26670
55257;Jouy-en-Argonne;4;
78322;Jouy-en-Josas;2.8;35740
45174;Jouy-en-Pithiverais;2.1;25210
77239;Jouy-le-Châtel;1.5;25040
95323;Jouy-le-Moutier;2.2;24800
45175;Jouy-le-Potier;3.6;27840
51310;Jouy-lès-Reims;4.5;27580
78324;Jouy-Mauvoisin;2.6;26820
60327;Jouy-sous-Thelle;1.5;23980
27358;Jouy-sur-Eure;1.5;27650
77240;Jouy-sur-Morin;1.4;23150
7110;Joyeuse;4.9;20160
1198;Joyeux;2.5;25480
63180;Joze;3.6;24580
63181;Jozerand;3.3;23960
32163;Jû-Belloc;2.8;19350
14346;Juaye-Mondaye;3.1;24520
88255;Jubainville;1.5;
53122;Jublains;2.2;21800
33209;Jugazan;3.8;21330
19093;Jugeals-Nazareth;3.1;24870
22084;Jugon-les-Lacs;3.5;22170
71245;Jugy;2.5;23650
17198;Juicq;2.2;21280
71246;Juif;1.8;22100
16170;Juignac;2.7;18700
44078;Juigné-des-Moutiers;1.7;19160
72151;Juigné-sur-Sarthe;3;22540
27359;Juignettes;2.5;21020
19094;Juillac;3;21360
32164;Juillac;2.7;21000
33210;Juillac;2.9;22260
16171;Juillac-le-Coq;2.9;24080
65235;Juillan;4;23630
16173;Juillé;3.8;21500
72152;Juillé;2.3;23780
79142;Juillé;2.1;21470
21328;Juillenay;2.7;
32165;Juilles;3.9;25180
50259;Juilley;3.1;22790
21329;Juilly;3.1;
77241;Juilly;2.3;26540
66090;Jujols;0;
1199;Jujurieux;2.6;23050
48077;Julianges;0.5;
69103;Juliénas;2;23260
16174;Julienne;3;24500
43108;Jullianges;4;20980
69104;Jullié;2.2;22170
50066;Jullouville;3.9;26640
89210;Jully;3.7;22050
71247;Jully-lès-Buxy;2.5;25320
10181;Jully-sur-Sarce;2.9;23970
65236;Julos;2.4;23440
55260;Julvécourt;3.9;
78325;Jumeauville;2.1;29270
63182;Jumeaux;3.7;19470
80452;Jumel;3.5;23680
27360;Jumelles;2.3;24200
2395;Jumencourt;1.6;22350
76378;Jumièges;2.7;24060
2396;Jumigny;1.3;
24218;Jumilhac-le-Grand;2.6;20450
30136;Junas;3.1;23260
89211;Junay;4.7;
65237;Juncalas;3.7;20950
68159;Jungholtz;1.6;27500
15082;Junhac;3.8;17200
8239;Juniville;3.8;22670
72153;Jupilles;1.4;21800
64284;Jurançon;5.6;22770
45176;Juranville;1.6;21270
42116;Juré;3.4;21020
31242;Jurvielle;3.6;
57351;Jury;2.6;27620
79144;Juscorps;2.3;23040
47120;Jusix;3.6;19490
15083;Jussac;5;22770
88256;Jussarupt;3.7;22230
17199;Jussas;3.3;18120
51311;Jussecourt-Minecourt;4.2;22040
70292;Jussey;4.9;19270
2397;Jussy;2.1;21880
57352;Jussy;3.9;35040
89212;Jussy;2.2;23870
18119;Jussy-Champagne;1.6;21620
18120;Jussy-le-Chaudrier;1.2;21400
32166;Justian;2.9;21370
8240;Justine-Herbigny;3;19870
9146;Justiniac;2.2;
77242;Jutigny;2.4;22030
88257;Juvaincourt;4;21800
10182;Juvancourt;0.5;18640
10183;Juvanzé;2.6;
49170;Juvardeil;3.4;22400
57353;Juvelize;3.4;
34123;Juvignac;5.3;23130
53123;Juvigné;2.1;21040
60328;Juvignies;3;23420
2398;Juvigny;1.8;22680
51312;Juvigny;3.2;27410
74145;Juvigny;2.9;42180
50260;Juvigny les Vallées;2.1;19920
61211;Juvigny Val d'Andaine;3.4;21110
55261;Juvigny-en-Perthois;2.3;22050
55262;Juvigny-sur-Loison;3.1;21170
61212;Juvigny-sur-Orne;2.3;23530
14348;Juvigny-sur-Seulles;3.9;
57354;Juville;3.4;24620
7111;Juvinas;2.1;20660
2399;Juvincourt-et-Damary;3.9;23300
91326;Juvisy-sur-Orge;2.3;23520
54285;Juvrecourt;1.7;
64285;Juxue;1.8;19150
10184;Juzanvigny;3.1;20960
52253;Juzennecourt;1.7;21790
31243;Juzes;3.5;
31245;Juzet-d'Izaut;2.1;21040
31244;Juzet-de-Luchon;6.2;21820
78327;Juziers;2.2;26040
57355;Kalhausen;3;24900
67230;Kaltenhouse;5.3;25430
57356;Kanfen;2.5;37060
97609;Kani-Kéli;NA;
68160;Kappelen;2.8;40150
57357;Kappelkinger;2.1;22310
68161;Katzenthal;5.8;29690
67231;Kauffenheim;2.9;26430
68162;Kaysersberg Vignoble;4.7;25560
57358;Kédange-sur-Canner;2.3;25770
67232;Keffenach;4.3;25870
68163;Kembs;2.8;32540
57359;Kemplich;3.1;23790
57360;Kerbach;4.1;26230
22085;Kerbors;2;24670
22086;Kerfot;3.9;23180
56092;Kerfourn;2.5;21370
29089;Kergloff;3.4;23530
56093;Kergrist;2.3;22720
22087;Kergrist-Moëlou;2.9;20160
22088;Kerien;1;18460
29090;Kerlaz;4.6;24040
57361;Kerling-lès-Sierck;3.8;29760
29091;Kerlouan;4;22300
22090;Kermaria-Sulard;4.7;22960
22091;Kermoroc'h;2.6;21260
56264;Kernascléden;3.6;19600
29093;Kernilis;3.4;22100
29094;Kernouës;3.7;23810
22092;Kerpert;1.1;19180
57362;Kerprich-aux-Bois;2.5;25970
29095;Kersaint-Plabennec;6.1;24820
67233;Kertzfeld;3.4;26890
56094;Kervignac;4.4;24950
67234;Keskastel;3.9;22650
67235;Kesseldorf;3.7;26800
67236;Kienheim;3.2;32780
68165;Kiffis;0.4;35510
59326;Killem;2.3;21610
67237;Kilstett;2.7;29140
67238;Kindwiller;3.2;26120
68166;Kingersheim;4.3;23170
67239;Kintzheim;5.9;27180
68167;Kirchberg;2.4;23260
67240;Kirchheim;4.5;25390
67241;Kirrberg;3;22600
67242;Kirrwiller;3.9;26270
57364;Kirsch-lès-Sierck;1.8;31940
57365;Kirschnaumen;3.1;27430
57366;Kirviller;2.8;25510
57367;Klang;2.9;23340
67244;Kleingœft;4.4;25790
68168;Knœringue;2.8;36390
67245;Knœrsheim;4.5;24630
57368;Knutange;3.9;19320
57370;Kœnigsmacker;4;27530
68169;Kœstlach;3;31730
68170;Kœtzingue;1.9;33210
55263;Kœur-la-Grande;5.2;22800
55264;Kœur-la-Petite;5.2;20490
67246;Kogenheim;5.5;24860
67247;Kolbsheim;3.2;28930
97610;Koungou;NA;
97304;Kourou;2.3;
67248;Krautergersheim;6.2;27380
67249;Krautwiller;7.2;27930
67250;Kriegsheim;6.7;28740
68171;Kruth;3;23690
68172;Kunheim;3.2;25910
57372;Kuntzig;3.2;29220
67252;Kurtzenhouse;3.6;26620
67253;Kuttolsheim;3.3;26940
67254;Kutzenhausen;3.8;25850
1001;L'Abergement-Clémenciat;1.9;25820
71001;L'Abergement-de-Cuisery;2.8;24190
1002;L'Abergement-de-Varey;2.4;24480
71002;L'Abergement-Sainte-Colombe;2.6;23940
79001;L'Absie;1.5;19020
61214;L'Aigle;3.2;18700
9003;L'Aiguillon;3.1;20480
85001;L'Aiguillon-la-Presqu'île;2.2;22590
85002;L'Aiguillon-sur-Vie;3.1;22540
97201;L'Ajoupa-Bouillon;2.5;17290
38004;L'Albenc;2;23440
66001;L'Albère;0.6;
69010;L'Arbresle;4;23450
5006;L'Argentière-la-Bessée;3.4;20810
8148;L'Écaille;5;23000
8149;L'Échelle;2.4;23980
80263;L'Échelle-Saint-Aurin;2.6;
25215;L'Écouvotte;5.4;19670
19074;L'Église-aux-Bois;2.1;
17151;L'Éguille;4.5;21850
5048;L'Épine;3.1;19590
51231;L'Épine;3.2;27480
85083;L'Épine;2.9;21910
2281;L'Épine-aux-Bois;2.8;24210
4079;L'Escale;3.8;23510
6057;L'Escarène;2.5;22400
30108;L'Estréchure;1;16120
50176;L'Étang-Bertrand;2.7;21790
78224;L'Étang-la-Ville;2.3;40580
97404;L'Étang-Salé;3.6;20420
21254;L'Étang-Vergy;2.2;27390
39217;L'Étoile;4.6;26760
80296;L'Étoile;4.3;19070
42092;L'Étrat;5;27460
27309;L'Habit;2.1;27250
94038;L'Haÿ-les-Roses;1.9;24990
85108;L'Herbergement;3.3;23670
9138;L'Herm;1.9;21490
85110;L'Hermenault;2.6;20150
35131;L'Hermitage;4.2;24040
61206;L'Hôme-Chamondot;2.3;19900
82076;L'Honor-de-Cos;1.7;22720
57336;L'Hôpital;3.4;20080
64263;L'Hôpital-d'Orion;3.6;23640
25305;L'Hôpital-du-Grosbois;4.5;24350
42108;L'Hôpital-le-Grand;4.1;24440
71233;L'Hôpital-le-Mercier;1.9;21330
64264;L'Hôpital-Saint-Blaise;3.1;
25306;L'Hôpital-Saint-Lieffroy;4.7;22070
42110;L'Horme;3.4;21200
27341;L'Hosmes;1.7;
4095;L'Hospitalet;1.4;
12115;L'Hospitalet-du-Larzac;3.3;18540
9139;L'Hospitalet-près-l'Andorre;0;
14334;L'Hôtellerie;2.3;21360
17190;L'Houmeau;3.6;27780
53119;L'Huisserie;3;24820
37119;L'Île-Bouchard;4.6;20050
85111;L'Île-d'Elle;2;20910
85112;L'Île-d'Olonne;3.8;23620
85113;L'Île-d'Yeu;3.5;23440
2B134;L'Île-Rousse;4.7;19410
93039;L'Île-Saint-Denis;3.6;17740
95313;L'Isle-Adam;2.4;28610
32157;L'Isle-Arné;2.6;21980
32158;L'Isle-Bouzon;5.8;22050
38193;L'Isle-d'Abeau;5.6;21370
16166;L'Isle-d'Espagnac;3.5;22380
32159;L'Isle-de-Noé;3.1;22150
31239;L'Isle-en-Dodon;3.6;19930
55296;L'Isle-en-Rigault;2.5;23410
32160;L'Isle-Jourdain;2.7;24810
86112;L'Isle-Jourdain;4.2;20030
84054;L'Isle-sur-la-Sorgue;3.8;22570
25315;L'Isle-sur-le-Doubs;4.3;20410
89204;L'Isle-sur-Serein;3.1;22230
85165;L'Oie;N/A - division par 0;
85167;L'Orbrie;2.6;24360
59006;L'Orée de Mormal;2.5;27530
61228;L'Orée-d'Écouves;1.8;21920
31561;L'Union;6.3;27930
24020;La Bachellerie;4.9;21560
53015;La Baconnière;2.5;22560
88028;La Baffe;3.7;26120
50028;La Baleine;1.7;18820
73028;La Balme;3;23540
74026;La Balme-de-Sillingy;3.3;28140
74027;La Balme-de-Thuy;3;26330
38026;La Balme-les-Grottes;2.9;24580
13009;La Barben;4.2;30140
17033;La Barde;2.4;20490
27277;La Baronnie;3;24590
39039;La Barre;3.7;24460
70050;La Barre;3.5;
85012;La Barre-de-Monts;2.8;21960
50032;La Barre-de-Semilly;3.8;26160
65069;La Barthe-de-Neste;3.5;22760
70051;La Basse-Vaivre;1.8;
59051;La Bassée;5.3;20670
66018;La Bastide;0;
83013;La Bastide;5.9;20750
64289;La Bastide-Clairence;3.1;22560
30031;La Bastide-d'Engras;2.2;21500
9038;La Bastide-de-Besplas;4.3;19370
9039;La Bastide-de-Bousignac;3.6;21280
9040;La Bastide-de-Lordat;4.1;21680
9042;La Bastide-de-Sérou;3.7;18250
84009;La Bastide-des-Jourdans;1.8;22970
9041;La Bastide-du-Salat;2.2;22140
12022;La Bastide-Pradines;3;
48021;La Bastide-Puylaurent;0;18170
12023;La Bastide-Solages;3;21100
9043;La Bastide-sur-l'Hers;3.5;18740
84010;La Bastidonne;3;26020
73032;La Bâthie;4.2;23530
26030;La Bâtie-des-Fonds;0.2;
38029;La Bâtie-Montgascon;3.5;23010
5016;La Bâtie-Montsaléon;4.9;20580
5017;La Bâtie-Neuve;5.2;22770
26031;La Bâtie-Rolland;3.4;23930
5018;La Bâtie-Vieille;3.2;26630
73033;La Bauche;2.5;23320
44055;La Baule-Escoublac;4.6;28490
74030;La Baume;1.2;25460
26032;La Baume-Cornillane;2.6;25110
26034;La Baume-d'Hostun;3.9;24560
26033;La Baume-de-Transit;4;22940
35017;La Baussaine;3.1;22790
87008;La Bazeuge;2.6;20790
28027;La Bazoche-Gouet;1.8;20480
72024;La Bazoge;2.9;24780
53021;La Bazoge-Montpinçon;1.6;24470
14050;La Bazoque;1.2;20330
61030;La Bazoque;3.3;22850
53022;La Bazouge-de-Chemeré;2.5;22170
53023;La Bazouge-des-Alleux;1.5;23270
35018;La Bazouge-du-Désert;1.2;21700
5019;La Beaume;1.1;21430
26045;La Bégude-de-Mazenc;4.3;23440
61039;La Bellière;1.5;22920
76074;La Bellière;4;
89036;La Belliole;1.1;23710
42016;La Bénisson-Dieu;2.2;21860
8061;La Berlière;3.5;
44012;La Bernerie-en-Retz;2.7;25200
36017;La Berthenoux;1.6;20710
8063;La Besace;0.9;21900
43029;La Besseyre-Saint-Mary;0;
11039;La Bezole;2.4;
53031;La Bigottière;0.9;21830
73043;La Biolle;4;26020
50060;La Bloutière;2.7;21230
1049;La Boisse;3.2;26780
14082;La Boissière;2.9;23860
27078;La Boissière;1.6;27860
34035;La Boissière;2.7;26690
39062;La Boissière;1.9;
53033;La Boissière;3.5;23050
85025;La Boissière-de-Montaigu;3.6;22490
85026;La Boissière-des-Landes;1.2;22600
44016;La Boissière-du-Doré;2.6;22340
78077;La Boissière-École;2.1;27710
79040;La Boissière-en-Gâtine;1.3;22540
16393;La Boixe;3;23400
6020;La Bollène-Vésubie;3.3;21550
50064;La Bonneville;1.9;21870
27082;La Bonneville-sur-Iton;1.4;21780
25077;La Bosse;2.1;
72040;La Bosse;1.7;23600
35030;La Bosse-de-Bretagne;2.1;22800
35031;La Bouëxière;3.4;24290
13016;La Bouilladisse;5;27220
76131;La Bouille;4.9;23950
22012;La Bouillie;3.6;22330
71046;La Boulaye;2;
63047;La Bourboule;6.7;20250
28048;La Bourdinière-Saint-Loup;1.9;24710
88068;La Bourgonce;2.7;22790
35034;La Boussac;2.9;21540
2109;La Bouteille;3.6;20990
33213;La Brède;3.2;29170
17486;La Brée-les-Bains;2.7;24740
49045;La Breille-les-Pins;2.2;20730
88075;La Bresse;3.2;22260
25092;La Bretenière;3.5;
39076;La Bretenière;2.5;24010
85036;La Bretonnière-la-Claye;2.8;22370
73058;La Bridoire;3;22790
6162;La Brigue;2.1;19000
4034;La Brillanne;6.5;20920
23033;La Brionne;2.5;23140
67066;La Broque;5.1;22310
77054;La Brosse-Montceaux;2.6;23650
17071;La Brousse;2.7;21740
72049;La Bruère-sur-Loir;1.9;20770
85039;La Bruffière;3.5;22550
30056;La Bruguière;2.5;21250
53045;La Brûlatte;2.1;23230
70103;La Bruyère;2.7;22120
38061;La Buisse;4.7;28170
38062;La Buissière;5.2;27440
1066;La Burbanche;0.2;
45060;La Bussière;2.3;23010
86040;La Bussière;2.7;21080
21120;La Bussière-sur-Ouche;1.9;24150
36028;La Buxerette;4.3;17280
66027;La Cabanasse;6.8;21230
83027;La Cadière-d'Azur;3.9;29800
30058;La Cadière-et-Cambo;5.5;20250
85040;La Caillère-Saint-Hilaire;2.1;20590
14122;La Caine;3.4;21300
30061;La Calmette;3.7;21630
62196;La Calotterie;6.6;22570
14124;La Cambe;3.9;22150
48034;La Canourgue;4.3;21940
2141;La Capelle;3.5;18690
12053;La Capelle-Balaguier;2.4;22550
12054;La Capelle-Bleys;2.4;19670
12055;La Capelle-Bonance;2.4;
30067;La Capelle-et-Masmolène;2.6;20730
62908;La Capelle-lès-Boulogne;5.8;26660
24085;La Cassagne;0.9;22840
11072;La Cassaigne;0.8;23820
62216;La Cauchie;2.7;22290
34059;La Caunette;1.6;18590
51100;La Caure;0.9;
12063;La Cavalerie;4.2;20980
18041;La Celette;1.9;21910
3047;La Celle;2.9;21540
18042;La Celle;1.6;20810
63064;La Celle;3.6;
83037;La Celle;3.2;23160
18043;La Celle-Condé;1.2;21280
23039;La Celle-Dunoise;3.2;21900
71509;La Celle-en-Morvan;1.4;21600
37044;La Celle-Guenand;3;21330
78125;La Celle-les-Bordes;3.1;35610
37045;La Celle-Saint-Avant;2.9;22210
78126;La Celle-Saint-Cloud;2.5;29510
89063;La Celle-Saint-Cyr;2;23100
51103;La Celle-sous-Chantemerle;2.8;26410
23040;La Celle-sous-Gouzon;1.3;20050
58044;La Celle-sur-Loire;3.6;21650
77063;La Celle-sur-Morin;1.9;26850
58045;La Celle-sur-Nièvre;1.8;23420
23041;La Cellette;2.7;18710
63067;La Cellette;5.2;22960
76169;La Cerlangue;3;25950
3050;La Chabanne;2;17170
39021;La Chailleuse;1.6;24720
10072;La Chaise;2.3;
50112;La Chaise-Baudouin;2.6;21010
43048;La Chaise-Dieu;3.8;21550
85045;La Chaize-Giraud;2.9;22790
85046;La Chaize-le-Vicomte;3.2;23380
42040;La Chamba;0.7;
42045;La Chambonie;0.7;
73067;La Chambre;4;23380
36037;La Champenoise;2.4;21770
3055;La Chapelaude;1.8;22330
3056;La Chapelle;4;21990
8101;La Chapelle;1.4;24840
16081;La Chapelle;3.9;23220
73074;La Chapelle;1.7;24220
35060;La Chapelle du Lou du Lac;4;23310
63086;La Chapelle-Agnon;3.4;19870
53056;La Chapelle-Anthenaise;2.4;23840
71088;La Chapelle-au-Mans;1.6;20410
61094;La Chapelle-au-Moine;2.2;23710
53057;La Chapelle-au-Riboul;2;19660
24106;La Chapelle-Aubareil;2.4;20810
88088;La Chapelle-aux-Bois;2.2;20100
19043;La Chapelle-aux-Brocs;2;23390
3057;La Chapelle-aux-Chasses;3.2;20630
72060;La Chapelle-aux-Choux;2;19920
35056;La Chapelle-aux-Filtzméens;3.6;22710
37056;La Chapelle-aux-Naux;4.2;23490
19044;La Chapelle-aux-Saints;2.8;20160
23050;La Chapelle-Baloue;1.3;17580
79070;La Chapelle-Bâton;2.5;23690
86055;La Chapelle-Bâton;4.1;19650
27146;La Chapelle-Bayvel;3.1;23590
43057;La Chapelle-Bertin;2.3;
79071;La Chapelle-Bertrand;2.7;23190
61095;La Chapelle-Biche;2.4;22770
22036;La Chapelle-Blanche;4.6;23320
73075;La Chapelle-Blanche;3.9;27980
37057;La Chapelle-Blanche-Saint-Martin;2.8;22940
35057;La Chapelle-Bouëxic;3.1;22910
50121;La Chapelle-Cécelin;2.6;23220
35058;La Chapelle-Chaussée;3.5;23890
53058;La Chapelle-Craonnaise;3.1;22780
74058;La Chapelle-d'Abondance;8.7;26840
15041;La Chapelle-d'Alagnon;3.9;22580
72061;La Chapelle-d'Aligné;2.7;22110
18047;La Chapelle-d'Angillon;2.7;21410
59143;La Chapelle-d'Armentières;7.1;23360
28074;La Chapelle-d'Aunainville;2.1;26490
43058;La Chapelle-d'Aurec;2.8;26060
71089;La Chapelle-de-Bragny;3.1;24730
35064;La Chapelle-de-Brain;1.7;20420
71090;La Chapelle-de-Guinchay;2.5;23600
38076;La Chapelle-de-la-Tour;3.1;25730
38077;La Chapelle-de-Surieu;1.7;24530
35059;La Chapelle-des-Fougeretz;3.9;25490
44030;La Chapelle-des-Marais;3.3;22270
17089;La Chapelle-des-Pots;4.4;22660
88089;La Chapelle-devant-Bruyères;4;21300
38078;La Chapelle-du-Bard;3.8;25000
72062;La Chapelle-du-Bois;1.7;22830
27147;La Chapelle-du-Bois-des-Faulx;1.4;26380
76170;La Chapelle-du-Bourgay;3.4;21870
1085;La Chapelle-du-Châtelard;2.8;26330
71091;La Chapelle-du-Mont-de-France;2.4;21740
73076;La Chapelle-du-Mont-du-Chat;0.7;26900
28075;La Chapelle-du-Noyer;2.6;23410
42050;La Chapelle-en-Lafaye;3.2;21350
60142;La Chapelle-en-Serval;3;28050
5064;La Chapelle-en-Valgaudémar;1.8;21110
26074;La Chapelle-en-Vercors;7.2;22520
95139;La Chapelle-en-Vexin;1.9;26710
41037;La Chapelle-Enchérie;1.6;23500
35061;La Chapelle-Erbrée;2.4;21840
24107;La Chapelle-Faucher;3.3;21470
51126;La Chapelle-Felcourt;0.8;
35062;La Chapelle-Fleurigné;2.1;21980
28076;La Chapelle-Forainvilliers;2.2;26720
28077;La Chapelle-Fortin;1.7;23700
27148;La Chapelle-Gauthier;1.6;20480
77086;La Chapelle-Gauthier;1.8;25220
43059;La Chapelle-Geneste;3.1;17560
44031;La Chapelle-Glain;2.1;19700
24108;La Chapelle-Gonaguet;2.5;24620
24109;La Chapelle-Grésignac;1.7;
27149;La Chapelle-Hareng;2.4;21790
85054;La Chapelle-Hermier;2.1;20870
44032;La Chapelle-Heulin;4.4;25180
18048;La Chapelle-Hugon;2.4;21250
72064;La Chapelle-Huon;1.4;21940
77087;La Chapelle-Iger;1.6;29010
77088;La Chapelle-la-Reine;2.2;24530
51127;La Chapelle-Lasson;1.2;
44033;La Chapelle-Launay;3.6;25340
15042;La Chapelle-Laurent;0.7;20420
70128;La Chapelle-lès-Luxeuil;3.4;20570
27554;La Chapelle-Longueville;3.4;25660
63087;La Chapelle-Marcousse;2;
24110;La Chapelle-Montabourlet;2.5;
87037;La Chapelle-Montbrandeix;2.5;18810
61097;La Chapelle-Montligeon;3;20720
18049;La Chapelle-Montlinard;1.4;23980
41038;La Chapelle-Montmartin;1.9;21620
24111;La Chapelle-Montmoreau;3;
86058;La Chapelle-Moulière;3.3;24850
77093;La Chapelle-Moutils;0.5;20800
71092;La Chapelle-Naude;1.7;19920
22037;La Chapelle-Neuve;2.3;18110
56039;La Chapelle-Neuve;2.4;21060
45074;La Chapelle-Onzerain;1.5;26340
36040;La Chapelle-Orthemale;2.3;
85055;La Chapelle-Palluau;2.5;22280
79074;La Chapelle-Pouilloux;3.1;19370
61098;La Chapelle-près-Sées;2.7;24430
77089;La Chapelle-Rablais;1.7;27110
53059;La Chapelle-Rainsouin;2.8;22060
74059;La Chapelle-Rambaud;2.2;27460
58058;La Chapelle-Saint-André;0.6;20070
35063;La Chapelle-Saint-Aubert;3.2;23380
72065;La Chapelle-Saint-Aubin;4.1;26530
72066;La Chapelle-Saint-Fray;2.5;24250
19045;La Chapelle-Saint-Géraud;3.7;19860
24113;La Chapelle-Saint-Jean;2.4;
49076;La Chapelle-Saint-Laud;1.6;22520
79076;La Chapelle-Saint-Laurent;2.9;21530
36041;La Chapelle-Saint-Laurian;1.4;19390
10081;La Chapelle-Saint-Luc;3.8;16420
23051;La Chapelle-Saint-Martial;3.5;
73078;La Chapelle-Saint-Martin;1.2;26190
41039;La Chapelle-Saint-Martin-en-Plaine;1.5;23400
74060;La Chapelle-Saint-Maurice;1;21910
45075;La Chapelle-Saint-Mesmin;4.8;23880
76171;La Chapelle-Saint-Ouen;2.6;22160
70129;La Chapelle-Saint-Quillain;5.3;22000
72067;La Chapelle-Saint-Rémy;2.5;21940
71093;La Chapelle-Saint-Sauveur;2.7;22910
45076;La Chapelle-Saint-Sépulcre;1.8;24340
77090;La Chapelle-Saint-Sulpice;2.4;25070
18050;La Chapelle-Saint-Ursin;2.4;25430
61099;La Chapelle-Souëf;2.3;22480
71094;La Chapelle-sous-Brancion;3.4;23800
71095;La Chapelle-sous-Dun;3;20600
51128;La Chapelle-sous-Orbais;2;
71096;La Chapelle-sous-Uchon;2.6;22240
45077;La Chapelle-sur-Aveyron;1.7;22270
2162;La Chapelle-sur-Chézy;2;23470
69042;La Chapelle-sur-Coise;2.8;25080
76172;La Chapelle-sur-Dun;3.3;26080
44035;La Chapelle-sur-Erdre;3.8;28210
39103;La Chapelle-sur-Furieuse;5.4;23820
37058;La Chapelle-sur-Loire;3.7;21700
89080;La Chapelle-sur-Oreuse;2.2;24990
63088;La Chapelle-sur-Usson;4.2;
23052;La Chapelle-Taillefert;2.4;23490
71097;La Chapelle-Thècle;1.1;21590
85056;La Chapelle-Thémer;1.7;21360
35065;La Chapelle-Thouarault;3.4;23720
50124;La Chapelle-Urée;2.4;20850
89081;La Chapelle-Vaupelteigne;2.1;
41040;La Chapelle-Vendômoise;1.7;25250
41041;La Chapelle-Vicomtesse;1.6;22500
61100;La Chapelle-Viel;2.5;23780
42051;La Chapelle-Villars;2;26280
18051;La Chapelotte;1.4;18900
26075;La Charce;4.5;
58059;La Charité-sur-Loire;1.6;21080
39110;La Charme;2.7;
71102;La Charmée;3.5;26840
72068;La Chartre-sur-le-Loir;2.9;20030
39112;La Chassagne;2.3;19270
85059;La Châtaigneraie;1.5;20080
39116;La Châtelaine;0.6;23480
36046;La Châtre;2.2;20310
36047;La Châtre-Langlin;2.5;19730
26090;La Chaudière;0.6;
63104;La Chaulme;3.5;21420
21159;La Chaume;1;18560
39126;La Chaumusse;3.3;29460
23059;La Chaussade;3.3;
76173;La Chaussée;3.7;24360
86069;La Chaussée;2.9;20240
28096;La Chaussée-d'Ivry;2.1;26030
41047;La Chaussée-Saint-Victor;3.2;24720
51141;La Chaussée-sur-Marne;2.4;23910
80187;La Chaussée-Tirancourt;4.4;24670
25139;La Chaux;1.7;27150
61104;La Chaux;3.2;
71121;La Chaux;2.6;19200
39131;La Chaux-du-Dombief;1.6;26290
39132;La Chaux-en-Bresse;3;
73082;La Chavanne;5.9;28570
80189;La Chavatte;4.3;
25148;La Chenalotte;3.1;38520
51147;La Cheppe;1.6;24470
44221;La Chevallerais;3;23770
25152;La Chevillotte;3.4;26190
16098;La Chèvrerie;3.7;24290
44041;La Chevrolière;2.6;24800
22039;La Chèze;2.8;19820
43072;La Chomette;4;19980
13028;La Ciotat;4.6;23580
71133;La Clayette;2.9;20680
17112;La Clisse;4.6;23100
17113;La Clotte;2.3;20510
74080;La Clusaz;6.2;27200
25157;La Cluse-et-Mijoux;3.8;31230
58080;La Collancelle;2.1;19450
6044;La Colle-sur-Loup;4.5;29030
50137;La Colombe;2.7;22430
38120;La Combe-de-Lancey;0.8;29540
71142;La Comelle;2.2;18010
73090;La Compôte;2.6;22050
62232;La Comté;3.2;23570
4062;La Condamine-Châtelard;1.7;21340
85072;La Copechagnière;2.6;22360
24133;La Coquille;4.1;19490
70172;La Corbière;3.6;21810
60209;La Corne-en-Vexin;1.3;24780
70178;La Côte;4.3;22000
74091;La Côte-d'Arbroz;4.9;24880
38130;La Côte-Saint-André;3.1;21420
42217;La Côte-Saint-Didier;1.3;18650
17121;La Couarde-sur-Mer;5.5;27760
26106;La Coucourde;2.6;21770
61124;La Coulonche;1.5;22250
45112;La Cour-Marigny;1.4;21700
93027;La Courneuve;3.1;15150
16113;La Couronne;3.6;21210
11108;La Courtète;1.6;
23067;La Courtine;1.7;21990
62252;La Couture;4.6;25300
85074;La Couture;2.8;20760
27183;La Couture-Boussey;2.3;23680
12082;La Couvertoirade;1.8;18850
35089;La Couyère;2;22730
83047;La Crau;5.2;25280
79048;La Crèche;4.3;25010
12086;La Cresse;1.6;23390
70186;La Creuse;1.8;
76193;La Crique;3;23550
27189;La Croisille;1.2;26320
87051;La Croisille-sur-Briance;3.6;20940
8135;La Croix-aux-Bois;6.9;19730
88120;La Croix-aux-Mines;2;20930
47075;La Croix-Blanche;2;25250
17137;La Croix-Comtesse;2.2;20020
73095;La Croix-de-la-Rochette;2.7;24500
28119;La Croix-du-Perche;1.5;22770
77147;La Croix-en-Brie;1.7;24860
51197;La Croix-en-Champagne;0.8;
37091;La Croix-en-Touraine;5.3;23940
56050;La Croix-Helléan;3.5;22700
87052;La Croix-sur-Gartempe;3.2;19330
2241;La Croix-sur-Ourcq;1.9;
6051;La Croix-sur-Roudoule;0.3;
83048;La Croix-Valmer;5.2;24010
53086;La Croixille;2.4;21200
53087;La Cropte;3.1;23730
63130;La Crouzille;5.7;19090
70203;La Demie;4.5;25190
97110;La Désirade;0;
13031;La Destrousse;4;26120
17457;La Devise;3.7;21620
11119;La Digne-d'Amont;2.9;22620
11120;La Digne-d'Aval;2.9;22620
35098;La Dominelais;3.6;22440
53093;La Dorée;2.4;18620
24153;La Dornac;1.4;23070
24156;La Douze;1.8;20340
60196;La Drenne;1.5;26020
48058;La Fage-Montivernoux;2;16750
48059;La Fage-Saint-Julien;4;21040
11135;La Fajolle;0;
78230;La Falaise;2.8;28620
80299;La Faloise;3.6;22700
5054;La Fare-en-Champsaur;6.2;20290
13037;La Fare-les-Oliviers;4.4;26620
83054;La Farlède;6.3;25000
5055;La Faurie;3.2;21370
39221;La Favière;3.1;
16136;La Faye;3.6;22020
2304;La Fère;1.9;16210
8167;La Férée;2.2;
58112;La Fermeté;3.4;23850
37106;La Ferrière;2.4;23320
85089;La Ferrière;3.6;23570
86097;La Ferrière-Airoux;3.2;20880
61162;La Ferrière-au-Doyen;2.9;23860
61163;La Ferrière-aux-Étangs;1.8;21240
61164;La Ferrière-Béchet;1.6;22460
61165;La Ferrière-Bochard;2.2;22600
79120;La Ferrière-en-Parthenay;3.2;20760
27240;La Ferrière-sur-Risle;1.5;20750
39223;La Ferté;5;22040
61168;La Ferté Macé;2.8;19820
91232;La Ferté-Alais;2.5;26470
41083;La Ferté-Beauharnais;2.5;22370
72132;La Ferté-Bernard;2.3;21120
2306;La Ferté-Chevresis;3.3;20600
61167;La Ferté-en-Ouche;2;21180
77182;La Ferté-Gaucher;1.4;19200
3114;La Ferté-Hauterive;2.3;23540
41084;La Ferté-Imbault;1.9;23450
89163;La Ferté-Loupière;1.2;20700
2307;La Ferté-Milon;2.4;22930
45146;La Ferté-Saint-Aubin;2.4;24050
41085;La Ferté-Saint-Cyr;2.6;23880
76261;La Ferté-Saint-Samson;3.5;22900
77183;La Ferté-sous-Jouarre;2.2;21220
8168;La Ferté-sur-Chiers;3;20200
28149;La Ferté-Vidame;2.2;20400
24179;La Feuillade;2;23840
29054;La Feuillée;0.7;18730
50182;La Feuillie;3.3;21530
76263;La Feuillie;2.4;22230
38166;La Flachère;3.4;26610
2312;La Flamengrie;3.3;21260
59232;La Flamengrie;2.7;25620
72154;La Flèche;3.5;21620
17161;La Flotte;4.1;25180
14272;La Folie;1.9;21120
14273;La Folletière-Abenon;2.3;22850
72135;La Fontaine-Saint-Martin;2.7;21960
76274;La Fontelaye;2.7;
41089;La Fontenelle;1.5;22980
11153;La Force;2.4;21240
24222;La Force;3.3;22110
74129;La Forclaz;0;23340
29056;La Forest-Landerneau;3.5;26610
51258;La Forestière;0.8;22940
16142;La Forêt-de-Tessé;1.8;20920
27256;La Forêt-du-Parc;2.2;24490
23084;La Forêt-du-Temple;2;20020
29057;La Forêt-Fouesnant;5;26860
91247;La Forêt-le-Roi;2.4;26860
91248;La Forêt-Sainte-Croix;2.4;24890
79123;La Forêt-sur-Sèvre;3.2;21200
88177;La Forge;3.4;23020
63161;La Forie;2.1;21300
38171;La Forteresse;2.3;23800
10157;La Fosse-Corduan;2.3;23550
12105;La Fouillade;3.3;20610
42097;La Fouillouse;5.2;26800
79127;La Foye-Monjault;1.9;23600
28159;La Framboisière;2.8;22850
8180;La Francheville;5.3;23660
39239;La Frasnée;2.6;
5059;La Freissinouse;5.4;24840
76281;La Frénaye;2.3;24930
61178;La Fresnaie-Fayel;2.2;
35116;La Fresnais;2.9;21560
38174;La Frette;3.9;23580
71206;La Frette;0.8;22350
95257;La Frette-sur-Seine;2.6;31130
56061;La Gacilly;3.4;22100
76294;La Gaillarde;3.7;21710
4092;La Garde;4.5;
38177;La Garde;4.2;
83062;La Garde;4.1;23560
26138;La Garde-Adhémar;3.6;26150
83063;La Garde-Freinet;1.8;20490
92035;La Garenne-Colombes;3.9;33090
85096;La Garnache;3.2;22810
85097;La Gaubretière;3.1;22910
28175;La Gaudaine;2.3;25330
6065;La Gaude;2.1;29390
71213;La Genête;1.8;20170
17173;La Genétouze;1.5;20650
85098;La Genétouze;3.2;23810
77202;La Genevraye;3.1;26640
52214;La Genevroye;2.1;
87070;La Geneytouse;3.4;25190
73123;La Giettaz;3.7;20570
42100;La Gimond;2.4;22910
50205;La Godefroy;2.7;23780
63169;La Godivelle;1.8;
61193;La Gonfrière;1.9;22550
59268;La Gorgue;4.6;21990
35122;La Gouesnière;4.3;23750
27289;La Goulafrière;2.1;20090
63170;La Goutelle;5.4;22040
30132;La Grand-Combe;3.1;15050
42103;La Grand-Croix;5;21280
88213;La Grande-Fosse;1.5;20250
34344;La Grande-Motte;4.2;23390
77210;La Grande-Paroisse;2.3;23940
70443;La Grande-Résie;3.4;
71223;La Grande-Verrière;1;21850
8199;La Grandville;2.2;23760
25290;La Grange;1.4;
5063;La Grave;7.1;19800
53108;La Gravelle;3.5;21610
56068;La Grée-Saint-Laurent;2.4;21300
42104;La Gresle;1;22640
17182;La Grève-sur-Mignon;2.8;22560
44224;La Grigonnais;3.4;22430
86108;La Grimaudière;3.5;20160
17184;La Gripperie-Saint-Symphorien;2.4;22110
59274;La Groise;3.7;20700
18107;La Groutte;1.9;24530
37114;La Guerche;2.5;19140
35125;La Guerche-de-Bretagne;2.9;21050
18108;La Guerche-sur-l'Aubois;2.4;21090
85106;La Guérinière;3.2;23390
71231;La Guiche;1.4;22090
72147;La Guierche;2.8;23810
3125;La Guillermie;0;14110
50041;La Hague;2.2;25370
44070;La Haie-Fouassière;3.7;26070
53111;La Haie-Traversaine;2.5;22340
76338;La Hallotière;2.2;21280
27313;La Harengère;2.5;25380
22073;La Harmoye;1.8;21700
5066;La Haute-Beaume;0;
77225;La Haute-Maison;2.2;26480
78302;La Hauteville;1.7;29790
50236;La Haye;2.5;21010
76352;La Haye;3.2;23000
88236;La Haye;1.2;19020
27317;La Haye-Aubrée;3.1;23760
50234;La Haye-Bellefond;1.8;
50235;La Haye-d'Ectot;1.3;23920
27318;La Haye-de-Calleville;3;22730
27319;La Haye-de-Routot;2.3;23120
27320;La Haye-du-Theil;3.8;23380
27321;La Haye-le-Comte;2.5;32150
27322;La Haye-Malherbe;2.5;25410
50237;La Haye-Pesnel;3.3;19720
27323;La Haye-Saint-Sylvestre;1.3;20820
60311;La Hérelle;4.2;21220
2378;La Hérie;2.7;20120
62434;La Herlière;2.4;25650
27336;La Heunière;2.5;27270
14332;La Hoguette;4.6;22610
8228;La Horgne;1.4;24570
14337;La Houblonnière;2.5;23100
27345;La Houssaye;1.3;23040
76369;La Houssaye-Béranger;4.7;24990
77229;La Houssaye-en-Brie;1.5;28440
88244;La Houssière;3.2;21120
60319;La Houssoye;1.6;22740
49161;La Jaille-Yvon;1.5;21470
17191;La Jard;5.2;22020
17193;La Jarne;6.5;25270
17194;La Jarrie;4.5;25210
17195;La Jarrie-Audouin;2.6;20830
85115;La Jaudonnière;2;21990
4097;La Javie;0.7;21710
24216;La Jemaye-Ponteyraud;1;19980
85116;La Jonchère;2.4;22000
87079;La Jonchère-Saint-Maurice;3.5;21980
17201;La Laigne;4.1;23990
49171;La Lande-Chasles;4.1;21580
50262;La Lande-d'Airou;2.3;21350
33219;La Lande-de-Fronsac;4.1;24990
61216;La Lande-de-Goult;1.3;20420
61217;La Lande-de-Lougé;3.1;
61218;La Lande-Patry;2.9;22310
27361;La Lande-Saint-Léger;3.3;25060
61219;La Lande-Saint-Siméon;1.9;21860
22097;La Landec;3.6;22870
70295;La Lanterne-et-les-Armonts;2.7;19880
39282;La Latette;2.8;
26157;La Laupie;4;24580
73187;La Léchère;3.5;21740
44083;La Limouzinière;2.9;22820
34141;La Livinière;2.4;18790
66098;La Llagonne;8.8;22850
62521;La Loge;2.9;20300
10200;La Loge-aux-Chèvres;3;
10201;La Loge-Pomblin;2.7;
76391;La Londe;3.1;27440
83071;La Londe-les-Maures;3.4;24260
70308;La Longine;1.3;16370
59357;La Longueville;3.6;22690
12131;La Loubière;3.2;26690
28214;La Loupe;2.6;19340
10208;La Louptière-Thénard;1.8;25130
11208;La Louvière-Lauragais;1.7;
39305;La Loye;3.7;23730
50281;La Lucerne-d'Outremer;3;21570
50283;La Luzerne;3.3;
58151;La Machine;2.2;19510
62535;La Madelaine-sous-Montreuil;6.1;27530
59368;La Madeleine;4.6;25270
61241;La Madeleine-Bouvet;2.5;22600
27378;La Madeleine-de-Nonancourt;1.7;24240
77267;La Madeleine-sur-Loing;2.3;25440
41121;La Madeleine-Villefrouin;1.7;
31311;La Magdelaine-sur-Tarn;2.8;22710
16197;La Magdeleine;2.5;21450
58154;La Maison-Dieu;3;20020
70326;La Malachère;3.4;24860
48088;La Malène;1.3;17570
22140;La Malhoure;2.8;23430
2454;La Malmaison;2.9;21430
28231;La Mancelière;2.4;23940
58155;La Marche;2.4;24570
44090;La Marne;3.2;22730
41127;La Marolle-en-Sologne;2.3;21950
39317;La Marre;1.6;22130
83074;La Martre;1.4;19310
29144;La Martyre;3.4;22790
57452;La Maxe;5.3;28690
23129;La Mazière-aux-Bons-Hommes;4;
50297;La Meauffe;2.2;22710
22144;La Méaugon;2.8;23090
85140;La Meilleraie-Tillay;1.7;21740
44095;La Meilleraye-de-Bretagne;1.5;21220
37151;La Membrolle-sur-Choisille;5;27100
49201;La Ménitré;3.5;22070
85142;La Merlatière;2.3;22560
61277;La Mesnière;4.4;24250
50327;La Meurdraquière;4;19210
87096;La Meyze;2.8;22090
35177;La Mézière;4;27620
72198;La Milesse;2.4;26140
83079;La Môle;2.4;25060
63231;La Monnerie-le-Montel;3.5;18510
15128;La Monselie;2.8;20730
44101;La Montagne;4;24140
70352;La Montagne;1.2;
38264;La Morte;0;23230
79184;La Mothe-Saint-Héray;2.1;20650
22155;La Motte;2;22590
83085;La Motte;2.7;23620
26215;La Motte-Chalancon;5.7;20150
84084;La Motte-d'Aigues;2.4;25520
38265;La Motte-d'Aveillans;3.7;22980
4134;La Motte-du-Caire;2.2;20990
73178;La Motte-en-Bauges;3.8;24960
5090;La Motte-en-Champsaur;4.7;20580
26217;La Motte-Fanjas;3.8;24060
36132;La Motte-Feuilly;3.2;
61295;La Motte-Fouquet;2;21820
71325;La Motte-Saint-Jean;2.1;23020
38266;La Motte-Saint-Martin;0.4;23680
73179;La Motte-Servolex;6.9;26440
21445;La Motte-Ternant;2.2;21790
10259;La Motte-Tilly;2.4;22810
50361;La Mouche;2.5;20400
69142;La Mulatière;8.4;22750
74193;La Muraz;2;33750
38269;La Mure;5;21210
4136;La Mure-Argens;3.4;23340
38270;La Murette;4.1;27910
27430;La Neuve-Grange;2.2;21600
27431;La Neuve-Lyre;1.1;18760
70385;La Neuvelle-lès-Lure;3.8;23740
70386;La Neuvelle-lès-Scey;2.7;22680
88322;La Neuveville-devant-Lépanges;3.9;23090
88324;La Neuveville-sous-Châtenois;4.5;22320
88325;La Neuveville-sous-Montfort;3.1;22030
59427;La Neuville;3.3;28610
8317;La Neuville-à-Maire;1.2;22210
51399;La Neuville-au-Pont;3;22740
51485;La Neuville-au-Temple;3.1;25550
51397;La Neuville-aux-Bois;0.9;21020
8318;La Neuville-aux-Joûtes;4.6;20660
51398;La Neuville-aux-Larris;3;25360
2545;La Neuville-Bosmont;3.6;20610
76464;La Neuville-Chant-d'Oisel;3.8;27350
27432;La Neuville-du-Bosc;2.8;23310
2546;La Neuville-en-Beine;2.5;23200
60454;La Neuville-en-Hez;3;26280
8320;La Neuville-en-Tourne-à-Fuy;3.8;24060
2547;La Neuville-Housset;1.8;
80593;La Neuville-lès-Bray;3.4;22380
2548;La Neuville-lès-Dorengt;4;19990
8323;La Neuville-lès-Wasigny;2.8;19590
60456;La Neuville-Roy;2.9;24700
60457;La Neuville-Saint-Pierre;2.9;24440
80595;La Neuville-Sire-Bernard;4.7;23110
45225;La Neuville-sur-Essonne;1.5;25380
60458;La Neuville-sur-Oudeuil;4.2;24910
60459;La Neuville-sur-Ressons;1.7;25390
60460;La Neuville-Vault;2.8;27520
58195;La Nocle-Maulaix;1.8;20430
35202;La Noë-Blanche;3;22130
27435;La Noë-Poulain;3;21850
91457;La Norville;1.6;28720
23144;La Nouaille;0.8;19470
35203;La Nouaye;2.9;25970
51407;La Noue;2.6;22940
42163;La Pacaudière;2.1;20260
53173;La Pallu;2.4;18770
11188;La Palme;3.4;21890
4144;La Palud-sur-Verdon;0;18290
48108;La Panouse;0.7;
49237;La Pellerine;3.6;18130
53177;La Pellerine;2.2;22110
6093;La Penne;0;20130
13070;La Penne-sur-Huveaune;5.7;24300
26229;La Penne-sur-l'Ouvèze;3.8;
18178;La Perche;1.9;20640
50395;La Pernelle;3;21070
36157;La Pérouille;2.3;22800
39413;La Pesse;4.6;24600
79207;La Petite-Boissière;1.9;21770
88345;La Petite-Fosse;1.4;
3206;La Petite-Marche;3.2;17890
67371;La Petite-Pierre;2.8;23690
88346;La Petite-Raon;2.5;19070
71349;La Petite-Verrière;0.6;
79208;La Peyratte;2.8;20770
5102;La Piarre;2.6;
38303;La Pierre;3.8;27470
70411;La Pisseure;2.6;
73150;La Plagne Tarentaise;3.6;23700
49240;La Plaine;3.5;21480
97406;La Plaine-des-Palmistes;2.8;16570
44126;La Plaine-sur-Mer;2.8;23640
44127;La Planche;2.8;22990
25459;La Planée;2.2;29580
11292;La Pomarède;3.7;22130
14510;La Pommeraye;2.9;
87120;La Porcherie;2.9;20110
2B246;La Porta;2.8;18980
52331;La Porte du Der;1.8;20860
97408;La Possession;5.5;20980
49247;La Possonnière;3;24480
89310;La Postolle;1.5;23560
76508;La Poterie-Cap-d'Antifer;1.9;25390
27475;La Poterie-Mathieu;3;22870
23157;La Pouge;2.4;
22255;La Prénessaye;2.2;21430
25470;La Prétière;3.9;22850
70425;La Proiselière-et-Langle;2.7;21660
28310;La Puisaye;2.8;22070
86202;La Puye;2.7;20240
27482;La Pyle;2.6;24760
70430;La Quarte;2.2;
94060;La Queue-en-Brie;2.7;25520
78513;La Queue-les-Yvelines;2.4;29530
72249;La Quinte;2;23770
85186;La Rabatelière;2.3;22310
71364;La Racineuse;1.8;20690
73213;La Ravoire;6.4;24520
11190;La Redorte;3;19520
44140;La Regrippière;1.4;22840
44141;La Remaudière;2.4;22620
76522;La Remuée;2.6;27260
63298;La Renaudie;0;18930
33352;La Réole;3.4;18000
85188;La Réorthe;2.4;21390
26020;La Répara-Auriples;3;22530
70444;La Résie-Saint-Martin;3.1;20680
47222;La Réunion;2.8;24170
42183;La Ricamarie;3.5;17020
35241;La Richardais;6.1;25390
37195;La Riche;5.6;21670
33356;La Rivière;3.6;21500
38338;La Rivière;1.4;25540
10321;La Rivière-de-Corps;3.6;25040
25493;La Rivière-Drugeon;1.9;27430
74223;La Rivière-Enverse;4.9;27240
14536;La Rivière-Saint-Sauveur;2.8;23480
39460;La Rixouse;1;26770
4167;La Robine-sur-Galabre;1.5;23480
56195;La Roche-Bernard;4.5;22000
44222;La Roche-Blanche;2.7;23460
63302;La Roche-Blanche;4;28510
19174;La Roche-Canillac;2.3;20860
24354;La Roche-Chalais;2.5;19500
37202;La Roche-Clermault;4.1;23240
26271;La Roche-de-Glun;2.6;24750
5122;La Roche-de-Rame;3.7;21660
5123;La Roche-des-Arnauds;4.4;23050
21525;La Roche-en-Brenil;3.1;20900
95523;La Roche-Guyon;1.9;25480
22264;La Roche-Jaudy;4.3;21260
87127;La Roche-l'Abeille;3.4;21420
61350;La Roche-Mabile;1.8;22820
29237;La Roche-Maurice;4.5;24340
70373;La Roche-Morey;0.5;20040
53136;La Roche-Neuville;2.6;23630
63306;La Roche-Noire;3.8;28530
86207;La Roche-Posay;2.8;21430
86079;La Roche-Rigault;3.2;21090
74224;La Roche-sur-Foron;2;28670
26277;La Roche-sur-Grane;2.8;20570
26278;La Roche-sur-le-Buis;3.4;20650
85191;La Roche-sur-Yon;3.8;22310
21528;La Roche-Vanneau;2.2;22270
71371;La Roche-Vineuse;3.6;27350
24353;La Rochebeaucourt-et-Argentine;2.2;21100
16281;La Rochefoucauld-en-Angoumois;3.6;21020
4169;La Rochegiron;2.1;
17300;La Rochelle;5.7;22200
70450;La Rochelle;1.4;
79229;La Rochénard;2.6;24540
21527;La Rochepot;2.2;25190
4170;La Rochette;0;
5124;La Rochette;4;22470
7195;La Rochette;0.4;
16282;La Rochette;2.9;22020
77389;La Rochette;1.9;27950
26279;La Rochette-du-Buis;3.8;
53191;La Roë;2.1;19460
8369;La Romagne;3;19230
49260;La Romagne;2.1;22750
70418;La Romaine;4.8;21220
32345;La Romieu;2;22670
17303;La Ronde;2.9;20830
84100;La Roque-Alric;1.5;
14541;La Roque-Baignard;1.9;
13084;La Roque-d'Anthéron;3.1;22940
6107;La Roque-en-Provence;7.7;
83109;La Roque-Esclapon;4.5;20580
24355;La Roque-Gageac;4.5;23030
12204;La Roque-Sainte-Marguerite;0;20250
30222;La Roque-sur-Cèze;3.3;24760
84101;La Roque-sur-Pernes;1.7;27330
83108;La Roquebrussanne;3.2;23460
27495;La Roquette;1.1;23850
6108;La Roquette-sur-Siagne;2.8;27510
6109;La Roquette-sur-Var;3.7;23460
33360;La Roquille;3.5;20250
70453;La Rosière;1.2;
10327;La Rothière;2.7;22670
53192;La Rouaudière;2.2;20430
12205;La Rouquette;2.8;22590
30224;La Rouvière;3.5;23140
60559;La Rue-Saint-Pierre;3.3;25130
76547;La Rue-Saint-Pierre;4.5;25500
8374;La Sabotterie;3.2;18580
38469;La Salette-Fallavaux;5.7;
71494;La Salle;3;24780
88438;La Salle;2.7;21190
38470;La Salle-en-Beaumont;1.3;22110
5161;La Salle-les-Alpes;7.3;21500
82176;La Salvetat-Belmontet;1.9;23340
31527;La Salvetat-Lauragais;2;25540
12258;La Salvetat-Peyralès;3.3;18960
31526;La Salvetat-Saint-Gilles;4.5;26820
34293;La Salvetat-sur-Agout;4;20480
28368;La Saucelle;3.1;22230
5162;La Saulce;3.4;22060
10367;La Saulsotte;2;23310
23169;La Saunière;2.8;23770
27616;La Saussaye;2.3;26290
33505;La Sauve;3.7;22210
32417;La Sauvetat;2;20150
63413;La Sauvetat;6;25760
47289;La Sauvetat-de-Savères;1.8;22630
47290;La Sauvetat-du-Dropt;3.1;18920
47291;La Sauvetat-sur-Lède;2;21830
81279;La Sauzière-Saint-Jean;2.9;19450
43236;La Séauve-sur-Semène;3.8;23110
15224;La Ségalassière;3.7;22240
49332;La Séguinière;4.1;24570
53258;La Selle-Craonnaise;3.5;20740
45306;La Selle-en-Hermoy;1.5;24290
35324;La Selle-en-Luitré;2.1;22620
35325;La Selle-Guerchaise;2.6;22070
61466;La Selle-la-Forge;2.6;22440
45307;La Selle-sur-le-Bied;0.9;23190
2705;La Selve;2.6;20440
12267;La Selve;2.3;19640
59564;La Sentinelle;8.6;18690
11376;La Serpent;2.2;
12269;La Serre;3;19910
23172;La Serre-Bussière-Vieille;1.3;18330
83126;La Seyne-sur-Mer;4;21400
25550;La Sommette;3.6;23470
38495;La Sône;4;21560
7315;La Souche;2.1;20630
23176;La Souterraine;3.7;20300
38407;La Sure en Chartreuse;3.5;29060
72346;La Suze-sur-Sarthe;2.1;22800
73289;La Table;1.2;23680
16377;La Tâche;3.4;19200
71531;La Tagnière;2.2;19290
85286;La Taillée;2.3;21710
42305;La Talaudière;3.7;23700
38503;La Terrasse;3.9;28580
42308;La Terrasse-sur-Dorlay;1.3;23310
49343;La Tessoualle;2.8;24610
33529;La Teste-de-Buch;5.6;24540
62813;La Thieuloye;3.2;23470
73294;La Thuile;0.5;25460
48191;La Tieule;3.2;
77467;La Tombe;1.8;23360
26352;La Touche;1.7;21640
6144;La Tour;0;21370
74284;La Tour;2.6;29600
24554;La Tour-Blanche-Cercles;2.2;21210
84133;La Tour-d'Aigues;3.8;24370
63192;La Tour-d'Auvergne;4;20540
69250;La Tour-de-Salvagny;5.1;33530
25566;La Tour-de-Sçay;3.9;24770
9312;La Tour-du-Crieu;5.1;22710
39534;La Tour-du-Meix;4.3;24590
38509;La Tour-du-Pin;4.3;19150
42311;La Tour-en-Jarez;3.7;30650
73135;La Tour-en-Maurienne;5;25150
37260;La Tour-Saint-Gelin;2.6;21000
34312;La Tour-sur-Orb;3.8;21430
42312;La Tourette;3;24260
11391;La Tourette-Cabardès;1.6;
85294;La Tranche-sur-Mer;3.5;24620
1425;La Tranclière;2.4;25050
17452;La Tremblade;2.9;23170
77472;La Trétoire;0.9;24990
86273;La Trimouille;2.6;19580
15241;La Trinitat;2.2;
6149;La Trinité;4.7;22350
27659;La Trinité;2.9;31250
50607;La Trinité;2.4;22590
73302;La Trinité;2.8;25020
97230;La Trinité;3.3;19690
27660;La Trinité-de-Réville;1.1;22300
27661;La Trinité-de-Thouberville;2.9;28750
61493;La Trinité-des-Laitiers;2.6;
76712;La Trinité-du-Mont;2.1;23570
56257;La Trinité-Porhoët;2.2;19430
56258;La Trinité-sur-Mer;3.8;29180
56259;La Trinité-Surzur;5.5;23010
38516;La Tronche;6.4;30000
71549;La Truchère;2.9;21760
42314;La Tuilière;1.6;19980
44211;La Turballe;3.2;25070
6150;La Turbie;4.6;29600
88485;La Vacheresse-et-la-Rouillie;2;23290
27666;La Vacherie;1.7;25190
34317;La Vacquerie-et-Saint-Martin-de-Castries;0.3;18230
70512;La Vaivre;3.6;19480
38521;La Valette;1.7;
83144;La Valette-du-Var;5;23810
42322;La Valla-en-Gier;0.5;23150
42321;La Valla-sur-Rochefort;0;
17455;La Vallée;2.5;22690
2759;La Vallée-au-Blé;2.5;18530
2760;La Vallée-Mulâtre;2.5;18650
67505;La Vancelle;1.2;30230
76728;La Vaupalière;5.5;26730
50624;La Vendelée;4.5;22580
10402;La Vendue-Mignot;1.3;24430
61500;La Ventrouze;2.3;22650
83146;La Verdière;2;22230
70544;La Vergenne;3.3;21830
17465;La Vergne;3.1;21910
30345;La Vernarède;3.4;18680
74295;La Vernaz;1.5;24720
36233;La Vernelle;2.6;20590
70549;La Vernotte;3.9;
38537;La Verpillière;4.8;22960
78644;La Verrière;3.3;19450
42329;La Versanne;2.1;22460
14740;La Vespière-Friardel;2.1;20630
51617;La Veuve;4.3;26140
25611;La Vèze;7;25750
80792;La Vicogne;5.2;26110
22385;La Vicomté-sur-Rance;3.8;23520
39559;La Vieille-Loye;2.7;23680
27685;La Vieille-Lyre;1.1;22220
76740;La Vieux-Rue;3;26560
10411;La Ville-aux-Bois;2;
2802;La Ville-aux-Bois-lès-Dizy;2.8;20210
2803;La Ville-aux-Bois-lès-Pontavert;3.2;24920
41275;La Ville-aux-Clercs;1.5;21330
37273;La Ville-aux-Dames;3.4;23250
82096;La Ville-Dieu-du-Temple;2.7;20900
91665;La Ville-du-Bois;2.7;27390
35358;La Ville-ès-Nonais;5.2;24220
51639;La Ville-sous-Orbais;0.5;
17471;La Villedieu;2.7;19980
23264;La Villedieu;7.1;
86290;La Villedieu-du-Clain;3.9;22750
70555;La Villedieu-en-Fontenette;2.2;20340
23265;La Villeneuve;3.6;
10421;La Villeneuve-au-Châtelot;1.9;21720
10423;La Villeneuve-au-Chêne;2.2;23440
70558;La Villeneuve-Bellenoye-et-la-Maize;2.5;21220
78668;La Villeneuve-en-Chevrie;2.3;26970
51626;La Villeneuve-lès-Charleville;2.6;24690
21695;La Villeneuve-les-Convers;2.3;
60679;La Villeneuve-sous-Thury;1.4;25810
23266;La Villetelle;3.2;17290
14756;La Villette;3.6;21360
71582;La Vineuse sur Fregande;3.5;22090
88029;La Vôge-les-Bains;2.4;19550
70573;La Voivre;3.8;20990
88519;La Voivre;6.2;24970
7349;La Voulte-sur-Rhône;2.6;19910
56261;La Vraie-Croix;3.3;22780
67519;La Wantzenau;3;30220
64286;Laà-Mondrans;2.4;24870
32167;Laas;4.2;20030
45177;Laas;1.6;23490
64287;Laàs;2.7;22130
1200;Labalme;1.2;23480
33211;Labarde;3.7;24220
68173;Labaroche;2.6;27610
32169;Labarthe;5.3;24450
82077;Labarthe;1.9;18950
81111;Labarthe-Bleys;2.9;
31246;Labarthe-Inard;2.8;21970
31247;Labarthe-Rivière;3.9;23030
31248;Labarthe-sur-Lèze;5.3;24260
32170;Labarthète;1.4;23350
65238;Labassère;3.9;21200
65239;Labastide;2.7;20320
31249;Labastide-Beauvoir;3.9;25880
47121;Labastide-Castel-Amouroux;2.7;20360
64288;Labastide-Cézéracq;3.9;23900
40130;Labastide-Chalosse;3.2;21120
31250;Labastide-Clermont;2.4;22950
11178;Labastide-d'Anjou;4.1;22110
40131;Labastide-d'Armagnac;2.7;21060
81112;Labastide-de-Lévis;1.6;23550
82078;Labastide-de-Penne;2.5;20770
7113;Labastide-de-Virac;2.6;23080
46135;Labastide-du-Haut-Mont;0.3;
82080;Labastide-du-Temple;1.8;21490
46136;Labastide-du-Vert;3;21720
11179;Labastide-en-Val;3.8;
11180;Labastide-Esparbairenque;0;
81114;Labastide-Gabausse;2.8;24090
46137;Labastide-Marnhac;2.3;24660
64290;Labastide-Monréjeau;2.5;24750
31251;Labastide-Paumès;0.8;19620
81115;Labastide-Rouairoux;4.3;17620
81116;Labastide-Saint-Georges;2.6;24120
82079;Labastide-Saint-Pierre;4.1;21240
31252;Labastide-Saint-Sernin;3.1;27030
32171;Labastide-Savès;4.7;25570
7112;Labastide-sur-Bésorgues;1.4;20360
64291;Labastide-Villefranche;3.3;18250
31253;Labastidette;3.8;24760
46139;Labathude;1.9;23040
7114;Labatie-d'Andaure;1;17160
64292;Labatmale;3.7;23050
9147;Labatut;2.2;23180
40132;Labatut;3.9;21320
64293;Labatut-Figuières;2.2;19290
65240;Labatut-Rivière;2.5;20550
95328;Labbeville;1.7;27790
7115;Labeaume;3.1;25090
11181;Labécède-Lauragais;1.9;21730
31254;Labège;6.1;26350
7116;Labégude;4.6;18390
32172;Labéjan;2.8;23520
40133;Labenne;6.2;24600
21330;Labergement-Foigney;1.9;25450
21331;Labergement-lès-Auxonne;2.8;23300
21332;Labergement-lès-Seurre;2.8;22860
25320;Labergement-Sainte-Marie;3;36220
60329;Laberlière;1.9;20810
33212;Labescau;5.2;21880
15084;Labesserette;5.2;20690
63183;Labessette;2.6;
81117;Labessière-Candeil;2.1;22450
64294;Labets-Biscay;2.9;20370
55265;Labeuville;2.4;22610
62479;Labeuvrière;3.7;22880
64295;Labeyrie;2.4;23200
7117;Lablachère;5;21130
80453;Laboissière-en-Santerre;3.4;22840
60330;Laboissière-en-Thelle;1.5;25310
65241;Laborde;0.9;
26153;Laborel;0;
60331;Labosse;1.3;25740
40134;Labouheyre;3.2;19870
81118;Laboulbène;4;25400
7118;Laboule;0;18780
82081;Labourgade;2.4;21010
62480;Labourse;3.6;22080
81119;Laboutarie;3.8;20890
47122;Labretonie;0.5;25070
32173;Labrihe;2.5;23720
40135;Labrit;4.9;21510
31255;Labroquère;2.8;22270
15085;Labrousse;0.8;21760
62481;Labroye;2.7;20970
81120;Labruguière;3;21070
21333;Labruyère;3;22200
60332;Labruyère;2.2;26030
31256;Labruyère-Dorsa;4.3;28110
54286;Labry;3.6;23940
46140;Laburgade;3.7;23850
39271;Lac-des-Rouges-Truites;3.6;30730
81121;Lacabarède;3.8;18140
64296;Lacadée;3;23950
40136;Lacajunte;4.7;19940
33214;Lacanau;6;25500
21334;Lacanche;5.4;20430
15086;Lacapelle-Barrès;0;
47123;Lacapelle-Biron;3.4;20090
46142;Lacapelle-Cabanac;2;22410
15087;Lacapelle-del-Fraisse;5;21760
81085;Lacapelle-Escroux;1.6;
82082;Lacapelle-Livron;3.5;19330
46143;Lacapelle-Marival;3.1;21620
81122;Lacapelle-Pinet;2.4;
81123;Lacapelle-Ségalar;2.2;
15088;Lacapelle-Viescamp;2.9;23450
64297;Lacarre;4;20510
64298;Lacarry-Arhan-Charritte-de-Haut;2.2;22130
65242;Lacassagne;3.4;22310
31258;Lacaugne;3.5;23740
81124;Lacaune;2.5;21900
47124;Lacaussade;1.7;20250
9148;Lacave;2;25540
46144;Lacave;1.5;21260
81125;Lacaze;2.9;17220
19095;Lacelle;3.3;15990
69105;Lacenas;4;27670
47125;Lacépède;2.4;24100
16176;Lachaise;2.6;21440
55266;Lachalade;3.1;
57373;Lachambre;3.6;25430
7120;Lachamp-Raphaël;2.2;
48126;Lachamp-Ribennes;1.4;20480
47126;Lachapelle;2.5;
54287;Lachapelle;1.9;24820
80455;Lachapelle;3;
82083;Lachapelle;3.2;20180
60333;Lachapelle-aux-Pots;1.7;22550
46145;Lachapelle-Auzac;4.2;21380
52254;Lachapelle-en-Blaisy;1.8;
7121;Lachapelle-Graillouse;3;20350
60334;Lachapelle-Saint-Pierre;1.4;26370
7122;Lachapelle-sous-Aubenas;3.4;22960
7123;Lachapelle-sous-Chanéac;3.1;19780
90057;Lachapelle-sous-Chaux;3.8;26840
60335;Lachapelle-sous-Gerberoy;2.7;23990
90058;Lachapelle-sous-Rougemont;3.3;24220
69106;Lachassagne;4.4;32050
26154;Lachau;1;18860
55267;Lachaussée;2;23800
60336;Lachaussée-du-Bois-d'Écu;3.2;26120
63184;Lachaux;0.2;20650
60337;Lachelle;3.5;28890
51313;Lachy;2.8;25170
90059;Lacollonge;3.1;26650
11182;Lacombe;2.9;19740
64299;Lacommande;2.5;23660
34124;Lacoste;3;24910
84058;Lacoste;2.9;21390
81126;Lacougotte-Cadoul;2.7;24360
82084;Lacour;1.6;22010
21335;Lacour-d'Arcenay;3;22180
9149;Lacourt;5;18670
82085;Lacourt-Saint-Pierre;3.8;22880
64300;Lacq;4.5;24060
40137;Lacquy;4.3;22780
40138;Lacrabe;3.1;22470
62483;Lacres;2.8;24470
81127;Lacroisille;1;21740
12118;Lacroix-Barrez;2.7;20330
31259;Lacroix-Falgarde;4.2;31270
60338;Lacroix-Saint-Ouen;3.1;25660
55268;Lacroix-sur-Meuse;3.2;23170
24220;Lacropte;2.9;21140
71248;Lacrost;3;24290
81128;Lacrouzette;0.3;21740
36091;Lacs;2.5;23030
23102;Ladapeyre;3.4;17600
33215;Ladaux;3.3;21380
11183;Ladern-sur-Lauquet;1.2;22170
32174;Ladevèze-Rivière;3.4;21110
32175;Ladevèze-Ville;2.8;22350
87082;Ladignac-le-Long;2.8;19230
19096;Ladignac-sur-Rondelles;2.3;23630
15089;Ladinhac;3.8;19530
46146;Ladirat;0.6;
16177;Ladiville;2.5;25690
21606;Ladoix-Serrigny;3.5;26400
45178;Ladon;1.4;21430
33216;Lados;4;21000
39272;Ladoye-sur-Seille;1.4;
11184;Lafage;2.2;
19097;Lafage-sur-Sombre;5.5;21030
84059;Lafare;1.2;23640
7124;Lafarre;0.7;
43109;Lafarre;0.8;
23103;Lafat;1.5;19360
52256;Lafauche;2.3;
3134;Laféline;2.2;22420
52257;Laferté-sur-Amance;2.1;16720
52258;Laferté-sur-Aube;1.9;20420
15090;Lafeuillade-en-Vézie;3.6;21800
2400;Laffaux;2.8;20710
31260;Laffite-Toupière;3.3;
38203;Laffrey;2.8;23950
65243;Lafitole;3.7;21110
82086;Lafitte;2.9;21270
47127;Lafitte-sur-Lot;3;18630
31261;Lafitte-Vigordane;5.5;25180
47128;Lafox;3.3;23590
82087;Lafrançaise;1.9;21300
60339;Lafraye;1.2;25610
80456;Lafresguimont-Saint-Martin;4.4;23470
57374;Lafrimbolle;2.4;21820
34125;Lagamas;5.2;24950
9150;Lagarde;2.6;19070
31262;Lagarde;4.8;24870
32176;Lagarde;2.5;23920
57375;Lagarde;0.8;20690
65244;Lagarde;3;22690
84060;Lagarde-d'Apt;1.3;
32177;Lagarde-Hachan;3;22260
19098;Lagarde-Marc-la-Tour;2.4;22510
84061;Lagarde-Paréol;2.7;26170
16178;Lagarde-sur-le-Né;2;23090
46147;Lagardelle;2.9;22280
31263;Lagardelle-sur-Lèze;4.6;24980
32178;Lagardère;4.2;
81129;Lagardiolle;3.9;19460
47129;Lagarrigue;3.1;23600
81130;Lagarrigue;3.1;22790
79145;Lageon;3;19190
51314;Lagery;2.3;24670
10185;Lagesse;1.7;20310
19099;Lagleygeolle;3.7;23170
40139;Laglorieuse;4.1;24900
84062;Lagnes;3.4;24550
54288;Lagney;2.9;24590
62484;Lagnicourt-Marcel;2.8;22210
1202;Lagnieu;2.6;23820
60340;Lagny;3;23120
60341;Lagny-le-Sec;2.9;28450
77243;Lagny-sur-Marne;2.7;25220
64301;Lagor;3.4;23220
7126;Lagorce;3.4;20960
33218;Lagorce;2.7;21230
17200;Lagord;6.7;27680
64302;Lagos;5.6;23070
31264;Lagrâce-Dieu;3.8;24330
40140;Lagrange;1.8;19240
65245;Lagrange;3.1;24010
90060;Lagrange;5.6;25090
11185;Lagrasse;6.9;18810
32180;Lagraulet-du-Gers;3;20680
31265;Lagraulet-Saint-Nicolas;1.2;22000
19100;Lagraulière;3;23190
81131;Lagrave;3.9;24610
47130;Lagruère;2.6;19850
19101;Laguenne-sur-Avalouze;3.3;21700
82088;Laguépie;3.4;19150
32181;Laguian-Mazous;3.1;20980
64303;Laguinge-Restoue;3.8;22570
12119;Laguiole;3.7;22730
47131;Lagupie;3.5;24110
31266;Lahage;3.1;25280
32182;Lahas;4.7;23090
55269;Lahaymeix;4.5;
55270;Lahayville;2.5;
55271;Laheycourt;3.3;23060
31267;Lahitère;2.5;
32183;Lahitte;3.5;27190
65248;Lahitte-Toupière;3.4;21990
64304;Lahonce;4.7;24990
64305;Lahontan;3.7;21950
40141;Lahosse;2.4;21730
64306;Lahourcade;3.8;25390
80458;Lahoussoye;4.5;25860
8242;Laifour;2.1;20490
72155;Laigné-Saint-Gervais;2.2;23560
35138;Laignelet;1.6;23920
21336;Laignes;2.9;21120
60342;Laigneville;3.4;22640
2401;Laigny;2.4;22620
35139;Laillé;3.5;26950
89214;Lailly;1.5;22020
45179;Lailly-en-Val;2.9;24060
55272;Laimont;5.1;24520
89215;Lain;2.6;20550
10186;Laines-aux-Bois;1.8;27090
89216;Lainsecq;2.7;19700
78329;Lainville-en-Vexin;1.6;28260
25322;Laire;3.1;27980
62485;Laires;2.6;20310
11186;Lairière;0;
85117;Lairoux;2.6;22640
12120;Laissac-Sévérac l'Église;3.8;21860
73141;Laissaud;3.4;26500
25323;Laissey;4.3;20930
54289;Laître-sous-Amance;3.6;27840
71249;Laives;2.6;24520
54290;Laix;3;24040
1203;Laiz;2.9;24820
71250;Laizé;3.3;26140
14349;Laize-Clinchamps;3.5;25140
71251;Laizy;4.4;23420
48079;Lajo;0.8;18810
39274;Lajoux;2;30750
61213;Lalacelle;3.1;23480
89217;Lalande;2.3;24740
33222;Lalande-de-Pomerol;4.7;24080
60343;Lalande-en-Son;1.5;22640
60344;Lalandelle;0.9;22700
47132;Lalandusse;2.4;22360
32184;Lalanne;3.3;22520
65249;Lalanne;4.1;
32185;Lalanne-Arqué;3.6;21180
65250;Lalanne-Trie;4;23220
67255;Lalaye;2.9;24660
46148;Lalbenque;3.1;23200
61215;Laleu;3.9;22100
80459;Laleu;3.5;
7127;Lalevade-d'Ardèche;4.4;18260
71252;Lalheue;2.6;24140
24223;Lalinde;2.6;21750
3135;Lalizolle;1.9;18680
59327;Lallaing;4.3;18880
35140;Lalleu;1.5;20940
38204;Lalley;3.7;22420
8243;Lalobbe;3.2;20220
54291;Lalœuf;3.6;23930
64307;Lalongue;2.1;21410
64308;Lalonquette;2.5;22070
65251;Laloubère;4.5;24580
31268;Lalouret-Laffiteau;1.5;22630
7128;Lalouvesc;3.6;20310
40142;Laluque;2.3;21220
2B136;Lama;0;24250
90061;Lamadeleine-Val-des-Anges;1.3;
46149;Lamagdelaine;2.6;24810
82089;Lamagistère;3.5;20150
32186;Lamaguère;3.1;
3136;Lamaids;1.7;20210
34126;Lamalou-les-Bains;4.9;21110
52260;Lamancine;4.6;23010
66091;Lamanère;0;
13049;Lamanon;4.5;26340
88258;Lamarche;3.4;19680
21337;Lamarche-sur-Saône;1.6;21870
21338;Lamargelle;1.3;24390
80460;Lamaronde;4;
33220;Lamarque;4.1;21900
65252;Lamarque-Pontacq;3.6;23000
65253;Lamarque-Rustaing;2.3;
31269;Lamasquère;4;25620
7129;Lamastre;3.1;19750
54292;Lamath;4.5;23680
64309;Lamayou;2.8;24900
32187;Lamazère;2.3;20380
19102;Lamazière-Basse;1.5;19090
19103;Lamazière-Haute;2.5;
57376;Lambach;2.3;22440
22093;Lamballe-Armor;2.9;23510
59328;Lambersart;5.9;28160
50261;Lamberville;1.9;21570
76379;Lamberville;4.1;20740
13050;Lambesc;4.2;26100
28202;Lamblore;2.3;22340
62486;Lambres;4;21570
59329;Lambres-lez-Douai;3.3;22820
70293;Lambrey;3.5;
4099;Lambruisse;0.8;19760
65254;Laméac;2.5;18470
60345;Lamécourt;1.7;24830
30137;Lamelouze;0.1;18120
58137;Lamenay-sur-Loire;0.8;
97115;Lamentin;3.7;
8244;Lametz;3.5;
81133;Lamillarié;3.1;24160
76380;Lammerville;3.9;24670
72156;Lamnay;2.5;21670
19104;Lamongerie;2.2;23370
81134;Lamontélarié;2.2;
63185;Lamontgie;5.4;21050
47133;Lamontjoie;1.6;22540
24224;Lamonzie-Montastruc;2.2;22900
24225;Lamonzie-Saint-Martin;3.3;21290
60346;Lamorlaye;3;33380
55274;Lamorville;3.6;21870
40143;Lamothe;1.7;21830
43110;Lamothe;3.7;22920
82090;Lamothe-Capdeville;3.3;23030
46151;Lamothe-Cassel;1.8;20760
82091;Lamothe-Cumont;6.3;23590
46152;Lamothe-Fénelon;4.1;20870
32188;Lamothe-Goas;3.3;
33221;Lamothe-Landerron;3.7;19290
24226;Lamothe-Montravel;3;21010
41106;Lamotte-Beuvron;3.7;22410
80461;Lamotte-Brebière;5.9;25400
80462;Lamotte-Buleux;5.4;23310
84063;Lamotte-du-Rhône;3.1;24600
80463;Lamotte-Warfusée;5.1;23640
55275;Lamouilly;3.2;
39275;Lamoura;3;32500
29097;Lampaul-Guimiliau;4;22710
29098;Lampaul-Plouarzel;2.8;24270
29099;Lampaul-Ploudalmézeau;3.6;25050
67256;Lampertheim;4.7;29820
67257;Lampertsloch;4.1;26090
69107;Lamure-sur-Azergues;2.3;23260
25324;Lanans;0.5;23900
7130;Lanarce;1.7;22850
29100;Lanarvily;4;25210
7131;Lanas;3;21190
41107;Lancé;2.3;23960
80464;Lanchères;3.3;21330
80466;Lanches-Saint-Hilaire;1.1;23260
2402;Lanchy;1.3;
69108;Lancié;2.7;24230
22094;Lancieux;3.2;27430
41108;Lancôme;2;24240
8245;Lançon;2.7;
65255;Lançon;3.9;
13051;Lançon-Provence;4.5;26720
57377;Landange;3.7;22340
59330;Landas;5.3;27410
56096;Landaul;4.6;22470
88259;Landaville;3.7;21070
35141;Landavran;3.2;24000
35142;Landéan;1.3;21380
22095;Landebaëron;2.4;22090
22096;Landébia;1.9;20380
54293;Landécourt;2.5;
29101;Landéda;1.8;26170
22098;Landéhen;3.4;23370
29102;Landeleau;3.4;20460
28203;Landelles;2.1;25040
14352;Landelles-et-Coupigny;2.4;20550
29103;Landerneau;4.3;23300
85118;Landeronde;2.7;23900
33223;Landerrouat;3.6;20480
33224;Landerrouet-sur-Ségur;2.9;
67258;Landersheim;4;25310
17202;Landes;2.9;20460
41109;Landes-le-Gaulois;1.6;24680
14353;Landes-sur-Ajon;3.3;23460
76381;Landes-Vieilles-et-Neuves;1.4;21930
56097;Landévant;3.5;22870
29104;Landévennec;0.7;21970
85120;Landevieille;2.5;22640
15091;Landeyrat;2.4;
2403;Landifay-et-Bertaignemont;4.6;18960
61221;Landigou;2;22010
33225;Landiras;3.3;23040
61222;Landisacq;3.4;22760
29105;Landivisiau;4.4;21800
53125;Landivy;2.5;20680
63186;Landogne;2.7;20620
31270;Landorthe;2.3;25120
43111;Landos;2.7;19420
2404;Landouzy-la-Cour;2.8;22660
2405;Landouzy-la-Ville;3.1;21980
17203;Landrais;3.7;23610
59331;Landrecies;3.2;18240
55276;Landrecourt-Lempire;4.7;22450
54294;Landremont;3.5;26550
54295;Landres;3.8;22010
8246;Landres-et-Saint-Georges;5.4;
25325;Landresse;1.1;23320
62487;Landrethun-le-Nord;4.2;21130
62488;Landrethun-lès-Ardres;1.3;21870
29106;Landrévarzec;4;23330
10187;Landreville;2.5;24830
8247;Landrichamps;1.6;21860
2406;Landricourt;2;24000
51315;Landricourt;1.9;23710
57379;Landroff;3.3;21230
73142;Landry;5.9;22650
68174;Landser;1.6;27860
29107;Landudal;3;22770
29108;Landudec;3.8;21840
35143;Landujan;3.6;22880
29109;Landunvez;2.8;25730
65256;Lanespède;1.9;21690
56098;Lanester;5.4;21330
11187;Lanet;0;
52264;Laneuvelle;1.9;
54296;Laneuvelotte;3.7;26500
54297;Laneuveville-aux-Bois;2.1;21580
54298;Laneuveville-derrière-Foug;1.9;21140
54299;Laneuveville-devant-Bayon;5.4;23290
54300;Laneuveville-devant-Nancy;4.4;23200
57381;Laneuveville-en-Saulnois;5;21820
57380;Laneuveville-lès-Lorquin;2.4;25500
52266;Laneuville-à-Rémy;2.4;
52267;Laneuville-au-Pont;2.3;24070
55278;Laneuville-au-Rupt;4.1;23310
55279;Laneuville-sur-Meuse;2.9;19810
22099;Lanfains;1.9;21930
54301;Lanfroicourt;5.8;28850
35144;Langan;3.4;22890
57382;Langatte;2.3;23730
36092;Langé;2;20280
43112;Langeac;3.7;20720
37123;Langeais;4.7;22380
67259;Langensoultzbach;2.3;24050
58138;Langeron;2.9;22680
45180;Langesse;1.6;
30138;Langlade;3.3;27220
88260;Langley;3;24900
22101;Langoat;4.3;22110
56099;Langoëlan;2.7;16680
48080;Langogne;3.2;21170
33226;Langoiran;4.1;22960
29110;Langolen;2.3;23230
33227;Langon;6.1;20390
35145;Langon;1.3;20490
41110;Langon-sur-Cher;2.1;22940
56100;Langonnet;3.1;20190
35146;Langouet;3.7;23410
52269;Langres;3.7;20740
22103;Langrolay-sur-Rance;4.1;25400
14354;Langrune-sur-Mer;3.8;25310
22104;Languédias;2.9;20520
22105;Languenan;4.4;21460
22106;Langueux;4.8;24170
80465;Languevoisin-Quiquery;3.4;22360
56101;Languidic;3.7;23100
57383;Languimberg;0.9;24070
3137;Langy;2.3;22900
55280;Lanhères;2;
29111;Lanhouarneau;3.1;21030
29112;Lanildut;3.4;25910
57384;Laning;2.5;23730
2407;Laniscourt;3.3;24570
22108;Lanleff;3.2;23430
22109;Lanloup;2.6;22780
22110;Lanmérin;3.7;21130
29113;Lanmeur;3.9;22720
22111;Lanmodez;1.3;22330
65257;Lanne;2.6;24540
64310;Lanne-en-Barétous;6;19530
32191;Lanne-Soubiran;5;19620
29114;Lannéanou;2.3;20380
22112;Lannebert;2.7;20390
64311;Lannecaube;1;21390
29115;Lannédern;1.2;18760
32189;Lannemaignan;2.8;20090
65258;Lannemezan;3.4;20400
32190;Lannepax;3.5;20620
64312;Lanneplaà;2.8;25480
47134;Lannes;2.5;21820
29116;Lanneuffret;5;22740
29117;Lannilis;4.1;23200
22113;Lannion;4.5;23220
59332;Lannoy;3.9;19710
60347;Lannoy-Cuillère;2.2;21340
32192;Lannux;3.1;21140
2B137;Lano;0;
15092;Lanobre;3.9;22960
24227;Lanouaille;3.7;19450
9151;Lanoux;4.3;
24228;Lanquais;2.9;23290
52271;Lanques-sur-Rognon;1.3;20430
76382;Lanquetot;2.4;24400
22114;Lanrelas;3.2;21050
35148;Lanrigan;3.2;22450
22115;Lanrivain;1.5;18110
29119;Lanrivoaré;5;24710
22116;Lanrodec;3;22630
71253;Lans;1.9;24650
38205;Lans-en-Vercors;6.5;27910
33228;Lansac;3.7;22650
65259;Lansac;2.3;23320
66092;Lansac;3.8;
34127;Lansargues;4;24270
31271;Lanta;3.8;27130
64313;Lantabat;1.4;18490
10188;Lantages;2.5;23700
18121;Lantan;0.6;
54302;Lantéfontaine;3.2;26620
1206;Lantenay;0.9;24700
21339;Lantenay;2.2;27900
25326;Lantenne-Vertière;5.7;25510
70294;Lantenot;4;22460
19105;Lanteuil;3.5;23390
25327;Lanthenans;2.7;
21340;Lanthes;2.6;21710
22117;Lantic;3.4;23960
69109;Lantignié;2.2;24990
56103;Lantillac;2.7;19930
21341;Lantilly;4;24140
33229;Lanton;4.4;25910
6074;Lantosque;4.8;21410
43113;Lantriac;3.9;22730
58139;Lanty;5.9;19500
52272;Lanty-sur-Aube;2;24160
30139;Lanuéjols;3;19550
48081;Lanuéjols;1.9;23020
12121;Lanuéjouls;3.7;21990
22118;Lanvallay;3.3;23960
56104;Lanvaudan;3.8;21450
22119;Lanvellec;2.1;21830
56105;Lanvénégen;3;20010
29120;Lanvéoc;4.9;22540
22121;Lanvollon;3.1;21760
46153;Lanzac;3.9;22720
2408;Laon;3.4;18000
28206;Laons;2;22100
3138;Lapalisse;1.9;20090
84064;Lapalud;3.1;21290
18122;Lapan;2.5;22630
12122;Lapanouse-de-Cernon;2.3;23340
47135;Laparade;1.7;20520
81135;Laparrouquial;1.2;
9152;Lapège;0;
82092;Lapenche;2.5;20520
9153;Lapenne;2.3;20140
50263;Lapenty;3.1;19700
47136;Laperche;1.1;18520
21342;Laperrière-sur-Saône;4.2;22790
65260;Lapeyre;4;
31272;Lapeyrère;2.9;
1207;Lapeyrouse;3.3;27830
63187;Lapeyrouse;2.3;19150
31273;Lapeyrouse-Fossat;4;30580
26155;Lapeyrouse-Mornay;2.8;22060
15093;Lapeyrugue;2.5;
19106;Lapleau;0.8;18430
47137;Laplume;2.2;24250
68175;Lapoutroie;3.6;23450
33230;Lapouyade;2.1;21080
2409;Lappion;2.4;21020
11189;Laprade;0.8;
16180;Laprade;2.9;19800
3139;Laprugne;2.5;18090
63188;Laps;3;25630
43114;Lapte;3.3;21610
62489;Lapugnoy;3.6;21470
57385;Laquenexy;4.5;27660
63189;Laqueuille;5.8;20120
5070;Laragne-Montéglin;2.3;21080
69110;Larajasse;2.9;22970
46154;Laramière;2.6;19920
65261;Laran;2;
40144;Larbey;2.8;21150
9154;Larbont;3.7;
60348;Larbroye;3.6;21920
31274;Larcan;1.6;23100
9155;Larcat;0.1;
37124;Larçay;4.5;26490
64314;Larceveau-Arros-Cibits;2.5;21820
53126;Larchamp;2.3;20860
77244;Larchant;2;26670
19107;Larche;3;23740
5071;Lardier-et-Valença;1.5;23960
4101;Lardiers;1.8;16780
91330;Lardy;2.1;28860
32193;Larée;2;21080
31275;Laréole;1.9;23310
79147;Largeasse;2.3;20010
7132;Largentière;3.5;18410
39278;Largillay-Marsonnay;4.3;24300
68176;Largitzen;3.1;30210
2410;Largny-sur-Automne;2.7;27080
70296;Larians-et-Munans;2.6;23560
90062;Larivière;4.1;24250
52273;Larivière-Arnoncourt;3.8;22750
56106;Larmor-Baden;2.2;28400
56107;Larmor-Plage;3.3;29380
26156;Larnage;3.6;25330
46155;Larnagol;3.1;18380
7133;Larnas;0.6;21680
9156;Larnat;0;
39279;Larnaud;3.2;24220
25328;Larnod;3.9;26820
19108;Laroche-près-Feyt;1.6;
89218;Laroche-Saint-Cydroine;2.1;21700
58140;Larochemillay;1.8;19100
63190;Larodde;1.8;18020
64315;Laroin;5.9;25290
54303;Laronxe;4.7;22920
33231;Laroque;3.5;25610
34128;Laroque;5.6;21690
9157;Laroque-d'Olmes;4.5;19360
11191;Laroque-de-Fa;1.6;15170
66093;Laroque-des-Albères;2.7;24270
47138;Laroque-Timbaut;2.3;24010
15094;Laroquebrou;3;21640
15095;Laroquevieille;2.9;21570
59333;Larouillies;4.2;21330
31592;Larra;3.6;26190
64316;Larrau;0.2;20900
82093;Larrazet;4.7;20310
56108;Larré;3.4;21730
61224;Larré;3.2;24460
32194;Larressingle;3.7;23200
64317;Larressore;4.6;24180
70297;Larret;2.3;
64318;Larreule;2.4;22970
65262;Larreule;2.8;19650
21343;Larrey;2.9;
64319;Larribar-Sorhapuru;4.4;19810
74146;Larringes;2.9;30850
40145;Larrivière-Saint-Savin;1.9;23470
39280;Larrivoire;1.8;23870
31276;Larroque;1;18950
65263;Larroque;3.8;
81136;Larroque;3;23810
32195;Larroque-Engalin;2.5;
32196;Larroque-Saint-Sernin;2.3;20310
32197;Larroque-sur-l'Osse;2.7;24890
46157;Larroque-Toirac;1.7;21650
32198;Lartigue;1.6;21570
33232;Lartigue;0;
64320;Laruns;5.4;22050
33233;Laruscade;2.8;21290
24230;Larzac;2.6;20360
51316;Larzicourt;1.9;23100
30140;Lasalle;0.7;17390
11192;Lasbordes;2.5;21500
19109;Lascaux;2.9;20710
65264;Lascazères;2.3;21960
15096;Lascelle;3.2;21420
64321;Lasclaveries;2;21710
81137;Lasfaillades;2.5;
81138;Lasgraisses;2.7;21280
65265;Laslades;2.4;24400
65266;Lassales;1.8;
53127;Lassay-les-Châteaux;2.4;21930
41112;Lassay-sur-Croisne;2.4;24760
64322;Lasse;3.5;21590
32200;Lasséran;2.9;25440
32199;Lasserrade;3.3;21750
9158;Lasserre;2.1;19170
47139;Lasserre;3;
64323;Lasserre;2;
11193;Lasserre-de-Prouille;2.3;20820
31277;Lasserre-Pradère;3.2;27610
64324;Lasseube;2.8;23000
32201;Lasseube-Propre;2.3;26140
64325;Lasseubetat;4.8;22790
10189;Lassicourt;4.8;
60350;Lassigny;2.8;22710
89219;Lasson;3.7;22740
12124;Lassouts;1.4;17870
9159;Lassur;4.1;
35149;Lassy;2.8;24690
95331;Lassy;2.8;24820
15097;Lastic;0.3;17500
63191;Lastic;1.7;16770
11194;Lastours;2.7;19040
60351;Lataule;3.1;26160
74147;Lathuile;3.9;28560
86120;Lathus-Saint-Rémy;3.4;20150
86121;Latillé;4.3;21260
2411;Latilly;1.4;23690
31278;Latoue;3;21890
46159;Latouille-Lentillac;2.7;19940
31279;Latour;2.9;
66094;Latour-Bas-Elne;3.8;23260
66095;Latour-de-Carol;3.7;20710
66096;Latour-de-France;2.1;19730
55281;Latour-en-Woëvre;1.7;
31280;Latrape;2.9;22730
52274;Latrecey-Ormoy-sur-Aube;3.9;23920
33234;Latresne;7;28920
40146;Latrille;4;24880
19110;Latronche;1.5;19490
46160;Latronquière;1.4;20390
60352;Lattainville;1.9;26540
34129;Lattes;5.9;26460
62490;Lattre-Saint-Quentin;3;24900
65267;Lau-Balagnas;3.5;22340
67260;Laubach;5.6;29150
48082;Laubert;0.2;19880
10190;Laubressel;2.2;24970
53128;Laubrières;2.7;21180
80467;Laucourt;3.3;20630
57386;Laudrefang;3.6;22830
30141;Laudun-l'Ardoise;2.5;22960
47140;Laugnac;2.3;23310
32202;Laujuzan;2.4;21960
50265;Laulne;2.7;19410
57387;Laumesfeld;3.7;25190
31281;Launac;3.1;24140
31282;Launaguet;4.5;23290
27364;Launay;2.8;24170
53129;Launay-Villiers;1.8;22420
8248;Launois-sur-Vence;2;21690
2412;Launoy;1.3;
57388;Launstroff;1.7;22390
11195;Laurabuc;1.9;21570
11196;Laurac;1.3;20840
7134;Laurac-en-Vivarais;3.4;20390
32203;Lauraët;3.8;21050
11197;Lauraguel;3.7;20430
11198;Laure-Minervois;3;19840
40147;Laurède;2.8;21360
22122;Laurenan;3;20990
34130;Laurens;2.8;21000
46161;Lauresses;0;17950
34131;Lauret;3.5;25390
40148;Lauret;4.3;
15098;Laurie;0.6;
87083;Laurière;3.9;20140
84065;Lauris;3.1;24220
34132;Lauroux;1.7;20160
43115;Laussonne;2.5;21260
47141;Laussou;3.7;20600
68177;Lautenbach;1;25140
68178;Lautenbachzell;1;25040
67261;Lauterbourg;1.6;23910
86122;Lauthiers;3.3;
31283;Lautignac;1.2;23130
81139;Lautrec;4.1;22500
68179;Lauw;3.1;24060
59334;Lauwin-Planque;4.2;24310
56109;Lauzach;4.6;23940
82094;Lauzerte;3.3;19890
31284;Lauzerville;4.2;33820
46162;Lauzès;0.9;20960
47142;Lauzun;2.5;19850
60353;Lavacquerie;2.4;23140
53130;Laval;4.2;21660
26159;Laval-d'Aix;3.9;20700
46163;Laval-de-Cère;1.2;19180
48085;Laval-du-Tarn;1.3;22310
38206;Laval-en-Belledonne;2.8;29210
77245;Laval-en-Brie;2.2;24700
2413;Laval-en-Laonnois;3.9;25020
25329;Laval-le-Prieuré;0.6;
8249;Laval-Morency;3.1;21290
30142;Laval-Pradel;2.5;21000
12125;Laval-Roquecezière;0;18150
30143;Laval-Saint-Roman;1;23220
43116;Laval-sur-Doulon;0;
19111;Laval-sur-Luzège;0.8;
51317;Laval-sur-Tourbe;0.7;
88261;Laval-sur-Vologne;4;20920
24231;Lavalade;1.5;
38207;Lavaldens;0;20390
11199;Lavalette;2.8;22290
31285;Lavalette;4.1;31140
34133;Lavalette;0.9;
55282;Lavallée;4.4;
39283;Lavancia-Epercy;2;25960
39284;Lavangeot;4;22030
51318;Lavannes;4.7;30680
39285;Lavans-lès-Dole;3.7;21990
39286;Lavans-lès-Saint-Claude;3.6;22870
25330;Lavans-Quingey;3.1;25270
25331;Lavans-Vuillafans;2.9;24770
2414;Lavaqueresse;4;20140
47143;Lavardac;3.8;20160
32204;Lavardens;1.2;22740
41113;Lavardin;2.8;24710
72157;Lavardin;1.9;24950
72158;Lavaré;2.3;20610
38208;Lavars;3.4;21900
2B138;Lavatoggio;3.9;19770
10191;Lavau;4.6;24670
89220;Lavau;1.9;20240
44080;Lavau-sur-Loire;2.1;23920
43117;Lavaudieu;2.4;22580
23104;Lavaufranche;2.9;18380
58141;Lavault-de-Frétoy;1.1;
3140;Lavault-Sainte-Anne;3.1;23460
24232;Lavaur;4.4;
81140;Lavaur;2.2;22770
82095;Lavaurette;3.5;20420
23105;Lavaveix-les-Mines;3.4;17870
33235;Lavazan;5.2;20690
15100;Laveissenet;2.7;21210
15101;Laveissière;1.4;22710
9160;Lavelanet;3.5;18140
31286;Lavelanet-de-Comminges;6.5;22740
88262;Laveline-devant-Bruyères;3.8;19400
88263;Laveline-du-Houx;2.3;22670
62491;Laventie;5.5;24670
32205;Laveraët;2.1;
46164;Lavercantière;2.5;18370
46165;Lavergne;2.7;21210
47144;Lavergne;1.9;20570
72160;Lavernat;2.1;22340
25332;Lavernay;5.6;24100
31287;Lavernose-Lacasse;4.6;24630
52275;Lavernoy;1.4;
60354;Laverrière;3.8;
2415;Laversine;2.2;25870
60355;Laversines;2.7;24900
34134;Lavérune;5.5;25360
26160;Laveyron;2.3;21030
7136;Laveyrune;0.8;
42117;Lavieu;1;22770
80468;Laviéville;4;21350
15102;Lavigerie;0;
87084;Lavignac;2.2;22620
70298;Lavigney;1;19670
39288;Lavigny;3.7;24580
7137;Lavillatte;1.9;
52276;Laville-aux-Bois;1.9;25640
7138;Lavilledieu;3.9;22530
52277;Lavilleneuve;3.6;
52278;Lavilleneuve-au-Roi;1.6;
60356;Lavilletertre;1.3;26530
55284;Lavincourt;3.9;
7139;Laviolle;2;19750
25333;Laviron;2;23330
82097;Lavit;3.5;20920
3141;Lavoine;0;19490
70299;Lavoncourt;2.7;20420
1208;Lavours;4.7;22170
43118;Lavoûte-Chilhac;1.6;20150
43119;Lavoûte-sur-Loire;2.3;21230
86124;Lavoux;3.9;25380
55285;Lavoye;3.2;23890
80469;Lawarde-Mauger-l'Hortoy;2.6;24540
54304;Laxou;4.1;23780
42118;Lay;3.1;22450
64326;Lay-Lamidou;3;20960
54305;Lay-Saint-Christophe;4.2;29770
54306;Lay-Saint-Remy;2.6;22650
5072;Laye;4.1;22420
32206;Laymont;3.5;21540
47145;Layrac;3;23000
31288;Layrac-sur-Tarn;2.5;24080
65268;Layrisse;1;24130
71254;Lays-sur-le-Doubs;2.9;21040
29122;Laz;3.3;19360
18124;Lazenay;0.9;22810
5073;Lazer;2.3;23300
72022;Le Bailleul;2.4;21570
51033;Le Baizil;0.8;23060
57049;Le Ban-Saint-Martin;5.4;23500
6010;Le Bar-sur-Loup;2.4;25690
25042;Le Barboux;2.6;31400
66017;Le Barcarès;3;20560
45020;Le Bardon;2.4;25910
33029;Le Barp;3.5;25550
84008;Le Barroux;2.8;24600
12021;Le Bas Ségala;2.9;20100
46018;Le Bastit;2.7;25060
7026;Le Béage;0.8;16670
84011;Le Beaucet;1.4;21610
83016;Le Beausset;3.2;25180
27052;Le Bec-Hellouin;2.3;25080
27053;Le Bec-Thomas;2.4;25410
25050;Le Bélieu;3.2;34190
95054;Le Bellay-en-Vexin;1.6;28510
85022;Le Bernard;3.3;22070
5021;Le Bersac;3.8;20980
42017;Le Bessat;0.4;25170
88057;Le Beulay;3.7;
81031;Le Bez;4;22380
44014;Le Bignon;3.5;25430
53030;Le Bignon-du-Maine;2.5;24270
45032;Le Bignon-Mirabeau;0.7;22600
74034;Le Biot;2.4;24370
25062;Le Bizot;2.2;37740
36018;Le Blanc;2.5;20260
93007;Le Blanc-Mesnil;2.5;17460
14080;Le Bô;3.9;22830
76105;Le Bocasse;3.1;25090
22009;Le Bodéo;1.8;20680
27071;Le Bois-Hellain;3.1;23490
17051;Le Bois-Plage-en-Ré;5.4;27480
76112;Le Bois-Robert;3.7;23840
80109;Le Boisle;2.7;19900
68044;Le Bonhomme;2.3;23460
56262;Le Bono;4.6;25000
31077;Le Born;2.4;23720
48029;Le Born;0.4;20150
9063;Le Bosc;3.3;14520
34036;Le Bosc;3.8;21880
27302;Le Bosc du Theil;3.4;23690
61054;Le Bosc-Renoult;1.8;20900
16054;Le Bouchage;2.3;19130
38050;Le Bouchage;1.7;21550
3035;Le Bouchaud;1.1;16350
74045;Le Bouchet-Mont-Charvin;0.7;22570
43037;Le Bouchet-Saint-Nicolas;2.6;19370
55061;Le Bouchon-sur-Saulx;2.2;22320
61056;Le Bouillon;2.3;22100
37030;Le Boulay;4;22720
27099;Le Boulay-Morin;2.4;25730
28053;Le Boullay-les-Deux-Églises;1.8;25540
28054;Le Boullay-Mivoye;2.8;24830
28055;Le Boullay-Thierry;1.9;25950
66024;Le Boulou;3.9;20130
85031;Le Boupère;2.3;21660
24056;Le Bourdeix;3.1;20430
79046;Le Bourdet;3;24050
46034;Le Bourg;3.7;22010
23029;Le Bourg-d'Hem;2.2;20760
38052;Le Bourg-d'Oisans;6.1;23240
76133;Le Bourg-Dun;4;23030
93013;Le Bourget;2.2;17230
73051;Le Bourget-du-Lac;5.6;27580
53039;Le Bourgneuf-la-Forêt;1.3;21690
83020;Le Bourguet;4.6;
33069;Le Bouscat;2.7;27570
11047;Le Bousquet;0;
34038;Le Bousquet-d'Orb;2.3;18710
46036;Le Bouyssou;3.7;23640
72046;Le Breil-sur-Mérize;2.2;22460
3041;Le Brethon;2.5;20040
3042;Le Breuil;3.4;20380
51085;Le Breuil;2.7;23140
69026;Le Breuil;3.8;26280
71059;Le Breuil;2.4;23850
14102;Le Breuil-en-Auge;4.2;25140
14103;Le Breuil-en-Bessin;3;22880
63052;Le Breuil-sur-Couze;6.3;22260
14104;Le Brévedent;3.9;25380
43039;Le Brignon;1.5;19960
6025;Le Broc;3.2;25230
63054;Le Broc;4.7;24020
32065;Le Brouilh-Monbert;1.7;21960
63057;Le Brugeron;0.4;22290
4036;Le Brusquet;1.5;24340
14116;Le Bû-sur-Rouvres;2.7;25780
24067;Le Bugue;3.9;20450
87023;Le Buis;2.4;21990
48032;Le Buisson;2.1;22000
51095;Le Buisson;2.6;
24068;Le Buisson-de-Cadouin;2.8;20970
53046;Le Buret;3;22420
31093;Le Burgaud;2.6;22730
79059;Le Busseau;1.4;20150
31097;Le Cabanial;2.5;23700
30059;Le Cailar;4;23320
4037;Le Caire;2.2;
6030;Le Cannet;4.3;22250
83031;Le Cannet-des-Maures;2.8;22860
97204;Le Carbet;3.2;22080
80174;Le Cardonnois;3.2;
9081;Le Carlaret;3.8;20250
14554;Le Castelet;5.2;24900
4040;Le Castellard-Mélan;0.5;
4041;Le Castellet;0.9;21410
83035;Le Castellet;3.2;24620
31120;Le Castéra;3.1;27420
59136;Le Cateau-Cambrésis;3.5;16820
2143;Le Catelet;3.2;20010
76162;Le Catelier;3.8;23250
76166;Le Caule-Sainte-Beuve;2.7;21100
82036;Le Causé;1.8;19500
34064;Le Caylar;2.5;18430
12064;Le Cayrol;3.3;17720
44028;Le Cellier;2.1;26130
63069;Le Cendre;4.8;24080
61076;Le Cercueil;1.6;19210
42033;Le Cergne;1.5;24150
26066;Le Chaffal;0;
4046;Le Chaffaut-Saint-Jurson;2.6;24180
61082;Le Chalange;4;
87031;Le Chalard;2.9;21880
26068;Le Chalon;1.3;24590
7049;Le Chambon;0.6;
42044;Le Chambon-Feugerolles;4.3;18610
43051;Le Chambon-sur-Lignon;5;21030
61085;Le Champ-de-la-Pierre;2.7;
38070;Le Champ-près-Froges;4.4;26820
85050;Le Champ-Saint-Père;2.6;20980
45079;Le Charme;2.4;19340
2164;Le Charmel;4;22620
19048;Le Chastang;3.8;21130
61101;Le Château-d'Almenêches;2.8;23040
17093;Le Château-d'Oléron;3.6;22720
73081;Le Châtelard;3.7;23620
18059;Le Châtelet;1.8;19020
77100;Le Châtelet-en-Brie;1.6;26670
52400;Le Châtelet-sur-Meuse;3.5;20180
8111;Le Châtelet-sur-Retourne;4.4;25760
8110;Le Châtelet-sur-Sormonne;2.7;21230
39119;Le Chateley;2.6;
51133;Le Châtelier;2.2;
35071;Le Châtellier;2.4;22700
61102;Le Châtellier;2.3;21120
87042;Le Châtenet-en-Dognon;3.7;22380
23058;Le Chauchet;2.1;
18062;Le Chautay;2.1;21000
17097;Le Chay;3.4;22310
63108;Le Cheix-sur-Morge;3.6;25730
51143;Le Chemin;1.9;
10095;Le Chêne;3.9;22490
78158;Le Chesnay-Rocquencourt;2.8;33520
7064;Le Cheylard;6.8;21880
38100;Le Cheylas;4.3;26340
79089;Le Chillou;3.5;21660
55116;Le Claon;4.3;
12067;Le Clapier;0;
11093;Le Clat;0;
15050;Le Claux;0;18930
88108;Le Clerjus;2.4;19120
29033;Le Cloître-Pleyben;1.8;19950
29034;Le Cloître-Saint-Thégonnec;1.2;20490
48051;Le Collet-de-Dèze;1.8;19800
23066;Le Compas;2.7;19200
29040;Le Conquet;3;26430
41059;Le Controis-en-Sologne;3.3;22470
27171;Le Cormier;1.9;27950
42071;Le Coteau;4.1;20710
28110;Le Coudray;3.5;26390
49112;Le Coudray-Macouard;4;22400
91179;Le Coudray-Montceaux;3.3;26830
60164;Le Coudray-Saint-Germer;1.5;20670
60165;Le Coudray-sur-Thelle;1.7;24710
56045;Le Cours;2.8;22830
34090;Le Crès;6.7;25900
63126;Le Crest;5.6;29130
7073;Le Crestet;2.1;21510
71153;Le Creusot;2.1;20180
60182;Le Crocq;4.7;22480
44049;Le Croisic;2.2;25380
56048;Le Croisty;3.6;19570
34091;Le Cros;1;
80228;Le Crotoy;4;21050
35091;Le Crouais;4.3;24090
25179;Le Crouzet;2.6;
42078;Le Crozet;1.9;21410
31159;Le Cuing;2.3;21010
39193;Le Deschaux;3;22860
14223;Le Détroit;3;
50161;Le Dézert;2.2;21670
97206;Le Diamant;2.8;21960
3103;Le Donjon;1.9;18540
23074;Le Donzeil;3.7;18450
87059;Le Dorat;3.6;19900
17143;Le Douhet;2.9;23480
59180;Le Doulieu;5.2;26640
81082;Le Dourn;3.4;
29047;Le Drennec;3.4;23370
31179;Le Faget;1.6;25640
15066;Le Falgoux;0;20010
29053;Le Faou;4.5;23560
22057;Le Faouët;2.6;21260
56057;Le Faouët;2.8;21240
15067;Le Fau;0;
31181;Le Fauga;4.9;24080
14261;Le Faulq;3.4;24130
27237;Le Favril;2.5;22200
28148;Le Favril;1.8;24440
59223;Le Favril;3.1;21400
71196;Le Fay;2.8;21430
60230;Le Fay-Saint-Quentin;2.7;25660
60229;Le Fayel;3;27280
12093;Le Fel;4;19480
85088;Le Fenouiller;4;24570
35111;Le Ferré;2.2;21070
21264;Le Fête;4.1;
27242;Le Fidelaire;1.4;22010
39225;Le Fied;2.1;26950
33166;Le Fieu;3;21090
24182;Le Fleix;3.4;20970
22059;Le Fœil;1.7;23110
29055;Le Folgoët;4;23200
9124;Le Fossat;5.4;20630
17167;Le Fouilloux;1.8;18610
14285;Le Fournet;2.3;
31193;Le Fousseret;2.9;22000
97210;Le François;2.6;19610
39240;Le Frasnois;2.8;28790
81096;Le Fraysse;2.2;20800
40100;Le Frêche;3.2;22290
31198;Le Fréchet;4.6;22700
38173;Le Freney-d'Oisans;7.5;20790
51260;Le Fresne;0.8;
14288;Le Fresne-Camilly;2.9;28130
50193;Le Fresne-Poret;1.7;20820
60262;Le Frestoy-Vaux;3.3;23970
8182;Le Fréty;1.4;
4090;Le Fugeret;4.9;18110
60267;Le Gallet;3.3;23590
30124;Le Garn;0.6;20410
81101;Le Garric;4.2;22310
41096;Le Gault-du-Perche;2;20440
28176;Le Gault-Saint-Denis;2.6;24260
51264;Le Gault-Soigny;3.9;22490
44062;Le Gâvre;3.3;22320
53103;Le Genest-Saint-Isle;3.1;22770
17177;Le Gicq;3;17270
85099;Le Girouard;1.2;22310
85101;Le Givre;2.3;23220
5062;Le Glaizil;7.8;22540
97113;Le Gosier;3.4;
61195;Le Grais;2.6;22680
74136;Le Grand-Bornand;6.3;25830
23095;Le Grand-Bourg;1.8;20840
50217;Le Grand-Celland;1.9;21770
38182;Le Grand-Lemps;3.8;23940
72143;Le Grand-Lucé;1.5;21100
16157;Le Grand-Madieu;2.3;19320
37113;Le Grand-Pressigny;2.5;19910
76322;Le Grand-Quevilly;2.9;20510
26143;Le Grand-Serre;2.1;19960
17485;Le Grand-Village-Plage;4.2;23430
30133;Le Grau-du-Roi;3.7;21870
31234;Le Grès;2.6;25150
72145;Le Grez;3.9;21320
50115;Le Grippon;2.4;21280
17185;Le Gua;3.9;21510
38187;Le Gua;1.3;26220
17186;Le Gué-d'Alleré;4.5;22200
28188;Le Gué-de-Longroi;2.2;27230
85105;Le Gué-de-Velluire;2.4;20540
56077;Le Guerno;4.1;23060
50225;Le Guislain;1.4;19480
33200;Le Haillan;6.7;25760
50227;Le Ham;2.6;19310
53112;Le Ham;1.5;20700
60297;Le Hamel;3.9;23610
80411;Le Hamel;4.2;22890
76339;Le Hanouard;3.3;21270
68219;Le Haut Soultzbach;2.7;27440
38163;Le Haut-Bréda;0.3;22670
22074;Le Haut-Corlay;2.2;20910
76351;Le Havre;3.5;20180
95303;Le Heaulme;1;28140
2379;Le Hérie-la-Viéville;4.2;19680
56084;Le Hézo;2.7;26760
22082;Le Hinglé;2.7;24030
67210;Le Hohwald;1.1;24670
53116;Le Horps;1.4;22010
32155;Le Houga;2.8;21350
76366;Le Houlme;4;21270
53118;Le Housseau-Brétignolles;2.1;20250
29087;Le Juch;3.9;22380
94043;Le Kremlin-Bicêtre;3.1;23910
7119;Le Lac-d'Issarlès;0.8;17780
97213;Le Lamentin;4.9;21300
27363;Le Landin;4;22860
44079;Le Landreau;3.3;23300
85121;Le Langon;2.2;20630
39277;Le Larderet;3;
24229;Le Lardin-Saint-Lazare;4.3;20390
39281;Le Latet;3;
4102;Le Lauzet-Ubaye;0;18050
83070;Le Lavandou;4.9;22300
22126;Le Leslay;1.2;19930
27565;Le Lesme;1.5;21440
40153;Le Leuy;2.9;22150
37127;Le Liège;2.8;21480
16188;Le Lindois;2.5;19730
49176;Le Lion-d'Angers;3.5;22660
19118;Le Lonzac;2.1;22060
50278;Le Loreur;3.7;22810
50279;Le Lorey;2.4;22190
35157;Le Loroux;1.4;20770
44084;Le Loroux-Bottereau;3.5;24330
97214;Le Lorrain;2.5;15940
37136;Le Louroux;3;24230
39304;Le Louverot;3.8;27910
72172;Le Luart;2.5;22450
83073;Le Luc;2.5;20810
72176;Le Lude;2.5;20330
25351;Le Luhier;2.1;28490
50282;Le Luot;3.3;22130
61242;Le Mage;1.7;23070
70316;Le Magnoray;1.5;
36109;Le Magny;3;22220
59371;Le Maisnil;5.5;34170
45191;Le Malesherbois;2.3;21540
48089;Le Malzieu-Forain;2.5;22710
48090;Le Malzieu-Ville;2.5;21370
14400;Le Manoir;4.1;24980
27386;Le Manoir;2.7;21200
72181;Le Mans;3.3;21180
14402;Le Marais-la-Chapelle;2.8;
97216;Le Marigot;3;17640
97217;Le Marin;3.6;18230
30159;Le Martinet;5.8;18130
6081;Le Mas;0;
47159;Le Mas-d'Agenais;2.1;20820
23125;Le Mas-d'Artige;1.7;19220
9181;Le Mas-d'Azil;4;18510
43129;Le Mas-de-Tence;2.8;22150
81158;Le Masnau-Massuguiès;0;16780
49193;Le May-sur-Èvre;2.9;22320
3164;Le Mayet-d'École;2.9;21340
3165;Le Mayet-de-Montagne;7.2;19350
85139;Le Mazeau;2.7;21520
80522;Le Mazis;3.5;22940
77285;Le Mée-sur-Seine;1.5;19130
80526;Le Meillard;2.2;21540
21400;Le Meix;0.7;
51360;Le Meix-Saint-Epoing;1.3;24390
51361;Le Meix-Tiercelin;0.6;20980
61258;Le Mêle-sur-Sarthe;4.2;19190
25373;Le Mémont;1;
22046;Le Mené;2.6;21360
88302;Le Ménil;2.9;21240
61259;Le Ménil-Bérard;2.6;
61261;Le Ménil-Broût;4;22350
61262;Le Ménil-Ciboult;2.6;23720
61260;Le Ménil-de-Briouze;1.8;21680
61266;Le Ménil-Guyon;3.9;
61271;Le Ménil-Scelleur;2.6;
61272;Le Ménil-Vicomte;2;
36117;Le Menoux;2.7;23030
91390;Le Mérévillois;2.3;24880
10231;Le Mériot;3;23600
22150;Le Merzer;2.2;22850
80535;Le Mesge;4.6;21530
50299;Le Mesnil;1.9;21340
50300;Le Mesnil-Adelée;1.8;21570
77291;Le Mesnil-Amelot;2.6;22710
50302;Le Mesnil-Amey;2.9;22630
14412;Le Mesnil-au-Grain;3.6;
50305;Le Mesnil-au-Val;3.3;25060
50304;Le Mesnil-Aubert;2.8;20980
95395;Le Mesnil-Aubry;3.7;27520
60397;Le Mesnil-Conteville;2.9;
76428;Le Mesnil-Durdent;3.6;
60398;Le Mesnil-en-Thelle;2.3;26790
76429;Le Mesnil-Esnard;3.3;28210
14419;Le Mesnil-Eudes;2;23340
50310;Le Mesnil-Eury;3.8;21120
27401;Le Mesnil-Fuguet;1;29810
50311;Le Mesnil-Garnier;2.2;19550
50312;Le Mesnil-Gilbert;1.5;19740
14421;Le Mesnil-Guillaume;2.4;24840
27403;Le Mesnil-Jourdain;1.2;26740
78396;Le Mesnil-le-Roi;1.6;36120
76431;Le Mesnil-Lieubray;1.9;
50317;Le Mesnil-Ozenne;1.7;23300
76435;Le Mesnil-Réaume;3.2;22030
14424;Le Mesnil-Robert;3.1;22530
50321;Le Mesnil-Rouxelin;3.3;26450
78397;Le Mesnil-Saint-Denis;3.2;32940
60399;Le Mesnil-Saint-Firmin;3.7;21460
27541;Le Mesnil-Saint-Jean;1.8;22880
14425;Le Mesnil-Simon;2.8;23830
28247;Le Mesnil-Simon;2.1;26560
76436;Le Mesnil-sous-Jumièges;2.6;25990
14426;Le Mesnil-sur-Blangy;4;28550
60400;Le Mesnil-sur-Bulles;2.4;24220
51367;Le Mesnil-sur-Oger;4;24650
60401;Le Mesnil-Théribus;1.3;24630
28248;Le Mesnil-Thomas;3.4;21450
50324;Le Mesnil-Véneron;1.4;
50326;Le Mesnil-Villeman;2.4;21330
14427;Le Mesnil-Villement;2.8;20360
50315;Le Mesnillard;2.7;20930
60402;Le Meux;4;27400
35181;Le Minihic-sur-Rance;4.3;27510
71300;Le Miroir;2.1;22060
14370;Le Molay-Littry;2.6;21230
12146;Le Monastère;5.5;24580
43135;Le Monastier-sur-Gazeille;3;21430
63230;Le Monestier;1.2;22680
5079;Le Monêtier-les-Bains;4;21670
88306;Le Mont;2.3;
60428;Le Mont-Saint-Adrien;3.8;31020
50353;Le Mont-Saint-Michel;0.5;
46197;Le Montat;3.3;25750
15131;Le Monteil;1.9;19630
43140;Le Monteil;5.7;23770
23134;Le Monteil-au-Vicomte;0.7;18540
1260;Le Montellier;3.1;28850
3183;Le Montet;3;20430
52405;Le Montsaugeonnais;1.1;21630
97218;Le Morne-Rouge;2.8;17700
97233;Le Morne-Vert;1.8;21010
97117;Le Moule;3.5;
45218;Le Moulinet-sur-Solin;1;26580
22157;Le Moustoir;4.1;22040
38268;Le Moutaret;3.5;27920
25414;Le Moutherot;3.4;24330
17252;Le Mung;3.2;24110
83086;Le Muy;2.6;21040
12172;Le Nayrac;2.3;21230
27428;Le Neubourg;2.7;21880
50371;Le Neufbourg;2.2;21650
55379;Le Neufour;3.4;
33305;Le Nizan;4.3;22470
2558;Le Nouvion-en-Thiérache;3.4;19230
5095;Le Noyer;3.7;21920
18168;Le Noyer;1.9;22150
73192;Le Noyer;3.4;23810
27444;Le Noyer-en-Ouche;1.2;24240
52374;Le Pailly;2.7;22910
56152;Le Palais;6.1;23800
87113;Le Palais-sur-Vienne;5.1;22960
44117;Le Pallet;3.8;24700
50535;Le Parc;3;21510
62647;Le Parcq;3.7;20490
53176;Le Pas;2.2;20420
61323;Le Pas-Saint-l'Homer;3.1;24000
39406;Le Pasquier;4;23020
38296;Le Passage;2.5;25340
47201;Le Passage;4.1;21940
10281;Le Pavillon-Sainte-Julie;2.2;26600
38298;Le Péage-de-Roussillon;3;18930
36154;Le Pêchereau;2.6;22050
78481;Le Pecq;2.6;30800
26226;Le Pègue;1.9;22420
44120;Le Pellerin;3.6;23370
95483;Le Perchay;2.3;30570
38301;Le Percy;3.1;18290
78486;Le Perray-en-Yvelines;2.9;29640
69151;Le Perréon;2.7;24720
94058;Le Perreux-sur-Marne;4.1;31180
27263;Le Perrey;4.1;24720
85172;Le Perrier;4.2;21940
50398;Le Perron;2.1;22380
66137;Le Perthus;1;14690
35217;Le Pertre;2.1;22530
43150;Le Pertuis;3.7;22170
19163;Le Pescher;3.9;22120
50399;Le Petit-Celland;1.9;22210
35218;Le Petit-Fougeray;2.4;24160
37184;Le Petit-Pressigny;2.3;22730
76498;Le Petit-Quevilly;6.8;18940
9229;Le Peyrat;3.5;20700
33322;Le Pian-Médoc;4.5;26940
33323;Le Pian-sur-Garonne;5.4;25040
3208;Le Pin;1.9;18120
14504;Le Pin;3.1;22260
17276;Le Pin;3.3;
30196;Le Pin;2.2;22540
39421;Le Pin;4.2;29060
44124;Le Pin;1.9;21410
77363;Le Pin;4.2;27180
79210;Le Pin;2.7;22190
82139;Le Pin;3.4;23750
61328;Le Pin-au-Haras;2.1;23600
61329;Le Pin-la-Garenne;2.9;21700
31419;Le Pin-Murelet;2.1;22770
24329;Le Pizou;3;20660
9230;Le Pla;0;
7175;Le Plagnal;0.8;
31425;Le Plan;2.7;22370
83094;Le Plan-de-la-Tour;2.9;23570
71352;Le Planois;1.9;
27462;Le Planquay;2.6;22440
1299;Le Plantay;3;25540
61331;Le Plantis;3;22140
2606;Le Plessier-Huleu;1.7;
80628;Le Plessier-Rozainvillers;5;22090
60497;Le Plessier-sur-Bulles;2;23360
60498;Le Plessier-sur-Saint-Just;2.6;22060
77364;Le Plessis-aux-Bois;2.3;27740
60500;Le Plessis-Belleville;2.9;24990
95491;Le Plessis-Bouchard;2.8;28550
60501;Le Plessis-Brion;3.1;25650
41177;Le Plessis-Dorin;1.3;22340
77365;Le Plessis-Feu-Aussoux;1.7;28320
95492;Le Plessis-Gassot;3.4;
49241;Le Plessis-Grammoire;4.7;25300
27464;Le Plessis-Grohan;2.1;24780
27465;Le Plessis-Hébert;1;25970
41178;Le Plessis-l'Échelle;1.9;
77366;Le Plessis-l'Évêque;2.9;27000
50405;Le Plessis-Lastelle;2.5;19860
95493;Le Plessis-Luzarches;2.8;28460
91494;Le Plessis-Pâté;2.7;28860
60502;Le Plessis-Patte-d'Oie;2.9;21150
77367;Le Plessis-Placy;1.7;25490
92060;Le Plessis-Robinson;2.5;31000
27466;Le Plessis-Sainte-Opportune;2.2;22880
94059;Le Plessis-Trévise;3;26100
60503;Le Ployron;3.2;22780
5103;Le Poët;2.4;22380
26241;Le Poët-Célard;4;20640
26242;Le Poët-en-Percip;0;
26243;Le Poët-Laval;4.2;22420
26244;Le Poët-Sigillat;0;17400
36159;Le Poinçonnet;2.7;25530
85178;Le Poiré-sur-Vie;2.4;23470
41179;Le Poislay;1.4;22920
1204;Le Poizat-Lalleyriat;0.4;25910
48115;Le Pompidou;0;19510
62665;Le Ponchel;2.4;19980
18183;Le Pondy;1.6;22310
36161;Le Pont-Chrétien-Chabenet;2.8;19670
38315;Le Pont-de-Beauvoisin;2.9;22180
73204;Le Pont-de-Beauvoisin;3.3;20090
38317;Le Pont-de-Claix;5.5;20220
73205;Le Pontet;0.6;24030
84092;Le Pontet;5.1;19590
33333;Le Porge;5.8;24540
9231;Le Port;3.4;13800
97407;Le Port;5.9;14970
78502;Le Port-Marly;3.1;26620
62667;Le Portel;3.5;18620
34210;Le Pouget;3.3;22190
34211;Le Poujol-sur-Orb;5.1;19740
44135;Le Pouliguen;4.3;25610
33335;Le Pout;2.6;25240
7181;Le Pouzin;3.7;19680
34216;Le Pradal;3.8;22880
83098;Le Pradet;3.5;25660
14520;Le Pré-d'Auge;2.9;23820
93061;Le Pré-Saint-Gervais;4.1;21600
97219;Le Prêcheur;1.2;14830
9237;Le Puch;0;
34220;Le Puech;2.3;24050
88362;Le Puid;2.2;25010
71363;Le Puley;1.3;
25474;Le Puy;5.4;21060
33345;Le Puy;3.8;23250
43157;Le Puy-en-Velay;4.7;20480
49253;Le Puy-Notre-Dame;3.2;20280
13080;Le Puy-Sainte-Réparade;3.8;26760
63293;Le Quartier;4.3;19080
80651;Le Quesne;3.5;20140
80652;Le Quesnel;5.9;22790
60520;Le Quesnel-Aubry;1.6;24590
59481;Le Quesnoy;3.2;19720
62677;Le Quesnoy-en-Artois;2.6;18090
22260;Le Quillio;1.5;21680
22263;Le Quiou;2.7;21850
93062;Le Raincy;3.1;28820
29235;Le Relecq-Kerhuon;6.4;26510
61346;Le Renouard;1.9;20700
74221;Le Reposoir;0.5;26550
79226;Le Retail;1.6;20290
83103;Le Revest-les-Eaux;1.4;27590
35240;Le Rheu;4.5;24780
81223;Le Rialet;1.1;
53190;Le Ribay;1.3;20690
81224;Le Riols;3.4;16440
97222;Le Robert;3.8;19570
46239;Le Roc;4.1;22640
15268;Le Rouget-Pers;3.7;21640
88399;Le Roulier;3.3;23740
6112;Le Rouret;5.4;30650
71279;Le Rousset-Marizy;1.6;21440
7200;Le Roux;1.6;
13088;Le Rove;5.4;25810
50442;Le Rozel;2.8;25140
48131;Le Rozier;0.1;18370
25512;Le Russey;2.2;30740
56201;Le Saint;3.1;20570
5158;Le Saix;3.3;23640
61461;Le Sap-André;2.3;20670
74259;Le Sappey;1.5;35310
38471;Le Sappey-en-Chartreuse;1.9;31410
62777;Le Sars;3.9;20770
60608;Le Saulchoy;3.9;23820
88444;Le Saulcy;2.8;21890
5163;Le Sauze-du-Lac;0.5;20820
81280;Le Ségur;1.8;19960
35322;Le Sel-de-Bretagne;2.4;22360
40297;Le Sen;2.8;19180
81284;Le Sequestre;4.6;22450
17426;Le Seure;3.3;21890
66195;Le Soler;6.1;21310
62802;Le Souich;2.6;22430
34305;Le Soulié;3.6;17580
2731;Le Sourd;1.8;21020
56246;Le Sourn;2.8;23480
18255;Le Subdray;2.6;28990
88462;Le Syndicat;3.8;22900
85285;Le Tablier;1.3;22440
33519;Le Taillan-Médoc;5.8;27210
79322;Le Tallud;2.1;21990
97422;Le Tampon;5.5;16560
50590;Le Tanu;2.4;22420
71534;Le Tartre;3.8;18900
78606;Le Tartre-Gaudran;2.1;
16380;Le Tâtre;2.4;20040
66206;Le Tech;8.6;
33527;Le Teich;4.6;24470
7319;Le Teil;3.3;19850
50591;Le Teilleul;1.9;20150
33528;Le Temple;3.6;26430
41254;Le Temple;1;22840
44203;Le Temple-de-Bretagne;3.6;24610
47306;Le Temple-sur-Lot;2.8;21100
78608;Le Tertre-Saint-Denis;1;26740
3281;Le Theil;1.8;19680
35333;Le Theil-de-Bretagne;1.4;23000
14687;Le Theil-en-Auge;4.2;24610
27627;Le Theil-Nolent;2.8;21020
28385;Le Thieulin;1;23440
27632;Le Thil;2.5;21470
76691;Le Thil-Riberpré;5;23430
95612;Le Thillay;2.7;23160
88468;Le Thillot;2.7;19090
13109;Le Tholonet;3.7;32930
88470;Le Tholy;3.8;22760
84132;Le Thor;3.3;23880
83136;Le Thoronet;3.4;23740
17447;Le Thou;3.3;22220
51570;Le Thoult-Trosnay;1.7;
8451;Le Thour;2.6;20290
2743;Le Thuel;2.4;21170
27635;Le Thuit;2.3;24450
27638;Le Thuit de l'Oison;3.6;25220
35336;Le Tiercent;2.9;23110
6140;Le Tignet;4.4;26460
76693;Le Tilleul;2;26800
27641;Le Tilleul-Lambert;2;25740
80763;Le Titre;5.8;21850
76699;Le Torp-Mesnil;3;22370
27646;Le Torpt;3.2;23630
14694;Le Torquesne;2.5;25380
62826;Le Touquet-Paris-Plage;5.7;31410
56252;Le Tour-du-Parc;2.2;26060
33534;Le Tourne;3.9;24540
38511;Le Touvet;5.7;28170
76709;Le Trait;2.4;20610
36225;Le Tranger;2;21220
80767;Le Translay;3.7;21850
62829;Le Transloy;3.3;21200
29294;Le Tréhou;3.4;21530
27658;Le Tremblay-Omonville;2.3;23500
78623;Le Tremblay-sur-Mauldre;2.4;32060
70505;Le Tremblois;3.2;23900
76711;Le Tréport;3.4;18610
29300;Le Trévoux;3.6;23330
34314;Le Triadou;4.7;27910
15242;Le Trioulou;1.9;
35362;Le Tronchet;3.2;22450
72362;Le Tronchet;2.3;22840
27663;Le Troncq;2.9;25700
14714;Le Tronquay;2.4;23210
27664;Le Tronquay;3.2;24730
12284;Le Truel;0;20720
33536;Le Tuzan;3.6;21870
25460;Le Val;3.1;24890
83143;Le Val;2;23080
27022;Le Val d'Hazey;1.9;21710
89334;Le Val d'Ocre;1.9;23360
88487;Le Val-d'Ajol;2.5;20800
52189;Le Val-d'Esnoms;0.4;22470
27668;Le Val-David;2;27020
70515;Le Val-de-Gouhenans;3.3;
57267;Le Val-de-Guéblange;2.9;21850
27447;Le Val-Doré;1;25460
21272;Le Val-Larrey;2.9;21630
70518;Le Val-Saint-Éloi;1.1;20340
91630;Le Val-Saint-Germain;2.6;31820
50616;Le Val-Saint-Père;4;26600
88492;Le Valtin;1.8;
79337;Le Vanneau-Irleau;3.2;23540
50619;Le Vast;3;21520
97232;Le Vauclin;2.4;18020
39545;Le Vaudioux;3.4;23560
77485;Le Vaudoué;1.9;30120
27528;Le Vaudreuil;4.3;25610
15249;Le Vaulmier;0.3;
60660;Le Vaumain;1.2;24940
60662;Le Vauroux;1.1;23130
81313;Le Verdier;3.9;21350
33544;Le Verdon-sur-Mer;3.8;21480
35351;Le Verger;3.2;23780
2782;Le Verguier;1.6;21230
88501;Le Vermont;1.6;
73311;Le Verneil;2.1;
3306;Le Vernet;2.9;25620
4237;Le Vernet;3.1;18840
9331;Le Vernet;3.9;21320
43260;Le Vernet;0.7;
63448;Le Vernet-Chaméane;3.6;19890
63449;Le Vernet-Sainte-Marguerite;3;22130
39553;Le Vernois;3.8;26850
25608;Le Vernoy;2.1;24850
38538;Le Versoud;3.5;26690
79346;Le Vert;1.4;24050
78650;Le Vésinet;2.5;42870
3309;Le Veurdre;2.6;18440
14741;Le Vey;4.1;21950
51618;Le Vézier;1.7;21950
12297;Le Vibal;3.8;21480
50633;Le Vicel;2.9;21020
51619;Le Vieil-Dampierre;1.4;22570
27684;Le Vieil-Évreux;3.2;25400
22386;Le Vieux-Bourg;1.4;21930
16403;Le Vieux-Cérier;1.9;19060
22387;Le Vieux-Marché;1.8;21280
30350;Le Vigan;4;18020
46334;Le Vigan-en-Quercy;4.3;21780
15261;Le Vigean;4.1;22290
86289;Le Vigeant;4;20050
87205;Le Vigen;4.5;25640
40329;Le Vignau;4.2;21500
46232;Le Vignon-en-Quercy;4.5;19810
3313;Le Vilhain;1.6;19680
71576;Le Villars;3.1;22280
39575;Le Villey;2.3;
81321;Le Vintrou;1.8;
66234;Le Vivier;3.2;
35361;Le Vivier-sur-Mer;2.4;23500
62880;Le Wast;4.7;25350
80470;Léalvillers;3.4;22600
14358;Léaupartie;2.5;
1209;Léaz;2.1;31670
90063;Lebetain;1.7;25840
54307;Lebeuville;2.9;22800
62492;Lebiez;2.4;18420
32207;Leboulin;2.8;28650
62493;Lebucquière;2.3;22150
2A139;Lecci;4.8;23640
59335;Lecelles;5;26640
52280;Lecey;2.7;24440
21344;Lechâtelet;3.5;23800
62494;Léchelle;2;
77246;Léchelle;2.3;22800
59336;Lécluse;2.7;20850
35150;Lécousse;2.7;24230
30144;Lecques;3.9;23500
39289;Lect;2.1;21380
32208;Lectoure;5.1;21360
64327;Lecumberry;1.6;20040
31289;Lécussan;1.8;21370
81141;Lédas-et-Penthiès;3.5;20280
47146;Lédat;2.1;22530
30145;Lédenon;3.7;22530
12127;Lédergues;2.9;21080
59337;Lederzeele;2.8;23400
64328;Ledeuix;4.3;23540
30146;Lédignan;3.8;20570
62495;Ledinghem;2.2;19720
59338;Ledringhem;3.2;25300
64329;Lée;3.7;32160
59339;Leers;4.1;24390
64330;Lées-Athas;3.7;20420
62496;Lefaux;4.3;23540
14360;Leffard;3.8;20710
8250;Leffincourt;4.3;23710
52282;Leffonds;1.5;23920
59340;Leffrinckoucke;2.8;23390
62497;Leforest;3.6;20410
44081;Legé;2.8;21560
31290;Lège;4.9;
33236;Lège-Cap-Ferret;4.6;26710
88264;Légéville-et-Bonfays;2;
60357;Léglantiers;2.5;22380
69111;Légny;3.1;26900
31291;Léguevin;4;26280
24236;Léguillac-de-l'Auche;2.1;23380
2374;Lehaucourt;3;19980
86125;Leigné-les-Bois;1.5;22590
86127;Leigné-sur-Usseau;2.5;22470
86126;Leignes-sur-Fontaine;3;20480
42119;Leigneux;3;20840
68180;Leimbach;2.1;27200
54308;Leintrey;1.6;21460
1210;Lélex;0;24020
32209;Lelin-Lapujolle;3;21900
57389;Lelling;3.1;24210
54309;Lemainville;3.1;24900
67263;Lembach;3.3;23830
57390;Lemberg;3.4;21400
64331;Lembeye;2.8;22610
24237;Lembras;2.6;23360
2416;Lemé;2;19550
64332;Lème;3.6;23130
54310;Leménil-Mitry;2.8;
37125;Lémeré;3.5;22080
88265;Lemmecourt;2.2;
55286;Lemmes;5.5;22540
57391;Lemoncourt;4.9;
81142;Lempaut;4.2;22090
63193;Lempdes;7.7;23620
43120;Lempdes-sur-Allagnon;6.4;20600
2417;Lempire;2.8;21140
7140;Lemps;2.8;22880
26161;Lemps;2.1;
63194;Lempty;3.9;23480
24238;Lempzours;2.8;21370
57392;Lemud;4.4;23230
39291;Lemuy;2.3;21660
3142;Lenax;2.1;18770
86128;Lencloître;3.8;20480
40149;Lencouacq;2.9;21110
46262;Lendou-en-Quercy;3;20550
57393;Lengelsheim;1;21340
50266;Lengronne;2.9;20020
51319;Lenharrée;1.1;
57394;Léning;1.9;22940
29123;Lennon;4.6;21850
54311;Lenoncourt;3.3;25790
62498;Lens;5.9;17250
26162;Lens-Lestang;2.7;22610
1211;Lent;1.7;24780
39292;Lent;2.8;24090
42120;Lentigny;2.4;23910
46167;Lentillac-du-Causse;0.5;21650
46168;Lentillac-Saint-Blaise;2.6;23040
7141;Lentillères;1.1;19140
10192;Lentilles;3.6;19800
69112;Lentilly;4.5;29630
38209;Lentiol;1.7;24110
2B140;Lento;2.9;
46169;Léobard;3.8;22560
33237;Léogeats;2.9;23290
33238;Léognan;2.4;27890
82098;Léojac;3.6;24530
40150;Léon;5.1;24670
26163;Léoncel;0;
43121;Léotoing;2.2;21300
45181;Léouville;2.3;
17204;Léoville;2.9;21720
88266;Lépanges-sur-Vologne;3.9;20130
23106;Lépaud;2.3;20770
73145;Lépin-le-Lac;1.5;26310
23107;Lépinas;3.1;18190
62499;Lépine;4.4;21780
8251;Lépron-les-Vallées;2.4;
90065;Lepuix;1.9;22880
90064;Lepuix-Neuf;2.2;25670
9161;Léran;3.5;19620
9162;Lercoul;0;
18125;Léré;2.4;22390
64334;Léren;4.2;23590
42121;Lérigneux;2.7;22840
33239;Lerm-et-Musset;3.9;20050
37126;Lerné;2.9;22210
55288;Lérouville;4;20170
88267;Lerrain;1.4;20980
21345;Léry;1.3;19830
27365;Léry;3;23050
2418;Lerzy;2.4;21980
88001;Les Ableuvenettes;2.6;
38001;Les Abrets en Dauphiné;3.8;22650
97101;Les Abymes;4.1;
85152;Les Achards;2.7;22950
16002;Les Adjots;4.2;19090
38002;Les Adrets;2.1;26700
83001;Les Adrets-de-l'Estérel;0.9;28520
60006;Les Ageux;3.3;24750
34008;Les Aires;5.1;20570
18003;Les Aix-d'Angillon;1.5;21620
12003;Les Albres;2;20800
25012;Les Alliés;1.2;32250
73015;Les Allues;4.4;23640
78010;Les Alluets-le-Roi;1.6;34380
63004;Les Ancizes-Comps;2.8;21380
27016;Les Andelys;1.8;20750
30011;Les Angles;3.7;25410
65011;Les Angles;2.8;24910
66004;Les Angles;9;22720
19009;Les Angles-sur-Corrèze;2.8;27480
97202;Les Anses-d'Arlet;2.5;16980
83004;Les Arcs;1.8;22470
69012;Les Ardillats;2.2;24030
46008;Les Arques;2.3;18780
39019;Les Arsures;5.3;24460
33014;Les Artigues-de-Lussac;4.4;22970
61422;Les Aspres;2.9;21050
7017;Les Assions;5.2;22260
62043;Les Attaques;4.4;22260
72015;Les Aulneaux;2.4;19840
2038;Les Autels;1.9;
28016;Les Autels-Villevillon;1.9;20090
27027;Les Authieux;1.7;23420
14032;Les Authieux-sur-Calonne;3.6;25530
76039;Les Authieux-sur-le-Port-Saint-Ouen;5.6;31250
25035;Les Auxons;5.9;27630
73024;Les Avanchers-Valmorel;0.8;24840
38022;Les Avenières Veyrins-Thuellin;2.2;22860
97401;Les Avirons;3.8;20110
70046;Les Aynans;2.9;20700
8040;Les Ayvelles;5.2;23960
27038;Les Barils;2;22210
54048;Les Baroches;2.6;26810
82012;Les Barthes;2;20930
70053;Les Bâties;4.8;
27043;Les Baux-de-Breteuil;1.5;21330
13011;Les Baux-de-Provence;4.2;24030
27044;Les Baux-Sainte-Croix;1.7;27070
73257;Les Belleville;7.3;23230
48025;Les Bessons;2;21900
87016;Les Billanges;2;19830
33052;Les Billaux;5.6;23670
71038;Les Bizots;1.5;24170
49138;Les Bois d'Anjou;4.8;21680
48028;Les Bondons;2;17830
36021;Les Bordes;2.6;23920
45042;Les Bordes;3;23740
71043;Les Bordes;1.4;
89051;Les Bordes;0.6;23900
10049;Les Bordes-Aumont;1.8;25880
9061;Les Bordes-sur-Arize;4.7;17670
27096;Les Bottereaux;1.5;22860
39068;Les Bouchoux;4.6;21900
25091;Les Bréseux;2.8;32910
78108;Les Bréviaires;2;32520
85038;Les Brouzils;3.5;23210
35046;Les Brulais;3.5;20160
11054;Les Brunels;1.5;22730
9070;Les Cabannes;2.7;24080
81045;Les Cabannes;2.3;17840
81055;Les Cammazes;2.1;19370
87029;Les Cars;3.3;21250
11074;Les Cassés;3.1;22810
76168;Les Cent-Acres;2.7;
49058;Les Cerqueux;1.3;21170
39091;Les Chalesmes;3.2;
61086;Les Champeaux;2;20080
22035;Les Champs-Géraux;2.5;22020
73077;Les Chapelles;1.9;24570
77091;Les Chapelles-Bourbon;1.9;30250
51132;Les Charmontois;1.6;22490
28090;Les Châtelets;2.8;24910
79105;Les Châteliers;2.5;19900
28091;Les Châtelliers-Notre-Dame;1.1;23960
73083;Les Chavannes-en-Maurienne;2.8;23910
69055;Les Chères;5.1;27560
45096;Les Choux;2.1;23820
78165;Les Clayes-sous-Bois;1.3;26060
74079;Les Clefs;2.3;25000
89111;Les Clérimois;2.5;24600
66063;Les Cluses;2.8;23380
25160;Les Combes;3.1;33650
74085;Les Contamines-Montjoie;2.9;24300
28109;Les Corvées-les-Yys;0.8;23680
12078;Les Costes-Gozon;1.8;18970
24117;Les Coteaux Périgourdins;1.3;23490
38131;Les Côtes-d'Arey;2.3;29200
38132;Les Côtes-de-Corps;5.7;
50152;Les Cresnays;1.5;20850
10118;Les Croûtes;3.3;22990
39184;Les Crozets;2.5;25920
27196;Les Damps;5.1;25530
73098;Les Déserts;0.4;25050
38253;Les Deux Alpes;6.9;22530
39196;Les Deux-Fays;1;19190
63109;Les Deux-Rives;3;22780
8138;Les Deux-Villes;2.5;20550
73105;Les Échelles;3.8;22150
25213;Les Écorces;3.4;32900
77165;Les Écrennes;1.9;28120
17149;Les Éduts;2;
17150;Les Églises-d'Argenteuil;2.6;20210
33154;Les Églisottes-et-Chalaures;3.2;18560
55172;Les Éparges;2.1;
38156;Les Éparres;2;25140
85082;Les Epesses;2.8;22220
16130;Les Essards;2.5;21620
17154;Les Essards;3.7;22330
39211;Les Essards-Taignevaux;2;23350
41079;Les Essarts;1.9;
78220;Les Essarts-le-Roi;2.9;29600
51236;Les Essarts-le-Vicomte;0.8;23490
51235;Les Essarts-lès-Sézanne;2.8;23840
33158;Les Esseintes;3.4;20860
43091;Les Estables;1.4;20100
57200;Les Étangs;3.5;28320
28144;Les Étilleux;2.3;23470
24172;Les Eyzies;3.8;20540
24175;Les Farges;3;23120
6061;Les Ferres;0;
70233;Les Fessey;2.7;21010
25240;Les Fins;3.6;33200
25248;Les Fontenelles;2.8;29310
79124;Les Forges;3.4;20190
88178;Les Forges;4.1;26430
79126;Les Fosses;2.1;22360
56060;Les Fougerêts;2.4;21810
25254;Les Fourgs;2.3;31340
49167;Les Garennes sur Loire;5.1;28340
61187;Les Genettes;2.2;24660
74134;Les Gets;4.7;25070
17179;Les Gonds;5.6;23800
21303;Les Goulles;0.3;
16155;Les Gours;2.8;22880
8019;Les Grandes-Armoises;3.3;
10166;Les Grandes-Chapelles;2.4;21960
51278;Les Grandes-Loges;4.8;26400
76321;Les Grandes-Ventes;1.6;21310
87074;Les Grands-Chézeaux;3.5;21560
10168;Les Granges;2.5;
26145;Les Granges-Gontardes;3.4;25700
91284;Les Granges-le-Roi;2.4;27850
25295;Les Grangettes;2.3;32320
25296;Les Gras;2.6;33230
79139;Les Groseillers;1.9;
71229;Les Guerreaux;1.2;20630
69097;Les Haies;0.7;25590
69098;Les Halles;2.5;22970
8218;Les Hautes-Rivières;2;21330
89405;Les Hauts de Forterre;0.7;21150
49080;Les Hauts-d'Anjou;3.6;21320
76041;Les Hauts-de-Caux;4.1;24050
55123;Les Hauts-de-Chée;2.5;22420
60694;Les Hauts-Talican;N/A - division par 0;
41100;Les Hayes;1.9;25310
39266;Les Hays;2.1;21500
85109;Les Herbiers;3.2;22930
48073;Les Hermaux;0.3;20020
37116;Les Hermites;1.9;22450
27338;Les Hogues;3.8;23870
25307;Les Hôpitaux-Neufs;2;39630
25308;Les Hôpitaux-Vieux;2;36170
74143;Les Houches;5.2;24290
35134;Les Iffs;3.7;24430
76371;Les Ifs;1.9;
11174;Les Ilhes;1.3;
14343;Les Isles-Bardel;2.8;
55253;Les Islettes;4.3;20560
9145;Les Issards;3.1;23430
51302;Les Istres-et-Bury;4;
46134;Les Junies;2.5;21000
85119;Les Landes-Genusson;2.3;23030
48083;Les Laubies;2.1;20270
24234;Les Lèches;3.5;21820
33242;Les Lèves-et-Thoumeyragues;3.6;20560
93045;Les Lilas;3.5;25490
14374;Les Loges;2.3;20480
52290;Les Loges;3;19640
76390;Les Loges;2.6;22010
78343;Les Loges-en-Josas;3.1;40940
50274;Les Loges-Marchis;2.7;21750
10202;Les Loges-Margueron;1.9;23010
14375;Les Loges-Saulces;3.6;22690
50275;Les Loges-sur-Brécey;1.6;21400
85129;Les Lucs-sur-Boulogne;2.8;22740
30152;Les Mages;3;20930
85131;Les Magnils-Reigniers;3.2;22490
70317;Les Magny;2.9;24680
21371;Les Maillys;3.8;22490
77275;Les Marêts;1.2;24460
23123;Les Mars;2.7;19680
63213;Les Martres-d'Artière;3.3;25490
63214;Les Martres-de-Veyre;4.8;24550
11221;Les Martys;1.6;20170
34153;Les Matelles;4.5;28150
17225;Les Mathes;2.2;24710
83075;Les Mayons;1.6;22530
8284;Les Mazures;2.9;23270
4116;Les Mées;3.9;21460
72192;Les Mées;1.9;
61274;Les Menus;2.9;21680
51365;Les Mesneux;6;31460
78398;Les Mesnuls;2.1;35290
16220;Les Métairies;3.5;24550
50332;Les Moitiers-d'Allonne;1.6;24190
91411;Les Molières;2.7;35340
73159;Les Mollettes;4.3;24390
14435;Les Monceaux;1.8;24120
55347;Les Monthairons;2.5;22560
41147;Les Montils;2.7;24300
61463;Les Monts d'Andaine;2.5;21970
14027;Les Monts d'Aunay;3.3;21060
27062;Les Monts du Roumois;2.1;25530
25375;Les Monts-Ronds;4.4;25240
48012;Les Monts-Verts;2.9;19400
39373;Les Moussières;5.7;24490
14457;Les Moutiers-en-Auge;3;20760
14458;Les Moutiers-en-Cinglais;2.7;24900
44106;Les Moutiers-en-Retz;2.2;24310
6087;Les Mujouls;0;
78440;Les Mureaux;2.3;18240
39381;Les Nans;2.4;
1274;Les Neyrolles;1.5;20810
42158;Les Noës;1;20940
10265;Les Noës-près-Troyes;4.5;18750
17266;Les Nouillers;2.4;20210
7167;Les Ollières-sur-Eyrieux;1.5;22000
4140;Les Omergues;1;23990
86183;Les Ormes;2.4;21630
89281;Les Ormes;1.4;21280
77347;Les Ormes-sur-Voulzie;1.5;23880
5098;Les Orres;2.9;22120
55401;Les Paroches;4.8;23270
93057;Les Pavillons-sous-Bois;3.2;21890
46252;Les Pechs du Vers;0.9;21100
33315;Les Peintures;3.1;20620
13071;Les Pennes-Mirabeau;5.7;26320
8020;Les Petites-Armoises;4.2;
51428;Les Petites-Loges;5;26030
50402;Les Pieux;2.6;24840
26238;Les Pilles;2.6;17970
85175;Les Pineaux;1.7;22360
16261;Les Pins;2.6;22170
28299;Les Pinthières;2.5;25130
27459;Les Places;1.6;
25458;Les Plains-et-Grands-Essarts;1.6;27040
39424;Les Planches-en-Montagne;4.3;23330
39425;Les Planches-près-Arbois;1.9;25150
30197;Les Plans;1.8;23110
34205;Les Plans;1.6;21290
30198;Les Plantiers;0;16540
25464;Les Pontets;3;33080
49246;Les Ponts-de-Cé;4.5;23300
35191;Les Portes du Coglais;2.9;21520
17286;Les Portes-en-Ré;2.8;26510
88356;Les Poulières;3.7;20930
63287;Les Pradeaux;5.4;22220
27476;Les Préaux;3.2;23690
25424;Les Premiers Sapins;5.3;24950
26255;Les Prés;1.2;
9238;Les Pujols;4;23380
49257;Les Rairies;3.2;22020
39457;Les Repôts;2.4;
28314;Les Ressuintes;2.3;24910
10317;Les Riceys;2.7;22800
34230;Les Rives;1;21560
51463;Les Rivières-Henruel;3.8;25000
38340;Les Roches-de-Condrieu;3.8;22780
41192;Les Roches-l'Évêque;2.7;20140
55436;Les Roises;1.7;
88398;Les Rouges-Eaux;1.3;
39470;Les Rousses;4;36440
59517;Les Rues-des-Vignes;3.4;23240
85194;Les Sables-d'Olonne;4;24520
48187;Les Salces;0.7;
7305;Les Salelles;3.7;21550
48185;Les Salelles;2.8;21640
42295;Les Salles;4.3;22110
33499;Les Salles-de-Castillon;1.8;21820
30307;Les Salles-du-Gardon;3.2;16820
87189;Les Salles-Lavauguyon;2.7;17740
83122;Les Salles-sur-Verdon;0;22080
69174;Les Sauvages;3.3;23270
2439;Les Septvallons;2.4;22130
89395;Les Sièges;1.2;20960
44198;Les Sorinières;6.2;25570
55497;Les Souhesmes-Rampont;5.4;22850
15235;Les Ternes;4.5;21030
25138;Les Terres-de-Chaux;1.1;23190
27633;Les Thilliers-en-Vexin;2.3;23150
88471;Les Thons;3.7;19730
4220;Les Thuiles;5.9;21370
26351;Les Tonils;2.9;
44205;Les Touches;2.6;22380
17451;Les Touches-de-Périgny;3.2;21640
31556;Les Tourreilles;2.2;21710
26353;Les Tourrettes;3;22020
27676;Les Trois Lacs;4.6;25090
97423;Les Trois-Bassins;5;16680
39378;Les Trois-Châteaux;2.6;23860
55254;Les Trois-Domaines;4.4;21090
97231;Les Trois-Îlets;2.8;23110
86274;Les Trois-Moutiers;2.2;20530
76714;Les Trois-Pierres;3.2;27770
19248;Les Trois-Saints;3.5;22470
91692;Les Ulis;2.7;19950
49359;Les Ulmes;4.2;23220
89411;Les Vallées de la Vanne;1.3;23610
88491;Les Vallois;1.8;21210
7334;Les Vans;4.5;19660
43253;Les Vastres;4.8;18330
85177;Les Velluire-sur-Vendée;2;20370
27678;Les Ventes;1.8;25020
61499;Les Ventes-de-Bourse;3.1;22710
5180;Les Vigneaux;6.3;22830
28422;Les Villages Vovéens;3;21970
74302;Les Villards-sur-Thônes;6.7;26130
25619;Les Villedieu;2.9;32200
43265;Les Villettes;2.6;23900
88520;Les Voivres;2.2;19310
61512;Les Yveteaux;2.6;21970
80472;Lesbœufs;2;22300
53131;Lesbois;2.7;21420
64335;Lescar;4.6;26500
74148;Leschaux;1.8;25290
2419;Leschelle;3.2;24190
73146;Lescheraines;4.7;23300
39293;Leschères;2.7;24390
52284;Leschères-sur-le-Blaiseron;2.4;
77247;Lescherolles;1.1;24710
1212;Lescheroux;1.9;22570
77248;Lesches;2.5;30970
26164;Lesches-en-Diois;1;
22124;Lescouët-Gouarec;2.4;16810
9163;Lescousse;2.1;
81143;Lescout;3.9;22110
64336;Lescun;0;17360
31292;Lescuns;3;
9164;Lescure;2.4;21770
81144;Lescure-d'Albigeois;4.2;22770
12128;Lescure-Jaoul;1.4;18020
65269;Lescurry;2.8;21510
59341;Lesdain;3.3;23150
2420;Lesdins;2.8;25460
2421;Lesges;2.9;
40151;Lesgor;2.7;22320
16183;Lésignac-Durand;1.7;18680
77249;Lésigny;2.8;31100
86129;Lésigny;2.1;21770
71255;Lesme;1.9;24740
54312;Lesménils;5.8;26780
10193;Lesmont;3.8;21120
29124;Lesneven;4.1;22180
33240;Lesparre-Médoc;4.8;19470
9165;Lesparrou;3.5;19080
40152;Lesperon;4.3;21660
7142;Lespéron;2.4;21900
62500;Lespesses;3.5;24470
64337;Lespielle;2.9;21540
34135;Lespignan;3.9;21340
31293;Lespinasse;4.6;24570
11200;Lespinassière;0.3;15320
62501;Lespinoy;3.2;20550
31294;Lespiteau;4.1;
65270;Lespouey;2.3;24150
64338;Lespourcy;1.8;20890
31295;Lespugue;2;
66097;Lesquerde;3.4;20550
2422;Lesquielles-Saint-Germain;3.9;19450
59343;Lesquin;8.9;25570
16181;Lessac;4.6;20260
71256;Lessard-en-Bresse;2.5;22620
14362;Lessard-et-le-Chêne;2.3;21880
71257;Lessard-le-National;2.7;24130
50267;Lessay;2.9;20040
57395;Lesse;2.8;22800
88268;Lesseux;3.3;22400
57396;Lessy;4.5;31470
76383;Lestanville;3.9;
19112;Lestards;1.3;
64339;Lestelle-Bétharram;4;21690
31296;Lestelle-de-Saint-Martory;4.2;20840
16182;Lesterps;3;17210
33241;Lestiac-sur-Garonne;3.8;22850
41114;Lestiou;2;24490
12129;Lestrade-et-Thouels;2.8;19750
50268;Lestre;2.8;20520
62502;Lestrem;3.9;24210
8252;Létanne;1.7;20450
3143;Lételon;2.5;
28207;Léthuin;1.6;25760
2A141;Letia;4.2;19930
69113;Létra;2.2;24730
54313;Létricourt;4.2;26360
27366;Letteguives;3.8;25260
5074;Lettret;4;22440
62503;Leubringhen;5;28000
11201;Leuc;3.5;23830
15103;Leucamp;1.2;20560
11202;Leucate;2.7;21620
52285;Leuchey;0.7;
91332;Leudeville;2;30370
77250;Leudon-en-Brie;1.7;26530
21346;Leuglay;0.9;20290
86130;Leugny;2.4;22890
89221;Leugny;1.9;22720
29125;Leuhan;3.7;19640
2423;Leuilly-sous-Coucy;2.2;23010
62504;Leulinghem;3.3;23840
62505;Leulinghen-Bernes;5.7;22510
52286;Leurville;3;
2424;Leury;2.8;24490
67264;Leutenheim;2.5;26810
91333;Leuville-sur-Orge;2.4;27910
51320;Leuvrigny;3;23440
2425;Leuze;3.4;20640
28208;Levainville;2.7;27210
59344;Leval;2.6;19140
90066;Leval;2.8;21690
92044;Levallois-Perret;4.4;34500
53132;Levaré;3.1;21170
52287;Levécourt;2.2;
6075;Levens;3.4;25260
2426;Levergies;1.5;22780
21347;Levernois;5.3;32360
28209;Lèves;3.1;25170
28210;Levesville-la-Chenard;2;21510
18126;Levet;3.1;24060
2A142;Levie;5;20980
25334;Levier;4;24730
31297;Lévignac;3.9;27650
47147;Lévignac-de-Guyenne;3.6;21050
40154;Lévignacq;2.3;21740
60358;Lévignen;2.7;25360
10194;Lévigny;2.1;
89222;Levis;3;20850
78334;Lévis-Saint-Nom;2.5;35190
55289;Levoncourt;3.7;
68181;Levoncourt;0.6;27870
36093;Levroux;1.8;21460
59345;Lewarde;3.6;21020
54314;Lexy;2.5;27640
57397;Ley;3.1;25630
9166;Leychert;1.5;21470
46170;Leyme;2.6;23270
68182;Leymen;1.1;43890
1213;Leyment;4;24160
71258;Leynes;2.3;27330
15104;Leynhac;3.2;18520
54315;Leyr;3.8;24700
23108;Leyrat;2.8;15910
38210;Leyrieu;1.9;24870
47148;Leyritz-Moncassin;3.5;19050
1214;Leyssard;0.9;26540
15105;Leyvaux;0.5;
57398;Leyviller;2;21890
59342;Lez-Fontaine;2.6;23880
30147;Lézan;3.7;19700
22127;Lézardrieux;4.6;23020
9167;Lézat-sur-Lèze;3.6;21870
79148;Lezay;3.4;20560
59346;Lezennes;9.7;25880
52288;Lezéville;1.1;19900
57399;Lezey;3.4;
65271;Lézignan;3.3;23060
11203;Lézignan-Corbières;3.4;19390
34136;Lézignan-la-Cèbe;4.6;20790
42122;Lézigneux;2.2;26250
89223;Lézinnes;4.8;22330
63195;Lezoux;3.2;22650
60359;Lhéraule;2.3;25930
31299;Lherm;3.4;25030
46171;Lherm;2.8;19090
51321;Lhéry;3.1;
65272;Lhez;1.6;
86131;Lhommaizé;2.7;22810
72161;Lhomme;2.9;20960
57410;Lhor;2.5;19940
79149;Lhoumois;3.5;19330
1216;Lhuis;1.2;24130
10195;Lhuître;3;22870
2427;Lhuys;2.2;20630
65273;Liac;4.1;20800
60360;Liancourt;2.8;21030
80473;Liancourt-Fosse;4.3;21780
60361;Liancourt-Saint-Pierre;1.5;25740
8254;Liart;2;20090
32210;Lias;3.2;27200
32211;Lias-d'Armagnac;2.3;19790
34137;Liausson;1.2;19820
65274;Libaros;3.6;19250
62907;Libercourt;4.2;18470
60362;Libermont;3.6;20520
33243;Libourne;4.9;20860
21348;Licey-sur-Vingeanne;3;
64340;Lichans-Sunhar;2.5;
16184;Lichères;3.9;
89224;Lichères-près-Aigremont;2.4;21560
89225;Lichères-sur-Yonne;3.1;
64341;Lichos;3.9;22370
67265;Lichtenberg;2;23880
80474;Licourt;2.6;21140
64342;Licq-Athérey;2.5;23460
62506;Licques;1.1;20640
2428;Licy-Clignon;1.6;
57401;Lidrezing;2.3;
68183;Liebenswiller;1.7;38930
68184;Liebsdorf;2.3;31390
25335;Liebvillers;2;21260
57402;Liederschiedt;0.5;23960
70301;Lieffrans;4.3;
57403;Liéhon;2.7;24200
62507;Liencourt;2.3;22140
31300;Lieoux;2.5;21550
68185;Lièpvre;3.1;23180
80475;Liéramont;2.3;21430
80476;Liercourt;5.4;20640
62508;Lières;3.7;21010
21349;Liernais;1.3;21970
3144;Liernolles;1.9;20770
2429;Lierval;1.1;24400
60363;Lierville;1.7;27690
65275;Lies;2.4;
25336;Liesle;4.3;22040
2430;Liesse-Notre-Dame;2.3;20300
59347;Liessies;3.5;23010
50269;Liesville-sur-Douve;2.3;23430
62509;Liettres;3;21530
59348;Lieu-Saint-Amand;4.4;22450
6076;Lieuche;0;
70302;Lieucourt;1.8;
38211;Lieudieu;3;22330
9168;Lieurac;2.7;20050
34138;Lieuran-Cabrières;3;24640
34139;Lieuran-lès-Béziers;3.6;23340
27367;Lieurey;2.9;21380
35151;Lieuron;3.4;21480
50270;Lieusaint;3;23820
77251;Lieusaint;2.6;24290
15106;Lieutadès;0.8;17400
60364;Lieuvillers;3.3;25150
70303;Liévans;1.7;20540
62510;Liévin;4.5;17840
2431;Liez;2.6;21450
85123;Liez;2.5;22390
88269;Liézey;3.9;23050
88270;Liffol-le-Grand;3.8;20410
52289;Liffol-le-Petit;3.1;19390
35152;Liffré;4.1;25650
32212;Ligardes;1.9;22310
80477;Ligescourt;2.1;19920
19113;Liginiac;1.5;22010
86132;Liglet;2;18700
36094;Lignac;1.6;18620
11204;Lignairolles;1.3;
33244;Lignan-de-Bazas;3.2;21340
33245;Lignan-de-Bordeaux;2.9;27810
34140;Lignan-sur-Orb;4;23050
19114;Lignareix;2.9;23520
16185;Ligné;3.8;20410
44082;Ligné;2.6;24330
61225;Lignères;2;
62511;Lignereuil;2.8;22210
3145;Lignerolles;2.2;24080
21350;Lignerolles;1.4;
27368;Lignerolles;1.3;22780
36095;Lignerolles;2;19180
88271;Lignéville;3.5;24720
19115;Ligneyrac;3;23000
10196;Lignières;2.2;20020
18127;Lignières;1;20700
41115;Lignières;1.8;23430
80478;Lignières;3.9;20860
16186;Lignières-Ambleville;2;23200
80479;Lignières-Châtelain;3.1;21960
37128;Lignières-de-Touraine;4.2;22540
80480;Lignières-en-Vimeu;3;
53133;Lignières-Orgères;2.8;19630
55290;Lignières-sur-Aire;1.8;
56110;Lignol;3.1;20110
10197;Lignol-le-Château;3.1;24390
51322;Lignon;2.4;21650
89226;Lignorelles;2.1;30230
61227;Lignou;2;22580
55291;Ligny-en-Barrois;3.1;20330
71259;Ligny-en-Brionnais;2.3;23040
59349;Ligny-en-Cambrésis;3.3;20900
89227;Ligny-le-Châtel;2.7;23630
45182;Ligny-le-Ribault;2;26420
62512;Ligny-lès-Aire;2.5;22170
62514;Ligny-Saint-Flochel;5.1;21420
62513;Ligny-sur-Canche;3.2;21360
62515;Ligny-Thilloy;3.7;23140
37129;Ligré;3.3;22770
72163;Ligron;2.9;21720
68186;Ligsdorf;1.8;32700
37130;Ligueil;3.4;20560
33246;Ligueux;2.8;20130
86133;Ligugé;3.7;25710
80481;Lihons;5.2;19800
60365;Lihus;4.2;24570
31301;Lilhac;2;20380
59350;Lille;6.1;20520
76384;Lillebonne;2.4;19530
35153;Lillemer;5.2;21220
62516;Lillers;3.9;19500
27369;Lilly;2;
79150;Limalonges;4.8;20380
4104;Limans;3;18550
58142;Limanton;3.3;20080
69115;Limas;3.4;24720
78335;Limay;2.7;20170
9169;Limbrassac;1.4;19420
2432;Limé;3.3;22500
94044;Limeil-Brévannes;4;22550
64343;Limendous;3.6;23690
37131;Limeray;3.4;23020
67266;Limersheim;2.9;29440
56111;Limerzel;3.7;22160
76385;Limésy;3.5;24750
78337;Limetz-Villez;2.5;25330
24240;Limeuil;3.9;20300
18128;Limeux;0.9;25570
80482;Limeux;4.9;22000
54316;Limey-Remenauville;1.4;26420
24241;Limeyrat;2.9;21130
87085;Limoges;5.1;20590
77252;Limoges-Fourches;2.9;28520
46173;Limogne-en-Quercy;3;21190
3146;Limoise;3;21110
58143;Limon;3.1;21150
69116;Limonest;4.8;34510
63196;Limons;2.8;20900
59351;Limont-Fontaine;3.7;22650
7143;Limony;2.5;23460
91338;Limours;2.6;30560
11205;Limousis;1;21400
11206;Limoux;3.3;19790
76386;Limpiville;2.8;24520
46174;Linac;1.9;22690
23109;Linard-Malval;2.6;18900
87086;Linards;2.5;21470
16187;Linars;3.1;23800
91339;Linas;3.4;26350
8255;Linay;2.9;17060
86134;Linazay;4.4;19170
76387;Lindebeuf;2.9;23860
57404;Lindre-Basse;3.3;23740
57405;Lindre-Haute;3.3;
89228;Lindry;2.7;24770
70304;Linexert;3.1;21750
36096;Lingé;3.8;20290
50271;Lingeard;1.4;
14364;Lingèvres;2.6;25400
62517;Linghem;3.5;22610
67267;Lingolsheim;5;22260
2B143;Linguizzetta;0;18010
86135;Liniers;3.9;25580
36097;Liniez;1.7;22930
68187;Linsdorf;2.6;38220
59352;Linselles;3.6;25380
68188;Linthal;0.6;23740
51323;Linthelles;5.2;26990
51324;Linthes;4.3;24080
76388;Lintot;3.4;25500
76389;Lintot-les-Bois;3.9;23630
40155;Linxe;4.3;22380
55292;Liny-devant-Dun;0.7;21620
62518;Linzeux;3.6;20440
57406;Liocourt;5.4;25810
80484;Liomer;4.5;18610
55293;Lion-devant-Dun;1.6;22390
45183;Lion-en-Beauce;2;24480
45184;Lion-en-Sullias;2.1;22590
14365;Lion-sur-Mer;3;25200
24242;Liorac-sur-Louyre;1.7;22630
30148;Liouc;4.5;23960
19116;Liourdres;3.6;20440
84066;Lioux;2.3;21160
23110;Lioux-les-Monges;2.2;
40156;Liposthey;4.9;23240
67268;Lipsheim;5.8;28160
30149;Lirac;1.6;23780
10198;Lirey;1.8;23730
88272;Lironcourt;3.1;
54317;Lironville;1.5;22660
8256;Liry;0.8;
62519;Lisbourg;1.7;19040
14366;Lisieux;2.9;19440
24243;Lisle;1.1;20020
41116;Lisle;2;23720
55295;Lisle-en-Barrois;2.2;
81145;Lisle-sur-Tarn;3.5;22120
2433;Lislet;3.2;20650
14367;Lison;1.9;19890
14368;Lisores;1.6;21810
27370;Lisors;3.1;23320
9170;Lissac;3.1;22290
43122;Lissac;2.6;21800
46175;Lissac-et-Mouret;3.9;24220
19117;Lissac-sur-Couze;2.3;25320
18129;Lissay-Lochy;2.6;25040
51325;Lisse-en-Champagne;2.6;26910
91340;Lisses;3.3;26150
63197;Lisseuil;4.1;
55297;Lissey;3.5;18240
69117;Lissieu;5.3;33180
77253;Lissy;2.2;29310
33247;Listrac-de-Durèze;3.5;23370
33248;Listrac-Médoc;5.7;23550
40157;Lit-et-Mixe;2.6;24060
14369;Litteau;1.6;22040
67269;Littenheim;3.8;26430
60366;Litz;2.3;24850
14371;Livarot-Pays-d'Auge;1.9;20820
54318;Liverdun;2.2;24000
77254;Liverdy-en-Brie;1.6;29460
46176;Livernon;2.9;21880
81146;Livers-Cazelles;2.3;20180
53134;Livet;2.4;21970
72164;Livet-en-Saosnois;2.2;
38212;Livet-et-Gavet;3.1;21330
27371;Livet-sur-Authou;2;24570
95341;Livilliers;2.1;33270
12130;Livinhac-le-Haut;2.9;21530
53135;Livré-la-Touche;3.2;22060
35154;Livré-sur-Changeon;3.2;23320
64344;Livron;2.4;24790
26165;Livron-sur-Drôme;3.6;22630
58144;Livry;2.4;19660
93046;Livry-Gargan;3.2;21750
51326;Livry-Louvercy;5.1;24910
77255;Livry-sur-Seine;1.4;27370
67270;Lixhausen;4;27790
57407;Lixheim;4.3;22380
57408;Lixing-lès-Rouhling;4.5;23830
57409;Lixing-lès-Saint-Avold;2.8;24160
89229;Lixy;1.2;23790
82099;Lizac;1.9;21190
86136;Lizant;3.4;20590
36098;Lizeray;2;
23111;Lizières;3.2;21260
25338;Lizine;2.8;
77256;Lizines;2;23680
56112;Lizio;3.2;22310
65276;Lizos;2.3;22080
77257;Lizy-sur-Ourcq;1.9;19220
66099;Llauro;1.4;19530
66100;Llo;6;20090
66101;Llupia;2.4;23070
67271;Lobsann;4.3;26660
29126;Loc-Brévalaire;4;24120
29128;Loc-Eguiner;3.4;21750
22129;Loc-Envel;1.9;
22128;Locarn;3.9;18820
37133;Loché-sur-Indrois;1.4;20120
37132;Loches;4;21200
10199;Loches-sur-Ource;2.6;23870
67272;Lochwiller;4.2;24790
56113;Locmalo;2.1;21450
56114;Locmaria;4;23560
56115;Locmaria-Grand-Champ;4.7;23630
29130;Locmaria-Plouzané;3.5;27390
56116;Locmariaquer;2.7;25250
29131;Locmélar;2.8;21880
56117;Locminé;3.8;21630
56118;Locmiquélic;2.7;23560
56119;Locoal-Mendon;5.3;23900
62520;Locon;4.5;26330
60367;Loconville;0.8;24850
56120;Locqueltas;4.5;23480
29132;Locquénolé;3.4;26200
59353;Locquignol;3;22170
29133;Locquirec;2.5;25730
29134;Locronan;4.3;24240
29135;Loctudy;3.4;25170
29136;Locunolé;2.6;21780
3147;Loddes;1.9;18880
31302;Lodes;1.6;22510
34142;Lodève;3.3;18140
25339;Lods;2.6;21760
70305;Lœuilley;2.3;
59354;Loffre;3.8;27100
85125;Loge-Fougereuse;2.1;21120
68189;Logelheim;3.4;29610
77258;Lognes;3.6;22290
8257;Logny-Bogny;1.8;21900
2435;Logny-lès-Aubenton;4.2;
29137;Logonna-Daoulas;2.4;25940
30150;Logrian-Florian;5.2;22230
28211;Logron;2.7;23200
22131;Loguivy-Plougras;1.9;20750
35155;Lohéac;2.9;22060
64345;Lohitzun-Oyhercq;2.5;20090
67273;Lohr;2.3;22100
22132;Lohuec;2;18470
28212;Loigny-la-Bataille;1.4;25280
72262;Loir en Vallée;2.6;21600
49178;Loiré;2.5;20650
49307;Loire-Authion;3.9;24530
17205;Loire-les-Marais;4.2;23250
17206;Loiré-sur-Nie;2.8;20560
69118;Loire-sur-Rhône;2.1;24520
44213;Loireauxence;2;21590
53137;Loiron-Ruillé;2.5;23250
61229;Loisail;4;22410
55298;Loisey;2;23770
39295;Loisia;0.1;22520
73147;Loisieux;1.1;28110
74150;Loisin;2.3;37740
55299;Loison;2.4;20030
62523;Loison-sous-Lens;6.6;19240
62522;Loison-sur-Créquoise;2.7;21940
54320;Loisy;3.5;25110
71261;Loisy;2;22740
51327;Loisy-en-Brie;3.3;24450
51328;Loisy-sur-Marne;3.8;23710
51329;Loivre;2.3;26610
17207;Loix;4.8;26480
50276;Lolif;2.7;23740
24244;Lolme;0.8;18240
25340;Lombard;4;24280
39296;Lombard;4.7;22740
81147;Lombers;3.3;21980
32213;Lombez;5.9;22130
64346;Lombia;2.3;23940
65277;Lombrès;2.7;
45185;Lombreuil;2.1;24210
72165;Lombron;2.5;23220
57411;Lommerange;2.2;25040
78344;Lommoye;1.6;28180
65278;Lomné;0.3;
70306;Lomont;2.8;24500
25341;Lomont-sur-Crête;3.4;23500
1219;Lompnas;0.2;22500
59356;Lompret;3.6;34540
64347;Lonçon;3.6;24540
16189;Londigny;2.5;19240
76392;Londinières;3.3;20480
80486;Long;4.7;20030
31303;Longages;5;23810
35156;Longaulnay;2.6;23210
80487;Longavesnes;3.1;
21351;Longchamp;2.2;23990
52291;Longchamp;0.7;
88273;Longchamp;3.7;27460
88274;Longchamp-sous-Châtenois;3.7;
10203;Longchamp-sur-Aujon;2.5;22100
27372;Longchamps;2.5;22230
55301;Longchamps-sur-Aire;5;22460
39297;Longchaumois;0.5;29070
39298;Longcochon;2.8;
52292;Longeau-Percey;2.5;22390
21352;Longeault-Pluvault;3.1;24820
55300;Longeaux;2.6;23580
25342;Longechaux;4.1;
38213;Longechenal;3.1;24430
21353;Longecourt-en-Plaine;3.1;25430
21354;Longecourt-lès-Culêtre;6.3;
25343;Longemaison;4.3;24600
71262;Longepierre;2;20000
69119;Longes;0.8;23880
69120;Longessaigne;2.6;23030
70307;Longevelle;3.3;23320
25344;Longevelle-lès-Russey;0.8;
25345;Longevelle-sur-Doubs;3.6;24480
17208;Longèves;5.6;24300
85126;Longèves;3.1;23400
25346;Longeville;3;24390
55302;Longeville-en-Barrois;4.5;22840
57412;Longeville-lès-Metz;4.8;25800
57413;Longeville-lès-Saint-Avold;4.8;23860
85127;Longeville-sur-Mer;3.9;23710
10204;Longeville-sur-Mogne;1.6;20270
25348;Longevilles-Mont-d'Or;3;39190
62524;Longfossé;2.9;20670
91345;Longjumeau;2.2;23320
54321;Longlaville;2.1;21740
76393;Longmesnil;3.9;
72166;Longnes;3.1;22760
78346;Longnes;1.2;28230
61230;Longny les Villages;1.6;21310
77259;Longperrier;1.8;25180
2438;Longpont;2.8;23520
91347;Longpont-sur-Orge;2.3;28330
10205;Longpré-le-Sec;1.4;
80488;Longpré-les-Corps-Saints;3.6;20410
16190;Longré;2.6;19760
76394;Longroy;3.5;21890
10206;Longsols;2.8;24410
49180;Longué-Jumelles;2.7;20610
80489;Longueau;8;21450
76395;Longueil;3.8;22440
60368;Longueil-Annel;3.3;21700
60369;Longueil-Sainte-Marie;2.7;26590
49200;Longuenée-en-Anjou;3.8;24930
62525;Longuenesse;3.9;19380
76396;Longuerue;4.1;25540
14377;Longues-sur-Mer;2.5;22900
95348;Longuesse;2.3;30550
80490;Longueval;3.3;22680
14378;Longueville;3.4;22110
47150;Longueville;3;21240
50277;Longueville;5.9;27000
62526;Longueville;2.8;22800
77260;Longueville;2.2;20250
10207;Longueville-sur-Aube;2.3;26270
76397;Longueville-sur-Scie;3.6;20870
80491;Longuevillette;2.9;
54322;Longuyon;3.4;20750
21355;Longvic;6.5;21840
14379;Longvillers;3.8;23300
62527;Longvilliers;3.9;20410
78349;Longvilliers;3.3;34010
8259;Longwé;6.9;
54323;Longwy;2.7;18650
39299;Longwy-sur-le-Doubs;2.6;21270
61232;Lonlay-l'Abbaye;2.2;21180
61233;Lonlay-le-Tesson;2.6;21490
16191;Lonnes;3.2;21610
8260;Lonny;4.4;23720
61234;Lonrai;2.5;25070
64348;Lons;4.5;24490
39300;Lons-le-Saunier;4.5;20580
17209;Lonzac;3.6;24440
59358;Looberghe;2.8;22480
59359;Loon-Plage;2.9;21880
59360;Loos;3.1;19610
62528;Loos-en-Gohelle;5.9;20350
89230;Looze;1.6;24600
29139;Lopérec;2.5;21920
29140;Loperhet;4.7;26590
2A144;Lopigna;0;
29141;Loqueffret;0.9;18010
2440;Lor;3;21380
25349;Loray;4.4;27090
15107;Lorcières;2;18110
45186;Lorcy;1.2;22170
9171;Lordat;2.1;
67274;Lorentzen;4;21680
2B145;Loreto-di-Casinca;4.4;15600
2A146;Loreto-di-Tallano;0;
42123;Lorette;3.9;21450
79014;Loretz-d'Argenton;3.4;20010
41118;Loreux;2.5;22780
54324;Lorey;2;
41119;Lorges;1.5;22280
62529;Lorgies;5.6;28250
83072;Lorgues;3.8;23200
56121;Lorient;4.4;20860
3148;Loriges;3.9;21710
17210;Lorignac;2.6;20070
79152;Lorigné;2.1;20290
84067;Loriol-du-Comtat;3;24450
26166;Loriol-sur-Drôme;2.9;21560
43123;Lorlanges;6.3;22860
27373;Lorleau;2.9;21680
60370;Lormaison;0.9;24390
28213;Lormaye;2;25270
58145;Lormes;3.4;21250
33249;Lormont;8.3;18200
74151;Lornay;2;25060
54325;Loromontzey;2.4;
9289;Lorp-Sentaraille;3.8;22190
57414;Lorquin;3.5;23250
77261;Lorrez-le-Bocage-Préaux;0.9;23490
45187;Lorris;1.5;21630
57415;Lorry-lès-Metz;3.2;31000
57416;Lorry-Mardigny;3.6;25360
65279;Lortet;2.7;22630
66104;Los Masos;2.7;20530
22133;Loscouët-sur-Meu;3.2;23170
21356;Losne;3.9;22160
40158;Losse;0;18590
19119;Lostanges;3.9;19520
57417;Lostroff;3;
29142;Lothey;3.3;22870
62530;Lottinghen;1.7;21160
72167;Louailles;2.9;22180
77262;Louan-Villegruis-Fontaine;0.6;23160
22134;Louannec;4.6;26670
37134;Louans;2.4;23280
22135;Louargat;2.8;21470
2441;Louâtre;1.6;24490
65280;Loubajac;4;22450
7144;Loubaresse;0;
9172;Loubaut;2.4;
32214;Loubédat;4.2;24050
24245;Loubejac;2.7;17580
9173;Loubens;3.9;22390
33250;Loubens;3.4;21040
31304;Loubens-Lauragais;2.3;26040
81148;Loubers;3;
32215;Loubersan;4.6;20550
47151;Loubès-Bernac;1.3;19470
63198;Loubeyrat;2.6;25440
64349;Loubieng;2.5;23420
9174;Loubières;6.1;23670
79153;Loubigné;1.8;18900
79154;Loubillé;2.1;17660
46177;Loubressac;2.2;23950
14380;Loucelles;4.4;25320
33251;Louchats;3.5;24260
62531;Louches;1.8;22390
3149;Louchy-Montfand;3.6;23390
65281;Loucrup;3.2;22290
22136;Loudéac;3.4;21810
65282;Loudenvielle;5.1;21760
65283;Loudervielle;6.5;
43124;Loudes;2.3;22080
31305;Loudet;1.4;22040
57418;Loudrefing;4.2;20210
86137;Loudun;2.5;20070
72168;Loué;3.8;21090
40159;Louer;3.1;24230
21357;Louesme;2.1;23630
60371;Loueuse;2.4;23870
65284;Louey;3.2;25300
61237;Lougé-sur-Maire;2.7;21790
47152;Lougratte;2.9;18970
25350;Lougres;3.5;23800
71263;Louhans;2.4;21130
64350;Louhossoa;3.7;23730
19120;Louignac;1.7;21180
79156;Louin;4;20430
44085;Louisfert;2.9;21600
65285;Louit;1.8;24430
70309;Loulans-Verchamp;3.6;24080
17211;Loulay;2.4;20670
39301;Loulle;2.9;22890
2442;Loupeigne;3.2;
57419;Loupershouse;4.4;24950
33252;Loupes;3.1;26610
53139;Loupfougères;2.3;20890
11207;Loupia;2.4;20480
33253;Loupiac;4.8;21940
46178;Loupiac;3.1;22780
81149;Loupiac;2.3;24060
33254;Loupiac-de-la-Réole;3.6;21100
34143;Loupian;4.5;21680
72169;Louplande;2.1;24470
55303;Loupmont;1;
55304;Louppy-le-Château;3.6;24530
55306;Louppy-sur-Loison;2.9;22580
59361;Lourches;5;15820
31306;Lourde;1.9;22870
65286;Lourdes;5.1;18810
64351;Lourdios-Ichère;3.8;
36099;Lourdoueix-Saint-Michel;1.9;17410
23112;Lourdoueix-Saint-Pierre;2.5;20090
64352;Lourenties;2.4;23860
65287;Loures-Barousse;3.2;20020
49182;Louresse-Rochemenier;3.1;23250
35159;Lourmais;3.3;23710
84068;Lourmarin;3.2;26220
71264;Lournand;3.4;26080
36100;Lourouer-Saint-Laurent;2;22920
3150;Louroux-Bourbonnais;1.2;20420
3151;Louroux-de-Beaune;2.8;21050
3152;Louroux-de-Bouble;0.9;20790
40160;Lourquen;2.7;24850
32216;Lourties-Monbrun;3.8;23450
45188;Loury;1.8;25260
32217;Louslitges;2.3;
32218;Loussous-Débat;3.2;
35160;Loutehel;3.7;21090
57421;Loutzviller;0.5;21520
14381;Louvagny;3.4;
39302;Louvatange;4.4;28800
78350;Louveciennes;4.1;36060
52294;Louvemont;1.8;21140
55307;Louvemont-Côte-du-Poivre;N/A - résultat non disponible;
80493;Louvencourt;3.2;19670
53140;Louverné;4;23940
27374;Louversey;1.4;24590
76398;Louvetot;4.4;24120
64353;Louvie-Juzon;5.8;22940
64354;Louvie-Soubiron;5.4;21210
52295;Louvières;2.2;20980
61238;Louvières-en-Auge;1.4;
27375;Louviers;3.4;20030
53141;Louvigné;1.8;23130
35161;Louvigné-de-Bais;3.3;23320
35162;Louvigné-du-Désert;2;20580
59363;Louvignies-Quesnoy;3.5;23670
14383;Louvigny;7;25630
57422;Louvigny;2.7;26670
64355;Louvigny;3.4;21600
72170;Louvigny;1.9;20950
59364;Louvil;4.2;31920
28215;Louville-la-Chenard;1.5;25430
28216;Louvilliers-en-Drouais;1.8;26220
28217;Louvilliers-lès-Perche;2.8;21630
80494;Louvrechy;3.6;23480
95351;Louvres;2;22430
59365;Louvroil;3.9;15180
27376;Louye;1.7;25670
16193;Louzac-Saint-André;3.2;23980
72171;Louzes;2.1;22450
17212;Louzignac;2.8;23070
45189;Louzouer;1;24940
79157;Louzy;3.8;22190
74152;Lovagny;2.7;33180
56122;Loyat;2.9;21060
18130;Loye-sur-Arnon;1.4;20160
1224;Loyettes;2.7;23420
69121;Lozanne;4.2;26930
17213;Lozay;2.2;19230
82100;Loze;4.6;20310
62532;Lozinghem;3.7;21060
2B147;Lozzi;0;20710
36101;Luant;2.3;23860
40161;Lubbon;0.8;
57423;Lubécourt;4.5;
19121;Lubersac;3.2;21680
54326;Lubey;2.3;22880
43125;Lubilhac;0.6;
88275;Lubine;0.9;20390
37137;Lublé;2.7;18270
65288;Lubret-Saint-Luc;4.1;
65289;Luby-Betmont;3.4;
48086;Luc;0.8;16760
65290;Luc;2.2;22370
64356;Luc-Armau;2.8;
26167;Luc-en-Diois;2.6;17840
12133;Luc-la-Primaube;5;24070
11209;Luc-sur-Aude;2.5;19590
14384;Luc-sur-Mer;3;26180
11210;Luc-sur-Orbieu;3.5;20630
64357;Lucarré;1.6;
36102;Luçay-le-Libre;1.4;18210
36103;Luçay-le-Mâle;2.7;20110
40162;Lucbardez-et-Bargues;3.7;23190
2B148;Lucciana;4.5;20920
28218;Lucé;3.1;19390
72174;Lucé-sous-Ballon;2.3;
72173;Luceau;2.1;22570
68190;Lucelle;0.3;
69122;Lucenay;3.4;28690
71266;Lucenay-l'Évêque;1.3;19590
21358;Lucenay-le-Duc;2.9;21060
58146;Lucenay-lès-Aix;3.2;19720
6077;Lucéram;1.5;22070
21359;Lucey;1.3;
54327;Lucey;3;24600
73149;Lucey;3.6;24820
64358;Lucgarier;3.3;26700
86138;Luchapt;3.4;17780
17214;Luchat;4.9;23070
72175;Luché-Pringé;2.4;21650
79158;Luché-sur-Brioux;3.1;22630
79159;Luché-Thouarsais;2;21310
80495;Lucheux;3;20290
60372;Luchy;2.5;24870
74153;Lucinges;2;41290
33255;Lucmau;4.1;21300
85128;Luçon;3.4;21510
64359;Lucq-de-Béarn;3.7;22210
8262;Lucquy;3.3;21230
57424;Lucy;3.5;23400
76399;Lucy;3.3;23140
2443;Lucy-le-Bocage;2.1;26090
89232;Lucy-le-Bois;2.9;21700
89233;Lucy-sur-Cure;1.2;18260
89234;Lucy-sur-Yonne;2.9;21510
51333;Ludes;4.9;28910
63199;Ludesse;2;24310
9175;Ludiès;3.8;
33256;Ludon-Médoc;3.1;25760
54328;Ludres;6.5;27240
40163;Lüe;4.3;21170
68191;Luemschwiller;2.5;27900
46179;Lugagnac;2.2;22490
65291;Lugagnan;5.4;21740
33257;Lugaignac;4.5;23870
12134;Lugan;4;22390
81150;Lugan;3.3;28100
15110;Lugarde;1.7;23620
33258;Lugasson;3.7;20550
40165;Luglon;5;22650
2444;Lugny;3.4;20060
71267;Lugny;2.2;23980
18132;Lugny-Champagne;0.9;27620
71268;Lugny-lès-Charolles;3.6;24440
2B149;Lugo-di-Nazza;0;
33259;Lugon-et-l'Île-du-Carnay;3.1;22730
33260;Lugos;2.5;23960
74154;Lugrin;2.5;33530
62533;Lugy;2.2;17140
28219;Luigny;2.2;21480
28220;Luisant;3.5;25250
77263;Luisetaines;1.2;24560
35163;Luitré-Dompierre;2.3;22130
74155;Lullin;2.6;27680
74156;Lully;1.6;35310
38214;Lumbin;3;29870
62534;Lumbres;1.6;19780
28221;Lumeau;1.7;25540
8263;Lumes;5.7;22730
77264;Lumigny-Nesles-Ormeaux;2.3;28250
2B150;Lumio;5.5;24240
12135;Lunac;1.9;19490
46180;Lunan;3.5;25050
24246;Lunas;1.6;22180
34144;Lunas-les-Châteaux;2.6;20560
41120;Lunay;2.1;23400
3154;Luneau;1.7;19280
46181;Lunegarde;2.5;
34145;Lunel;4.5;19600
34146;Lunel-Viel;4.5;21680
76400;Luneray;3.5;22490
18133;Lunery;2.1;21130
54329;Lunéville;5.4;19480
54330;Lupcourt;5.3;31810
42124;Lupé;3;24780
23113;Lupersat;1.2;18160
32219;Lupiac;1.4;17860
28222;Luplanté;1.6;24580
32220;Luppé-Violles;3.4;21670
57425;Luppy;2.8;26050
16194;Lupsault;2.5;21010
67275;Lupstein;4.2;25340
65292;Luquet;2.5;23560
36104;Lurais;3.7;21940
28223;Luray;2.4;23950
64360;Lurbe-Saint-Christau;5.1;20410
1225;Lurcy;1.9;28430
58147;Lurcy-le-Bourg;2.5;20240
3155;Lurcy-Lévis;2.1;20010
70310;Lure;3.2;19500
42125;Luré;2.3;21130
36105;Lureuil;3.9;18600
2B152;Luri;5.2;21080
42126;Luriecq;3.2;23100
4106;Lurs;3.4;23840
18134;Lury-sur-Arnon;1.4;21820
26168;Lus-la-Croix-Haute;3.8;19400
44086;Lusanger;1.9;21180
31308;Luscan;2.4;
24247;Lusignac;2;20440
86139;Lusignan;4;21730
47154;Lusignan-Petit;4.2;24850
3156;Lusigny;4.4;22870
10209;Lusigny-sur-Barse;2.4;24050
21360;Lusigny-sur-Ouche;3.1;
16195;Lussac;2.8;19540
17215;Lussac;3.5;
33261;Lussac;3.2;21680
86140;Lussac-les-Châteaux;3.2;20900
87087;Lussac-les-Églises;0.4;18100
40166;Lussagnet;3;
64361;Lussagnet-Lusson;2.8;22850
30151;Lussan;1.2;22930
32221;Lussan;2.4;23650
31309;Lussan-Adeilhac;1.2;25170
17216;Lussant;4.1;21380
7145;Lussas;2.3;23940
24248;Lussas-et-Nontronneau;1.7;20130
23114;Lussat;3.1;20180
63200;Lussat;4.1;25170
37138;Lussault-sur-Loire;4.3;25500
88276;Lusse;3.1;20350
79160;Lusseray;2.9;24770
65293;Lustar;3.5;
58148;Luthenay-Uxeloup;0.6;23400
65294;Lutilhous;2.1;24650
57426;Luttange;1.3;26810
68193;Luttenbach-près-Munster;4.1;23550
68194;Lutter;1.9;33030
68195;Lutterbach;5.2;23660
57427;Lutzelbourg;4.4;22910
67276;Lutzelhouse;5.2;25590
88277;Luvigny;1.2;18560
21361;Lux;4.9;24970
31310;Lux;4.5;24400
71269;Lux;5;22670
16196;Luxé;3.8;19950
64362;Luxe-Sumberraute;3.5;23350
51334;Luxémont-et-Villotte;3.9;22670
70311;Luxeuil-les-Bains;3.7;18770
40167;Luxey;2.2;20680
25354;Luxiol;6.6;20710
10210;Luyères;1.7;25220
37139;Luynes;3.6;25790
65295;Luz-Saint-Sauveur;5.6;20650
77265;Luzancy;1.9;24780
95352;Luzarches;2.8;28090
79161;Luzay;3.6;23220
70312;Luze;2.1;25900
37140;Luzé;1.9;19920
46182;Luzech;3.3;22350
9176;Luzenac;3.9;22200
36106;Luzeret;1.7;17190
63201;Luzillat;3;22320
37141;Luzillé;3.1;22650
38215;Luzinay;2.2;29020
2445;Luzoir;2.8;21120
58149;Luzy;6.4;20270
55310;Luzy-Saint-Martin;2.6;22050
52297;Luzy-sur-Marne;2.8;26570
2446;Ly-Fontaine;2.8;23530
7146;Lyas;1.6;24550
74157;Lyaud;2.1;31520
36107;Lye;3;20970
59366;Lynde;3.9;23860
70313;Lyoffans;3.9;22710
69123;Lyon;4.6;25430
27377;Lyons-la-Forêt;2.7;22080
58150;Lys;1.8;21100
64363;Lys;2.3;19110
49373;Lys-Haut-Layon;3.9;21190
59367;Lys-lez-Lannoy;4.2;22400
36108;Lys-Saint-Georges;4.1;23060
97613;M'Tsangamouji;NA;
2447;Maast-et-Violaine;2;20230
52298;Maâtz;3.3;
42127;Mably;3.5;21680
33262;Macau;3.6;23950
64364;Macaye;2.6;23020
61240;Macé;3.1;22460
10211;Macey;2;27200
8264;Machault;3.1;21660
77266;Machault;1.8;27190
85130;Maché;1.7;22590
44087;Machecoul-Saint-Même;2.4;22310
2448;Mâchecourt;1.5;20690
60373;Machemont;2.3;24740
57428;Macheren;3.5;23900
42128;Machézal;3.5;21010
80496;Machiel;3.3;19220
74158;Machilly;2.4;35170
10212;Machy;1.7;20620
80497;Machy;3.9;22950
67277;Mackenheim;4;24960
67278;Mackwiller;2.5;22810
42129;Maclas;2.9;23600
2449;Macogny;1.8;
71270;Mâcon;4;19320
88278;Maconcourt;3.8;
21362;Maconge;4.2;23290
39306;Macornay;2.8;25510
97215;Macouba;1;16440
97305;Macouria;2.1;
17217;Macqueville;2.1;21020
2450;Macquigny;4;18980
47155;Madaillan;3.4;26260
88279;Madecourt;2.2;
88280;Madegney;2.4;25310
15111;Madic;4.2;20930
9177;Madière;0.5;21910
33263;Madirac;3;25350
65296;Madiran;2.3;21120
88281;Madonne-et-Lamerey;2.8;22710
19122;Madranges;1.4;22680
53142;Madré;2.8;21590
63202;Madriat;4.3;20070
22137;Maël-Carhaix;4.7;20320
22138;Maël-Pestivien;1.4;17520
35257;Maen Roch;3.7;22080
67279;Maennolsheim;4.5;27380
95353;Maffliers;2.4;28980
51336;Maffrécourt;1.9;
34147;Magalas;3.3;21650
51663;Magenta;4.4;21820
40168;Magescq;3.9;22580
74159;Magland;3.6;24760
87088;Magnac-Bourg;3.4;22680
87089;Magnac-Laval;2.6;20200
16198;Magnac-lès-Gardes;2;21160
16199;Magnac-sur-Touvre;3.4;24270
32222;Magnan;2.9;23370
10213;Magnant;2.5;22870
78354;Magnanville;2.9;24580
32223;Magnas;4.8;
23115;Magnat-l'Étrange;0.6;19460
79162;Magné;2.9;26170
86141;Magné;2.4;23000
3157;Magnet;2.6;22400
51337;Magneux;2.9;24700
52300;Magneux;2;21880
42130;Magneux-Haute-Rive;3.3;24100
50285;Magneville;2.5;22820
10214;Magnicourt;2.3;
62536;Magnicourt-en-Comte;3.2;22380
62537;Magnicourt-sur-Canche;4.1;
21363;Magnien;3.7;23690
54331;Magnières;3.1;21930
1227;Magnieu;4;25450
70314;Magnivray;3.5;19680
70315;Magnoncourt;2.7;20130
28225;Magny;1.5;23860
68196;Magny;2.1;24570
89235;Magny;4.8;24060
25355;Magny-Châtelard;2.2;
58152;Magny-Cours;2.5;23590
70318;Magny-Danigon;2.8;21890
14385;Magny-en-Bessin;3.3;24320
95355;Magny-en-Vexin;1.8;23850
10215;Magny-Fouchard;2.4;21650
70319;Magny-Jobert;3.9;23090
2451;Magny-la-Fosse;2.9;20670
21365;Magny-la-Ville;2.3;
21364;Magny-Lambert;3.2;
61243;Magny-le-Désert;2.3;22820
77268;Magny-le-Hongre;1.8;29460
21366;Magny-lès-Aubigny;2.9;26020
78356;Magny-les-Hameaux;2.5;28610
70320;Magny-lès-Jussey;4.2;
21368;Magny-lès-Villers;4.1;29140
58153;Magny-Lormes;3.8;
21367;Magny-Montarlot;2.3;24110
21369;Magny-Saint-Médard;2.7;26370
21370;Magny-sur-Tille;3.6;26450
70321;Magny-Vernois;3.2;24030
22139;Magoar;1.3;
11211;Magrie;2.6;21150
81151;Magrin;1.9;21700
68197;Magstatt-le-Bas;2.4;36090
68198;Magstatt-le-Haut;1.5;37710
29143;Mahalon;6.1;22800
61244;Mahéru;2.2;23760
25356;Maîche;3.4;27660
54332;Maidières;4.2;25420
32224;Maignaut-Tauzia;3.6;25150
72177;Maigné;2.7;22260
60374;Maignelay-Montigny;3.4;20950
11212;Mailhac;3.5;19200
87090;Mailhac-sur-Benaize;1.6;18870
81152;Mailhoc;2.6;23060
31312;Mailholas;2.6;
13052;Maillane;5.1;24450
40169;Maillas;1.8;19150
1228;Maillat;2.6;26830
37142;Maillé;3;20910
85132;Maillé;2.5;21260
86142;Maillé;4.9;20910
28226;Maillebois;2.5;23890
40170;Maillères;1.6;23300
70322;Mailleroncourt-Charette;2.2;22810
70323;Mailleroncourt-Saint-Pancras;3.3;22220
36110;Maillet;4.1;20790
70324;Mailley-et-Chazelot;2.8;23460
85133;Maillezais;3;21730
89236;Maillot;3.7;23040
71271;Mailly;1.1;22360
51338;Mailly-Champagne;5.5;26810
89237;Mailly-la-Ville;1.2;21340
10216;Mailly-le-Camp;0.7;20980
89238;Mailly-le-Château;1.5;20490
80498;Mailly-Maillet;3.4;21810
80499;Mailly-Raineval;2.8;22060
54333;Mailly-sur-Seille;2.8;23920
60375;Maimbeville;2.5;25340
77269;Maincy;1.5;27900
16200;Maine-de-Boixe;4.3;21890
59369;Maing;3.6;22970
27379;Mainneville;2.5;22660
23116;Mainsat;2;17910
62538;Maintenay;3.3;20690
28227;Maintenon;2.5;24930
57430;Mainvillers;3.3;24250
28229;Mainvilliers;3.5;20670
16153;Mainxe-Gondeville;3.3;24050
16203;Mainzac;2;21030
86143;Mairé;2;20600
79163;Mairé-Levescault;2.3;19260
59370;Mairieux;3.1;26820
54334;Mairy-Mainville;2.8;24240
51339;Mairy-sur-Marne;2.3;24910
44088;Maisdon-sur-Sèvre;3.1;23710
21372;Maisey-le-Duc;1.7;
80500;Maisnières;3;20570
62539;Maisnil;4.5;23070
62540;Maisnil-lès-Ruitz;4;21680
39307;Maisod;4.4;24710
10217;Maison-des-Champs;1.8;
23117;Maison-Feyne;2.1;21300
80501;Maison-Ponthieu;1.8;19580
80502;Maison-Roland;1.4;24110
77272;Maison-Rouge;2.7;25210
62541;Maisoncelle;2.3;21140
8268;Maisoncelle-et-Villers;2.2;
60376;Maisoncelle-Saint-Pierre;3.3;25190
60377;Maisoncelle-Tuilerie;4;22180
52301;Maisoncelles;1.5;
72178;Maisoncelles;1.4;20870
53143;Maisoncelles-du-Maine;1.9;23890
77270;Maisoncelles-en-Brie;1.9;28010
77271;Maisoncelles-en-Gâtinais;1.8;23160
14389;Maisoncelles-Pelvey;4;24920
14390;Maisoncelles-sur-Ajon;3.3;21730
18135;Maisonnais;1.7;19800
87091;Maisonnais-sur-Tardoire;2.6;18430
79164;Maisonnay;5;19480
86144;Maisonneuve;3;21900
23118;Maisonnisses;2.6;20000
11213;Maisons;0.8;
14391;Maisons;3.4;24930
28230;Maisons;1.8;24430
94046;Maisons-Alfort;4.5;28010
25357;Maisons-du-Bois-Lièvremont;2.1;29660
51340;Maisons-en-Champagne;2.7;24220
78358;Maisons-Laffitte;1.8;36990
10218;Maisons-lès-Chaource;1.7;21600
10219;Maisons-lès-Soulaines;3.5;
67280;Maisonsgoutte;3.4;23880
79165;Maisontiers;3.9;21010
91359;Maisse;2.2;25060
2452;Maissemy;2.5;24660
54335;Maixe;1.7;25730
55311;Maizeray;2.4;
57431;Maizeroy;4.1;28610
14393;Maizet;2.8;23350
55312;Maizey;3.4;23240
80503;Maizicourt;1.8;21580
14394;Maizières;4.4;22370
52302;Maizières;2.9;18380
54336;Maizières;2.1;26390
62542;Maizières;4.1;22330
70325;Maizières;3.5;23840
10220;Maizières-la-Grande-Paroisse;3.2;22670
10221;Maizières-lès-Brienne;4;21520
57433;Maizières-lès-Metz;6.4;21380
57434;Maizières-lès-Vic;3.2;20740
52303;Maizières-sur-Amance;1.8;22940
42131;Maizilly;2.2;20870
2453;Maizy;2.2;22110
4107;Majastres;0;
32225;Malabat;2.2;20340
1229;Malafretaz;1.9;24580
21373;Mâlain;3;24440
88283;Malaincourt;2.7;
52304;Malaincourt-sur-Meuse;0.7;
92046;Malakoff;3.5;25810
55313;Malancourt;1.3;
8269;Malandry;3.1;
39308;Malange;3;24670
25359;Malans;2.7;21570
70327;Malans;2.1;26820
56123;Malansac;3.5;22160
7147;Malarce-sur-la-Thines;1.2;14100
26169;Malataverne;3.4;25230
84069;Malaucène;3.9;21520
57436;Malaucourt-sur-Seille;5;23540
76402;Malaunay;4;22540
82101;Malause;2.9;19440
64365;Malaussanne;4.1;20680
6078;Malaussène;4.8;22380
63203;Malauzat;3.7;27450
54337;Malavillers;2.7;30270
71272;Malay;2.7;22760
89239;Malay-le-Grand;1.8;24140
89240;Malay-le-Petit;2.2;23370
15112;Malbo;0;15070
7148;Malbosc;1;17610
70328;Malbouhans;4.4;22310
25360;Malbrans;4.2;23290
25361;Malbuisson;2.6;35800
9178;Malegoude;2.1;
19123;Malemort;3.8;23090
84070;Malemort-du-Comtat;3;22740
56124;Malestroit;3.1;23020
12136;Maleville;3.5;21690
56125;Malguénac;1.9;23410
14037;Malherbe-sur-Ajon;3.1;23890
36111;Malicornay;2.7;21480
3159;Malicorne;3.1;21660
72179;Malicorne-sur-Sarthe;2.1;20820
21374;Maligny;5.6;23180
89242;Maligny;2.6;23850
4108;Malijai;3.2;21250
59372;Malincourt;3.2;21670
63204;Malintrat;3.8;24780
26170;Malissard;2.9;27020
4109;Mallefougasse-Augès;1.5;23980
54338;Malleloy;4.3;25710
4110;Mallemoisson;2.6;23800
13053;Mallemort;4.3;24230
9179;Malléon;3.1;
23119;Malleret;1.9;
23120;Malleret-Boussac;3.5;20550
42132;Malleval;3.3;25740
38216;Malleval-en-Vercors;0;
76403;Malleville-les-Grès;2.6;23570
27380;Malleville-sur-le-Bec;2.5;21940
85134;Mallièvre;1.8;25210
57437;Malling;2.8;28950
68199;Malmerspach;2.4;21770
51341;Malmy;1.3;
30153;Malons-et-Elze;1.5;
27381;Malouy;2.4;22040
80504;Malpart;3.5;
25362;Malpas;2.6;32800
11214;Malras;2.9;24050
43126;Malrevers;3.6;22500
57438;Malroy;3.8;29770
71273;Maltat;0.8;19000
14396;Maltot;6.1;26280
43127;Malvalette;1.4;24460
11215;Malves-en-Minervois;2.9;23170
31313;Malvezie;2.9;22750
43128;Malvières;3.1;18580
11216;Malviès;2.8;23580
44089;Malville;3.2;25080
70329;Malvillers;1.7;
54339;Malzéville;5.3;23270
2455;Malzy;2.8;22820
72180;Mamers;3;19510
62543;Mametz;3.4;21350
54340;Mamey;1.9;24820
25364;Mamirolle;4.8;26160
97611;Mamoudzou;NA;
97306;Mana;1.5;
26171;Manas;2.4;21250
32226;Manas-Bastanous;4.2;
25365;Mancenans;3.2;21910
25366;Mancenans-Lizerne;2.8;30950
71274;Mancey;3.1;24460
32227;Manciet;4.5;20270
31314;Mancioux;4.2;23860
51342;Mancy;3.1;27730
30154;Mandagout;1.5;19120
15113;Mandailles-Saint-Julien;1.7;19940
6079;Mandelieu-la-Napoule;5.5;24180
57439;Manderen-Ritzing;1.9;29240
25367;Mandeure;2.9;20330
27382;Mandeville;2.1;25950
14397;Mandeville-en-Bessin;3.3;23750
88284;Mandray;3.4;21950
27383;Mandres;2.6;23040
54343;Mandres-aux-Quatre-Tours;0.8;21640
55315;Mandres-en-Barrois;2.1;20030
52305;Mandres-la-Côte;2.6;21760
94047;Mandres-les-Roses;3.3;28200
88285;Mandres-sur-Vair;4.1;24150
70330;Mandrevillars;2.6;27540
30155;Manduel;3.6;22520
4111;Mane;4.2;21340
31315;Mane;3;21030
76404;Manéglise;4.6;28030
76405;Manéhouville;4.3;24470
32228;Manent-Montané;5.1;
14398;Manerbe;3.4;24940
55316;Mangiennes;3;21750
63205;Manglieu;1.3;22340
54344;Mangonville;2.4;24260
12137;Manhac;2.5;24030
55317;Manheulles;3;24070
57440;Manhoué;5.2;26900
2456;Manicamp;2.5;20770
74160;Manigod;3.3;25780
62544;Manin;3;25290
62545;Maninghem;1.9;20530
62546;Maninghen-Henne;5.9;29040
76406;Maniquerville;2.4;25010
21375;Manlay;1.5;20390
76407;Manneville-ès-Plains;3.9;24840
76408;Manneville-la-Goupil;3.4;25090
14399;Manneville-la-Pipard;4.1;26800
27384;Manneville-la-Raoult;2.6;25280
27385;Manneville-sur-Risle;3.3;24120
76409;Mannevillette;3.4;26260
40171;Mano;3.5;22190
52306;Manois;6.1;20380
57441;Manom;3.3;30140
54345;Manoncourt-en-Vermois;3.5;26860
54346;Manoncourt-en-Woëvre;1.9;24950
54348;Manonville;1.5;24830
54349;Manonviller;3.1;21380
4112;Manosque;4.3;21170
16205;Manot;3.9;18650
28232;Manou;3.3;22410
8271;Manre;0.1;23540
19124;Mansac;3;22020
65297;Mansan;1.6;
23122;Mansat-la-Courrière;4.1;
32229;Mansempuy;2.3;
32230;Mansencôme;3.4;
9180;Manses;1.9;21850
72182;Mansigné;1.8;21750
16206;Mansle-les-Fontaines;5;20020
2B153;Manso;0;23640
82102;Mansonville;2.8;19410
68200;Manspach;1.9;25310
40172;Mant;3.6;21750
22141;Mantallot;3.5;21170
1230;Mantenay-Montlin;2.2;21030
78361;Mantes-la-Jolie;2.8;17310
78362;Mantes-la-Ville;3.9;20040
66102;Mantet;0;
5075;Manteyer;5.2;22750
37143;Manthelan;3.3;22360
26172;Manthes;2.9;22250
61248;Mantilly;1.8;17800
70331;Mantoche;3;21700
39310;Mantry;4.4;23440
14401;Manvieux;2.8;23660
57442;Many;4;25110
24251;Manzac-sur-Vern;2.6;21460
63206;Manzat;2.3;21880
1231;Manziat;2.7;25260
52307;Marac;1.7;23900
88286;Marainville-sur-Madon;5.3;
54350;Marainviller;3.3;23140
27388;Marais-Vernier;1.3;22380
32231;Marambat;3.7;22380
21376;Marandeuil;2.4;24980
57443;Marange-Silvange;3.7;24080
57444;Marange-Zondrange;2.7;24190
17218;Marans;3.1;21500
33264;Maransin;2;21440
62547;Marant;3.5;
52308;Maranville;3.2;20160
8272;Maranwez;2.1;
70332;Marast;3.3;
63207;Marat;0.6;22690
34148;Maraussan;5;21930
32232;Maravat;2.3;
41122;Maray;1.6;20220
10222;Maraye-en-Othe;2.2;22270
54351;Marbache;5.3;23710
59374;Marbaix;3.9;24640
27389;Marbeuf;2.1;23210
52310;Marbéville;2.1;
27157;Marbois;1.3;22400
28233;Marboué;3;22630
1232;Marboz;2.9;24540
8273;Marby;3.3;
18136;Marçais;1.4;19280
37144;Marçay;2.6;22280
86145;Marçay;5.7;23240
49188;Marcé;2.9;22720
37145;Marcé-sur-Esves;3.4;23060
80507;Marcelcave;5.1;23690
74162;Marcellaz;3.6;37600
74161;Marcellaz-Albanais;2.4;28780
21377;Marcellois;2.4;
47156;Marcellus;3.3;21840
33266;Marcenais;2.9;22990
3160;Marcenat;3.5;22920
15114;Marcenat;2.5;20560
21378;Marcenay;3.8;22690
42133;Marcenod;0.7;24500
50288;Marcey-les-Grèves;3.5;23240
2457;Marchais;3;19640
1233;Marchamp;0.2;24140
69124;Marchampt;1.4;21820
15116;Marchastel;1.6;21890
48091;Marchastel;3.5;
25368;Marchaux-Chaudefontaine;6.8;24480
80508;Marché-Allouarde;3.5;
80509;Marchélepot-Misery;3.9;19610
61251;Marchemaisons;3.8;23660
77273;Marchémoret;2.8;27050
41123;Marchenoir;1.9;21480
33555;Marcheprime;2.8;25390
26173;Marches;2.9;25440
21379;Marcheseuil;1.1;22080
50289;Marchésieux;1.9;20750
28234;Marchéville;1.5;23880
55320;Marchéville-en-Woëvre;2.4;
28235;Marchezais;2.6;27950
59375;Marchiennes;4.9;23590
32233;Marciac;2.4;20390
38217;Marcieu;0.1;
73152;Marcieux;1.6;26050
71275;Marcigny;1.5;20640
21380;Marcigny-sous-Thil;3.1;
46183;Marcilhac-sur-Célé;1;17750
19125;Marcillac-la-Croisille;3.5;22280
19126;Marcillac-la-Croze;3.4;21940
16207;Marcillac-Lanville;4.2;21140
24252;Marcillac-Saint-Quentin;2.7;22350
12138;Marcillac-Vallon;3.1;23410
63208;Marcillat;1.7;23620
3161;Marcillat-en-Combraille;5.4;21440
79251;Marcillé;2.8;21750
53144;Marcillé-la-Ville;1.3;22190
35164;Marcillé-Raoul;3.1;21880
35165;Marcillé-Robert;3.4;22660
38218;Marcilloles;3;21930
50290;Marcilly;3.2;20550
77274;Marcilly;2.7;26100
69125;Marcilly-d'Azergues;4.2;30530
52311;Marcilly-en-Bassigny;1.1;21500
41124;Marcilly-en-Beauce;2.7;24180
41125;Marcilly-en-Gault;1.7;23440
45193;Marcilly-en-Villette;2.5;26690
21381;Marcilly-et-Dracy;2.7;
27390;Marcilly-la-Campagne;1.8;24130
71276;Marcilly-la-Gueurce;2.2;23420
42134;Marcilly-le-Châtel;3.7;23650
10223;Marcilly-le-Hayer;1;20340
71277;Marcilly-lès-Buxy;1.3;25760
21382;Marcilly-Ogny;0;23870
27391;Marcilly-sur-Eure;2.2;25340
37146;Marcilly-sur-Maulne;4;18320
51343;Marcilly-sur-Seine;2.8;21950
21383;Marcilly-sur-Tille;4.6;23850
37147;Marcilly-sur-Vienne;2.4;21410
62548;Marck;4.5;22600
67281;Marckolsheim;3.7;23300
42135;Marclopt;3.1;26760
59377;Marcoing;3.8;21630
15117;Marcolès;3.3;20290
38219;Marcollin;2;21810
7149;Marcols-les-Eaux;2.4;20840
72183;Marçon;2.7;20570
62550;Marconnelle;2.7;19850
11217;Marcorignan;4.8;22020
91363;Marcoussis;1.7;28880
4113;Marcoux;2.2;24140
42136;Marcoux;2.1;22740
8274;Marcq;5.3;20520
78364;Marcq;2.2;32540
59378;Marcq-en-Barœul;5.7;29490
59379;Marcq-en-Ostrevent;3.2;23170
2459;Marcy;2.6;30430
58156;Marcy;0.1;20430
69126;Marcy;4.7;30160
69127;Marcy-l'Étoile;4;29680
2460;Marcy-sous-Marle;3.7;20840
51344;Mardeuil;3.9;25200
45194;Mardié;2.3;26450
61252;Mardilly;2.7;22280
52312;Mardor;1.2;
45195;Mareau-aux-Bois;1.5;24820
45196;Mareau-aux-Prés;2.1;25770
72184;Mareil-en-Champagne;4.8;22770
95365;Mareil-en-France;3.1;28300
78366;Mareil-le-Guyon;2.5;35100
78367;Mareil-Marly;2.1;40010
72185;Mareil-sur-Loir;2.9;21560
78368;Mareil-sur-Mauldre;2;34440
52313;Mareilles;4;24810
62551;Marenla;2.8;22790
69281;Marennes;4.4;29440
17219;Marennes-Hiers-Brouage;3.9;21900
72186;Maresché;2.8;22300
59381;Maresches;3.8;25190
62552;Maresquel-Ecquemicourt;2.7;20800
62553;Marest;2.7;24350
2461;Marest-Dampcourt;2.7;22600
60378;Marest-sur-Matz;2.5;25310
32234;Marestaing;2.6;26890
80511;Marestmontiers;4;23390
62554;Maresville;4.7;
59382;Maretz;3.7;19200
63209;Mareugheol;2;23250
16208;Mareuil;2.3;23870
24253;Mareuil en Périgord;2.2;20410
80512;Mareuil-Caubert;5.9;21170
51345;Mareuil-en-Brie;1;23710
2462;Mareuil-en-Dôle;3.2;21480
60379;Mareuil-la-Motte;2;24210
51346;Mareuil-le-Port;4.1;22330
77276;Mareuil-lès-Meaux;2.6;26130
18137;Mareuil-sur-Arnon;1.6;22370
41126;Mareuil-sur-Cher;3.3;21970
85135;Mareuil-sur-Lay-Dissais;3;22110
60380;Mareuil-sur-Ourcq;1.4;23230
88287;Marey;3.3;
21384;Marey-lès-Fussey;2.8;
21385;Marey-sur-Tille;3.8;23910
51348;Marfaux;2.3;25200
2463;Marfontaine;2.6;
33268;Margaux-Cantenac;4.9;23770
74163;Margencel;3;32410
95369;Margency;2.7;31670
19128;Margerides;0.7;21910
42137;Margerie-Chantagret;2.4;23750
51349;Margerie-Hancourt;3.9;21060
26174;Margès;2.5;23500
2464;Margival;2.2;22820
8275;Margny;0.4;23460
51350;Margny;2.8;21380
60381;Margny-aux-Cerises;2.6;23220
60382;Margny-lès-Compiègne;4.5;23500
60383;Margny-sur-Matz;2.2;25390
34149;Margon;3.6;20560
32235;Margouët-Meymes;2.2;20740
50291;Margueray;2.5;21780
30156;Marguerittes;3.4;22560
33269;Margueron;2.8;20160
32236;Marguestau;1.8;
8276;Margut;3;19600
7150;Mariac;6;22990
80513;Maricourt;4.2;22650
6080;Marie;1.7;
57445;Marieulles;2.8;28890
80514;Marieux;4.5;24640
39312;Marigna-sur-Valouse;3.6;24850
17220;Marignac;4.3;22200
31316;Marignac;3.5;20820
82103;Marignac;4.1;23790
26175;Marignac-en-Diois;3.1;20920
31317;Marignac-Lasclares;2.7;22950
31318;Marignac-Laspeyres;3.6;25150
2A154;Marignana;0;
13054;Marignane;3.8;21690
72187;Marigné-Laillé;1.6;21140
53145;Marigné-Peuton;3.8;21990
74164;Marignier;3.3;26980
1234;Marignieu;3.6;23750
3162;Marigny;4.3;23890
39313;Marigny;1.6;26870
51351;Marigny;3.6;
71278;Marigny;2;26830
79166;Marigny;2.4;22090
86147;Marigny-Chemereau;4.3;22430
2465;Marigny-en-Orxois;1.2;22820
58157;Marigny-l'Église;0;22270
21386;Marigny-le-Cahouët;1.6;23780
10224;Marigny-le-Châtel;2.3;22390
50292;Marigny-Le-Lozon;2.4;22060
21387;Marigny-lès-Reullée;2.7;25920
45197;Marigny-les-Usages;1.9;27110
37148;Marigny-Marmande;1;19230
74165;Marigny-Saint-Marcel;5;28190
58159;Marigny-sur-Yonne;3.2;22330
16209;Marillac-le-Franc;3.2;22800
85136;Marillet;1.4;18500
33270;Marimbault;3.5;24430
57446;Marimont-lès-Bénestroff;3.8;
74166;Marin;3.1;30790
95370;Marines;1.1;26990
42138;Maringes;3.1;22430
63210;Maringues;2.7;21360
3163;Mariol;2.4;22640
33271;Marions;3.8;20600
97353;Maripasoula;0;
2467;Marizy-Saint-Mard;1.5;
2466;Marizy-Sainte-Geneviève;1.8;23910
2468;Marle;3.1;18670
8277;Marlemont;1.9;18130
67282;Marlenheim;3.8;25500
80515;Marlers;3.9;22520
77277;Marles-en-Brie;2;27010
62555;Marles-les-Mines;3.4;16840
62556;Marles-sur-Canche;4.1;22020
42139;Marlhes;3.6;24990
31319;Marliac;1.5;23320
21388;Marliens;3.3;25390
1235;Marlieux;2.4;22870
74168;Marlioz;2.1;38030
57447;Marly;4.6;27920
59383;Marly;6.1;19710
2469;Marly-Gomont;2.6;18610
95371;Marly-la-Ville;2.3;26550
78372;Marly-le-Roi;3.5;31270
71280;Marly-sous-Issy;5.1;
71281;Marly-sur-Arroux;2.4;22210
18138;Marmagne;2.8;25700
21389;Marmagne;4.6;24650
71282;Marmagne;2.2;22610
47157;Marmande;3.6;19840
15118;Marmanhac;2.7;22530
89244;Marmeaux;1.7;
46184;Marminiac;3.2;19030
47158;Marmont-Pachas;2;22860
67283;Marmoutier;4.1;22880
24254;Marnac;3.8;20960
38221;Marnans;1.2;22360
81154;Marnaves;3.7;
70334;Marnay;4.2;23800
71283;Marnay;2.3;23480
86148;Marnay;3.4;22990
52315;Marnay-sur-Marne;1.1;26600
10225;Marnay-sur-Seine;2.9;23620
74169;Marnaz;2.6;25900
79167;Marnes;2.7;23050
92047;Marnes-la-Coquette;3.1;41740
39314;Marnézia;3.5;
12139;Marnhagues-et-Latour;0;18410
39315;Marnoz;4.4;25410
62557;Marœuil;4.3;27110
59384;Maroilles;3.5;21600
14403;Marolles;3.2;22970
41128;Marolles;2.3;24320
51352;Marolles;3.7;21050
60385;Marolles;1.9;24010
91374;Marolles-en-Beauce;2.5;28080
77278;Marolles-en-Brie;2.6;25320
94048;Marolles-en-Brie;2.2;32140
91376;Marolles-en-Hurepoix;2.1;28330
10226;Marolles-lès-Bailly;2.7;23640
72189;Marolles-les-Braults;2.4;20160
28237;Marolles-les-Buis;1.8;22500
72190;Marolles-lès-Saint-Calais;1.2;24670
10227;Marolles-sous-Lignières;2.7;22590
77279;Marolles-sur-Seine;2.3;24000
72188;Marollette;2.5;22420
42140;Marols;2.8;23700
76410;Maromme;3.9;18590
54352;Maron;2.7;26720
36112;Mâron;2.3;22330
88288;Maroncourt;2.5;
40173;Marpaps;3;25000
59385;Marpent;3.9;19210
35166;Marpiré;3.3;24250
80516;Marquaix;3.1;21120
24255;Marquay;1.2;21670
62558;Marquay;4.2;22300
31320;Marquefave;5.1;24070
60386;Marquéglise;2.6;24580
11218;Marquein;4.3;
65298;Marquerie;1.2;
76411;Marques;2.6;22320
59387;Marquette-en-Ostrevant;3;20460
59386;Marquette-lez-Lille;8.3;24500
8278;Marquigny;3.4;
59388;Marquillies;4.5;26720
62559;Marquion;3.1;22940
62560;Marquise;5.3;20210
80517;Marquivillers;3.5;23470
66103;Marquixanes;3.5;18150
37149;Marray;1.2;23780
55321;Marre;2.5;25380
7151;Mars;6.8;17900
42141;Mars;2.1;22040
54353;Mars-la-Tour;2;24010
8279;Mars-sous-Bourcq;4.1;
58158;Mars-sur-Allier;1.7;22060
11219;Marsa;2.1;
16210;Marsac;2.6;23730
23124;Marsac;2;21260
65299;Marsac;3.7;22980
82104;Marsac;3;21620
63211;Marsac-en-Livradois;2.4;21150
44091;Marsac-sur-Don;2.6;21390
24256;Marsac-sur-l'Isle;3.9;22230
45198;Marsainvilliers;1.8;25120
17221;Marsais;2.5;21340
85137;Marsais-Sainte-Radégonde;2.8;22250
57448;Marsal;4.3;21050
24257;Marsalès;1.1;20830
32237;Marsan;3.8;23150
51353;Marsangis;2.4;
89245;Marsangy;1.8;25490
21390;Marsannay-la-Côte;4.8;23980
21391;Marsannay-le-Bois;3.8;28990
26176;Marsanne;3.1;26000
33272;Marsas;3.9;22670
65300;Marsas;1.2;
63212;Marsat;3.8;31560
26177;Marsaz;2.8;24710
32238;Marseillan;4.8;
34150;Marseillan;3.5;20880
65301;Marseillan;2.5;22740
13055;Marseille;5.1;20600
60387;Marseille-en-Beauvaisis;4.9;19270
18139;Marseilles-lès-Aubigny;1.1;21190
11220;Marseillette;2.9;20640
34151;Marsillargues;6.1;21260
17222;Marsilly;3.3;27760
57449;Marsilly;3.4;29180
32239;Marsolan;3.5;22210
51354;Marson;1.9;25410
55322;Marson-sur-Barboure;0.8;
1236;Marsonnas;2.2;24430
31321;Marsoulas;2.2;22870
81156;Marssac-sur-Tarn;4.7;24090
27392;Martagny;1.9;21570
71284;Martailly-lès-Brancion;2.6;23930
80518;Martainneville;4.1;21120
14404;Martainville;2;
27393;Martainville;3.4;23780
76412;Martainville-Épreville;3.4;25470
86149;Martaizé;2.8;21020
46185;Martel;3.7;22420
54354;Marthemont;1.3;
57451;Marthille;3.1;20780
73153;Marthod;1.4;25770
16211;Marthon;2.6;20730
12140;Martiel;3.1;21770
39318;Martigna;3.3;23940
30158;Martignargues;2.3;22730
33273;Martignas-sur-Jalle;2.9;27750
1237;Martignat;2.4;24590
35167;Martigné-Ferchaud;2.2;21020
53146;Martigné-sur-Mayenne;3.2;23650
2470;Martigny;2.9;18720
76413;Martigny;3.5;22850
2471;Martigny-Courpierre;1.8;22900
71285;Martigny-le-Comte;2.6;21140
88289;Martigny-les-Bains;2.9;21280
88290;Martigny-les-Gerbonvaux;2.2;19960
14405;Martigny-sur-l'Ante;3.6;23610
13056;Martigues;3.8;22570
33274;Martillac;3.4;28340
76414;Martin-Église;4.3;24570
54355;Martincourt;0.5;
60388;Martincourt;2.4;25400
55323;Martincourt-sur-Meuse;3.7;
85138;Martinet;1.7;22150
62561;Martinpuich;4.4;24310
50294;Martinvast;3.1;26850
88291;Martinvelle;3.3;21850
31322;Martisserre;4.2;
36113;Martizay;3.4;20840
27394;Martot;5.5;25720
33275;Martres;3.3;22730
31323;Martres-de-Rivière;3.4;22840
63215;Martres-sur-Morge;3.4;24230
31324;Martres-Tolosane;4.9;20830
12141;Martrin;0.8;16260
21392;Martrois;2.5;
30160;Maruéjols-lès-Gardon;3.4;19860
87092;Marval;1.8;18360
8280;Marvaux-Vieux;0.8;
48092;Marvejols;1.6;21730
25369;Marvelise;3.4;25650
55324;Marville;3;21170
28239;Marville-Moutiers-Brûlé;2.2;25790
71286;Mary;1;22930
77280;Mary-sur-Marne;1.8;24690
56126;Marzan;4.7;22960
81157;Marzens;2.7;26340
58160;Marzy;2.2;26090
13057;Mas-Blanc-des-Alpilles;4.3;26870
11222;Mas-Cabardès;0.8;19760
32241;Mas-d'Auvignon;3.3;22350
34152;Mas-de-Londres;2.9;25320
11223;Mas-des-Cours;2.2;
82105;Mas-Grenier;1.8;21950
48141;Mas-Saint-Chély;2.6;18970
11225;Mas-Saintes-Puelles;3.2;22130
64366;Mascaraàs-Haron;1.5;21870
32240;Mascaras;2.8;
65303;Mascaras;1.6;22920
31325;Mascarville;1.8;26380
46186;Masclat;3.9;19780
68201;Masevaux-Niederbruck;2.9;22640
64367;Maslacq;3.3;23170
87093;Masléon;3;21650
41129;Maslives;1.9;24090
59389;Masnières;3.8;20050
59390;Masny;3.1;18430
64368;Masparraute;2.7;19740
64369;Maspie-Lalonquère-Juillacq;1.6;20450
47160;Masquières;0.9;17660
31326;Massabrac;5.1;21010
11224;Massac;0;
17223;Massac;2.1;19670
81159;Massac-Séran;2.4;25530
81160;Massaguel;2.2;20890
81161;Massals;0.4;19730
30161;Massanes;3;20490
89246;Massangis;1.8;21120
9182;Massat;3.4;14390
18140;Massay;2.2;22240
48094;Massegros Causses Gorges;1.6;21490
33276;Masseilles;5.3;21850
47161;Massels;1;
44092;Massérac;1.4;19630
19129;Masseret;3;21120
32242;Masseube;4.5;20390
15119;Massiac;2.6;21420
38222;Massieu;2.7;24630
1238;Massieux;4.1;28590
51355;Massiges;0.3;
16212;Massignac;1.3;19590
1239;Massignieu-de-Rives;3.6;23900
30162;Massillargues-Attuech;2.3;21300
71287;Massilly;4;21860
21393;Massingy;3.1;21810
74170;Massingy;2.2;27300
21394;Massingy-lès-Semur;3.5;23300
21395;Massingy-lès-Vitteaux;2.7;
86150;Massognes;3.3;21570
6082;Massoins;7.2;23030
74171;Massongy;2;36790
47162;Massoulès;1.7;22460
33277;Massugas;2.7;19150
76415;Massy;5.5;21600
91377;Massy;3.5;24560
59391;Mastaing;3.4;22940
1240;Matafelon-Granges;1.2;24660
66105;Matemale;9;21100
17224;Matha;3.1;20730
10228;Mathaux;3;22250
25370;Mathay;5.2;24880
39319;Mathenay;4;21390
14407;Mathieu;6.2;32520
52316;Mathons;3.3;
76416;Mathonville;3.3;23390
51356;Matignicourt-Goncourt;3.4;24220
22143;Matignon;3.5;22920
80519;Matigny;2.2;20480
51357;Matougues;2.1;26300
71289;Matour;2.6;21500
97307;Matoury;2.2;
2B155;Matra;0;
62562;Matringhem;2.8;17910
88292;Mattaincourt;3.8;22330
54356;Mattexey;2.3;
8281;Matton-et-Clémency;2.5;19670
67285;Matzenheim;4;26940
38223;Maubec;2.9;28660
82106;Maubec;3.6;21570
84071;Maubec;3.3;25010
8282;Maubert-Fontaine;4.1;20010
59392;Maubeuge;4;16320
65304;Maubourguet;4;20470
91378;Mauchamps;2.5;30720
76417;Maucomble;4.2;22040
64370;Maucor;5.2;26970
60389;Maucourt;2.7;22910
80520;Maucourt;5;20530
55325;Maucourt-sur-Orne;3;
95379;Maudétour-en-Vexin;1.2;29620
49244;Mauges-sur-Loire;4.5;21900
34154;Mauguio;4.8;25140
55326;Maulan;2.9;21450
86151;Maulay;3.2;19310
59393;Maulde;4;23520
78380;Maule;2.2;29730
79079;Mauléon;1.9;21720
65305;Mauléon-Barousse;1;22140
32243;Mauléon-d'Armagnac;2;21950
64371;Mauléon-Licharre;3.2;20610
60390;Maulers;3.2;23580
78381;Maulette;2.1;28930
49192;Maulévrier;1.8;22950
76418;Maulévrier-Sainte-Gertrude;3.5;23170
32244;Maulichères;2.8;20950
82107;Maumusson;4;
32245;Maumusson-Laguian;2;20280
76419;Mauny;2.3;27410
10229;Maupas;1.5;
32246;Maupas;2.5;20320
77281;Mauperthuis;2.7;26400
50295;Maupertuis;2.3;21990
50296;Maupertus-sur-Mer;2;28180
86152;Mauprévoir;2.8;20990
76420;Mauquenchy;4.1;22360
31327;Mauran;3.8;21550
64372;Maure;2.2;
78382;Maurecourt;2.9;29740
77282;Mauregard;2.7;24730
2472;Mauregny-en-Haye;3.5;20880
34155;Maureilhan;5.3;22070
66106;Maureillas-las-Illas;3.4;21460
31328;Mauremont;5.1;27240
31329;Maurens;3.3;23940
32247;Maurens;3.2;25840
81162;Maurens-Scopont;2.1;25240
78383;Maurepas;2.6;26870
80521;Maurepas;2.5;21360
31330;Mauressac;4.2;24170
30163;Mauressargues;2.6;23660
31331;Maureville;2.5;26930
15120;Mauriac;4.4;21240
33278;Mauriac;4;25370
40174;Mauries;3.6;
15121;Maurines;0.8;
59394;Maurois;4.3;20410
56127;Mauron;3.1;21020
32248;Mauroux;2.5;20580
46187;Mauroux;2.1;21290
40175;Maurrin;3.7;24240
15122;Maurs;2.9;20720
51358;Maurupt-le-Montois;2.5;20050
66107;Maury;4.1;17280
2B156;Mausoléo;0;
19130;Maussac;5.2;23070
13058;Maussane-les-Alpilles;4.5;26190
70335;Maussans;2.9;
23127;Mautes;2.2;16400
55327;Mauvages;3.8;22180
31332;Mauvaisin;3.4;24670
7152;Mauves;3;23280
61255;Mauves-sur-Huisne;3.5;20720
44094;Mauves-sur-Loire;3.5;25880
31333;Mauvezin;2.9;
32249;Mauvezin;3.2;21410
65306;Mauvezin;1.9;26500
40176;Mauvezin-d'Armagnac;1.4;
9183;Mauvezin-de-Prat;1.8;
9184;Mauvezin-de-Sainte-Croix;1.3;
47163;Mauvezin-sur-Gupie;2.7;22190
36114;Mauvières;2.3;23470
21396;Mauvilly;0.5;
58161;Maux;2.6;18130
31334;Mauzac;6.4;25570
24260;Mauzac-et-Grand-Castang;2.6;21380
79170;Mauzé-sur-le-Mignon;4.1;21960
24261;Mauzens-et-Miremont;2.3;17590
63216;Mauzun;1.5;22510
41130;Maves;1.2;23180
21397;Mavilly-Mandelot;3.7;26260
35169;Maxent;3.8;22210
54357;Maxéville;7.1;17530
88293;Maxey-sur-Meuse;1.6;23120
55328;Maxey-sur-Vaise;4.4;20950
74172;Maxilly-sur-Léman;3.3;34950
21398;Maxilly-sur-Saône;1.6;21260
46188;Maxou;1.8;23400
57453;Maxstadt;2.2;23940
77283;May-en-Multien;1.5;24880
24262;Mayac;2;21680
53147;Mayenne;2.1;22450
72191;Mayet;2;21390
40177;Maylis;2.6;22420
39320;Maynal;1.9;23550
2473;Mayot;2.3;21250
46337;Mayrac;3.7;21220
12142;Mayran;1.3;24890
31335;Mayrègne;3.1;
7153;Mayres;0.6;19540
63218;Mayres;0.4;20580
38224;Mayres-Savel;1.6;
11226;Mayreville;2;
46189;Mayrinhac-Lentour;2.6;21000
11227;Mayronnes;5.4;
60391;Maysel;1.6;25730
81163;Mazamet;2.7;19140
84072;Mazan;3.6;23680
7154;Mazan-l'Abbaye;2.3;16970
41131;Mazangé;1.7;25140
83076;Mazaugues;1.6;22970
63219;Mazaye;7.1;23570
49194;Mazé-Milon;3.3;23560
23128;Mazeirat;2.3;23670
88294;Mazeley;2.9;23050
43131;Mazerat-Aurouze;2.2;19770
17226;Mazeray;3.4;22330
9185;Mazères;3.7;21990
33279;Mazères;5.1;23730
65307;Mazères-de-Neste;2.8;23020
64373;Mazères-Lezons;4.7;25060
31336;Mazères-sur-Salat;3.8;22380
3166;Mazerier;4.4;23360
8283;Mazerny;2.4;24940
16213;Mazerolles;2.7;20520
17227;Mazerolles;3.1;23250
40178;Mazerolles;3.3;27350
64374;Mazerolles;3.3;23870
65308;Mazerolles;4;
86153;Mazerolles;2.6;21470
11228;Mazerolles-du-Razès;1.2;19740
25371;Mazerolles-le-Salin;5.8;29270
54358;Mazerulles;3.8;23890
43130;Mazet-Saint-Voy;5.8;20940
86154;Mazeuil;2.3;21820
43132;Mazeyrat-d'Allier;4.1;22020
24263;Mazeyrolles;2.8;20310
37150;Mazières-de-Touraine;2.9;23420
79172;Mazières-en-Gâtine;2;21420
49195;Mazières-en-Mauges;3;23150
47164;Mazières-Naresse;2.7;19840
71290;Mazille;3.6;23260
62563;Mazingarbe;3.6;18360
62564;Mazinghem;3.6;24150
59395;Mazinghien;2.9;21880
33280;Mazion;3.9;19810
3167;Mazirat;1.9;21590
88295;Mazirot;4.3;23910
63220;Mazoires;0.7;17630
65309;Mazouau;2.9;
11229;Mazuby;1.2;
2B157;Mazzola;0;
4115;Méailles;3.2;18740
15123;Méallet;2.2;22140
23130;Méasnes;1.9;19800
28240;Meaucé;3.1;21650
3168;Meaulne-Vitray;2.4;21490
80523;Méaulte;4.3;23100
50298;Méautis;2.5;23360
77284;Meaux;2.7;20010
69130;Meaux-la-Montagne;1.1;24390
82108;Meauzac;2.4;22030
35170;Mecé;2.2;22250
46190;Mechmont;1.8;24220
57454;Mécleuves;3.3;29310
59396;Mecquignies;3;24280
55329;Mécrin;3.7;21170
51359;Mécringes;4;23460
78384;Médan;2.6;37290
61256;Médavy;3.2;22360
63221;Medeyrolles;2.3;23320
25372;Médière;3.8;20790
16215;Médillac;2.2;19670
17228;Médis;5.4;23160
88296;Médonville;1.5;
35171;Médréac;3.7;22310
53148;Mée;3.4;21270
40179;Mées;5.1;24700
57455;Mégange;2.7;21860
74173;Megève;6.1;24480
74174;Mégevette;2.3;27000
22145;Mégrit;2.7;21260
80524;Méharicourt;5;20670
64375;Méharin;1.8;20370
41132;Méhers;1.9;23410
54359;Méhoncourt;3.1;22700
61257;Méhoudin;2.8;20610
18141;Mehun-sur-Yèvre;2.1;22210
77286;Meigneux;1.2;27690
80525;Meigneux;3.1;25930
87094;Meilhac;2.9;23350
32250;Meilhan;3.7;
40180;Meilhan;4.3;23250
47165;Meilhan-sur-Garonne;3;20060
19131;Meilhards;2.5;19980
63222;Meilhaud;3.1;20880
35172;Meillac;3.8;21650
18142;Meillant;0.8;22270
3169;Meillard;1.5;21650
77287;Meilleray;1.7;21800
74175;Meillerie;1.5;30490
3170;Meillers;4.2;24080
64376;Meillon;4.5;24930
1241;Meillonnas;2.5;26000
21399;Meilly-sur-Rouvres;5.1;26100
57456;Meisenthal;1.9;23980
67286;Meistratzheim;5.1;26450
30164;Méjannes-le-Clap;1.5;21270
30165;Méjannes-lès-Alès;2.7;23290
2A158;Mela;3.9;
12143;Mélagues;0;
76421;Mélamare;3;26190
52318;Melay;2.6;18540
71291;Melay;1.3;21830
70336;Mélecey;3.2;20400
35173;Melesse;3.7;26600
29146;Melgven;5.1;23660
60392;Mélicocq;3.3;24940
27395;Mélicourt;1.5;
55330;Méligny-le-Grand;1.8;
55331;Méligny-le-Petit;0.8;
70337;Melin;2.7;
70338;Melincourt;3.2;22270
70339;Mélisey;4.3;20880
89247;Mélisey;2;22040
12144;Meljac;1.3;19770
29147;Mellac;4.2;23760
79174;Melle;4;21800
35174;Mellé;1.6;19790
71292;Mellecey;2.8;27770
79175;Melleran;1.9;18790
72193;Melleray;2.3;22350
45199;Melleroy;2.2;21610
31337;Melles;1.4;17810
76422;Melleville;2.8;21020
22146;Mellionnec;2.4;18280
60393;Mello;2;23410
21401;Meloisey;4.7;27700
56128;Melrand;1.7;20930
67287;Melsheim;3;25050
77288;Melun;2.2;19260
4118;Melve;2.2;19170
77289;Melz-sur-Seine;3.2;24570
70340;Membrey;3.5;22860
88297;Méménil;1.2;23490
67288;Memmelshoffen;3.5;26640
89248;Menades;4.5;
88298;Ménarmont;3.2;
41134;Menars;2.2;27980
63223;Menat;3;20210
55332;Menaucourt;2.4;22770
62565;Mencas;2.7;
67289;Menchhoffen;3.9;24880
48095;Mende;3.8;22980
64377;Mendionde;3;22190
64378;Menditte;3.7;20980
64379;Mendive;1.6;19980
56129;Ménéac;2.3;20130
84073;Ménerbes;2.1;22490
76423;Ménerval;3;19280
78385;Ménerville;1.6;28090
21402;Menesble;0.9;
80527;Méneslies;4;22670
24264;Ménesplet;2.8;21410
27396;Ménesqueville;3.8;23010
21403;Ménessaire;1.5;
58162;Menestreau;0.8;20390
45200;Ménestreau-en-Villette;2.5;27120
15124;Menet;2.1;21050
18143;Menetou-Couture;1.5;20640
18144;Menetou-Râtel;2.8;25010
18145;Menetou-Salon;1.8;23200
36115;Menetou-sur-Nahon;1.6;21530
18146;Ménétréol-sous-Sancerre;2.7;23060
18147;Ménétréol-sur-Sauldre;2.9;21350
36116;Ménétréols-sous-Vatan;1.6;21740
71293;Ménetreuil;0.8;21980
21404;Ménétreux-le-Pitois;2.4;23970
63224;Ménétrol;4.5;25140
39321;Menétru-le-Vignoble;2.6;28180
39322;Menétrux-en-Joux;2;
60394;Ménévillers;2.8;27240
26178;Menglon;3.1;21280
79176;Ménigoute;2.5;19990
53150;Ménil;2.1;23140
8286;Ménil-Annelles;4.6;
55333;Ménil-aux-Bois;3.6;
88300;Ménil-de-Senones;2.1;22260
88299;Ménil-en-Xaintois;3.4;23060
61263;Ménil-Erreux;2.7;23820
61264;Ménil-Froger;2.5;
61265;Ménil-Gondouin;2.7;21080
61267;Ménil-Hermei;2.8;22340
61268;Ménil-Hubert-en-Exmes;1.8;21730
61269;Ménil-Hubert-sur-Orne;2.9;22390
55334;Ménil-la-Horgne;5;22750
54360;Ménil-la-Tour;2.2;25690
8287;Ménil-Lépinois;2.6;28830
88301;Ménil-sur-Belvitte;4.3;21510
55335;Ménil-sur-Saulx;2.1;22760
61273;Ménil-Vin;2.8;
27397;Ménilles;1.1;24860
91386;Mennecy;2.6;27390
2474;Mennessis;3;21470
41135;Mennetou-sur-Cher;2.4;22460
27398;Menneval;3.2;23580
62566;Menneville;2.9;22650
2476;Mennevret;3.3;19330
52319;Mennouveaux;0;
19132;Ménoire;3.4;20170
85141;Menomblet;2.2;20410
90067;Menoncourt;3.6;27160
76424;Ménonval;5.3;21580
39323;Menotey;5;24110
58163;Menou;1;22630
95387;Menouville;1.2;
70341;Menoux;1.8;22460
38226;Mens;3.7;21620
24266;Mensignac;1.6;21770
57457;Menskirch;1.8;24910
76425;Mentheville;2.8;26000
74176;Menthon-Saint-Bernard;3.5;36250
74177;Menthonnex-en-Bornes;3.2;35220
74178;Menthonnex-sous-Clermont;0.9;28150
15125;Mentières;2.7;20130
6083;Menton;3.6;22590
62567;Mentque-Nortbécourt;1.7;22060
95388;Menucourt;2.6;25830
31338;Menville;3.7;28670
36118;Méobecq;2.1;20280
4161;Méolans-Revel;1.9;20160
83077;Méounes-lès-Montrieux;3.8;24130
41136;Mer;3;21860
64380;Méracq;3.1;21680
53151;Méral;2.7;21110
9186;Méras;3.8;
62568;Mercatel;4.4;23200
9187;Mercenac;3.4;23500
21405;Merceuil;3.4;25050
27399;Mercey;2;
25374;Mercey-le-Grand;5.3;23290
70342;Mercey-sur-Saône;3.5;18040
2477;Mercin-et-Vaux;3.5;25170
62569;Merck-Saint-Liévin;2.7;20480
59397;Merckeghem;2.1;24660
19133;Mercœur;3.7;18720
43133;Mercœur;0;18140
7155;Mercuer;2.4;23970
46191;Mercuès;4.2;21880
71294;Mercurey;3.3;25950
26179;Mercurol-Veaunes;3.4;26080
73154;Mercury;2.1;27330
9188;Mercus-Garrabet;4;21170
3171;Mercy;1.2;21340
89249;Mercy;2.3;
54362;Mercy-le-Bas;3.1;23530
54363;Mercy-le-Haut;2.6;22990
22147;Merdrignac;3.4;21690
78389;Méré;2.3;35020
89250;Méré;2.3;20350
18148;Méreau;1.8;24190
80528;Méréaucourt;1.7;
28242;Méréglise;2.1;23300
80529;Mérélessart;2.3;20570
32251;Mérens;1.2;
9189;Mérens-les-Vals;3.5;17550
31339;Mérenvielle;2.9;28330
5076;Méreuil;3.8;
54364;Méréville;4.4;28820
27400;Merey;1.5;27870
25376;Mérey-Vieilley;4.8;23170
51362;Merfy;4.1;30160
10230;Mergey;1.4;24980
2B159;Meria;5.1;
11230;Mérial;0;
62570;Méricourt;3.3;18630
78391;Méricourt;0.8;25780
80531;Méricourt-en-Vimeu;3.2;18690
80530;Méricourt-l'Abbé;4.9;23330
95392;Mériel;2.7;27430
34156;Mérifons;1.2;
16216;Mérignac;3.6;24040
17229;Mérignac;2.9;19060
33281;Mérignac;4.4;24770
33282;Mérignas;3.5;22040
1242;Mérignat;2.1;20070
59398;Mérignies;4.1;35880
36119;Mérigny;3.4;21600
9190;Mérigon;1.5;17830
65310;Mérilheu;4.6;21420
22148;Mérillac;2.2;20050
23131;Mérinchal;4;20110
84074;Mérindol;2.9;24150
26180;Mérindol-les-Oliviers;4;21820
45201;Mérinville;0.7;23450
64381;Méritein;2.8;23810
67290;Merkwiller-Pechelbronn;4.5;24750
38228;Merlas;1.8;23380
51363;Merlaut;2.9;24620
42142;Merle-Leignec;2.7;22690
22149;Merléac;1.2;20710
61275;Merlerault-le-Pin;2.9;19880
82109;Merles;2.7;22220
55336;Merles-sur-Loison;2.6;22470
56130;Merlevenez;4;23540
2478;Merlieux-et-Fouquerolles;3.1;21910
62571;Merlimont;7.3;23960
19134;Merlines;3.6;22130
35175;Mernel;2.3;22040
91393;Mérobert;1.8;25480
39324;Mérona;3.4;
28243;Mérouville;1.5;25990
90068;Meroux-Moval;4.4;26460
16217;Merpins;4.1;25300
52320;Merrey;3.2;
10232;Merrey-sur-Arce;3.1;24420
61276;Merri;3.4;23270
59399;Merris;5.4;25220
89251;Merry-la-Vallée;1.6;24340
89252;Merry-Sec;1.8;22350
89253;Merry-sur-Yonne;1;22290
80533;Mers-les-Bains;3.7;19840
36120;Mers-sur-Indre;3.4;21440
57459;Merschweiller;1.8;30600
70343;Mersuay;1.4;22440
57460;Merten;2.5;23690
52321;Mertrud;4.5;19600
68202;Mertzen;2.1;26090
67291;Mertzwiller;4.1;23880
60395;Méru;1.5;20280
71295;Mervans;2.8;20050
85143;Mervent;2.4;21230
31340;Mervilla;4.6;42970
31341;Merville;3.4;24450
59400;Merville;4.6;20840
14409;Merville-Franceville-Plage;3.4;25440
54365;Merviller;3.1;21670
68203;Merxheim;3.2;26760
73155;Méry;5;28450
14410;Méry-Bissières-en-Auge;2.4;21960
18149;Méry-ès-Bois;2.3;22580
60396;Méry-la-Bataille;2.7;20620
51364;Méry-Prémecy;3;
18150;Méry-sur-Cher;1.7;23070
77290;Méry-sur-Marne;1.9;24150
95394;Méry-sur-Oise;3.5;26220
10233;Méry-sur-Seine;2.3;20690
25377;Mésandans;6.8;22180
44096;Mésanger;2.7;23300
76426;Mésangueville;2.1;22300
2480;Mesbrecourt-Richecourt;2.3;23300
17230;Meschers-sur-Gironde;2.1;24350
24267;Mescoules;1.7;21430
10234;Mesgrigny;3.3;23700
74179;Mésigny;2.2;30150
56131;Meslan;3.5;21560
41137;Mesland;2.7;23120
14411;Meslay;2.9;24650
41138;Meslay;1.9;25650
53152;Meslay-du-Maine;3;20900
28245;Meslay-le-Grenet;2;26990
28246;Meslay-le-Vidame;1.6;25440
25378;Meslières;0.7;24800
25379;Mesmay;3.7;
8288;Mesmont;3.3;
21406;Mesmont;4;26500
16218;Mesnac;3.1;22900
85144;Mesnard-la-Barotière;2.4;22840
39325;Mesnay;3.9;23820
76427;Mesnières-en-Bray;4.2;22740
80536;Mesnil-Bruntel;2.7;22490
80537;Mesnil-Domqueur;1.2;
80538;Mesnil-en-Arrouaise;3;23160
27049;Mesnil-en-Ouche;2.1;21720
76430;Mesnil-Follemprise;3;20360
10235;Mesnil-la-Comtesse;2.6;
10236;Mesnil-Lettre;1.8;
80540;Mesnil-Martinsart;3.2;22180
76432;Mesnil-Mauger;5.3;20980
76433;Mesnil-Panneville;3.2;24260
76434;Mesnil-Raoul;4.4;26150
35308;Mesnil-Roc'h;4.3;22370
27404;Mesnil-Rousset;1.1;
80541;Mesnil-Saint-Georges;2.7;22340
2481;Mesnil-Saint-Laurent;6.4;30400
10237;Mesnil-Saint-Loup;2.7;22580
80542;Mesnil-Saint-Nicaise;2.9;21790
10238;Mesnil-Saint-Père;2;22300
10239;Mesnil-Sellières;3.1;24740
27405;Mesnil-sous-Vienne;1.8;24270
27406;Mesnil-sur-l'Estrée;1.5;24750
27407;Mesnil-Verclives;2.8;23780
27198;Mesnils-sur-Iton;1.1;22630
39326;Mesnois;4.2;23310
29148;Mespaul;4.6;21880
64382;Mesplède;2.7;24250
3172;Mesples;0.7;19870
91399;Mespuits;2;24360
44097;Mesquer;2.6;25260
17231;Messac;2.3;
21407;Messanges;2.2;26330
40181;Messanges;5;25100
45202;Messas;1.9;24190
79177;Messé;2;22290
61278;Messei;2;22040
54366;Messein;4;25160
63225;Messeix;3.5;21160
86156;Messemé;3;22230
74180;Messery;1.4;44650
71296;Messey-sur-Grosne;2.9;24900
39327;Messia-sur-Sorne;4;23270
21408;Messigny-et-Vantoux;3.4;31400
69131;Messimy;3;27280
1243;Messimy-sur-Saône;2.3;27580
8289;Messincourt;3;20550
10240;Messon;2;26990
77292;Messy;2.1;29210
33283;Mesterrieux;2.9;20810
19135;Mestes;3.4;23910
58164;Mesves-sur-Loire;1.8;23220
71297;Mesvres;3.7;21570
25380;Métabief;2.3;38280
57461;Métairies-Saint-Quirin;2.6;23700
59401;Méteren;6.6;25250
84075;Méthamis;1.3;21540
80543;Métigny;3.2;25200
57462;Metting;2.6;24350
37152;Mettray;4.3;27460
57463;Metz;5.4;20940
62572;Metz-en-Couture;1.9;20000
58165;Metz-le-Comte;2.5;23290
10241;Metz-Robert;1.7;
68204;Metzeral;3.2;23650
57464;Metzeresche;1.7;27070
57465;Metzervisse;2.4;29260
57466;Metzing;3.4;23690
56132;Meucon;6.2;24900
92048;Meudon;2.4;30680
21409;Meuilley;3.3;25640
78401;Meulan-en-Yvelines;2.6;21470
76437;Meulers;3;22240
21410;Meulson;1.2;
36121;Meunet-Planches;2.2;24870
36122;Meunet-sur-Vatan;1;23100
45203;Meung-sur-Loire;3.5;23980
72194;Meurcé;2.5;20780
62573;Meurchin;4.9;21890
70344;Meurcourt;2.2;21020
52322;Meures;3.2;22170
2482;Meurival;1.3;
17232;Meursac;4.1;21300
21411;Meursanges;3;26480
21412;Meursault;4;26830
10242;Meurville;1.3;30050
41139;Meusnes;2.8;21830
39328;Meussia;5.1;23780
14430;Meuvaines;3.2;22470
17233;Meux;4;24830
87095;Meuzac;3.1;21310
28249;Mévoisins;2.2;27120
26181;Mévouillon;3.6;18650
1244;Meximieux;2.8;24890
54367;Mexy;3.4;27030
57467;Mey;2.6;26360
68205;Meyenheim;2.7;28240
38229;Meylan;8.7;30440
19136;Meymac;0;21020
30166;Meynes;4.2;22900
24268;Meyrals;3.2;20890
30167;Meyrannes;4.3;19560
13059;Meyrargues;4.6;25340
7156;Meyras;4.2;20200
13060;Meyreuil;3.4;27130
38230;Meyrié;4.3;31300
38231;Meyrieu-les-Étangs;2.8;26210
73156;Meyrieux-Trouet;1.2;23990
19137;Meyrignac-l'Église;2;
46192;Meyronne;2;22380
48096;Meyrueis;4.5;20080
69132;Meys;2.6;22000
19138;Meyssac;2.9;22590
7157;Meysse;3.6;22820
38232;Meyssiez;2.1;24940
69282;Meyzieu;4.8;23860
53153;Mézangers;3;21820
34157;Mèze;3;21470
4121;Mézel;1.6;22540
81164;Mézens;2.4;25560
72195;Mézeray;1.7;22650
43134;Mézères;2.7;20640
1246;Mézériat;2.2;23740
80544;Mézerolles;3.2;18120
11231;Mézerville;2.4;
14431;Mézidon Vallée d'Auge;2.7;20780
36123;Mézières-en-Brenne;2.9;20710
28251;Mézières-en-Drouais;2.7;26350
45205;Mézières-en-Gâtinais;1.5;24110
80545;Mézières-en-Santerre;5.4;25730
27408;Mézières-en-Vexin;1.5;26000
45204;Mézières-lez-Cléry;2.2;26690
72197;Mézières-sous-Lavardin;3.5;22650
35178;Mézières-sur-Couesnon;3.4;24070
2483;Mézières-sur-Oise;4;24540
72196;Mézières-sur-Ponthouin;2.6;21340
78402;Mézières-sur-Seine;3.8;27410
7158;Mézilhac;1.8;18620
89254;Mézilles;4.4;20850
47167;Mézin;3.2;20110
90069;Méziré;2.9;25440
40182;Mézos;3.2;21440
2484;Mézy-Moulins;3.1;21980
78403;Mézy-sur-Seine;1.9;28830
58166;Mhère;1.3;20790
24269;Mialet;4.1;19560
30168;Mialet;2.7;21220
64383;Mialos;2.6;22480
80546;Miannay;4.3;23320
68207;Michelbach-le-Bas;2.4;38750
68208;Michelbach-le-Haut;2.6;37770
89255;Michery;2.1;24120
88303;Midrevaux;3.3;19250
39329;Mièges;2.5;25010
32252;Miélan;4.3;19940
28252;Miermaigne;2;22280
46193;Miers;2.7;19640
39330;Miéry;3;21580
67292;Mietesheim;4.6;26030
74183;Mieussy;3;29350
61279;Mieuxcé;1.9;25040
89256;Migé;1.2;22830
89257;Migennes;1.8;17930
9192;Miglos;2.9;18620
86157;Mignaloux-Beauvoir;4.5;27550
70347;Mignavillers;2.8;20660
36124;Migné;2;21690
86158;Migné-Auxances;5.9;24800
45206;Mignères;1.3;23150
45207;Mignerette;1.4;22830
54368;Mignéville;2.1;20820
28253;Mignières;1.7;26410
39331;Mignovillard;3.8;26140
36125;Migny;1.9;24160
17234;Migré;2.1;19520
17235;Migron;2.8;21260
9193;Mijanès;0;
1247;Mijoux;0;31560
46194;Milhac;3.7;19630
24271;Milhac-de-Nontron;4.5;20840
81165;Milhars;3.4;19270
31342;Milhas;2.1;21120
30169;Milhaud;4.9;20950
81166;Milhavet;2.4;
29076;Milizac-Guipronvel;3.9;24450
86159;Millac;3.5;19850
59402;Millam;2.2;23660
41140;Millançay;2.2;22820
66108;Millas;3.8;19800
12145;Millau;4.3;21240
58168;Millay;3.6;19490
76438;Millebosc;2.7;21760
78404;Millemont;2.1;28430
80547;Millencourt;4.6;25350
80548;Millencourt-en-Ponthieu;4.1;22170
21413;Millery;4.6;24620
54369;Millery;5.7;26890
69133;Millery;2.5;30670
19139;Millevaches;0;
50328;Millières;3.3;19990
52325;Millières;0;21710
59403;Millonfosse;5.6;24230
91405;Milly-la-Forêt;2.1;28370
71299;Milly-Lamartine;2.2;25860
55338;Milly-sur-Bradon;2.4;19580
60403;Milly-sur-Thérain;2.8;23050
78406;Milon-la-Chapelle;2.8;42810
40183;Mimbaste;3.2;22020
13062;Mimet;2.7;29340
21414;Mimeure;4.3;23930
40184;Mimizan;3.9;22080
51368;Minaucourt-le-Mesnil-lès-Hurlus;0.3;
34158;Minerve;1.1;15300
65311;Mingot;2.3;
62574;Mingoval;2.5;23970
35179;Miniac-Morvan;4.6;22330
35180;Miniac-sous-Bécherel;3.1;22430
22152;Minihy-Tréguier;4.2;21950
54370;Minorville;1.3;22720
21415;Minot;0.9;23780
67293;Minversheim;5.3;27630
24272;Minzac;2.5;22700
74184;Minzier;1.5;37680
81167;Miolles;0.8;
1248;Mionnay;3.6;29130
69283;Mions;3.3;26070
33284;Mios;4.6;25670
64385;Miossens-Lanusse;2.5;22880
4122;Mirabeau;2.2;24700
84076;Mirabeau;3;24700
7159;Mirabel;1.8;23280
82110;Mirabel;3;21670
26182;Mirabel-aux-Baronnies;4.6;22890
26183;Mirabel-et-Blacons;3.9;24230
32253;Miradoux;3.8;20870
13063;Miramas;3.3;19810
17236;Mirambeau;3.6;18980
31343;Mirambeau;4.2;
32254;Miramont-d'Astarac;3.6;21740
31344;Miramont-de-Comminges;3.9;20040
47168;Miramont-de-Guyenne;2.4;18350
82111;Miramont-de-Quercy;2.5;19750
32255;Miramont-Latour;2.1;23430
40185;Miramont-Sensacq;3.2;23040
32256;Mirande;3.3;20400
81168;Mirandol-Bourgnounac;2.7;20780
32257;Mirannes;1.8;
80549;Miraumont;4.2;21120
11232;Miraval-Cabardès;0.8;
52326;Mirbel;2.1;
49205;Miré;3.2;19950
86160;Mirebeau;3.6;19730
21416;Mirebeau-sur-Bèze;3.2;23270
88304;Mirecourt;3.5;19850
63227;Mirefleurs;4.4;26230
31345;Miremont;4.4;24160
63228;Miremont;2.9;22180
11233;Mirepeisset;4;21260
64386;Mirepeix;5.5;23800
9194;Mirepoix;2.6;20190
32258;Mirepoix;1.8;23170
31346;Mirepoix-sur-Tarn;2.5;22780
34159;Mireval;4.6;24520
11234;Mireval-Lauragais;1.9;23500
1249;Miribel;2.4;26720
38235;Miribel-Lanchâtre;0.2;27470
38236;Miribel-les-Échelles;3.4;24100
26185;Mirmande;1.4;26440
80550;Mirvaux;3.4;24800
76439;Mirville;2.7;24610
26186;Miscon;1.6;
27410;Miserey;1.9;25120
25381;Miserey-Salines;5;26730
1250;Misérieux;2.1;27460
4123;Mison;3.4;22860
81169;Missècle;2.1;
11235;Missègre;0;
21417;Missery;1.5;22160
44098;Missillac;3.5;23070
56133;Missiriac;2.6;23010
40186;Misson;2.8;23170
2485;Missy-aux-Bois;2.9;30210
2486;Missy-lès-Pierrepont;2;
2487;Missy-sur-Aisne;3.2;23870
77293;Misy-sur-Yonne;1.9;24790
77294;Mitry-Mory;2.8;22810
78407;Mittainville;2.7;29300
28254;Mittainvilliers-Vérigny;1.7;24850
67295;Mittelbergheim;5;28020
57468;Mittelbronn;5.2;23930
67296;Mittelhausbergen;6.7;31010
67298;Mittelschaeffolsheim;3.9;29860
68209;Mittelwihr;4.7;26560
57469;Mittersheim;2.5;20480
68210;Mittlach;2.8;23080
68211;Mitzach;3.1;25470
42143;Mizérieux;2.6;25430
38237;Mizoën;4.6;21940
2A160;Moca-Croce;1.1;22180
73157;Modane;3.9;22230
84077;Modène;3.9;25240
29150;Moëlan-sur-Mer;3.9;24460
68212;Mœrnach;3.3;31160
52327;Moëslains;3.1;22050
51369;Mœurs-Verdey;4.4;24000
59405;Mœuvres;2.2;21360
17237;Moëze;3;21620
70348;Moffans-et-Vacheresse;3.5;25000
55339;Mogeville;1.8;
1252;Mogneneins;1.9;26260
60404;Mogneville;3.2;24160
55340;Mognéville;5.4;22040
8291;Mogues;1.6;24390
56134;Mohon;2;19970
38238;Moidieu-Détourbe;3.4;26690
91408;Moigny-sur-École;1.9;30040
70349;Moimay;4;20080
54371;Moineville;4.2;24430
28255;Moinville-la-Jeulin;2.7;25090
38239;Moirans;4.4;24720
39333;Moirans-en-Montagne;3.3;21020
47169;Moirax;2.8;26840
69134;Moiré;3.2;30920
51370;Moiremont;3;23280
55341;Moirey-Flabas-Crépion;3.5;25370
39334;Moiron;2.7;25250
8293;Moiry;3;20260
44099;Moisdon-la-Rivière;2.6;20960
77295;Moisenay;2;29350
80552;Moislains;2.7;20220
82112;Moissac;3;19200
83078;Moissac-Bellevue;3.9;22520
48097;Moissac-Vallée-Française;7.2;18430
87099;Moissannes;2.2;21130
63229;Moissat;3.2;24410
95409;Moisselles;3.9;28790
39335;Moissey;4.1;21380
38240;Moissieu-sur-Dolon;1.7;23200
78410;Moisson;0.5;28240
77296;Moissy-Cramayel;2.2;22780
58169;Moissy-Moulinot;3.1;
27411;Moisville;1.8;24280
41141;Moisy;2;21460
2B161;Moïta;0;
21418;Moitron;0.5;
72199;Moitron-sur-Sarthe;1.9;21320
51371;Moivre;0.8;
54372;Moivrons;3.8;24750
56135;Molac;3.5;21860
76440;Molagnies;2.4;22860
2488;Molain;2.5;21240
39336;Molain;2.9;24270
39337;Molamboz;3.8;
11236;Molandier;2.9;23870
31347;Molas;2.8;21460
39338;Molay;3.3;22800
70350;Molay;1.7;
89259;Môlay;2.3;21780
28256;Moléans;2.1;25050
15126;Molèdes;0;
21419;Molesme;2;19810
48098;Molezon;0;17240
60405;Moliens;3.4;20090
24273;Molières;2.7;21500
46195;Molières;1.9;23580
82113;Molières;2;20340
30170;Molières-Cavaillac;3.6;21640
30171;Molières-sur-Cèze;4.9;16500
40187;Moliets-et-Maa;5.1;24400
2489;Molinchart;3.8;26560
5077;Molines-en-Queyras;7;21810
3173;Molinet;2.1;20790
89261;Molinons;1.3;22770
21420;Molinot;3.4;21490
10243;Molins-sur-Aube;3.1;22270
66109;Molitg-les-Bains;1;21480
70351;Mollans;2.6;20760
26188;Mollans-sur-Ouvèze;4.3;21840
68213;Mollau;3.2;24500
13064;Mollégès;3.6;24800
3174;Molles;2.3;23100
11238;Molleville;3.6;21800
80553;Molliens-au-Bois;3.3;26650
80554;Molliens-Dreuil;4.2;22940
67299;Mollkirch;3.7;27860
15127;Molompize;1.5;18940
89262;Molosmes;3.6;22150
21421;Moloy;0.6;24150
21422;Molphey;3.6;24350
57470;Molring;1.8;
67300;Molsheim;5.3;23840
2B162;Moltifao;0;22540
64387;Momas;3;23770
33285;Mombrier;3.8;23240
65313;Momères;4.6;25600
57471;Momerstroff;3.2;25050
67301;Mommenheim;5.5;26480
40188;Momuy;3.4;22510
64388;Momy;1.6;21070
2A163;Monacia-d'Aullène;1.5;22110
2B164;Monacia-d'Orezza;0;
2490;Monampteuil;2.4;28320
64389;Monassut-Audiracq;3.1;24080
39342;Monay;3.5;22750
47170;Monbahus;1.5;19610
47171;Monbalen;2.4;22590
24274;Monbazillac;2.5;25040
82114;Monbéqui;2.4;23400
32261;Monblanc;4.4;22630
32262;Monbrun;3;26800
2B165;Moncale;2.9;20830
32263;Moncassin;2.8;24580
31348;Moncaup;0.8;
64390;Moncaup;2.4;21590
47172;Moncaut;2.8;25440
64391;Moncayolle-Larrory-Mendibieu;3.9;19790
72200;Moncé-en-Belin;2.4;24280
72201;Moncé-en-Saosnois;2.3;20090
2491;Monceau-le-Neuf-et-Faucouzy;4.2;21230
2493;Monceau-le-Waast;2.7;22380
2492;Monceau-lès-Leups;2.3;20550
59406;Monceau-Saint-Waast;2.3;23950
2494;Monceau-sur-Oise;3.3;23550
60406;Monceaux;3.3;25580
14436;Monceaux-en-Bessin;4;25510
60407;Monceaux-l'Abbaye;2.2;20420
58170;Monceaux-le-Comte;4.1;22350
19140;Monceaux-sur-Dordogne;4.9;22140
54373;Moncel-lès-Lunéville;7.2;23290
54374;Moncel-sur-Seille;3.8;25000
88305;Moncel-sur-Vair;1.6;22670
51373;Moncetz-l'Abbaye;2.9;
51372;Moncetz-Longevas;3.3;25890
25382;Moncey;6.1;24560
76441;Monchaux-Soreng;3.5;21680
59407;Monchaux-sur-Écaillon;4.1;26700
59408;Moncheaux;3.6;27510
62576;Moncheaux-lès-Frévent;3.6;16400
59409;Monchecourt;2.7;20250
62577;Monchel-sur-Canche;3.4;
57472;Moncheux;4.5;22030
62578;Monchiet;2.5;27350
62579;Monchy-au-Bois;2.6;22780
62580;Monchy-Breton;3.2;22610
62581;Monchy-Cayeux;3.2;20400
60408;Monchy-Humières;3.3;26890
80555;Monchy-Lagache;2.5;22440
62582;Monchy-le-Preux;4.4;26060
60409;Monchy-Saint-Éloi;3.6;24660
76442;Monchy-sur-Eu;2.9;22660
64392;Moncla;1.5;
32264;Monclar;1.3;21980
47173;Monclar;1.1;20500
82115;Monclar-de-Quercy;2.6;20810
32265;Monclar-sur-Losse;5;23180
25383;Moncley;3.9;24740
22153;Moncontour;2.5;22130
86161;Moncontour;2.1;20270
32266;Moncorneil-Grazan;3.5;23600
57473;Moncourt;1.4;
77302;Moncourt-Fromonville;3.7;26920
79179;Moncoutant-sur-Sèvre;2.2;21310
47174;Moncrabeau;2.9;22920
61281;Moncy;3.2;22130
31349;Mondavezan;4.5;23490
57474;Mondelange;6.4;21990
51374;Mondement-Montgivroux;3;
60410;Mondescourt;3;21490
35183;Mondevert;2.5;24000
14437;Mondeville;5.9;21760
91412;Mondeville;1.9;28360
62583;Mondicourt;2.7;19930
8295;Mondigny;2.7;25680
31350;Mondilhan;3.8;
86162;Mondion;0.9;22580
25384;Mondon;3.3;
31351;Mondonville;4.5;23920
28257;Mondonville-Saint-Jean;1.2;
57475;Mondorff;1.9;36330
41143;Mondoubleau;0.5;20110
31352;Mondouzil;4.5;31680
84078;Mondragon;2.3;22090
14438;Mondrainville;6;25240
2495;Mondrepuis;3.3;21680
77297;Mondreville;1.6;25620
78413;Mondreville;1.8;26850
64393;Monein;3;23970
31353;Monès;1.8;
9195;Monesple;3.4;
3175;Monestier;2.4;21000
7160;Monestier;0.3;
24276;Monestier;1.4;21150
38241;Monestier-d'Ambel;5.7;
38242;Monestier-de-Clermont;2;23980
38243;Monestier-du-Percy;3.1;19480
19141;Monestier-Merlines;3.7;24370
19142;Monestier-Port-Dieu;0;18620
81170;Monestiés;3.2;21810
31354;Monestrol;4.6;
3176;Monétay-sur-Allier;2.4;21810
3177;Monétay-sur-Loire;2;18640
89263;Monéteau;3.1;23080
5078;Monêtier-Allemont;3.4;20740
24277;Monfaucon;2.3;19200
65314;Monfaucon;3.4;20540
32267;Monferran-Plavès;3.2;20900
32268;Monferran-Savès;2.4;23310
47175;Monflanquin;3.4;21290
32269;Monfort;2.6;21900
14439;Monfréville;3;21570
32270;Mongausy;3.6;
33287;Mongauzy;3.8;20020
40189;Monget;3.2;
32271;Monguilhem;2.7;21160
47177;Monheurt;2.5;19000
72202;Monhoudou;2.1;21320
84079;Monieux;2;22980
43136;Monistrol-d'Allier;0.1;19530
43137;Monistrol-sur-Loire;5.2;24070
32272;Monlaur-Bernet;4;23080
65315;Monléon-Magnoac;3.8;21700
43138;Monlet;4.6;21360
32273;Monlezun;1.8;21740
32274;Monlezun-d'Armagnac;2.5;20730
65316;Monlong;2;19210
24278;Monmadalès;1.2;
24279;Monmarvès;1.5;
37153;Monnaie;3.2;24360
57476;Monneren;3.6;26590
91414;Monnerville;3.8;24820
2496;Monnes;1.8;23670
39344;Monnet-la-Ville;2.3;23900
39343;Monnetay;0.7;
74185;Monnetier-Mornex;1.3;38520
60411;Monneville;1;26390
39345;Monnières;4.7;27200
44100;Monnières;3.8;24520
30172;Monoblet;2.1;19130
32275;Monpardiac;2.6;
24280;Monpazier;2.4;18700
64394;Monpezat;2;
24293;Monplaisant;2.8;22980
33288;Monprimblanc;3.6;21620
16221;Mons;3.8;20720
17239;Mons;2.8;21190
30173;Mons;2.4;23860
31355;Mons;4.2;33530
34160;Mons;3.7;20150
63232;Mons;2.9;22400
83080;Mons;0;22370
80556;Mons-Boubert;2.5;22110
59410;Mons-en-Barœul;5.3;19570
2497;Mons-en-Laonnois;3.9;23910
77298;Mons-en-Montois;1.1;24790
59411;Mons-en-Pévèle;3.7;28460
24281;Monsac;2.4;22550
24282;Monsaguel;1.3;25410
33289;Monségur;3.7;19460
40190;Monségur;4.4;22620
47178;Monségur;1.8;22200
64395;Monségur;3.6;19260
47179;Monsempron-Libos;2.5;18910
85145;Monsireigne;1.7;21380
38244;Monsteroux-Milieu;2.4;25810
80558;Monsures;4;21330
67302;Monswiller;4.6;23810
64396;Mont;4;23720
65317;Mont;5.7;
71301;Mont;1.3;22960
48027;Mont Lozère et Goulet;5.8;19740
62584;Mont-Bernanchon;4;23350
54084;Mont-Bonvillers;2.4;22720
76443;Mont-Cauvaire;2.4;25350
32280;Mont-d'Astarac;4.1;
2503;Mont-d'Origny;4.5;19460
5082;Mont-Dauphin;5.2;18670
31369;Mont-de-Galié;0.9;
25391;Mont-de-Laval;1.2;32060
32281;Mont-de-Marrast;3.2;19640
40192;Mont-de-Marsan;4.5;22030
25392;Mont-de-Vougney;2.2;36550
55345;Mont-devant-Sassey;1.6;20930
64401;Mont-Disse;2.2;
35186;Mont-Dol;3.1;23120
63236;Mont-Dore;5.3;21740
58175;Mont-et-Marré;2;22250
54379;Mont-l'Étroit;1.7;
60421;Mont-l'Évêque;2.3;28730
8306;Mont-Laurent;3.6;
70367;Mont-le-Vernois;4.6;22060
54380;Mont-le-Vignoble;4.1;25740
88307;Mont-lès-Lamarche;5.1;19110
88308;Mont-lès-Neufchâteau;4.2;22400
71315;Mont-lès-Seurre;2.8;22250
66117;Mont-Louis;9.5;23190
2520;Mont-Notre-Dame;2.8;22300
61289;Mont-Ormel;1;
41150;Mont-près-Chambord;3.3;26150
81183;Mont-Roc;3.9;20730
76451;Mont-Saint-Aignan;4.8;28790
62589;Mont-Saint-Éloi;4.1;26970
2522;Mont-Saint-Jean;1.9;
21441;Mont-Saint-Jean;0.4;21030
72211;Mont-Saint-Jean;2.5;20020
70369;Mont-Saint-Léger;1.6;
2523;Mont-Saint-Martin;2.6;
8308;Mont-Saint-Martin;2.1;
38258;Mont-Saint-Martin;0;
54382;Mont-Saint-Martin;2.6;18000
2524;Mont-Saint-Père;4.3;24070
8309;Mont-Saint-Remy;4.5;
89268;Mont-Saint-Sulpice;2.3;24240
71320;Mont-Saint-Vincent;1.2;26270
74189;Mont-Saxonnex;1;27780
39365;Mont-sous-Vaudrey;3.4;22040
51382;Mont-sur-Courville;2.8;25740
54383;Mont-sur-Meurthe;4.9;25050
39366;Mont-sur-Monnet;2.1;23670
61283;Montabard;3;23890
50334;Montabot;2.3;22550
89264;Montacher-Villegardin;1.1;23510
32276;Montadet;6;
34161;Montady;4.9;22230
9196;Montagagne;0;
39346;Montagna-le-Reconduit;2;21970
30354;Montagnac;2.1;27440
34162;Montagnac;3.9;18320
24284;Montagnac-d'Auberoche;1.6;22160
24285;Montagnac-la-Crempse;1.7;18400
4124;Montagnac-Montpezat;4.3;20900
47180;Montagnac-sur-Auvignon;2.9;23760
47181;Montagnac-sur-Lède;2.7;20900
1254;Montagnat;4.1;27200
33290;Montagne;4.2;23230
38245;Montagne;1;20770
80559;Montagne-Fayel;3;21680
70353;Montagney;3.7;22720
25385;Montagney-Servigney;3.4;22950
1255;Montagnieu;1;22080
38246;Montagnieu;2.5;24190
12147;Montagnol;0;15860
73160;Montagnole;3.1;27980
42145;Montagny;2.3;22250
69136;Montagny;2.9;27760
73161;Montagny;3.2;24240
60412;Montagny-en-Vexin;2;27790
21423;Montagny-lès-Beaune;5.9;25980
71302;Montagny-lès-Buxy;2.1;26610
74186;Montagny-les-Lanches;5.7;28970
21424;Montagny-lès-Seurre;3.9;23010
71303;Montagny-près-Louhans;2.7;21590
60413;Montagny-Sainte-Félicité;1.8;27100
33291;Montagoudin;3.9;20740
24286;Montagrier;1.5;20300
82116;Montagudet;3.4;17790
64397;Montagut;2.5;21630
19143;Montaignac-sur-Doustre;8;22270
2498;Montaigu;3.2;22150
39348;Montaigu;3.8;28060
82117;Montaigu-de-Quercy;1.8;19300
50335;Montaigu-la-Brisette;2.5;22040
3179;Montaigu-le-Blin;2;20670
50336;Montaigu-les-Bois;1.8;23360
85146;Montaigu-Vendée;3.7;24050
3178;Montaiguët-en-Forez;2.3;18200
63233;Montaigut-en-Combraille;3.7;19770
23132;Montaigut-le-Blanc;1.7;19700
63234;Montaigut-le-Blanc;2.4;22620
31356;Montaigut-sur-Save;4;28060
72204;Montaillé;1.2;21050
73162;Montailleur;3.3;26510
9197;Montaillou;2.3;
39349;Montain;4.5;29150
82118;Montaïn;2.9;21610
78415;Montainville;1.9;33410
66111;Montalba-le-Château;1.9;18050
78416;Montalet-le-Bois;2;30300
38247;Montalieu-Vercieu;2.4;21780
82119;Montalzat;3.3;21990
32277;Montamat;3.1;22460
58172;Montambert;4;21140
46196;Montamel;1.9;
86163;Montamisé;4.2;26820
69284;Montanay;4.1;33600
25386;Montancy;0;27020
25387;Montandon;1.9;29760
64398;Montaner;1.7;22990
1257;Montanges;1.1;30110
81171;Montans;3.9;23840
58171;Montapas;3.1;19110
42146;Montarcher;1;
9198;Montardit;1.3;20860
64399;Montardon;4.3;26580
30174;Montaren-et-Saint-Médiers;4.3;22320
45208;Montargis;2.7;16670
70355;Montarlot-lès-Rioz;2.7;25210
34163;Montarnaud;4.3;24730
58173;Montaron;5;18400
47182;Montastruc;0.7;18860
65318;Montastruc;3.2;23270
82120;Montastruc;1;21720
31357;Montastruc-de-Salies;2.3;20580
31358;Montastruc-la-Conseillère;3.8;27630
31359;Montastruc-Savès;0.6;
60414;Montataire;3.3;17350
82121;Montauban;4.4;21630
35184;Montauban-de-Bretagne;4.8;23640
31360;Montauban-de-Luchon;6.2;21550
80560;Montauban-de-Picardie;4.4;22790
26189;Montauban-sur-l'Ouvèze;2.2;15290
34164;Montaud;3.1;26620
38248;Montaud;0.2;28230
53154;Montaudin;3.1;20750
26190;Montaulieu;0.8;
10245;Montaulin;1.6;25620
11239;Montauriol;2.6;
47183;Montauriol;1.8;21200
66112;Montauriol;0.6;22900
81172;Montauriol;3.5;
83081;Montauroux;3.9;25850
9199;Montaut;4.3;22150
24287;Montaut;2.1;22580
31361;Montaut;4.3;26770
32278;Montaut;3.4;21030
40191;Montaut;1.5;23160
47184;Montaut;4.1;20360
64400;Montaut;4;22660
32279;Montaut-les-Créneaux;1.8;25080
35185;Montautour;1.6;21230
54375;Montauville;4.2;25280
59412;Montay;3.8;19720
47185;Montayral;2;20300
24288;Montazeau;2.2;24230
11240;Montazels;2.5;21150
21425;Montbard;3.6;20120
82122;Montbarla;2.6;20110
39350;Montbarrey;4.6;21820
45209;Montbarrois;1.3;24230
82123;Montbartier;4.2;22800
2499;Montbavin;2.7;
12148;Montbazens;4.5;21500
34165;Montbazin;2.7;23620
37154;Montbazon;4;25210
9200;Montbel;1.5;
48100;Montbel;1.9;17110
25388;Montbéliard;4.2;18600
25389;Montbéliardot;1.2;28710
71305;Montbellet;2.9;23680
31362;Montberaud;1.5;21210
31363;Montbernard;2.5;20170
31364;Montberon;3.7;27790
44102;Montbert;2.8;23920
21426;Montberthault;2.5;23400
82124;Montbeton;3.4;23110
3180;Montbeugny;3.5;21720
72205;Montbizot;2.6;23240
55343;Montblainville;1.3;
34166;Montblanc;3.3;22230
70356;Montboillon;2.6;25570
28259;Montboissier;1.5;23730
66113;Montbolo;2.1;20160
38249;Montbonnot-Saint-Martin;3.8;33450
23133;Montboucher;1.9;20540
26191;Montboucher-sur-Jabron;3.8;25030
15129;Montboudif;3.4;19220
90070;Montbouton;1.9;28220
45210;Montbouy;2;22020
16222;Montboyer;2.9;20590
70357;Montbozon;3.2;21370
5080;Montbrand;0.6;
55344;Montbras;4.2;
50338;Montbray;1.7;20690
51375;Montbré;4.8;29580
2500;Montbrehain;2.6;20690
42147;Montbrison;3.3;22210
26192;Montbrison-sur-Lez;2.5;21360
16223;Montbron;2.9;20220
57477;Montbronn;2.3;22890
46198;Montbrun;2.4;20900
31365;Montbrun-Bocage;2.2;16030
11241;Montbrun-des-Corbières;3.5;20910
31366;Montbrun-Lauragais;4.7;29650
26193;Montbrun-les-Bains;3.9;18880
46199;Montcabrier;3.8;21960
81173;Montcabrier;2.9;26750
24289;Montcaret;3.4;21200
38250;Montcarra;2.6;24670
62585;Montcavrel;3.1;21090
21427;Montceau-et-Écharnant;3.4;24110
71306;Montceau-les-Mines;2.6;19210
1258;Montceaux;2.4;27440
71307;Montceaux-l'Étoile;1.4;22520
77300;Montceaux-lès-Meaux;2.1;28160
77301;Montceaux-lès-Provins;0.1;23470
10246;Montceaux-lès-Vaudes;1.2;24520
71308;Montceaux-Ragny;2.5;
63235;Montcel;3.4;24970
73164;Montcel;2.7;27110
71309;Montcenis;1.8;23670
1259;Montcet;2.1;24810
70358;Montcey;3.6;25140
38252;Montchaboud;2.2;29550
42148;Montchal;2.1;20980
2501;Montchâlons;1.6;
15130;Montchamp;1.6;18350
71310;Montchanin;1.6;21160
52328;Montcharvot;2.1;
78417;Montchauvet;1;31950
26194;Montchenu;1.5;22080
8296;Montcheutin;3.9;19890
61284;Montchevrel;3.8;21730
60256;Montchevreuil;1;25320
36126;Montchevrier;2.4;18550
4126;Montclar;3.1;21240
11242;Montclar;2;21260
12149;Montclar;0.8;18440
31367;Montclar-de-Comminges;2.9;
31368;Montclar-Lauragais;5.4;25080
26195;Montclar-sur-Gervanne;2.7;20720
43139;Montclard;0.7;
46200;Montcléra;2.9;18820
5081;Montclus;3.6;
30175;Montclus;3.3;20140
3181;Montcombroux-les-Mines;1.3;20090
71311;Montcony;3;22370
2502;Montcornet;3.2;18140
8297;Montcornet;3;24560
70359;Montcourt;3.3;
71312;Montcoy;2.1;24680
45212;Montcresson;2.6;24210
50340;Montcuit;2.7;21180
46201;Montcuq-en-Quercy-Blanc;3.8;20160
39351;Montcusel;2;26570
8298;Montcy-Notre-Dame;3.9;26140
30176;Montdardier;2.3;19410
77303;Montdauphin;3;23520
57478;Montdidier;2.4;
80561;Montdidier;4;19510
70360;Montdoré;2.2;
46202;Montdoumerc;2.9;21930
81174;Montdragon;3;21780
81175;Montdurausse;2.5;20280
2B166;Monte;0;19490
41144;Monteaux;3;23500
50341;Montebourg;3.5;20120
82125;Montech;2.8;22180
25393;Montécheroux;1.2;23970
2B167;Montegrosso;1.4;23070
32282;Montégut;2.9;25130
40193;Montégut;2.8;
65319;Montégut;2.8;19640
32283;Montégut-Arros;3;21610
31370;Montégut-Bourjac;1.9;22740
9201;Montégut-en-Couserans;3.7;
31371;Montégut-Lauragais;3.4;23530
9202;Montégut-Plantaurel;2.8;19280
32284;Montégut-Savès;4.8;
3182;Monteignet-sur-l'Andelot;3.3;23340
12150;Monteils;3.4;21740
30177;Monteils;2.3;24210
82126;Monteils;2.9;22930
63237;Montel-de-Gelat;3.8;20730
26196;Montéléger;3.1;27010
26197;Montélier;3.4;27140
26198;Montélimar;3.5;21350
9203;Montels;4.7;20450
34167;Montels;3.1;21650
81176;Montels;4.1;
16225;Montembœuf;2;19520
57479;Montenach;2.9;30650
53155;Montenay;2.8;22790
17240;Montendre;3.1;20020
73166;Montendry;0;
62586;Montenescourt;3.4;26940
56136;Monteneuf;2.5;22410
77304;Montenils;4.1;
25394;Montenois;3.6;25020
58174;Montenoison;1.9;21040
54376;Montenoy;3.1;26920
60415;Montépilloy;2.7;36760
39352;Monteplain;4.8;25450
51377;Montépreux;1.8;
56137;Monterblanc;2.3;24310
45213;Montereau;2.5;23930
77305;Montereau-Fault-Yonne;2.8;16280
77306;Montereau-sur-le-Jard;2.3;30320
35187;Monterfil;2.7;23580
76445;Montérolier;3.5;22880
56139;Montertelot;4.7;22800
66114;Montescot;3.7;23020
2504;Montescourt-Lizerolles;2.7;21160
31372;Montespan;2.8;22270
34168;Montesquieu;0.3;
47186;Montesquieu;3;22610
82127;Montesquieu;1.6;20890
9204;Montesquieu-Avantès;1.8;16390
66115;Montesquieu-des-Albères;2.8;24410
31373;Montesquieu-Guittaut;2.5;19250
31374;Montesquieu-Lauragais;5;26350
31375;Montesquieu-Volvestre;3.3;21660
32285;Montesquiou;2.9;20230
70361;Montessaux;3.8;25690
78418;Montesson;1.3;32980
32286;Montestruc-sur-Gers;2.1;21710
46203;Montet-et-Bouxal;1.9;21360
47187;Monteton;2.7;20420
84080;Monteux;3.4;21430
77307;Montévrain;2.2;26710
38254;Monteynard;0.7;23970
12151;Montézic;5.2;23130
9205;Montfa;1.2;
81177;Montfa;3.3;23330
38255;Montfalcon;1.5;22190
50342;Montfarville;2.6;23050
2505;Montfaucon;1.8;24210
25395;Montfaucon;5.5;31270
30178;Montfaucon;2.6;23410
46204;Montfaucon;2.6;20370
55346;Montfaucon-d'Argonne;1.6;20220
43141;Montfaucon-en-Velay;4.3;21430
93047;Montfermeil;3;20870
82128;Montfermier;2.6;19970
63238;Montfermy;2.5;23550
11243;Montferrand;4.2;24780
24290;Montferrand-du-Périgord;1.7;18630
26199;Montferrand-la-Fare;4.4;
25397;Montferrand-le-Château;3.8;25230
38256;Montferrat;2.6;23700
83082;Montferrat;0.5;18960
66116;Montferrer;0;16860
9206;Montferrier;1.8;19410
34169;Montferrier-sur-Lez;4.5;33630
10247;Montfey;3.6;24530
14445;Montfiquet;1.6;
39353;Montfleur;1.6;22670
53156;Montflours;2.5;24530
4127;Montfort;3.6;21530
64403;Montfort;2.7;19450
40194;Montfort-en-Chalosse;3.7;21800
78420;Montfort-l'Amaury;2.2;34200
72241;Montfort-le-Gesnois;2.7;22670
83083;Montfort-sur-Argens;2.2;21430
11244;Montfort-sur-Boulzane;0.4;
35188;Montfort-sur-Meu;2.9;24640
27413;Montfort-sur-Risle;3;20300
12152;Montfranc;1.7;18480
30179;Montfrin;3.6;21460
26200;Montfroc;1;
4128;Montfuron;3;24830
9207;Montgailhard;3.8;22580
11245;Montgaillard;0;
40195;Montgaillard;2.1;21970
65320;Montgaillard;3.8;22920
81178;Montgaillard;2.3;22450
82129;Montgaillard;2.5;20940
31376;Montgaillard-de-Salies;2.5;16280
47176;Montgaillard-en-Albret;2.9;21310
31377;Montgaillard-Lauragais;4.9;25880
31378;Montgaillard-sur-Save;2.7;
5084;Montgardin;3.5;23700
9208;Montgauch;3;20650
61286;Montgaudry;2;
31379;Montgazin;3.8;25420
77308;Montgé-en-Goële;2.6;28440
31380;Montgeard;4.3;26290
5085;Montgenèvre;40;20100
51376;Montgenost;2.4;24770
60416;Montgérain;2.6;22410
35189;Montgermont;7.2;25860
91421;Montgeron;2.7;25500
95422;Montgeroult;2.7;30260
25400;Montgesoye;4;23300
46205;Montgesty;2.1;21430
81179;Montgey;3.4;24220
19144;Montgibaud;3.2;20820
73168;Montgilbert;0.8;21510
31381;Montgiscard;3.9;27200
36127;Montgivray;2;22220
2506;Montgobert;2.4;25720
8301;Montgon;3.4;
11246;Montgradail;1;
31382;Montgras;2.8;23510
15132;Montgreleix;1.7;
2507;Montgru-Saint-Hilaire;1.5;
26201;Montguers;2.2;
10248;Montgueux;3;27420
17241;Montguyon;2.7;19560
28260;Montharville;2.8;
35190;Monthault;1.3;20240
11247;Monthaut;0.6;
21428;Monthelie;4.3;29310
51378;Monthelon;3.8;26080
71313;Monthelon;3.7;22900
2508;Monthenault;1.7;23470
52330;Montheries;1.8;
8302;Monthermé;2.4;20270
2509;Monthiers;0.9;20750
1261;Monthieux;3;28010
73170;Monthion;2.1;25670
37155;Monthodon;3.2;22850
86164;Monthoiron;1.5;21710
8303;Monthois;2.7;23800
39354;Montholier;4.1;23460
89003;Montholon;1.9;23160
41145;Monthou-sur-Bièvre;2.4;24140
41146;Monthou-sur-Cher;3;22750
50345;Monthuchon;4.7;24050
2510;Monthurel;2.8;25900
88309;Monthureux-le-Sec;2.8;23480
88310;Monthureux-sur-Saône;3.7;20500
77309;Monthyon;2.8;26360
2B168;Monticello;4.7;23000
10250;Montier-en-l'Isle;2.8;23280
10249;Montiéramey;1.6;22860
36128;Montierchaume;1.9;22860
60418;Montiers;2.6;25640
55348;Montiers-sur-Saulx;0.9;19760
32287;Monties;3.6;
33292;Montignac;3.2;22150
65321;Montignac;1.7;25280
47188;Montignac-de-Lauzun;1.3;17840
24291;Montignac-Lascaux;3.3;20610
16227;Montignac-le-Coq;2;19360
47189;Montignac-Toupinerie;1;21800
30180;Montignargues;2.9;23180
53157;Montigné-le-Brillant;3;24690
49209;Montigné-lès-Rairies;4.3;23620
14446;Montigny;3;
18151;Montigny;1;24390
45214;Montigny;2.1;25460
54377;Montigny;2.9;23760
76446;Montigny;4.4;32060
58176;Montigny-aux-Amognes;3.6;23850
55349;Montigny-devant-Sassey;2.2;22940
2511;Montigny-en-Arrouaise;4.2;21250
59413;Montigny-en-Cambrésis;3.4;21320
62587;Montigny-en-Gohelle;6;18640
58177;Montigny-en-Morvan;0.5;19080
59414;Montigny-en-Ostrevent;3.9;19710
2512;Montigny-l'Allier;1.7;23710
89265;Montigny-la-Resle;2.4;24650
78423;Montigny-le-Bretonneux;2.9;30360
28261;Montigny-le-Chartif;1.6;22750
2513;Montigny-le-Franc;2.7;21430
77310;Montigny-le-Guesdier;1.2;25100
77311;Montigny-Lencoup;1.6;25370
2514;Montigny-Lengrain;1.6;23400
39355;Montigny-lès-Arsures;4.8;26420
70362;Montigny-lès-Cherlieu;3.2;21060
2515;Montigny-lès-Condé;2.9;
95424;Montigny-lès-Cormeilles;4.3;21970
80563;Montigny-les-Jongleurs;1.3;
57480;Montigny-lès-Metz;3.4;21930
10251;Montigny-les-Monts;2.5;22590
55350;Montigny-lès-Vaucouleurs;3.4;
70363;Montigny-lès-Vesoul;5;24250
21429;Montigny-Montfort;4.8;23510
21433;Montigny-Mornay-Villeneuve-sur-Vingeanne;3.8;21910
21430;Montigny-Saint-Barthélemy;2.7;
2516;Montigny-sous-Marle;3.1;
21431;Montigny-sur-Armançon;3.7;25320
21432;Montigny-sur-Aube;2.1;22340
28263;Montigny-sur-Avre;2.6;23860
58178;Montigny-sur-Canne;2.5;18530
54378;Montigny-sur-Chiers;3.1;28090
2517;Montigny-sur-Crécy;2.9;20050
39356;Montigny-sur-l'Ain;2.5;21320
80562;Montigny-sur-l'Hallue;3.4;26780
77312;Montigny-sur-Loing;2.7;28710
8304;Montigny-sur-Meuse;3.5;
8305;Montigny-sur-Vence;4.2;26130
51379;Montigny-sur-Vesle;2.7;26470
14713;Montillières-sur-Orne;3;23970
49211;Montilliers;4;21990
89266;Montillot;1.7;20210
3184;Montilly;3.5;24980
61287;Montilly-sur-Noireau;3.5;22430
17242;Montils;2.4;22200
36129;Montipouret;3.6;20430
11248;Montirat;3.4;
81180;Montirat;2.2;19490
28264;Montireau;1.5;22820
32288;Montiron;4.7;25380
25401;Montivernage;1.7;
76447;Montivilliers;2.8;23820
11249;Montjardin;1.1;
12153;Montjaux;0.5;19340
60420;Montjavoult;1.6;26170
5086;Montjay;0;
71314;Montjay;1.7;23310
16229;Montjean;2.8;17060
53158;Montjean;2.4;22110
11250;Montjoi;0;
82130;Montjoi;1.1;24200
9209;Montjoie-en-Couserans;3;22580
25402;Montjoie-le-Château;0.6;
50347;Montjoie-Saint-Martin;1.6;22410
31383;Montjoire;3;26230
26202;Montjoux;3.3;22980
26203;Montjoyer;0.9;24030
4129;Montjustin;1.9;
70364;Montjustin-et-Velotte;1.5;19520
39273;Montlainsia;0.2;20610
28265;Montlandon;1.6;22630
12154;Montlaur;2.8;20940
31384;Montlaur;4.7;27080
26204;Montlaur-en-Diois;3.9;19030
4130;Montlaux;1.3;20150
46206;Montlauzun;4;
21434;Montlay-en-Auxois;3;22300
25403;Montlebon;3.8;35590
36130;Montlevicq;2.7;
2518;Montlevon;1.9;22420
91425;Montlhéry;3.3;26310
45215;Montliard;1.1;22620
17243;Montlieu-la-Garde;4.3;20480
95426;Montlignon;2.3;34100
21435;Montliot-et-Courcelles;3.1;22170
41148;Montlivault;2.2;23530
60422;Montlognon;2;29700
2519;Montloué;4.1;16470
18152;Montlouis;1.5;20770
37156;Montlouis-sur-Loire;3.1;24710
3185;Montluçon;3.2;19420
1262;Montluel;3.4;23590
77313;Montmachoux;1.9;26040
60423;Montmacq;4.1;25160
95427;Montmagny;2.3;21400
25404;Montmahoux;2.7;
21436;Montmain;2;23200
76448;Montmain;3.8;26740
21437;Montmançon;2.2;23400
3186;Montmarault;2.4;19010
39359;Montmarlon;2.8;
60424;Montmartin;2.1;25960
10252;Montmartin-le-Haut;1.1;
50349;Montmartin-sur-Mer;3.8;24540
5087;Montmaur;5.8;22120
11252;Montmaur;2.9;25640
26205;Montmaur-en-Diois;4.6;
31385;Montmaurin;2;19400
55351;Montmédy;1.2;21010
8307;Montmeillant;2;
71316;Montmelard;2.2;20860
69137;Montmelas-Saint-Sorlin;2.6;27240
73171;Montmélian;3.8;21010
16224;Montmérac;2.6;23270
1263;Montmerle-sur-Saône;2.3;25970
61288;Montmerrei;2.9;21260
83084;Montmeyan;0.9;19330
26206;Montmeyran;3.7;26310
51380;Montmirail;3.9;20590
72208;Montmirail;2.5;21750
26207;Montmiral;1;21270
30181;Montmirat;3.2;21600
39360;Montmirey-la-Ville;3.3;24760
39361;Montmirey-le-Château;3.4;21030
16230;Montmoreau;3.3;20550
95428;Montmorency;2.4;28430
10253;Montmorency-Beaufort;4;22210
86165;Montmorillon;3.8;21410
63239;Montmorin;1;23580
39362;Montmorot;4.8;22840
71317;Montmort;3.2;20420
51381;Montmort-Lucy;1.4;23210
88311;Montmotier;3.1;
21438;Montmoyen;0.6;
15133;Montmurat;1;18280
66118;Montner;2.6;21230
21439;Montoillot;3;
44103;Montoir-de-Bretagne;4;22090
41149;Montoire-sur-le-Loir;3.1;21300
57481;Montois-la-Montagne;5.1;23450
26208;Montoison;4.1;25660
3187;Montoldre;2.4;21840
11253;Montolieu;3.2;19600
77314;Montolivet;3;23470
80565;Montonvillers;4.5;
3188;Montord;3.7;22050
64404;Montory;5.3;21750
21440;Montot;3.5;25410
70368;Montot;4.1;22080
52335;Montot-sur-Rognon;6.2;19640
34170;Montouliers;2.7;21300
9210;Montoulieu;2;23330
34171;Montoulieu;4.7;20250
31386;Montoulieu-Saint-Bernard;2.7;23840
85147;Montournais;1.7;21280
65322;Montoussé;3.1;21680
31387;Montoussin;2.1;31410
34172;Montpellier;5;19670
17244;Montpellier-de-Médillan;2.5;21960
63240;Montpensier;2;26110
25405;Montperreux;2.7;39780
12156;Montpeyroux;3.7;19330
24292;Montpeyroux;2;20310
34173;Montpeyroux;4;22730
63241;Montpeyroux;7.2;27310
30182;Montpezat;3;23170
32289;Montpezat;2.8;22010
47190;Montpezat;2.6;20230
82131;Montpezat-de-Quercy;3;21350
7161;Montpezat-sous-Bauzon;3.6;20210
50350;Montpinchon;1.9;20870
81181;Montpinier;4;22670
31388;Montpitol;3.8;31150
55352;Montplonne;2.1;21540
24294;Montpon-Ménestérol;3.4;20380
71318;Montpont-en-Bresse;1.6;21040
10254;Montpothier;1.6;24520
47191;Montpouillan;2.8;22030
31389;Montrabé;6.2;28350
50351;Montrabot;1.4;
1264;Montracol;2.5;25180
79183;Montravers;1.8;22020
7162;Montréal;3.4;22820
11254;Montréal;3.3;21190
32290;Montréal;3.3;21570
89267;Montréal;3.4;21860
1265;Montréal-la-Cluse;2;21010
26209;Montréal-les-Sources;0;
59415;Montrécourt;2.5;24200
46207;Montredon;3.1;22960
11255;Montredon-des-Corbières;4.9;21540
81182;Montredon-Labessonnié;2.8;20100
43142;Montregard;3.8;21910
31390;Montréjeau;2.9;18150
44104;Montrelais;1.6;21940
24295;Montrem;3.3;21910
37157;Montrésor;1;20340
71319;Montret;2.4;20070
28267;Montreuil;2.8;25680
85148;Montreuil;1.9;22240
93048;Montreuil;3.7;21150
61290;Montreuil-au-Houlme;3.2;19430
2521;Montreuil-aux-Lions;1.5;24450
49215;Montreuil-Bellay;2.9;20620
35192;Montreuil-des-Landes;2.3;22390
14448;Montreuil-en-Auge;1.6;
76449;Montreuil-en-Caux;4.4;24450
37158;Montreuil-en-Touraine;3.4;23060
49214;Montreuil-Juigné;4.5;24220
27414;Montreuil-l'Argillé;1.9;19840
61291;Montreuil-la-Cambe;1.7;
72209;Montreuil-le-Chétif;3.4;21140
35193;Montreuil-le-Gast;3.8;26530
72210;Montreuil-le-Henri;1.8;20990
53160;Montreuil-Poulay;2.6;20090
35194;Montreuil-sous-Pérouse;3.2;25420
10255;Montreuil-sur-Barse;2.4;26620
52336;Montreuil-sur-Blaise;2.2;20300
60425;Montreuil-sur-Brêche;2.9;24370
95429;Montreuil-sur-Epte;1.6;27590
35195;Montreuil-sur-Ille;2.5;23020
49216;Montreuil-sur-Loir;3.4;25440
50352;Montreuil-sur-Lozon;2.8;20730
49217;Montreuil-sur-Maine;2.3;23280
62588;Montreuil-sur-Mer;5;21070
60426;Montreuil-sur-Thérain;2.6;26980
52337;Montreuil-sur-Thonnance;2;
58179;Montreuillon;0.6;20540
54381;Montreux;3.4;
90071;Montreux-Château;2.1;24270
68214;Montreux-Jeune;1.6;25980
68215;Montreux-Vieux;1.5;24340
49218;Montrevault-sur-Èvre;1.4;21620
38257;Montrevel;2;23280
39363;Montrevel;1.1;
1266;Montrevel-en-Bresse;2.5;22720
85197;Montréverd;2.2;22970
41151;Montrichard Val de Cher;3.3;20900
73173;Montricher-Albanne;3.3;24110
82132;Montricoux;2.9;21000
41152;Montrieux-en-Sologne;2.3;21540
74188;Montriond;6.4;24050
48103;Montrodat;1.2;24070
87100;Montrol-Sénard;1.4;20930
16231;Montrollet;1.8;19340
69138;Montromant;1;22850
5089;Montrond;4.6;
39364;Montrond;3.2;22580
25406;Montrond-le-Château;3.7;26280
42149;Montrond-les-Bains;3.7;23730
81184;Montrosier;2.3;
69139;Montrottier;2.1;23730
76450;Montroty;2.9;24160
92049;Montrouge;3.6;30500
41153;Montrouveau;1.5;22160
17245;Montroy;2.9;25530
12157;Montrozier;4;24720
77315;Montry;1.5;28360
37159;Monts;3.2;25100
60427;Monts;1;23920
48127;Monts-de-Randon;1.8;20830
14449;Monts-en-Bessin;5.2;24700
62590;Monts-en-Ternois;3.7;
86167;Monts-sur-Guesnes;3.3;18310
61194;Monts-sur-Orne;2.9;23300
12158;Montsalès;0.7;23460
4132;Montsalier;2.4;21960
15134;Montsalvy;4;21330
73175;Montsapey;0;
58180;Montsauche-les-Settons;5.2;19790
31391;Montsaunès;3.1;23740
55353;Montsec;1.8;
61292;Montsecret-Clairefougère;3.6;22090
9211;Montségur;0.8;18490
26211;Montségur-sur-Lauzon;3.4;24710
7163;Montselgues;0;
50273;Montsenelle;2.4;20420
11256;Montséret;3.4;22470
65323;Montsérié;2.6;
9212;Montseron;2.4;
38259;Montseveroux;1.3;25480
97313;Montsinéry-Tonnegrande;0.7;
49219;Montsoreau;4.5;22950
40196;Montsoué;3;23150
95430;Montsoult;2.4;28560
53161;Montsûrs;1.9;21830
10256;Montsuzain;2.4;24830
70371;Montureux-et-Prantigny;4.9;20710
70372;Montureux-lès-Baulay;3.6;19990
43143;Montusclat;1.5;19020
25408;Montussaint;3.2;
33293;Montussan;5.3;26030
72071;Montval-sur-Loir;2.7;20190
81185;Montvalen;1.7;23320
46208;Montvalent;2.7;21760
73176;Montvalezan;2.5;22330
26212;Montvendre;3;25510
42150;Montverdun;4;22750
73177;Montvernier;2.2;26510
15135;Montvert;1.7;18560
3189;Montvicq;3.2;20680
76452;Montville;3.5;23000
55355;Montzéville;2.5;21340
47192;Monviel;1.5;
11257;Monze;3.6;20390
50356;Moon-sur-Elle;2.6;21220
68217;Moosch;2.7;23280
68216;Mooslargue;2.6;30090
58181;Moraches;1.1;20000
17246;Moragne;2.8;22070
28268;Morainville;1.7;
27415;Morainville-Jouveaux;2.4;22810
78431;Morainvilliers;2.7;36400
69140;Morancé;4;29600
28269;Morancez;2.9;25840
52341;Morancourt;4.7;22880
37160;Morand;3.7;25060
51384;Morangis;3;27300
91432;Morangis;2.6;26260
60429;Morangles;1.7;26930
49220;Morannes sur Sarthe-Daumeray;3.7;21860
55356;Moranville;2.5;24550
38260;Moras;1.8;29160
26213;Moras-en-Valloire;2.7;22370
59416;Morbecque;4.3;23830
39367;Morbier;2.6;31520
40197;Morcenx-la-Nouvelle;4.9;21450
80568;Morchain;3.3;21490
62591;Morchies;2.7;21350
2525;Morcourt;2.3;24530
80569;Morcourt;2.5;20700
35196;Mordelles;4.1;23950
56140;Moréac;3.7;22100
41154;Morée;1.8;22150
85149;Moreilles;3.5;19730
88312;Morelmaison;3.6;23560
10257;Morembert;1.8;
38261;Morestel;1.4;22180
77316;Moret-Loing-et-Orvanne;3.1;26620
38263;Morette;2.4;27120
80570;Moreuil;4.1;21160
71321;Morey;1.2;20650
21442;Morey-Saint-Denis;3.2;28030
54385;Morfontaine;2.8;27600
40198;Morganx;2.8;23170
55357;Morgemoulin;3.6;23380
27417;Morgny;2.1;22960
2526;Morgny-en-Thiérache;3.8;
76453;Morgny-la-Pommeraye;3.9;26000
57483;Morhange;2.6;18610
63242;Moriat;6.9;21350
76606;Morienne;2.7;21060
60430;Morienval;3.4;25290
84081;Morières-lès-Avignon;4;23300
28270;Moriers;2;23700
4133;Moriez;4.4;19020
50357;Morigny;1.4;
91433;Morigny-Champigny;2.3;28170
74190;Morillon;3.8;25070
62592;Moringhem;2.4;22340
52342;Morionvilliers;0.5;
80571;Morisel;4;21960
88313;Moriville;2.7;21260
54386;Moriviller;2.2;
88314;Morizécourt;2.9;24680
33294;Morizès;3.4;19380
64405;Morlaàs;4.3;24860
18153;Morlac;1.3;20450
29151;Morlaix;4.5;20930
80572;Morlancourt;4.9;21940
64406;Morlanne;2.2;22740
71322;Morlet;2.6;
55359;Morley;1.6;23490
12159;Morlhon-le-Haut;3.3;21370
60431;Morlincourt;3.5;23920
77317;Mormant;1.8;23100
45216;Mormant-sur-Vernisson;2.4;24570
32291;Mormès;1.9;21930
84082;Mormoiron;2.6;20840
16232;Mornac;4.3;24990
17247;Mornac-sur-Seudre;4.4;22800
42151;Mornand-en-Forez;3.4;21750
26214;Mornans;2.9;
69141;Mornant;2.3;27260
84083;Mornas;2;23430
71323;Mornay;1.9;21570
18154;Mornay-Berry;1.5;22110
18155;Mornay-sur-Allier;2.7;20640
97116;Morne-à-l'Eau;4.3;
71324;Moroges;3.6;24280
18156;Morogues;1.5;22770
2B169;Morosaglia;8.4;20840
25410;Morre;7.1;26020
2527;Morsain;0.8;21910
51386;Morsains;2.6;22280
27418;Morsan;1.8;22170
91434;Morsang-sur-Orge;2.2;24900
91435;Morsang-sur-Seine;1.5;36150
57484;Morsbach;4.1;20940
67303;Morsbronn-les-Bains;6;25550
67304;Morschwiller;4;26200
68218;Morschwiller-le-Bas;4.1;27010
2B170;Morsiglia;6.9;
88315;Mortagne;1.3;21390
61293;Mortagne-au-Perche;4.1;20580
59418;Mortagne-du-Nord;3.3;19330
17248;Mortagne-sur-Gironde;2;20490
85151;Mortagne-sur-Sèvre;3.1;23260
50359;Mortain-Bocage;2.3;21810
77318;Mortcerf;1.7;27860
25411;Morteau;4.1;31230
14452;Morteaux-Coulibœuf;4.1;21210
2528;Mortefontaine;2.2;24150
60432;Mortefontaine;1.9;30240
60433;Mortefontaine-en-Thelle;1.1;27590
87101;Mortemart;1.7;21300
60434;Mortemer;2.8;23930
76454;Mortemer;4.2;
77319;Mortery;2;22620
18157;Morthomiers;1.6;24200
2529;Mortiers;3.3;20830
17249;Mortiers;2.9;16300
86169;Morton;1.8;19180
61294;Mortrée;2.9;21780
23136;Mortroux;2.1;18530
62593;Morval;1.9;
90072;Morvillars;2.4;23690
50360;Morville;3.4;21840
88316;Morville;3.5;
45217;Morville-en-Beauce;1.8;27250
76455;Morville-le-Héron;2.6;21300
57485;Morville-lès-Vic;5.2;20660
57486;Morville-sur-Nied;3.6;19580
54387;Morville-sur-Seille;2.6;24070
60435;Morvillers;3.6;22160
80573;Morvillers-Saint-Saturnin;3.8;21930
10258;Morvilliers;2.5;22340
28271;Morvilliers;2.9;23340
62594;Mory;3.4;21870
60436;Mory-Montcrux;3.7;
74191;Morzine;5.1;24600
14453;Mosles;4.1;22480
51387;Moslins;3.3;26290
17250;Mosnac;4.5;19900
16233;Mosnac-Saint-Simeux;1.9;23800
36131;Mosnay;3.1;21260
37161;Mosnes;3.8;23160
66119;Mosset;0.8;16640
21444;Mosson;2.5;
12160;Mostuéjouls;0.3;22410
70374;Motey-Besuche;3.2;20720
67305;Mothern;2.4;27790
29152;Motreff;3.4;22250
28272;Mottereau;1.9;22090
76456;Motteville;4.3;23200
38267;Mottier;2.9;23070
73180;Motz;2.4;26480
54388;Mouacourt;0.4;
44105;Mouais;2.2;20470
6084;Mouans-Sartoux;7;27840
54389;Mouaville;1.7;
35197;Mouazé;3.8;25970
85153;Mouchamps;2.3;21950
32292;Mouchan;3.2;21830
39370;Mouchard;4.3;21500
32293;Mouchès;3.1;
59419;Mouchin;4.6;28110
60437;Mouchy-le-Châtel;2.2;
43144;Moudeyres;1.7;19200
14454;Mouen;5.2;24660
27419;Mouettes;1.9;24830
89270;Mouffy;1;20000
27420;Mouflaines;1.9;22300
80574;Mouflers;3.9;
80575;Mouflières;3.1;
6085;Mougins;5.5;27390
64407;Mouguerre;5.1;25560
36133;Mouhers;4.3;20590
36134;Mouhet;2.6;18980
64408;Mouhous;1.8;
33295;Mouillac;3.3;
82133;Mouillac;3.4;
52344;Mouilleron;1.6;
85155;Mouilleron-le-Captif;3.7;25480
85154;Mouilleron-Saint-Germain;2.4;21550
55360;Mouilly;2;
55361;Moulainville;3.7;25020
81186;Moularès;3.2;19570
53162;Moulay;1.9;24190
81187;Moulayrès;2.9;22090
65324;Moulédous;1.3;23520
34174;Moulès-et-Baucels;5.2;21360
24296;Mouleydier;3.3;22080
30183;Moulézan;2.4;21270
28273;Moulhard;2.2;23490
16234;Moulidars;2.6;24630
33296;Mouliets-et-Villemartin;3;20460
49221;Mouliherne;3.9;19880
81188;Moulin-Mage;1.3;23150
9213;Moulin-Neuf;2.8;19460
24297;Moulin-Neuf;2.7;20360
60438;Moulin-sous-Touvent;1.2;22460
76457;Moulineaux;5;22970
14455;Moulines;1.4;22490
50362;Moulines;3.1;22270
6086;Moulinet;0;20200
47193;Moulinet;1.7;21210
2530;Moulins;1.7;
3190;Moulins;4.4;19880
35198;Moulins;3.9;23230
14406;Moulins-en-Bessin;4.2;25720
89271;Moulins-en-Tonnerrois;2.3;22490
58182;Moulins-Engilbert;4.2;21200
61297;Moulins-la-Marche;2.6;19100
72212;Moulins-le-Carbonnel;1.7;21890
57487;Moulins-lès-Metz;6.3;24460
55362;Moulins-Saint-Hubert;3.6;21630
36135;Moulins-sur-Céphons;1.6;20440
61298;Moulins-sur-Orne;2.9;24550
89272;Moulins-sur-Ouanne;1.9;22150
16406;Moulins-sur-Tardoire;3.3;21740
18158;Moulins-sur-Yèvre;1.5;24330
9214;Moulis;4.2;20810
33297;Moulis-en-Médoc;4.8;23890
86170;Moulismes;2.8;21130
62595;Moulle;3.3;24100
33298;Moulon;5.1;22700
45219;Moulon;1.2;25690
55363;Moulotte;2.5;
14456;Moult-Chicheboville;3.3;22530
65325;Moumoulous;3;
64409;Moumour;4.5;24200
12192;Mounes-Prohencoux;1.9;17520
32294;Mourède;3.6;
33299;Mourens;3.6;22480
64410;Mourenx;4;18900
12161;Mouret;1.7;22420
63243;Moureuille;1.3;22600
34175;Mourèze;1.6;21550
13065;Mouriès;3.8;24110
62596;Mouriez;2.9;22250
23137;Mourioux-Vieilleville;1.6;20040
51388;Mourmelon-le-Grand;3.7;20570
51389;Mourmelon-le-Petit;4.3;22510
39372;Mournans-Charbonny;3.3;
8310;Mouron;4.4;
58183;Mouron-sur-Yonne;1.2;
77320;Mouroux;2.6;24940
95436;Mours;2.9;28640
26218;Mours-Saint-Eusèbe;4.1;25030
31392;Mourvilles-Basses;3.4;
31393;Mourvilles-Hautes;3.4;25770
40199;Mouscardès;3.9;21960
30184;Moussac;3.3;21510
86171;Moussac;3.2;20660
15137;Moussages;0.7;20360
11258;Moussan;4;22710
35199;Moussé;2.9;22750
77321;Mousseaux-lès-Bray;1.3;23290
27421;Mousseaux-Neuville;2;24980
78437;Mousseaux-sur-Seine;0.6;29020
10260;Moussey;1.8;24650
57488;Moussey;1.6;20770
88317;Moussey;2.3;19570
54390;Mousson;4.8;
11259;Moussoulens;4.8;21820
51390;Moussy;3.3;26820
58184;Moussy;1.9;
95438;Moussy;1.8;27330
77322;Moussy-le-Neuf;1.4;27460
77323;Moussy-le-Vieux;1.5;25860
2531;Moussy-Verneuil;2.4;21510
31394;Moustajon;6.9;23970
22156;Moustéru;2.3;22680
40200;Moustey;1.9;20950
47194;Moustier;3.1;19820
59420;Moustier-en-Fagne;0.9;
19145;Moustier-Ventadour;8.7;23410
4135;Moustiers-Sainte-Marie;2;20670
56141;Moustoir-Ac;3.2;22750
57489;Mouterhouse;1.8;20890
86173;Mouterre-Silly;2.9;21160
86172;Mouterre-sur-Blourde;2.9;17770
25413;Mouthe;3.2;32260
71326;Mouthier-en-Bresse;2.5;21640
25415;Mouthier-Haute-Pierre;2.9;24120
16236;Mouthiers-sur-Boëme;2.1;23990
11260;Mouthoumet;0.8;14500
23138;Moutier-d'Ahun;3.7;19210
23139;Moutier-Malcard;3;19370
23140;Moutier-Rozeille;6.3;21740
28274;Moutiers;1.4;22940
35200;Moutiers;2.9;22110
54391;Moutiers;3.8;20850
73181;Moûtiers;4.4;19280
61300;Moutiers-au-Perche;2.1;22480
89273;Moutiers-en-Puisaye;4.2;20800
85156;Moutiers-les-Mauxfaits;2.8;22210
21446;Moutiers-Saint-Jean;2.5;23720
85157;Moutiers-sur-le-Lay;3.5;21940
16237;Mouton;3.1;21750
39375;Moutonne;2.4;24650
39376;Moutoux;3.4;
54392;Moutrot;4.2;25090
59421;Mouvaux;6.7;29430
11261;Moux;3.7;20000
58185;Moux-en-Morvan;3.3;21150
73182;Mouxy;4;28930
60439;Mouy;2.1;21110
77325;Mouy-sur-Seine;1.4;22920
37162;Mouzay;3.8;23180
55364;Mouzay;3.3;21300
44107;Mouzeil;2.3;23020
81189;Mouzens;2.4;25180
85158;Mouzeuil-Saint-Martin;3;21230
81191;Mouzieys-Panens;2.9;20140
81190;Mouzieys-Teulet;3.1;21950
44108;Mouzillon;3.4;24130
8311;Mouzon;3.4;20730
16239;Mouzon;2;20510
2532;Moÿ-de-l'Aisne;3.3;22650
14460;Moyaux;2.9;21710
5091;Moydans;3.2;
74192;Moye;1.5;27570
88318;Moyemont;2.6;19580
54393;Moyen;2.5;20290
80576;Moyencourt;2.7;21800
80577;Moyencourt-lès-Poix;3.3;24850
88319;Moyenmoutier;5.7;20560
60440;Moyenneville;2.4;24910
62597;Moyenneville;3.2;22230
80578;Moyenneville;3.8;22860
57490;Moyenvic;3.3;22520
57491;Moyeuvre-Grande;3.2;19840
57492;Moyeuvre-Petite;2.8;21170
50363;Moyon Villages;2.8;21240
12162;Moyrazès;1;24180
60441;Moyvillers;2.9;28240
63245;Mozac;3.7;26150
49222;Mozé-sur-Louet;3.3;24540
97612;Mtsamboro;NA;
76458;Muchedent;2.9;23620
34176;Mudaison;4.5;24820
35201;Muel;2.4;20950
68221;Muespach;3.3;37610
68222;Muespach-le-Haut;3.6;36400
40201;Mugron;2.9;21260
67306;Muhlbach-sur-Bruche;5.5;26320
68223;Muhlbach-sur-Munster;3.7;23820
41155;Muides-sur-Loire;3.2;23880
60442;Muidorge;2.2;21610
27422;Muids;2.4;25570
80579;Muille-Villette;2.6;21510
60443;Muirancourt;2.9;20950
51391;Muizon;5.8;26340
78439;Mulcent;1.1;
57493;Mulcey;4.5;23900
67307;Mulhausen;3.4;23380
68224;Mulhouse;3.9;16620
72213;Mulsanne;2.5;22780
41156;Mulsans;1;25430
65326;Mun;2.6;
67308;Munchhausen;2.5;27410
68225;Munchhouse;1.8;27690
62598;Muncq-Nieurlet;2.5;23100
67309;Mundolsheim;5.7;27220
50364;Muneville-le-Bingard;3.5;20850
50365;Muneville-sur-Mer;3.3;22530
57494;Munster;2.5;21230
68226;Munster;4.3;21740
68227;Muntzenheim;3.9;26350
68228;Munwiller;3.1;27070
12164;Mur-de-Barrez;4;20510
41157;Mur-de-Sologne;2.2;22650
63226;Mur-sur-Allier;4;26900
2B171;Muracciole;0.3;
12163;Murasson;1.2;19490
3191;Murat;2.6;19300
15138;Murat;3.1;21670
63246;Murat-le-Quaire;6.1;22630
81192;Murat-sur-Vèbre;0.7;19590
2B172;Murato;1.3;23330
68229;Murbach;0.9;30380
60444;Mureaumont;2.3;21140
74194;Mûres;3.3;29860
31395;Muret;5.9;22450
2533;Muret-et-Crouttes;1.6;23960
12165;Muret-le-Château;3.2;23030
38271;Murianette;3.5;28880
38272;Murinais;1.7;22620
34177;Murles;2.8;28130
58186;Murlin;1.5;
2B173;Muro;2.1;20680
63247;Murol;6;22420
12166;Murols;1.3;
17253;Muron;4.3;21240
36136;Murs;4.1;22450
84085;Murs;1;22920
49223;Mûrs-Erigné;3.2;24300
1268;Murs-et-Gélignieux;2;24830
8312;Murtin-et-Bogny;2.7;23750
55365;Murvaux;1.6;17560
34178;Murviel-lès-Béziers;3.2;21120
34179;Murviel-lès-Montpellier;4.5;25830
54394;Murville;3.5;26170
2A174;Murzo;6.3;
30185;Mus;5.1;24330
2534;Muscourt;1.6;
64411;Musculdy;2;19700
74195;Musièges;1.9;32920
21447;Musigny;5.2;
52346;Mussey-sur-Marne;4.4;19370
24299;Mussidan;3.4;19320
67310;Mussig;4.4;26370
21448;Mussy-la-Fosse;2;21780
71327;Mussy-sous-Dun;1.2;22610
10261;Mussy-sur-Seine;2;20250
39377;Mutigney;3.6;19740
51392;Mutigny;3;30260
14461;Mutrécy;3.2;25010
67311;Muttersholtz;4.1;24340
67312;Mutzenhouse;3.6;26290
67313;Mutzig;3.6;22390
55367;Muzeray;3;25940
56143;Muzillac;4.5;23700
27423;Muzy;2.2;25490
73183;Myans;5.8;27530
58187;Myennes;3.5;20000
25416;Myon;2.7;23980
64412;Nabas;4.5;
16240;Nabinaud;2.5;
24300;Nabirat;3.8;21940
62599;Nabringhen;3.2;24380
17254;Nachamps;2.8;21120
24301;Nadaillac;0.6;21190
46209;Nadaillac-de-Rouge;2.6;24390
3192;Nades;1.4;20080
46210;Nadillac;0.5;
27424;Nagel-Séez-Mesnil;1.3;21880
81193;Nages;2;21100
30186;Nages-et-Solorgues;3.7;27660
66120;Nahuja;4.9;
24302;Nailhac;3.2;22920
23141;Naillat;2.8;21190
31396;Nailloux;4.9;24210
89274;Nailly;2.8;23730
86174;Naintré;3.7;22640
91441;Nainville-les-Roches;2.1;29150
25417;Naisey-les-Granges;3.8;24540
55368;Naives-en-Blois;2.1;22050
55369;Naives-Rosières;4.4;23540
55370;Naix-aux-Forges;1.6;21600
12167;Najac;4.1;19390
85159;Nalliers;3.5;21660
86175;Nalliers;2.5;19830
9215;Nalzen;2;21490
68230;Nambsheim;3;26770
60445;Nampcel;1.3;21980
2535;Nampcelles-la-Cour;3.8;21060
80580;Nampont;4.6;21690
80582;Namps-Maisnil;3.5;24270
2536;Nampteuil-sous-Muret;1.6;
80583;Nampty;3.7;26720
21449;Nan-sous-Thil;2.2;22130
18159;Nançay;2.1;23560
39379;Nance;4.2;23200
73184;Nances;3.3;27650
39130;Nanchez;0.9;25270
16241;Nanclars;3.7;23100
55371;Nançois-le-Grand;2;
55372;Nançois-sur-Ornain;3.6;22020
17255;Nancras;2.7;21700
25418;Nancray;3.2;25240
45220;Nancray-sur-Rimarde;1;23320
39380;Nancuise;3.4;
54395;Nancy;5.2;22360
74196;Nancy-sur-Cluses;0.7;28040
42152;Nandax;1.9;22890
77326;Nandy;2;24330
77327;Nangis;1.5;19890
74197;Nangy;5;36250
58188;Nannay;1.1;20350
25419;Nans;3.4;21060
83087;Nans-les-Pins;2.8;25930
25420;Nans-sous-Sainte-Anne;3.3;22490
12168;Nant;3.4;20830
55373;Nant-le-Grand;2.3;
55374;Nant-le-Petit;2;
77328;Nanteau-sur-Essonne;2.1;26870
77329;Nanteau-sur-Lunain;1.5;27070
92050;Nanterre;2.8;21620
44109;Nantes;4.9;24170
38273;Nantes-en-Ratier;5;25700
79189;Nanteuil;2.8;22810
24303;Nanteuil-Auriac-de-Bourzac;1.6;20800
16242;Nanteuil-en-Vallée;2.4;20430
51393;Nanteuil-la-Forêt;2.6;27770
2537;Nanteuil-la-Fosse;2.8;20970
60446;Nanteuil-le-Haudouin;2.2;23770
77330;Nanteuil-lès-Meaux;2.4;25510
2538;Nanteuil-Notre-Dame;2.5;
8313;Nanteuil-sur-Aisne;4.1;27830
77331;Nanteuil-sur-Marne;1.9;23180
24304;Nantheuil;3.5;21420
24305;Nanthiat;2.6;21350
87103;Nantiat;2.6;20990
17256;Nantillé;2.8;21630
55375;Nantillois;1.8;
70376;Nantilly;4.8;23750
55376;Nantois;2.2;
71328;Nanton;2.6;22570
77332;Nantouillet;2.3;27340
21450;Nantoux;4.1;29280
1269;Nantua;1.4;18370
80584;Naours;4.9;25920
57495;Narbéfontaine;2.1;22460
25421;Narbief;2.2;
11262;Narbonne;4.8;19850
64413;Narcastet;4.1;24070
52347;Narcy;1.6;23160
58189;Narcy;1.1;22220
45222;Nargis;1.6;22940
15139;Narnhac;1.3;
64414;Narp;3.1;19520
40202;Narrosse;5;22580
48104;Nasbinals;5.7;21180
27425;Nassandres sur Risle;3.7;23280
40203;Nassiet;3.6;23920
3193;Nassigny;1.2;21980
24306;Nastringues;3.4;21130
67314;Natzwiller;3.2;24240
12169;Naucelle;4.7;22980
15140;Naucelles;4.7;24230
33300;Naujac-sur-Mer;3.2;22120
33301;Naujan-et-Postiac;4.2;23770
2539;Nauroy;1.8;21750
12170;Naussac;0.8;22430
48105;Naussac-Fontanes;3;21500
24307;Naussannes;1.5;19260
72214;Nauvay;1.9;
12171;Nauviale;6.9;21630
30187;Navacelles;1.5;21510
64415;Navailles-Angos;4.4;25280
64416;Navarrenx;2.8;21230
41158;Naveil;2.4;24010
70378;Navenne;4.6;24340
3194;Naves;3.5;22190
19146;Naves;4;24900
59422;Naves;2.9;24380
81195;Navès;4.5;25080
74198;Nâves-Parmelan;1.8;33320
71329;Navilly;2.5;21520
71134;Navour-sur-Grosne;5.1;22860
50368;Nay;2.5;
64417;Nay;5.2;22060
88320;Nayemont-les-Fosses;2.9;27230
37163;Nazelles-Négron;3.2;22660
33302;Néac;5;24290
56145;Néant-sur-Yvel;3.2;20570
53163;Neau;2.8;21240
27427;Neaufles-Auvergny;1.8;22840
27426;Neaufles-Saint-Martin;2.2;25640
61301;Neauphe-sous-Essai;3.4;21870
61302;Neauphe-sur-Dive;1.4;25570
78442;Neauphle-le-Château;2.5;31940
78443;Neauphle-le-Vieux;2.4;33460
78444;Neauphlette;1.4;28120
42153;Neaux;2.5;21930
34180;Nébian;4.4;21400
11263;Nébias;0.9;17380
57496;Nébing;1.9;20140
63248;Nébouzat;4.3;24950
61303;Nécy;4.9;22000
87104;Nedde;6.2;19590
62600;Nédon;3;22430
62601;Nédonchel;2.2;21640
67315;Neewiller-près-Lauterbourg;2.1;27950
5092;Neffes;5.7;25840
34181;Neffiès;1.8;20930
66121;Néfiach;2.6;20890
82134;Nègrepelisse;3.5;21280
50369;Négreville;2.3;23880
24308;Négrondes;3.5;21460
50370;Néhou;2.7;20770
57497;Nelling;2;20420
77333;Nemours;2.6;19330
62602;Nempont-Saint-Firmin;4.6;21610
31397;Nénigan;2.8;
36137;Néons-sur-Creuse;3.4;21820
83088;Néoules;2.7;25050
23142;Néoux;5.5;20010
55377;Nepvant;3.2;
47195;Nérac;3.8;21200
40204;Nerbis;3.2;23080
16243;Nercillac;3.4;23900
17257;Néré;2.2;20410
36138;Néret;2.7;22030
33303;Nérigean;4.4;23470
86176;Nérignac;3.1;19730
3195;Néris-les-Bains;3.1;23450
74199;Nernier;1.1;46630
28275;Néron;2.3;26560
42154;Néronde;2.1;21380
63249;Néronde-sur-Dore;3;22960
18160;Nérondes;2;20790
30188;Ners;2.9;23030
16244;Nersac;3;21610
42155;Nervieux;3.7;22920
95445;Nerville-la-Forêt;2.9;28750
60447;Néry;2.4;28290
63250;Neschers;3.4;22700
9216;Nescus;3.7;
80585;Nesle;3.4;19090
21451;Nesle-et-Massoult;2.2;
76459;Nesle-Hodeng;5;22050
80586;Nesle-l'Hôpital;3.8;18960
51395;Nesle-la-Reposte;1;
51396;Nesle-le-Repons;2.8;21480
76460;Nesle-Normandeuse;3.2;20970
62603;Nesles;2.9;21170
2540;Nesles-la-Montagne;3.5;24290
95446;Nesles-la-Vallée;2;31280
80587;Neslette;3.1;
85160;Nesmy;2.4;23500
45223;Nesploy;1;20560
19147;Nespouls;4;24300
2B175;Nessa;0.4;
65327;Nestier;2.5;20720
55378;Nettancourt;4.9;19790
39385;Neublans-Abergement;2.7;20700
67317;Neubois;3.9;26580
25422;Neuchâtel-Urtière;1.9;28340
59423;Neuf-Berquin;4.7;22950
68231;Neuf-Brisach;3;21340
63251;Neuf-Église;3;23100
76463;Neuf-Marché;2.5;22790
59424;Neuf-Mesnil;4;18560
76461;Neufbosc;4.2;22810
88321;Neufchâteau;4;20430
76462;Neufchâtel-en-Bray;5.1;19450
72215;Neufchâtel-en-Saosnois;2.6;21060
62604;Neufchâtel-Hardelot;3.9;25500
2541;Neufchâtel-sur-Aisne;3;24860
57498;Neufchef;2.6;26860
60448;Neufchelles;1.6;24750
33304;Neuffons;3.4;24120
58190;Neuffontaines;2.7;18540
57499;Neufgrange;4.5;26410
2542;Neuflieux;2.9;
8314;Neuflize;4.1;25830
8315;Neufmaison;2.1;
54396;Neufmaisons;2.1;19210
8316;Neufmanil;1.8;22050
50372;Neufmesnil;2.5;23760
80588;Neufmoulin;3.1;23470
57500;Neufmoulins;4;
77336;Neufmoutiers-en-Brie;1.6;28040
57501;Neufvillage;2.8;
60449;Neufvy-sur-Aronde;2.4;25460
67228;Neugartheim-Ittlenheim;3.2;29860
67319;Neuhaeusel;2.6;26350
37165;Neuil;3.7;22980
65328;Neuilh;2.6;
17258;Neuillac;3.5;22180
36139;Neuillay-les-Bois;2.8;21490
49224;Neuillé;2.8;20900
37166;Neuillé-le-Lierre;4.1;22510
37167;Neuillé-Pont-Pierre;3.3;22170
27429;Neuilly;1.8;26880
58191;Neuilly;1.7;22450
21452;Neuilly-Crimolois;4.3;23690
3196;Neuilly-en-Donjon;1.8;18380
18161;Neuilly-en-Dun;1.2;17950
18162;Neuilly-en-Sancerre;1.7;18100
60450;Neuilly-en-Thelle;1.5;24250
95447;Neuilly-en-Vexin;1;26820
52348;Neuilly-l'Évêque;1.9;22040
80590;Neuilly-l'Hôpital;4.3;23400
61304;Neuilly-le-Bisson;3.3;24240
37168;Neuilly-le-Brignon;3.1;22070
80589;Neuilly-le-Dien;2.8;
3197;Neuilly-le-Réal;2.4;23230
53164;Neuilly-le-Vendin;3;19580
93049;Neuilly-Plaisance;3.9;26590
2543;Neuilly-Saint-Front;1.7;20960
60451;Neuilly-sous-Clermont;3.2;25460
93050;Neuilly-sur-Marne;3.1;21000
92051;Neuilly-sur-Seine;3.7;48010
52349;Neuilly-sur-Suize;1.9;26730
62605;Neulette;3.7;
42156;Neulise;3.1;22010
17259;Neulles;4.1;22630
56146;Neulliac;2.5;22510
41159;Neung-sur-Beuvron;1.9;22070
57502;Neunkirchen-lès-Bouzonville;2.5;25390
3198;Neure;2.5;21380
70380;Neurey-en-Vaux;0.8;22420
70381;Neurey-lès-la-Demie;3.5;22750
15141;Neussargues-Moissac;4.1;21650
62606;Neuve-Chapelle;4.8;27200
67320;Neuve-Église;3.4;25070
2544;Neuve-Maison;2.9;19910
74200;Neuvecelle;3.6;36690
15142;Neuvéglise-sur-Truyère;4;21360
70383;Neuvelle-lès-Cromary;4.8;24140
70384;Neuvelle-lès-la-Charité;4.6;22540
52350;Neuvelle-lès-Voisey;2.8;
54397;Neuves-Maisons;3;22650
19148;Neuvic;2.2;21660
24309;Neuvic;2.9;20890
87105;Neuvic-Entier;2.4;20740
17260;Neuvicq;2.5;21070
17261;Neuvicq-le-Château;2.7;22170
72216;Neuvillalais;3.9;22100
19149;Neuville;4.7;21780
63252;Neuville;1.9;23590
28319;Neuville Saint Denis;2.1;25110
80591;Neuville-au-Bois;3;21390
62607;Neuville-au-Cornet;4.5;
50373;Neuville-au-Plain;3.5;
45224;Neuville-aux-Bois;2;23420
60452;Neuville-Bosc;1;28780
62608;Neuville-Bourjonval;1.4;21880
80592;Neuville-Coppegueule;3.8;19530
8321;Neuville-Day;4.1;21770
86177;Neuville-de-Poitou;4.1;23290
59425;Neuville-en-Avesnois;3.4;23800
50374;Neuville-en-Beaumont;2.8;
59426;Neuville-en-Ferrain;7;25120
55380;Neuville-en-Verdunois;4;
76465;Neuville-Ferrières;4.1;21040
1272;Neuville-les-Dames;2.2;23200
58192;Neuville-lès-Decize;1.8;20620
8322;Neuville-lès-This;2.8;23800
55381;Neuville-lès-Vaucouleurs;3.2;22860
8319;Neuville-lez-Beaulieu;4.3;19850
2549;Neuville-Saint-Amand;6;24570
59428;Neuville-Saint-Rémy;3.9;20080
62609;Neuville-Saint-Vaast;5.7;28120
62610;Neuville-sous-Montreuil;5.2;19980
2550;Neuville-sur-Ailette;1.8;22090
1273;Neuville-sur-Ain;3.3;23060
27433;Neuville-sur-Authou;1.9;17840
37169;Neuville-sur-Brenne;4.2;23010
59429;Neuville-sur-Escaut;6;19910
2551;Neuville-sur-Margival;2.5;22250
95450;Neuville-sur-Oise;3;31300
55382;Neuville-sur-Ornain;5.1;21470
69143;Neuville-sur-Saône;3.9;23150
72217;Neuville-sur-Sarthe;3.2;26320
10262;Neuville-sur-Seine;3.9;27980
61307;Neuville-sur-Touques;2;21200
10263;Neuville-sur-Vanne;2.6;21360
62611;Neuville-Vitasse;4.6;26240
67321;Neuviller-la-Roche;3.2;22750
54398;Neuviller-lès-Badonviller;2.9;
54399;Neuviller-sur-Moselle;2.7;21350
88326;Neuvillers-sur-Fave;4.3;24560
2552;Neuvillette;5.3;23580
80596;Neuvillette;2.5;20650
72218;Neuvillette-en-Charnie;2.9;21800
39386;Neuvilley;3.6;
59430;Neuvilly;3.3;20470
55383;Neuvilly-en-Argonne;5.1;23210
62612;Neuvireuil;5.5;26530
8324;Neuvizy;2;19860
3200;Neuvy;4.1;25570
41160;Neuvy;2.7;23570
51402;Neuvy;1.3;22600
61308;Neuvy-au-Houlme;3.8;23020
79190;Neuvy-Bouin;2;20080
18163;Neuvy-Deux-Clochers;1.7;23150
28277;Neuvy-en-Dunois;2.3;24170
45226;Neuvy-en-Sullias;2.2;23870
71330;Neuvy-Grandchamp;1.1;21560
18164;Neuvy-le-Barrois;2.1;22080
37170;Neuvy-le-Roi;3;22620
36140;Neuvy-Pailloux;1.7;22200
36141;Neuvy-Saint-Sépulchre;4.1;21490
89276;Neuvy-Sautour;3.4;21610
18165;Neuvy-sur-Barangeon;2.1;22060
58193;Neuvy-sur-Loire;3.3;21510
68232;Neuwiller;0.8;44800
67322;Neuwiller-lès-Saverne;3.2;24990
5093;Névache;0;19770
58194;Nevers;3;20050
29153;Névez;3;24360
11264;Névian;4.2;22270
76467;Néville;3.6;23240
45227;Nevoy;2.3;25840
39387;Nevy-lès-Dole;4.7;20690
39388;Nevy-sur-Seille;2.7;24210
87106;Nexon;2.8;23090
39389;Ney;3.1;26170
74201;Neydens;3;45460
1275;Neyron;2.3;30240
78451;Nézel;2.7;27320
34182;Nézignan-l'Évêque;3.3;23420
53165;Niafles;3.2;23930
9217;Niaux;3.6;19690
80597;Nibas;3.4;22040
45228;Nibelle;1;23870
4137;Nibles;2.2;
6088;Nice;4.8;21570
21454;Nicey;2.7;20600
55384;Nicey-sur-Aire;5;22420
47196;Nicole;3;18690
50376;Nicorps;4;23810
57504;Niderhoff;2.8;23260
57505;Niderviller;5.1;24510
67324;Niederbronn-les-Bains;3.2;23600
68234;Niederentzen;3.5;27620
67325;Niederhaslach;3.2;24810
67326;Niederhausbergen;8.3;29950
68235;Niederhergheim;3.8;27670
67327;Niederlauterbach;2.9;28850
67328;Niedermodern;3.3;24760
68237;Niedermorschwihr;3.7;30360
67329;Niedernai;7.2;27020
67330;Niederrœdern;3.6;27850
67331;Niederschaeffolsheim;6;27090
67333;Niedersoultzbach;3.6;25490
67334;Niedersteinbach;0.5;24070
57506;Niederstinzel;3.2;21000
57507;Niedervisse;2.2;25800
62614;Nielles-lès-Ardres;1.8;24610
62613;Nielles-lès-Bléquin;2.7;21140
62615;Nielles-lès-Calais;4.6;28050
59431;Nieppe;5.6;23470
59432;Niergnies;4;25440
15143;Nieudan;2.7;22160
16245;Nieuil;3.2;20550
86178;Nieuil-l'Espoir;3.1;24380
87107;Nieul;3.7;24920
85161;Nieul-le-Dolent;1.7;22750
17263;Nieul-le-Virouil;3.3;21620
17262;Nieul-lès-Saintes;4.6;23450
17264;Nieul-sur-Mer;5.3;26200
17265;Nieulle-sur-Seudre;2;21210
59433;Nieurlet;2.9;20600
1276;Niévroz;3.6;28000
68238;Niffer;1.5;34630
36142;Niherne;2.4;23350
57508;Nilvange;3;21520
30189;Nîmes;4.1;18760
52352;Ninville;1.1;
79191;Niort;4.4;23120
11265;Niort-de-Sault;1.2;
4138;Niozelles;4.3;22130
34183;Nissan-lez-Enserune;4;21220
65329;Nistos;0.8;18260
89277;Nitry;1.4;24220
57509;Nitting;3.2;23900
59434;Nivelle;4.7;26210
1095;Nivigne et Suran;2.4;23260
56147;Nivillac;3.7;22900
60461;Nivillers;3.6;28820
38276;Nivolas-Vermelle;4.3;23800
1277;Nivollet-Montgriffon;1.1;23550
55385;Nixéville-Blercourt;5.1;24530
31398;Nizan-Gesse;2;
32295;Nizas;4.5;22870
34184;Nizas;2.6;21800
3201;Nizerolles;6.8;18970
2553;Nizy-le-Comte;2.7;21680
19150;Noailhac;2.9;22960
81196;Noailhac;1.4;22710
33306;Noaillac;2.9;21980
33307;Noaillan;3.7;22810
19151;Noailles;4.8;24290
60462;Noailles;3.5;22440
81197;Noailles;2.6;21890
42157;Noailly;2.6;22260
48106;Noalhac;3.4;
63253;Noalhat;2.7;23530
27434;Noards;2.1;
2B176;Nocario;2.8;
2B177;Noceta;0.3;
71331;Nochize;1.6;22550
21455;Nod-sur-Seine;1.9;21740
31399;Noé;5.4;23270
89278;Noé;2.2;23920
10264;Noé-les-Mallets;1;26830
25425;Noël-Cerneux;3;38600
62616;Nœux-lès-Auxi;2.8;18740
62617;Nœux-les-Mines;4.1;18650
31400;Nogaret;3.3;
32296;Nogaro;3.8;19090
52353;Nogent;2.9;20780
10266;Nogent-en-Othe;2.6;
51403;Nogent-l'Abbesse;4.6;26790
2555;Nogent-l'Artaud;2.2;21670
72220;Nogent-le-Bernard;1.3;21750
28278;Nogent-le-Phaye;2.5;27920
28279;Nogent-le-Roi;2.2;22780
28280;Nogent-le-Rotrou;2.8;21140
27436;Nogent-le-Sec;1.3;24980
21456;Nogent-lès-Montbard;4.4;22730
10267;Nogent-sur-Aube;1.9;23790
28281;Nogent-sur-Eure;2.4;26030
72221;Nogent-sur-Loir;2.6;20730
94052;Nogent-sur-Marne;3.9;33240
60463;Nogent-sur-Oise;2.9;17620
10268;Nogent-sur-Seine;2.3;20620
45229;Nogent-sur-Vernisson;1.9;21620
2554;Nogentel;3.9;24400
39390;Nogna;4.7;22000
64418;Noguères;4.2;20600
63254;Nohanent;2.8;27570
18166;Nohant-en-Goût;1.9;24620
18167;Nohant-en-Graçay;1.6;22160
36143;Nohant-Vic;3.6;23310
66122;Nohèdes;0;
82135;Nohic;3.1;22830
21457;Noidan;2.6;
70387;Noidans-le-Ferroux;4.8;21130
70388;Noidans-lès-Vesoul;5;22670
52354;Noidant-Chatenoy;3.7;
52355;Noidant-le-Rocheux;1.6;24010
32297;Noilhan;4;24910
60464;Nointel;2.5;25770
95452;Nointel;2.1;28910
76468;Nointot;2.6;24570
2556;Noircourt;4.5;
25426;Noirefontaine;2.6;24090
60465;Noirémont;3.9;25740
42159;Noirétable;3.4;21330
51404;Noirlieu;0.6;26700
85163;Noirmoutier-en-l'Île;3.1;24050
70389;Noiron;3.1;
21458;Noiron-sous-Gevrey;3.2;26410
21459;Noiron-sur-Bèze;3.1;24470
21460;Noiron-sur-Seine;2.1;
25427;Noironte;5.2;25420
8325;Noirval;4.7;
94053;Noiseau;3.9;28950
77337;Noisiel;2.9;21110
57510;Noisseville;2.8;28370
93051;Noisy-le-Grand;3.1;23490
78455;Noisy-le-Roi;2.8;37660
93053;Noisy-le-Sec;3.5;18450
77338;Noisy-Rudignon;2.6;25640
77339;Noisy-sur-École;1.7;33450
95456;Noisy-sur-Oise;2.5;27640
37171;Noizay;2.7;23930
27437;Nojeon-en-Vexin;2.5;23590
21461;Nolay;2.9;22100
58196;Nolay;2;22190
76469;Nolléval;2.4;21660
42160;Nollieux;2.5;22370
59435;Nomain;4.8;27050
47197;Nomdieu;2;23210
52356;Nomécourt;4.6;21780
54400;Nomeny;4.1;24970
88327;Nomexy;3.9;20490
25428;Nommay;4.4;24660
88328;Nompatelize;3.9;24140
16246;Nonac;2.2;21810
27438;Nonancourt;2.3;20450
14465;Nonant;4.6;26620
19152;Nonards;2.8;23280
52357;Noncourt-sur-le-Rongeant;2.6;19860
63255;Nonette-Orsonnette;3.1;23200
74202;Nonglard;2.9;29630
54401;Nonhigny;3.7;20750
55386;Nonsard-Lamarche;4.4;24050
24311;Nontron;2.9;20720
77340;Nonville;2.3;27560
88330;Nonville;4.3;19470
28282;Nonvilliers-Grandhoux;1.1;23380
2B178;Nonza;0.9;
88331;Nonzeville;2.5;
59436;Noordpeene;2.8;22780
62618;Nordausques;3.7;21750
67335;Nordheim;3.6;28160
67336;Nordhouse;3.7;27340
62619;Noreuil;2.7;22570
21462;Norges-la-Ville;4.1;29200
27439;Normanville;2.4;26720
76470;Normanville;2.9;23440
21463;Normier;2.7;
14466;Norolles;3.4;26080
14467;Noron-l'Abbaye;4.7;22840
14468;Noron-la-Poterie;3.3;22610
60466;Noroy;2.7;24230
70390;Noroy-le-Bourg;3.5;22820
2557;Noroy-sur-Ourcq;1.8;20740
62620;Norrent-Fontes;3.3;21440
14469;Norrey-en-Auge;3;
51406;Norrois;3.7;21880
88332;Norroy;4.2;25190
54402;Norroy-le-Sec;3;24920
57511;Norroy-le-Veneur;1.7;28310
54403;Norroy-lès-Pont-à-Mousson;3.1;26840
62622;Nort-Leulinghem;1.7;20640
44110;Nort-sur-Erdre;2.9;23710
62621;Nortkerque;2.2;22350
76471;Norville;2.1;25220
5094;Nossage-et-Bénévent;2.5;
88333;Nossoncourt;3.2;18730
56148;Nostang;4.9;23600
23143;Noth;3.3;21170
67337;Nothalten;5.4;25670
76472;Notre-Dame-d'Aliermont;2.4;21030
27441;Notre-Dame-d'Épine;2.3;
14474;Notre-Dame-d'Estrées-Corbon;2.3;23840
37172;Notre-Dame-d'Oé;3.6;25460
73186;Notre-Dame-de-Bellecombe;6.1;23680
76473;Notre-Dame-de-Bliquetuit;3.4;24160
42161;Notre-Dame-de-Boisset;3.8;27820
76474;Notre-Dame-de-Bondeville;4.1;22570
50378;Notre-Dame-de-Cenilly;1.5;20800
38277;Notre-Dame-de-Commiers;1.1;26970
27440;Notre-Dame-de-l'Isle;2.3;27270
38278;Notre-Dame-de-l'Osier;2.1;24880
78320;Notre-Dame-de-la-Mer;2.6;25900
14473;Notre-Dame-de-Livaye;2.4;24600
50379;Notre-Dame-de-Livoye;1.8;23460
34185;Notre-Dame-de-Londres;2.8;24080
38279;Notre-Dame-de-Mésage;1.9;26290
85164;Notre-Dame-de-Monts;2.1;23070
85189;Notre-Dame-de-Riez;3.5;23010
38280;Notre-Dame-de-Vaulx;2.5;25290
44111;Notre-Dame-des-Landes;3.1;23330
73188;Notre-Dame-des-Millières;3.2;24340
76477;Notre-Dame-du-Bec;3.9;26510
73189;Notre-Dame-du-Cruet;2.5;26790
27442;Notre-Dame-du-Hamel;1.1;21420
76478;Notre-Dame-du-Parc;3.6;22720
72232;Notre-Dame-du-Pé;1.9;22660
73190;Notre-Dame-du-Pré;0.7;25040
28283;Nottonville;1.2;23510
86180;Nouaillé-Maupertuis;2.9;27260
50382;Nouainville;3;26960
41161;Nouan-le-Fuzelier;3.2;21500
72222;Nouans;1.9;21430
37173;Nouans-les-Fontaines;1.4;21430
8326;Nouart;5;18390
37174;Nouâtre;3;20010
31401;Noueilles;4.6;26290
14658;Noues de Sienne;2.2;20740
32298;Nougaroulet;3.5;23950
23145;Nouhant;0.9;20300
87108;Nouic;0.8;19450
65330;Nouilhan;4;22360
55387;Nouillonpont;4.1;23420
57512;Nouilly;3.5;28670
32299;Noulens;3.5;
60468;Nourard-le-Franc;2.6;23280
41163;Nourray;2.7;24190
40205;Nousse;3.4;22020
57513;Nousseviller-lès-Bitche;1.2;25560
57514;Nousseviller-Saint-Nabor;3.4;25870
64419;Nousty;3.5;25240
62623;Nouvelle-Église;5.2;24810
80598;Nouvion;5.3;21110
2559;Nouvion-et-Catillon;2.2;19880
2560;Nouvion-le-Comte;2.6;23890
2561;Nouvion-le-Vineux;2.8;26750
8327;Nouvion-sur-Meuse;2.4;20710
35204;Nouvoitou;3.1;25160
2562;Nouvron-Vingré;0.8;21090
23146;Nouzerines;2.2;19180
23147;Nouzerolles;2.1;19760
23148;Nouziers;2.4;19490
37175;Nouzilly;3.4;25390
8328;Nouzonville;3;18570
63256;Novacelles;0.4;16790
73191;Novalaise;2.4;27140
2B179;Novale;0;
57515;Novéant-sur-Moselle;2.8;24000
74203;Novel;0;
2B180;Novella;0;
13066;Noves;6.2;23320
54404;Noviant-aux-Prés;1.1;20730
90074;Novillard;1.8;26750
25429;Novillars;4.1;22210
60469;Novillers;1.1;27040
8329;Novion-Porcien;3.3;22330
8330;Novy-Chevrières;3;23200
22160;Noyal;3.3;24310
35206;Noyal-Châtillon-sur-Seiche;3.6;24960
56149;Noyal-Muzillac;3.8;22890
56151;Noyal-Pontivy;3.5;23320
35205;Noyal-sous-Bazouges;3;22080
44112;Noyal-sur-Brutz;2.7;22040
35207;Noyal-sur-Vilaine;5.5;26350
2563;Noyales;4.7;19860
3202;Noyant-d'Allier;3.3;19430
37176;Noyant-de-Touraine;4.2;22780
49228;Noyant-Villages;3.2;19490
38281;Noyarey;3.4;26880
62630;Noyelle-Vion;3;25930
80599;Noyelles-en-Chaussée;1.9;19820
62624;Noyelles-Godault;7.8;19040
62625;Noyelles-lès-Humières;3.6;
59437;Noyelles-lès-Seclin;5.8;28500
62626;Noyelles-lès-Vermelles;4;21380
62627;Noyelles-sous-Bellonne;3.3;25710
62628;Noyelles-sous-Lens;7.5;17590
59438;Noyelles-sur-Escaut;3.6;22240
80600;Noyelles-sur-Mer;7.6;21250
59439;Noyelles-sur-Sambre;2.4;22270
59440;Noyelles-sur-Selle;4;21510
62629;Noyellette;3.2;26770
72223;Noyen-sur-Sarthe;1.9;21230
77341;Noyen-sur-Seine;2.6;24270
27445;Noyers;2.5;24220
45230;Noyers;1.5;23590
52358;Noyers;3.1;17980
89279;Noyers;1.3;22480
55388;Noyers-Auzécourt;3.8;22970
8331;Noyers-Pont-Maugis;2.8;22180
60470;Noyers-Saint-Martin;4.5;22320
41164;Noyers-sur-Cher;2.8;21030
4139;Noyers-sur-Jabron;0.9;22230
60471;Noyon;3.4;17740
10269;Nozay;3.3;26990
44113;Nozay;3.2;21890
91458;Nozay;2.6;30540
39391;Nozeroy;2.8;25070
7166;Nozières;2.1;16940
18169;Nozières;1.5;23250
49231;Nuaillé;2.4;23580
17267;Nuaillé-d'Aunis;5.1;24050
58197;Nuars;3.1;21450
55389;Nubécourt;2.6;23430
95459;Nucourt;2.2;28030
79195;Nueil-les-Aubiers;2.4;20570
86181;Nueil-sous-Faye;2.9;18390
72224;Nuillé-le-Jalais;2;22920
53168;Nuillé-sur-Vicoin;1.7;22170
51409;Nuisement-sur-Coole;1.5;27000
89280;Nuits;2.8;21220
21464;Nuits-Saint-Georges;4.6;23140
76479;Nullemont;1.8;17050
52359;Nully;3.3;19000
62631;Nuncq-Hautecôte;3.7;20780
36144;Nuret-le-Ferron;2.4;20950
1267;Nurieux-Volognat;2.7;25120
80601;Nurlu;2.6;20470
46211;Nuzéjouls;2.7;21090
66123;Nyer;0;
26220;Nyons;3.4;21150
80485;Ô-de-Selle;3.4;24640
67338;Obenheim;3.1;25440
67340;Oberbronn;3.5;23790
68239;Oberbruck;2.3;21730
67341;Oberdorf-Spachbach;4.3;25620
57516;Oberdorff;1.5;25900
68241;Oberentzen;2.9;26740
57517;Obergailbach;1.3;23790
67342;Oberhaslach;2.7;25950
67343;Oberhausbergen;7.2;26410
68242;Oberhergheim;2.6;25290
67344;Oberhoffen-lès-Wissembourg;3.5;27570
67345;Oberhoffen-sur-Moder;5.1;25810
68243;Oberlarg;1;30540
67346;Oberlauterbach;3.3;29010
67347;Obermodern-Zutzendorf;4.2;25940
68244;Obermorschwihr;3.8;28270
68245;Obermorschwiller;2.1;32720
67348;Obernai;4.6;24080
67349;Oberrœdern;3.8;25540
68246;Obersaasheim;3.1;26510
67350;Oberschaeffolsheim;4.2;27610
67352;Obersoultzbach;3.4;25510
67353;Obersteinbach;1.2;23380
57518;Oberstinzel;3.5;22420
57519;Obervisse;2.5;25040
59441;Obies;2.6;24980
19153;Objat;3.3;21790
62632;Oblinghem;3.7;21310
59442;Obrechies;3.3;26620
57520;Obreck;2.4;
77342;Obsonville;1.9;21770
36145;Obterre;4;21590
21465;Obtrée;2.7;
2A181;Ocana;0.6;22250
61314;Occagnes;4.1;23380
52360;Occey;1.7;26170
2B182;Occhiatana;0;21370
80602;Occoches;3.8;22290
80603;Ochancourt;3.6;21610
8332;Oches;3.9;
54405;Ochey;2.8;23680
59443;Ochtezeele;2.9;24630
77343;Ocquerre;1.8;23780
76480;Ocqueville;3.2;22750
50384;Octeville-l'Avenel;3.1;21800
76481;Octeville-sur-Mer;2.6;29440
34186;Octon;1;21420
31402;Odars;4.2;30110
69145;Odenas;3.2;23900
68247;Oderen;3.3;22540
59444;Odomez;4.4;20750
65331;Odos;3.5;25910
67354;Odratzheim;4.7;30870
88334;Oëlleville;4.2;20420
67355;Oermingen;3.7;23890
57521;Œting;5.4;26690
62633;Œuf-en-Ternois;3.8;22750
2565;Œuilly;2.7;22060
51410;Œuilly;3.5;26220
40206;Oeyregave;4.8;22860
40207;Oeyreluy;4.7;25430
62634;Offekerque;3.4;22490
90075;Offemont;3.6;23320
67356;Offendorf;3.3;27610
80604;Offignies;3.9;
62635;Offin;2.7;21750
39392;Offlanges;2.9;24370
60472;Offoy;2.2;22970
80605;Offoy;2.7;22800
76482;Offranville;4.5;24940
62636;Offrethun;5.1;27530
88335;Offroicourt;1.7;20700
67358;Offwiller;2.6;23990
64420;Ogenne-Camptort;2.8;22230
64421;Ogeu-les-Bains;5.5;23830
54406;Ogéviller;3.1;19650
2B183;Ogliastro;0;
2566;Ognes;2.1;23570
51412;Ognes;2.9;
60473;Ognes;2.3;27580
54407;Ognéville;2.4;
60474;Ognolles;4.1;20770
57482;Ogy-Montoy-Flanville;3.7;27120
59445;Ohain;2.4;20620
76483;Oherville;3.2;22610
2567;Ohis;3.4;18230
67359;Ohlungen;4.5;26950
67360;Ohnenheim;3.7;26530
70392;Oigney;3.7;
62637;Oignies;4.4;18760
21466;Oigny;1.5;
2568;Oigny-en-Valois;1.7;25210
28284;Oinville-Saint-Liphard;2.4;25230
28285;Oinville-sous-Auneau;2.5;26730
78460;Oinville-sur-Montcient;2;29830
51413;Oiry;5.2;26030
70393;Oiselay-et-Grachaux;3.6;23250
80606;Oisemont;3.6;20170
21467;Oisilly;2.7;25380
41166;Oisly;3;22250
45231;Oison;2.7;24220
53170;Oisseau;2.9;22230
72225;Oisseau-le-Petit;2.9;22620
76484;Oissel;6.1;20400
77344;Oissery;2;26690
80607;Oissy;3.4;26620
2569;Oisy;3.8;20440
58198;Oisy;3.3;20890
59446;Oisy;4.4;27020
62638;Oisy-le-Verger;2.9;21120
72226;Oizé;1.7;22320
18170;Oizon;2.6;22420
34187;Olargues;2.4;18510
63257;Olby;5.3;22870
2B184;Olcani;0;
65332;Oléac-Debat;2.3;24600
65333;Oléac-Dessus;2.2;24500
12174;Olemps;4.2;24910
14476;Olendon;4.3;22610
2B185;Oletta;5.7;21900
66125;Olette;1;17450
2A186;Olivese;0;19710
45232;Olivet;3.3;27680
53169;Olivet;1.9;22860
51414;Olizy;3.5;26680
8333;Olizy-Primat;5.1;20840
55391;Olizy-sur-Chiers;3.7;23340
88336;Ollainville;2.6;
91461;Ollainville;2.1;26790
25430;Ollans;3.8;
28286;Ollé;1.8;24270
54408;Olley;3.4;24950
2570;Ollezy;2.2;21320
83089;Ollières;3.4;23980
63258;Olliergues;2.9;20480
83090;Ollioules;4.7;25060
63259;Olloix;1.7;25070
63260;Olmet;1.8;19410
34188;Olmet-et-Villecun;1.1;19210
2B187;Olmeta-di-Capocorso;0;19560
2B188;Olmeta-di-Tuda;4.7;21730
2A189;Olmeto;3.3;22710
2B190;Olmi-Cappella;0;18300
2A191;Olmiccia;1.9;21880
2B192;Olmo;1.9;
34189;Olonzac;2.4;18780
64422;Oloron-Sainte-Marie;4.6;20960
12175;Ols-et-Rinhodes;1.5;21740
68248;Oltingue;2.6;35400
67361;Olwisheim;4.2;28330
26221;Omblèze;0;
49248;Ombrée d'Anjou;2.3;20770
60476;Omécourt;2.4;22860
54409;Omelmont;3.3;28290
95462;Omerville;1.6;27310
2B193;Omessa;1.6;20320
33308;Omet;2.6;23600
65334;Omex;3.7;23240
51415;Omey;1.5;22620
8334;Omicourt;1;
2571;Omissy;2.3;25100
57524;Ommeray;1.9;23250
61316;Ommoy;2.5;22290
8335;Omont;1.2;
76485;Omonville;3.8;24110
15144;Omps;3.3;20400
66126;Oms;0;23890
25431;Onans;3.2;24000
40208;Onard;3.7;21800
70394;Onay;3.6;
1279;Oncieu;1.1;
91463;Oncy-sur-École;1.6;28290
31403;Ondes;4.3;24750
40209;Ondres;6.7;24830
45233;Ondreville-sur-Essonne;2;27230
40210;Onesse-Laharie;2.7;22500
12176;Onet-le-Château;3.6;22100
80609;Oneux;3;21220
4141;Ongles;3.3;21230
39393;Onglières;3.8;
10270;Onjon;3.8;22630
58199;Onlay;2.9;20260
59447;Onnaing;5;19050
74205;Onnion;1.9;29770
39394;Onoz;1.7;
60477;Ons-en-Bray;2.6;23660
73193;Ontex;0.6;
54410;Onville;2.8;23470
31404;Oô;4.9;
59448;Oost-Cappel;2.2;20510
6089;Opio;6.8;32040
66127;Opoul-Périllos;0.2;21250
84086;Oppède;2;23900
4142;Oppedette;1;
70395;Oppenans;2.1;
62639;Oppy;5;27320
38282;Optevoz;2.3;25220
64423;Oraàs;2.9;22320
16248;Oradour;3;21280
16249;Oradour-Fanais;1.6;16550
87109;Oradour-Saint-Genest;3.3;18600
87110;Oradour-sur-Glane;3.6;22430
87111;Oradour-sur-Vayres;3.8;20050
21468;Orain;4.4;
2572;Orainville;2.7;25580
4143;Oraison;3.4;23050
84087;Orange;2.9;20360
51416;Orbais-l'Abbaye;2.2;20860
81198;Orban;1.7;23550
14478;Orbec;2.1;19430
63261;Orbeil;7.1;25530
32300;Orbessan;4.5;24150
68249;Orbey;3.8;24070
37177;Orbigny;1.5;19940
52362;Orbigny-au-Mont;2.2;22590
52363;Orbigny-au-Val;2.2;24930
41168;Orçay;2;23750
78464;Orcemont;3.5;29850
18171;Orcenais;1.8;21110
63262;Orcet;5.4;26710
52364;Orcevaux;2.2;28830
39396;Orchamps;4.8;21610
25432;Orchamps-Vennes;4.3;29140
86182;Orches;2.6;19950
59449;Orchies;5.9;22160
74206;Orcier;1.9;28070
5096;Orcières;5.7;21150
26222;Orcinas;4;
63263;Orcines;4;29370
63264;Orcival;3.9;20360
51417;Orconte;3;22180
32301;Ordan-Larroque;1.7;25700
64424;Ordiarp;2.7;20860
65335;Ordizan;4.6;23700
33309;Ordonnac;1.8;19950
1280;Ordonnaz;0;23420
31405;Ore;2.3;23420
49126;Orée d'Anjou;2.8;
64425;Orègue;1.8;19250
66128;Oreilla;0;
73194;Orelle;2.1;24040
80611;Oresmaux;3;23860
65336;Organ;2.8;
25433;Orgeans-Blanchefontaine;1.3;
16250;Orgedeuil;2.7;20490
9218;Orgeix;5.5;
39397;Orgelet;3.4;23050
35208;Orgères;3.9;24350
61317;Orgères;2.6;20840
28287;Orgères-en-Beauce;1.1;21260
78465;Orgerus;1.7;29300
52365;Orges;2.5;23450
21469;Orgeux;3.9;28410
2573;Orgeval;1.8;
78466;Orgeval;3.5;37140
9219;Orgibet;2;18570
50387;Orglandes;2.7;22640
7168;Orgnac-l'Aven;0.5;21910
19154;Orgnac-sur-Vézère;1.4;21210
13067;Orgon;3.9;20490
82136;Orgueil;2.5;22400
70396;Oricourt;1.9;
65337;Orieux;1.7;
65338;Orignac;3.5;19700
33310;Origne;2.6;24640
53172;Origné;1;23940
17269;Orignolles;3.6;21500
21470;Origny;2.1;
2574;Origny-en-Thiérache;3.6;20100
61319;Origny-le-Roux;3.1;23180
10271;Origny-le-Sec;3.1;22280
2575;Origny-Sainte-Benoite;4.9;19410
64426;Orin;4.1;23430
65339;Orincles;1.9;22860
57525;Oriocourt;4.9;
26223;Oriol-en-Royans;2.3;23170
16251;Oriolles;1.3;18840
64427;Orion;3.7;23250
38283;Oris-en-Rattier;1.6;26120
40211;Orist;2.8;22610
16252;Orival;1.6;22760
76486;Orival;5.9;23850
45234;Orléans;3.1;21370
63265;Orléat;2.4;25960
65340;Orleix;2.5;23160
24313;Orliac;1.9;
19155;Orliac-de-Bar;1.4;21240
69148;Orliénas;3;30280
9220;Orlu;5.3;22310
94054;Orly;2;19610
77345;Orly-sur-Morin;1.3;23380
52366;Ormancey;1.7;
70397;Ormenans;3.1;
57526;Ormersviller;1.2;26120
10272;Ormes;3.5;23710
27446;Ormes;2.1;24910
45235;Ormes;2.7;25700
51418;Ormes;7;30030
71332;Ormes;1.8;22830
54411;Ormes-et-Ville;3.1;27020
77348;Ormesson;2.8;27540
94055;Ormesson-sur-Marne;4.8;29610
70398;Ormoiche;4;
28289;Ormoy;2.4;25920
70399;Ormoy;3.8;19940
89282;Ormoy;2.5;23940
91468;Ormoy;3.6;25400
91469;Ormoy-la-Rivière;3.1;27670
60478;Ormoy-le-Davien;2.5;25540
52367;Ormoy-lès-Sexfontaines;1.7;
60479;Ormoy-Villers;2.6;24580
38284;Ornacieux-Balbins;2.5;25910
11267;Ornaisons;3.6;21760
25434;Ornans;4.1;23320
55394;Ornes;2.1;
1281;Ornex;2.3;37070
32302;Ornézan;3.8;23810
46212;Orniac;0.5;
9221;Ornolac-Ussat-les-Bains;1.2;18890
38285;Ornon;1.4;26210
57527;Orny;1.9;25670
60480;Oroër;2.8;25790
65341;Oroix;1.9;19990
57528;Oron;3.7;22090
79197;Oroux;3.8;17190
78470;Orphin;4.1;30860
5097;Orpierre;0.8;21390
52369;Orquevaux;4.2;
21471;Orret;2.3;
64428;Orriule;3.5;20820
28290;Orrouer;1.9;24230
60481;Orrouy;2.8;26060
60482;Orry-la-Ville;2.5;31000
59450;Ors;3.1;21720
30191;Orsan;2.5;24470
64429;Orsanco;3.5;
11268;Orsans;1.6;
25435;Orsans;2;25120
91471;Orsay;2.6;33200
68250;Orschwihr;2.2;27530
67362;Orschwiller;3.8;27520
36146;Orsennes;2;19190
59451;Orsinval;4.6;27470
78472;Orsonville;2.6;27230
66129;Ortaffa;3.4;21440
2B194;Ortale;0;
40212;Orthevielle;3.3;22480
64430;Orthez;3.5;22050
30192;Orthoux-Sérignac-Quilhan;4;25410
10273;Ortillon;2.9;
2B195;Ortiporio;0;20690
2A196;Orto;0;
88338;Ortoncourt;2.8;
9222;Orus;2.4;
18172;Orval;1.5;20580
50388;Orval sur Sienne;4.6;22870
44114;Orvault;5.3;27140
25436;Orve;2.9;
91473;Orveau;2.4;29890
21472;Orville;4.2;23420
36147;Orville;1.2;20860
45237;Orville;1.9;27170
62640;Orville;3.8;21430
60483;Orvillers-Sorel;3.3;24290
78474;Orvilliers;1.3;27610
10274;Orvilliers-Saint-Julien;2.9;22380
40213;Orx;3.7;25420
64431;Os-Marsillon;3.9;24470
2A197;Osani;0;
55395;Osches;1.6;
68251;Osenbach;1.1;29160
71333;Oslon;2.4;24370
2576;Osly-Courtil;2.6;23670
14480;Osmanville;3.6;20150
18173;Osmery;0.9;21350
65342;Osmets;2.7;
18174;Osmoy;1.3;25450
78475;Osmoy;1.7;29120
76487;Osmoy-Saint-Valery;4.1;21990
52370;Osne-le-Val;1.9;19020
8336;Osnes;3.2;20660
95476;Osny;2.9;26100
40214;Ossages;3.6;22580
64432;Ossas-Suhare;3.9;
25437;Osse;2.8;24500
64433;Osse-en-Aspe;3.7;20600
66130;Osséja;4.9;21470
25438;Osselle-Routelle;5.5;24710
65343;Ossen;4;21570
64434;Ossenx;2.7;
64435;Osserain-Rivareyte;4.4;22790
64436;Ossès;3.5;21150
10275;Ossey-les-Trois-Maisons;2.2;21680
65344;Ossun;3.6;22930
65345;Ossun-ez-Angles;1.3;
64437;Ostabat-Asme;1.8;21490
2577;Ostel;1.9;25940
68252;Ostheim;6.7;25070
67363;Osthoffen;3.6;29230
67364;Osthouse;3.5;27370
62641;Ostreville;4;22370
59452;Ostricourt;3.7;19000
67365;Ostwald;5.4;22150
2A198;Ota;5.8;22590
54412;Othe;1.1;
77349;Othis;1.8;26870
57529;Ottange;1.8;27400
67366;Ottersthal;3.4;26970
67367;Otterswiller;4.2;26150
68253;Ottmarsheim;1.6;26410
57530;Ottonville;2.7;23330
67368;Ottrott;3.1;28910
67369;Ottwiller;2.2;24780
58200;Ouagne;2.2;21660
76488;Ouainville;2.7;21760
97314;Ouanary;0;
97614;Ouangani;NA;
89283;Ouanne;1.6;21690
28291;Ouarville;2.2;22830
42162;Ouches;3.4;23330
41171;Oucques La Nouvelle;1.9;21100
76489;Oudalle;3.4;27890
58201;Oudan;0.4;20900
60484;Oudeuil;2.4;25100
59453;Oudezeele;2.8;23670
52371;Oudincourt;3.3;21200
44115;Oudon;2.8;25460
57531;Oudrenne;2.8;26960
71334;Oudry;2.5;23150
65346;Oueilloux;2.2;21390
28292;Ouerre;2.4;27850
29155;Ouessant;7.2;20790
14482;Ouézy;3.3;24910
14483;Ouffières;3.4;23700
70400;Ouge;3.4;20110
21473;Ouges;5.5;25500
39398;Ougney;5.2;22410
25439;Ougney-Douvot;5.8;23460
58202;Ougny;2.1;
25440;Ouhans;2;24120
43145;Ouides;0.7;
64438;Ouillon;4.1;25600
14484;Ouilly-du-Houley;3.1;25730
14486;Ouilly-le-Tesson;4.4;22690
14487;Ouilly-le-Vicomte;3.7;24100
14488;Ouistreham;3.2;24050
36148;Oulches;1.4;20130
2578;Oulches-la-Vallée-Foulon;1.2;
2579;Oulchy-la-Ville;2;21840
2580;Oulchy-le-Château;2.2;21090
28293;Oulins;2.4;25390
38286;Oulles;6.1;
69149;Oullins-Pierre-Bénite;3.3;23260
58203;Oulon;1;
39399;Ounans;5.4;20860
34190;Oupia;2.3;17250
39400;Our;3.5;25200
26224;Ourches;1.7;22350
55396;Ourches-sur-Meuse;3.6;22260
65347;Ourde;0.1;
65348;Ourdis-Cotdoussan;1.9;
65349;Ourdon;1.4;
18175;Ourouer-les-Bourdelins;1.4;19190
58205;Ouroux-en-Morvan;4;19990
71335;Ouroux-sous-le-Bois-Sainte-Marie;1.5;
71336;Ouroux-sur-Saône;2.4;23750
65350;Oursbelille;2.2;24060
60485;Oursel-Maison;4.1;21380
62642;Ourton;3.7;21080
76490;Ourville-en-Caux;2.9;21060
64439;Ousse;5.5;27840
40215;Ousse-Suzan;3.1;22030
39401;Oussières;3.5;22200
45238;Ousson-sur-Loire;3.5;24210
45239;Oussoy-en-Gâtinais;1.7;22570
9223;Oust;4.8;19850
80613;Oust-Marest;4;21270
65351;Ousté;3.3;
45240;Outarville;2.5;23580
51419;Outines;3;19470
62643;Outreau;5.9;19380
80614;Outrebois;2.9;20250
52372;Outremécourt;1.3;
51420;Outrepont;3.4;
1282;Outriaz;1.1;25470
25441;Ouvans;1.2;
62644;Ouve-Wirquin;3.2;20600
11269;Ouveillan;3.3;20530
50389;Ouville;2.7;21270
76491;Ouville-l'Abbaye;3.1;24370
76492;Ouville-la-Rivière;4.4;24480
45241;Ouvrouer-les-Champs;2.8;25050
86184;Ouzilly;3.3;22080
45242;Ouzouer-des-Champs;1.2;24430
41172;Ouzouer-le-Doyen;1.3;23000
45243;Ouzouer-sous-Bellegarde;1;24040
45244;Ouzouer-sur-Loire;2.1;25180
45245;Ouzouer-sur-Trézée;1.5;20190
65352;Ouzous;4.5;23750
70401;Ovanches;3.9;22440
80615;Ovillers-la-Boisselle;4.7;23280
59454;Oxelaëre;3.3;22760
71337;Oyé;1.7;22780
25442;Oye-et-Pallet;3.7;35270
62645;Oye-Plage;3.1;23020
51421;Oyes;1.7;
38287;Oyeu;3.8;25200
1283;Oyonnax;2.6;18340
86186;Oyré;3.9;22940
70402;Oyrières;4.7;21760
28294;Oysonville;1.5;25140
38288;Oytier-Saint-Oblas;2.6;26820
38289;Oz;4.2;26410
1284;Ozan;1.4;23270
5099;Oze;5.1;
71338;Ozenay;2.7;23810
64440;Ozenx-Montestrucq;2.3;24570
54413;Ozerailles;2.3;23160
50390;Ozeville;2.1;20220
52373;Ozières;1.3;
17270;Ozillac;2.6;20820
77350;Ozoir-la-Ferrière;2.6;27270
71339;Ozolles;2.9;20560
7169;Ozon;1.2;22230
65353;Ozon;2.2;21060
77352;Ozouer-le-Voulgis;1.5;27940
40216;Ozourt;4.2;21820
2581;Paars;4;25400
22161;Pabu;3.3;23390
35210;Pacé;6.2;28450
61321;Pacé;2.6;22450
38290;Pact;2.2;22360
89284;Pacy-sur-Armançon;6.5;23110
27448;Pacy-sur-Eure;1.2;24160
11270;Padern;5.4;16710
81199;Padiès;3.2;19830
46213;Padirac;2.8;22460
88340;Padoux;3.3;22490
87112;Pageas;3.9;20880
39402;Pagney;4.7;22590
54414;Pagney-derrière-Barine;2.5;24420
39403;Pagnoz;4.9;23280
55397;Pagny-la-Blanche-Côte;4.1;20100
21474;Pagny-la-Ville;3.4;21780
21475;Pagny-le-Château;4.2;22040
57532;Pagny-lès-Goin;3.8;23020
55398;Pagny-sur-Meuse;5.7;22350
54415;Pagny-sur-Moselle;2.7;23350
64441;Pagolle;2.2;20220
65354;Pailhac;6;
7170;Pailharès;2.7;18920
15146;Pailherols;0;24060
9224;Pailhès;4.3;19120
34191;Pailhès;3.4;24330
60486;Paillart;4.1;22390
17271;Paillé;2.9;20500
59455;Paillencourt;2.2;22290
33311;Paillet;4.4;22510
47198;Pailloles;1.9;22450
89285;Pailly;1.5;23760
44116;Paimbœuf;2.4;20790
22162;Paimpol;3.6;23630
35211;Paimpont;1.8;23440
21476;Painblanc;4.8;21220
88341;Pair-et-Grandrupt;2.8;25200
2582;Paissy;1.1;
10276;Paisy-Cosdon;3;23110
79198;Paizay-le-Chapt;2.5;19690
86187;Paizay-le-Sec;3.5;20150
16253;Paizay-Naudouin-Embourie;2.1;22050
38291;Pajay;2.4;22440
11271;Palairac;2.7;
91477;Palaiseau;2.3;28570
52375;Palaiseul;2.1;
11272;Palaja;2.3;25100
31406;Palaminy;2.8;22270
70403;Palante;3.9;23010
25443;Palantine;2.8;
2B199;Palasca;0;19960
66132;Palau-de-Cerdagne;4.9;21020
66133;Palau-del-Vidre;4.4;21740
34192;Palavas-les-Flots;4.5;22190
19156;Palazinges;3.4;23820
77353;Paley;1.5;27340
48107;Palhers;1.7;23450
71340;Palinges;2.7;21680
25444;Palise;3.5;26580
19157;Palisse;1.5;17340
63267;Palladuc;2;22170
32303;Pallanne;2.8;
71341;Palleau;1.6;23340
88342;Pallegney;1.1;21860
81200;Palleville;4;21450
85169;Palluau;2.7;21550
36149;Palluau-sur-Indre;2;20770
16254;Palluaud;2.1;18930
73196;Pallud;2;26380
62646;Palluel;2.6;21820
12177;Palmas d'Aveyron;3.5;22030
2A200;Palneca;3.3;16760
42164;Palogneux;1.3;
76493;Paluel;2.7;22420
97615;Pamandzi;NA;
77354;Pamfou;2.2;26470
9225;Pamiers;5;19410
81201;Pampelonne;2.4;21380
79200;Pamplie;1.9;22760
79201;Pamproux;2.4;21390
32304;Panassac;5.5;21870
87114;Panazol;4.7;24410
35212;Pancé;3.1;24220
2B201;Pancheraccia;0;18390
2583;Pancy-Courtecon;1.6;
19158;Pandrignes;1.1;22970
57533;Pange;4.4;29680
21477;Panges;3.3;
42165;Panissières;2.4;21930
32305;Panjas;2.4;22200
44118;Pannecé;1.8;22120
45246;Pannecières;1.9;24680
45247;Pannes;1.4;22260
54416;Pannes;4.2;22560
39404;Pannessières;2.9;25430
72227;Panon;2;
38294;Panossas;4.1;28530
52376;Pansey;1.2;
93055;Pantin;3.9;19740
37178;Panzoult;3.4;22580
97362;Papaichton;0;
2584;Papleux;2.9;25250
13068;Paradou;4.4;27350
18176;Parassy;1.6;22630
2B202;Parata;0;
78478;Paray-Douaville;2.3;28950
3203;Paray-le-Frésil;3.4;20240
71342;Paray-le-Monial;2.9;21120
3204;Paray-sous-Briailles;3;22250
91479;Paray-Vieille-Poste;2.1;25300
11273;Paraza;4.2;20830
64442;Parbayse;3.3;25380
76494;Parc-d'Anxtot;3.4;26630
37179;Parçay-Meslay;4;25720
37180;Parçay-sur-Vienne;2.9;22250
35214;Parcé;1.7;22260
72228;Parcé-sur-Sarthe;2.2;22580
39405;Parcey;5;24820
1285;Parcieux;4;29480
24316;Parcoul-Chenaud;2.8;19690
2585;Parcy-et-Tigny;1.7;23740
34193;Pardailhan;1.4;18680
47199;Pardaillan;2.4;18460
64443;Pardies;4.7;22920
64444;Pardies-Piétat;4.6;24870
63268;Pardines;3.7;24240
65355;Paréac;2.6;
55399;Pareid;2.6;23670
33312;Parempuyre;3.3;23910
72229;Parennes;3.5;19950
63269;Parent;4.9;25120
63270;Parentignat;6.7;24970
40217;Parentis-en-Born;6;23290
62648;Parenty;2.9;21620
54417;Parey-Saint-Césaire;2.2;25230
88343;Parey-sous-Montfort;2.5;23480
2586;Parfondeval;3.5;23170
61322;Parfondeval;3.5;22920
2587;Parfondru;2.1;22150
55400;Parfondrupt;3.4;
14491;Parfouru-sur-Odon;2.9;26860
2588;Pargnan;1.5;
80616;Pargny;3.1;21460
2589;Pargny-et-Filain;2.9;23270
2590;Pargny-la-Dhuys;3.2;24220
2591;Pargny-les-Bois;2.6;20730
51422;Pargny-lès-Reims;4.5;30930
88344;Pargny-sous-Mureau;3.5;22470
51423;Pargny-sur-Saulx;4;18720
10278;Pargues;2.3;22950
30193;Parignargues;3.3;23480
35215;Parigné;1.9;21780
72231;Parigné-l'Évêque;1.6;24060
72230;Parigné-le-Pôlin;2;24130
53174;Parigné-sur-Braye;2.4;23620
42166;Parigny;3.8;23820
58206;Parigny-la-Rose;0;
58207;Parigny-les-Vaux;1.8;23730
75056;Paris;5;29730
71343;Paris-l'Hôpital;3.7;23650
81202;Parisot;3;24610
82137;Parisot;3.1;18760
15147;Parlan;1.5;20970
40218;Parleboscq;3.8;21660
89286;Parly;2.1;23740
95480;Parmain;2.3;28950
38295;Parmilieu;2.3;24010
36150;Parnac;3.2;19870
46214;Parnac;2.6;21990
26225;Parnans;2;23800
18177;Parnay;0.6;
49235;Parnay;3.6;24650
53175;Parné-sur-Roc;2.4;24630
60487;Parnes;1.9;29000
52377;Parnoy-en-Bassigny;2.8;19870
89287;Paron;3.8;21060
25445;Paroy;3.9;24470
77355;Paroy;2;26470
89288;Paroy-en-Othe;1.6;23940
52378;Paroy-sur-Saulx;0.7;
89289;Paroy-sur-Tholon;3;23820
2592;Parpeville;3.5;21550
47200;Parranquet;3.4;20730
54418;Parroy;0.6;21750
10279;Pars-lès-Chavanges;3.9;
10280;Pars-lès-Romilly;3.7;22080
23149;Parsac;1.7;20770
79202;Parthenay;2.7;20240
35216;Parthenay-de-Bretagne;3.7;24750
2A203;Partinello;0;
54419;Parux;3.5;
1286;Parves et Nattages;1.9;26600
27451;Parville;2.7;25500
80617;Parvillers-le-Quesnoy;4.5;26010
16255;Parzac;2.5;19790
79203;Pas-de-Jeu;1.9;20270
62649;Pas-en-Artois;2.3;19690
89290;Pasilly;2.6;
63271;Paslières;2.7;22420
2593;Pasly;2.5;25110
21478;Pasques;3.6;27520
66134;Passa;2.1;21530
61324;Passais Villages;1.8;18670
25446;Passavant;1.1;24000
51424;Passavant-en-Argonne;2.4;24500
70404;Passavant-la-Rochère;2.5;20330
49236;Passavant-sur-Layon;2.5;21960
60488;Passel;3.9;23220
39407;Passenans;3.8;24600
16256;Passirac;0.6;18920
25447;Passonfontaine;3.9;25980
71344;Passy;2;
74208;Passy;4.3;25320
89291;Passy;1.6;25730
2594;Passy-en-Valois;1.8;24270
51425;Passy-Grigny;3.2;25300
2595;Passy-sur-Marne;3.3;24950
77356;Passy-sur-Seine;1.9;
2A204;Pastricciola;0;
45248;Patay;1.7;21820
39408;Patornay;5;22630
2B205;Patrimonio;6.1;20520
64445;Pau;4.6;20970
45249;Paucourt;1.6;28850
36152;Paudy;1.4;20940
32306;Pauilhac;4.6;22550
33314;Pauillac;3.7;19270
22163;Paule;5;20390
15148;Paulhac;4.7;20160
31407;Paulhac;3.6;27970
43147;Paulhac;3.2;23540
48110;Paulhac-en-Margeride;0.2;
43148;Paulhaguet;3.1;20380
34194;Paulhan;4;20570
12178;Paulhe;2.8;23570
15149;Paulhenc;3.9;22530
47202;Paulhiac;2.9;21120
11274;Pauligne;3.3;22380
24317;Paulin;1.2;21040
81203;Paulinet;1.4;19590
37181;Paulmy;4.2;22930
36153;Paulnay;3.2;21190
44119;Paulx;3.3;22270
24318;Paunat;3.3;21370
24319;Paussac-et-Saint-Vivien;1.4;21090
8338;Pauvres;4.7;22550
2596;Pavant;1.2;21830
42167;Pavezin;1;24130
32307;Pavie;4;24250
76495;Pavilly;2.5;21290
10282;Payns;2.3;24410
11275;Payra-sur-l'Hers;2.6;20290
46215;Payrac;3.9;20520
46216;Payrignac;4.3;23020
81204;Payrin-Augmontel;2.3;22520
40219;Payros-Cazautets;2.9;
86189;Payroux;2.6;19810
24035;Pays de Belvès;2.8;20370
25156;Pays-de-Clerval;4.8;20050
25390;Pays-de-Montbenoît;1.2;26580
31408;Payssous;3.2;
7171;Payzac;3.9;20440
24320;Payzac;2.9;19100
24321;Pazayac;2.7;21810
11276;Paziols;8.5;17420
58208;Pazy;2.2;22170
51426;Péas;4.3;
7172;Peaugres;3.4;24770
56153;Péaule;4.2;22270
85171;Péault;2.4;22760
32308;Pébées;4;
43149;Pébrac;1.1;17560
9226;Pech;2.7;
11278;Pech-Luna;1.4;
31409;Péchabou;4.8;29830
11277;Pécharic-et-le-Py;1.5;
81205;Péchaudier;1.9;22020
31410;Pechbonnieu;4.1;26860
31411;Pechbusque;4.3;36660
24325;Pechs-de-l'Espérance;3.6;19920
40220;Pécorade;3.2;21920
59456;Pecquencourt;6.1;18230
91482;Pecqueuse;2.5;29530
77357;Pécy;1.7;25300
22164;Pédernec;3.6;21810
34195;Pégairolles-de-Buèges;0.3;
34196;Pégairolles-de-l'Escalette;2.9;21400
6090;Pégomas;3.1;25540
31412;Péguilhan;2.8;19620
52380;Peigney;3.1;25110
56154;Peillac;3.2;20650
6091;Peille;0.6;23860
6092;Peillon;0.2;25440
74209;Peillonnex;3.6;37130
39409;Peintre;3.1;22760
4145;Peipin;5.2;21980
73197;Peisey-Nancroix;3.1;22460
10283;Pel-et-Der;2.8;27630
13069;Pélissanne;4.7;27170
38299;Pellafol;3.9;20970
5100;Pelleautier;5.3;25100
32309;Pellefigue;3.6;
33316;Pellegrue;2.8;19040
31413;Pelleport;2.7;23700
21479;Pellerey;2.6;
36155;Pellevoisin;1.3;20130
26227;Pelonne;6.9;
48111;Pelouse;0.4;22170
25448;Pelousey;4.7;25590
57534;Peltre;3.7;29680
42168;Pélussin;2.5;23860
62650;Pelves;2.9;24480
77358;Penchard;3.1;27080
29156;Pencran;4.5;24330
80618;Pendé;3.8;21200
56155;Pénestin;1.3;24630
22165;Penguily;2.2;22810
62651;Penin;3.5;22030
29158;Penmarch;4.1;23090
11279;Pennautier;3.4;21860
81206;Penne;0.8;20360
47203;Penne-d'Agenais;2.3;20930
14492;Pennedepie;3.4;25020
26228;Pennes-le-Sec;0;
70405;Pennesières;1.9;21860
38300;Penol;2.6;23630
87115;Pensol;1.3;20740
2B206;Penta-Acquatella;0;
2B207;Penta-di-Casinca;7;20440
22166;Penvénan;3.4;24500
6094;Péone;2.9;21230
11280;Pépieux;2.2;19290
36156;Pérassay;2.6;19420
72233;Peray;2.4;
89469;Perceneige;1.2;22990
89292;Percey;2.9;23470
70406;Percey-le-Grand;3.6;22280
61309;Perche en Nocé;3.2;22800
32310;Perchède;3.5;20050
50393;Percy-en-Normandie;2.4;21130
78484;Perdreauville;1.7;28160
65356;Péré;2.3;
9227;Péreille;2.5;23430
2B208;Perelli;0;
59457;Pérenchies;4.6;23810
34197;Péret;2.1;21000
19159;Péret-Bel-Air;3.1;
7173;Péreyres;0;
32311;Pergain-Taillac;1.5;22000
2A209;Peri;1.9;25940
50394;Périers;2.6;18950
14494;Périers-en-Auge;4.2;27070
14495;Périers-sur-le-Dan;5.5;32160
16258;Pérignac;2.8;21800
17273;Pérignac;3.6;23500
63272;Pérignat-lès-Sarliève;7.9;28530
63273;Pérignat-sur-Allier;4.2;27000
79204;Périgné;3.6;22880
42169;Périgneux;1.7;24340
3205;Périgny;2.7;20560
14496;Périgny;2.3;
17274;Périgny;5.8;26000
41174;Périgny;2.5;23970
94056;Périgny;3.3;29480
10284;Périgny-la-Rose;2.2;21900
24322;Périgueux;4;20740
33317;Périssac;2.9;22830
9228;Perles-et-Castelet;5.6;24120
46172;Pern-Lhospitalet;1.9;23340
21480;Pernand-Vergelesses;3.5;28750
2598;Pernant;2.8;25440
37182;Pernay;4.3;23900
62652;Pernes;3.2;20160
62653;Pernes-lès-Boulogne;4.7;26290
84088;Pernes-les-Fontaines;2.6;24530
80619;Pernois;4.9;22690
2B210;Pero-Casevecchie;0;
34198;Pérols;5.1;26950
19160;Pérols-sur-Vézère;4;22180
1288;Péron;1.2;39700
1289;Péronnas;3;24100
71345;Péronne;2.8;24890
80620;Péronne;2.9;18800
59458;Péronne-en-Mélantois;4.9;30020
28296;Péronville;1.3;22770
1290;Pérouges;2.7;26770
90076;Pérouse;4.9;26270
60489;Péroy-les-Gombries;1.6;26830
19161;Perpezac-le-Blanc;2.7;21780
19162;Perpezac-le-Noir;2.6;22870
63274;Perpezat;3.1;20960
66136;Perpignan;4.8;17380
40221;Perquie;3.1;21970
52383;Perrancey-les-Vieux-Moulins;1.9;25910
71346;Perrecy-les-Forges;3.3;21820
71347;Perreuil;2;23220
42170;Perreux;3.8;24820
1291;Perrex;1.7;24000
63275;Perrier;4.3;24130
14497;Perrières;2.9;22860
50397;Perriers-en-Beauficel;1.4;19290
27453;Perriers-sur-Andelle;4.3;21620
74210;Perrignier;2;31270
39411;Perrigny;3.1;23540
89295;Perrigny;3.3;25850
21481;Perrigny-lès-Dijon;5.1;25290
89296;Perrigny-sur-Armançon;2.6;20400
21482;Perrigny-sur-l'Ognon;2.6;21690
71348;Perrigny-sur-Loire;1.7;20970
52384;Perrogney-les-Fontaines;1.6;24190
22168;Perros-Guirec;3.2;25970
61326;Perrou;2.3;20170
70407;Perrouse;6;25900
58209;Perroy;0.6;20440
27454;Perruel;4.1;23380
52385;Perrusse;2;
37183;Perrusson;4.1;21900
45250;Pers-en-Gâtinais;0.4;23980
74211;Pers-Jussy;1.7;36640
86190;Persac;2.6;19080
95487;Persan;2.6;19590
56156;Persquen;2.1;19500
8339;Perthes;3.7;24440
52386;Perthes;1.6;20360
77359;Perthes;2.3;29180
10285;Perthes-lès-Brienne;3.7;
14498;Pertheville-Ners;5;23910
84089;Pertuis;4.6;23120
61327;Pervenchères;2.9;19370
82138;Perville;2.2;22360
46218;Pescadoires;2.9;17160
63276;Peschadoires;3;22840
39412;Peseux;3;23200
25449;Péseux;1;25070
63277;Peslières;1.3;
70408;Pesmes;3.2;22250
33318;Pessac;4.3;25940
33319;Pessac-sur-Dordogne;3.2;20460
32312;Pessan;2.3;23820
25450;Pessans;4.1;
63278;Pessat-Villeneuve;4.3;28060
17275;Pessines;4.4;24240
32313;Pessoulens;3.6;24300
67370;Petersbach;2.4;22950
44121;Petit-Auverné;2.6;20450
24323;Petit-Bersac;3.2;21910
97118;Petit-Bourg;2.7;
97119;Petit-Canal;2.6;
76618;Petit-Caux;1.9;23230
76497;Petit-Couronne;3.3;21220
90077;Petit-Croix;1.9;25830
54420;Petit-Failly;3.8;
59461;Petit-Fayt;3.2;22170
68254;Petit-Landau;1.2;31570
44122;Petit-Mars;2.8;24560
10286;Petit-Mesnil;1.8;23640
39415;Petit-Noir;2.8;20860
33320;Petit-Palais-et-Cornemps;2.4;21520
57535;Petit-Réderching;3.5;23140
57536;Petit-Tenquin;1.5;23750
2784;Petit-Verly;2.9;22480
25451;Petite-Chaux;3.1;37360
59459;Petite-Forêt;4.4;21250
97405;Petite-Île;4.2;17080
57537;Petite-Rosselle;1.7;19950
90078;Petitefontaine;3;25440
90079;Petitmagny;4.4;25700
54421;Petitmont;3;20970
14499;Petiville;4.3;26400
76499;Petiville;1.8;25070
85174;Petosse;2.7;21250
2A211;Petreto-Bicchisano;2.6;21200
57538;Pettoncourt;3.4;23490
54422;Pettonville;1.8;
33321;Peujard;3.7;23550
29159;Peumerit;2.4;22200
22169;Peumerit-Quintin;0.4;19560
62654;Peuplingues;5.2;26180
53178;Peuton;2.8;24420
55403;Peuvillers;4.1;
12179;Peux-et-Couffouleux;0.7;
57539;Pévange;2.7;
51429;Pévy;2;28490
11281;Pexiora;2.8;19500
54423;Pexonne;3.3;20560
40222;Pey;3.2;22520
6095;Peymeinade;3.6;25440
13072;Peynier;4.3;29250
13073;Peypin;2.8;27300
84090;Peypin-d'Aigues;1.5;23990
23150;Peyrabout;3;22320
87116;Peyrat-de-Bellac;2.7;20970
23151;Peyrat-la-Nonière;2.1;19030
87117;Peyrat-le-Château;2.6;20040
65357;Peyraube;1.8;25390
7174;Peyraud;2.7;22460
40223;Peyre;2.9;22610
48009;Peyre en Aubrac;2.2;21420
32314;Peyrecave;3.6;
11282;Peyrefitte-du-Razès;1;
11283;Peyrefitte-sur-l'Hers;2.1;
81207;Peyregoux;3.1;
40224;Peyrehorade;4.4;21300
12180;Peyreleau;0.1;
19164;Peyrelevade;2.4;19970
64446;Peyrelongue-Abos;2.4;22780
30194;Peyremale;3.3;19590
11284;Peyrens;3.5;22770
66138;Peyrestortes;3.7;20120
65358;Peyret-Saint-André;3.6;
11285;Peyriac-de-Mer;2.6;22410
11286;Peyriac-Minervois;3.1;19950
1293;Peyriat;1.8;24740
47204;Peyrière;2;20710
1294;Peyrieu;2.7;23600
24324;Peyrignac;4;21970
65359;Peyriguère;1.9;
87118;Peyrilhac;3.8;22740
46219;Peyrilles;2.1;19640
26231;Peyrins;3.4;24660
19165;Peyrissac;2.6;22640
31414;Peyrissas;1.4;
81208;Peyrole;2.3;24370
11287;Peyrolles;1.5;
30195;Peyrolles;2.9;
13074;Peyrolles-en-Provence;3.6;23830
4148;Peyroules;4.3;19750
65360;Peyrouse;4.2;22500
31415;Peyrouzet;2.3;
4149;Peyruis;3.4;22080
65361;Peyrun;2.2;
26232;Peyrus;2.3;26060
15151;Peyrusse;2.4;17240
32315;Peyrusse-Grande;1.3;21620
12181;Peyrusse-le-Roc;2.2;20510
32316;Peyrusse-Massas;1.9;26270
32317;Peyrusse-Vieille;1.3;
31416;Peyssies;4.5;25270
24326;Peyzac-le-Moustier;2.7;19110
1295;Peyzieux-sur-Saône;1.9;24570
77360;Pézarches;2.5;26490
72234;Pezé-le-Robert;4.9;21260
34199;Pézenas;5;18750
34200;Pézènes-les-Mines;1.1;22370
11288;Pezens;5.1;21210
66139;Pézilla-de-Conflent;2.2;
66140;Pézilla-la-Rivière;4.9;20970
41175;Pezou;2.2;22520
24327;Pezuls;3.2;24700
68255;Pfaffenheim;4.4;26540
67373;Pfalzweyer;2;25390
68256;Pfastatt;5.3;23270
68257;Pfetterhouse;0.8;28630
67375;Pfulgriesheim;2.4;29230
90080;Phaffans;3.4;26050
59462;Phalempin;5.1;26850
57540;Phalsbourg;3.9;22420
57541;Philippsbourg;2;22950
40225;Philondenx;3.8;22290
54424;Phlin;3.7;
66141;Pia;4.5;20040
72235;Piacé;2.1;21790
2A212;Piana;0;22900
2B213;Pianello;0;
2B214;Piano;3.8;
2A215;Pianottoli-Caldarello;1.5;21730
2B216;Piazzali;0;
2B217;Piazzole;0;
57542;Piblange;1.5;22130
31417;Pibrac;5.2;30690
39418;Picarreau;2.6;
50400;Picauville;2.1;21060
21483;Pichanges;4.2;27240
63279;Picherande;1.6;20390
80622;Picquigny;4.8;21600
2B222;Pie-d'Orezza;0;
48015;Pied-de-Borne;3.1;19430
2B218;Piedicorte-di-Gaggio;0;
2B219;Piedicroce;0;
2B220;Piedigriggio;0;21300
2B221;Piedipartino;0;
26233;Piégon;4.5;21290
26234;Piégros-la-Clastre;3.9;22090
4150;Piégut;0.7;18730
24328;Piégut-Pluviers;3.2;20170
27455;Piencourt;1.9;22960
54425;Piennes;3;19130
80623;Piennes-Onvillers;3.7;21770
6096;Pierlas;0;
87119;Pierre-Buffière;3.3;22480
38304;Pierre-Châtel;3.7;24140
71351;Pierre-de-Bresse;2.6;20770
54426;Pierre-la-Treiche;4.9;24540
77361;Pierre-Levée;2.2;25270
51430;Pierre-Morains;3.3;
54427;Pierre-Percée;3;
89297;Pierre-Perthuis;3.6;
71350;Pierreclos;3.2;25460
70409;Pierrecourt;2.5;20000
76500;Pierrecourt;3.2;20720
6097;Pierrefeu;2.6;23010
83091;Pierrefeu-du-Var;2.1;25560
12182;Pierrefiche;3.5;20510
48112;Pierrefiche;0.7;22170
76501;Pierrefiques;2;26010
19166;Pierrefitte;2.2;
23152;Pierrefitte;2.2;
79209;Pierrefitte;1.8;21020
88347;Pierrefitte;1.3;21580
14500;Pierrefitte-en-Auge;4;24330
60490;Pierrefitte-en-Beauvaisis;2.7;25740
14501;Pierrefitte-en-Cinglais;2.6;21200
45251;Pierrefitte-ès-Bois;2;21250
65362;Pierrefitte-Nestalas;5.5;20030
55404;Pierrefitte-sur-Aire;5;24150
3207;Pierrefitte-sur-Loire;2;21530
41176;Pierrefitte-sur-Sauldre;2.2;21600
60491;Pierrefonds;2.3;26570
25452;Pierrefontaine-lès-Blamont;2.1;27140
25453;Pierrefontaine-les-Varans;3;23120
15152;Pierrefort;3.9;21840
80624;Pierregot;3.7;28270
26235;Pierrelatte;3.2;20230
95488;Pierrelaye;4.2;23380
26236;Pierrelongue;5.3;20210
2599;Pierremande;2.9;22010
62655;Pierremont;4.3;22940
52388;Pierremont-sur-Amance;2.6;20110
2600;Pierrepont;2.7;21230
14502;Pierrepont;3.6;
54428;Pierrepont;3.5;21380
88348;Pierrepont-sur-l'Arentèle;3.6;20840
4151;Pierrerue;3.8;23110
34201;Pierrerue;3.4;21190
28298;Pierres;2.6;26290
76502;Pierreval;4.2;26170
4152;Pierrevert;3.7;27990
50401;Pierreville;2.9;22480
54429;Pierreville;2.6;25840
57543;Pierrevillers;4.9;26450
44123;Pierric;2.4;20880
51431;Pierry;3.9;26150
2B225;Pietra-di-Verde;0.3;19510
2B224;Pietracorbara;2.1;21900
2B223;Pietralba;0;22830
2B226;Pietraserena;0;
2B227;Pietricaggio;0;
2A228;Pietrosella;0.8;28370
2B229;Pietroso;0;21320
64447;Piets-Plasence-Moustrou;2.8;20980
11289;Pieusse;3.3;21460
2B230;Piève;0.6;
89298;Piffonds;1.6;23080
2B231;Pigna;3.9;
34202;Pignan;4.3;24090
83092;Pignans;2.8;21900
2601;Pignicourt;2.6;23010
63280;Pignols;1.8;24480
18179;Pigny;2.2;25470
62656;Pihem;3.4;23920
62657;Pihen-lès-Guînes;4.7;25050
2A232;Pila-Canale;0.3;22090
16260;Pillac;3.3;19990
39419;Pillemoine;3.1;
55405;Pillon;2.6;22140
40226;Pimbo;4.6;20080
89299;Pimelles;4.7;
39420;Pimorin;0.7;22070
60492;Pimprez;3.3;24030
70410;Pin;3.8;23570
31418;Pin-Balma;4.9;35860
65363;Pinas;4.1;22940
42171;Pinay;2;21120
72236;Pincé;2.6;24440
47205;Pindères;2.7;22230
86191;Pindray;3.1;21990
47206;Pinel-Hauterive;1.8;21120
34203;Pinet;3.8;21800
33324;Pineuilh;3.1;19760
10287;Piney;3.6;21860
2B233;Pino;0;20060
43151;Pinols;0;19580
2602;Pinon;2.2;20050
31421;Pins-Justaret;4.9;24970
46220;Pinsac;3.7;22100
31420;Pinsaguel;4.6;25680
65364;Pintac;1.6;
27456;Pinterville;4.1;26150
55406;Pintheville;3;
2B234;Piobetta;0;
2B235;Pioggiola;0;
84091;Piolenc;3.6;22780
23154;Pionnat;2.5;20490
63281;Pionsat;5.2;20330
35219;Pipriac;2.2;21590
82140;Piquecos;2;23050
1296;Pirajoux;2.8;22920
35220;Piré-Chancé;3.2;24280
25454;Pirey;6.3;27340
44125;Piriac-sur-Mer;2.1;26140
72237;Pirmil;3.8;22890
50403;Pirou;3.1;22720
32318;Pis;2.1;21470
17278;Pisany;5.4;22330
95489;Piscop;3;27800
27457;Piseux;2.2;22550
38307;Pisieu;1.6;22950
60493;Pisseleu;2.4;24070
52390;Pisseloup;2.6;
40227;Pissos;2.9;22200
85176;Pissotte;2.9;23610
80626;Pissy;3.7;25120
76503;Pissy-Pôville;4.4;26740
89300;Pisy;1.6;
59463;Pitgam;2.6;22980
45252;Pithiviers;1.8;18500
45253;Pithiviers-le-Vieil;1.8;23980
2604;Pithon;2.1;
27458;Pîtres;3.4;22380
62658;Pittefaux;5.5;28050
1297;Pizay;2.1;27060
72238;Pizieux;2.7;
29160;Plabennec;4.2;24230
53179;Placé;1.8;21970
25455;Placey;4.6;25830
80627;Plachy-Buyon;3.9;28320
1298;Plagne;0;29270
31422;Plagne;1.5;
31423;Plagnole;1.2;24240
11290;Plaigne;2.3;20110
60494;Plailly;1.5;29870
25456;Plaimbois-du-Miroir;0.6;28480
25457;Plaimbois-Vennes;1.4;22870
18180;Plaimpied-Givaudins;2;26800
67377;Plaine;3.8;24930
79078;Plaine-d'Argenson;2.2;21590
57544;Plaine-de-Walsch;3.8;23860
79196;Plaine-et-Vallées;2.2;21910
22170;Plaine-Haute;2.8;22090
70412;Plainemont;2.1;
10288;Plaines-Saint-Lange;1.9;21610
88349;Plainfaing;2.3;19160
39422;Plainoiseau;5.1;24760
22171;Plaintel;2.8;23570
60495;Plainval;2.8;23700
27460;Plainville;2.6;23810
60496;Plainville;2.6;22000
12183;Plaisance;4.3;19180
24168;Plaisance;2.1;19540
32319;Plaisance;3;20700
86192;Plaisance;3.3;20270
31424;Plaisance-du-Touch;3.6;26170
39423;Plaisia;3.4;25490
26239;Plaisians;2.3;19390
78490;Plaisir;3.1;25690
34204;Plaissan;2.3;21760
38308;Plan;1.9;22250
83093;Plan-d'Aups-Sainte-Baume;2;24970
13076;Plan-d'Orgon;4.2;22810
26240;Plan-de-Baix;0.5;19770
13075;Plan-de-Cuques;5.6;26120
73200;Planaise;4.5;26730
21484;Planay;1.5;
73201;Planay;5.7;22150
70413;Plancher-Bas;2.7;22920
70414;Plancher-les-Mines;1.4;20440
73202;Plancherine;1.6;28720
61330;Planches;2.5;22490
58210;Planchez;4.6;18720
22172;Plancoët;2.9;21380
10289;Plancy-l'Abbaye;2.5;20260
66142;Planès;2.2;
66143;Planèzes;2;
42172;Planfoy;1.6;27480
46221;Planioles;2.7;24430
14506;Planquery;2;19800
62659;Planques;1.9;
52391;Planrupt;1.2;22030
10290;Planty;2.1;20900
7176;Planzolles;1.4;19330
57545;Plappeville;3.9;31940
39426;Plasne;3.2;22470
27463;Plasnes;2.6;23330
17279;Plassac;3.4;21510
33325;Plassac;3.5;25610
16263;Plassac-Rouffiac;1.9;23170
17280;Plassay;3.4;22330
1185;Plateau d'Hauteville;1.7;23080
38395;Plateau-des-Petites-Roches;3;26560
7177;Plats;1.4;23420
56157;Plaudren;3.3;23410
63282;Plauzat;4.7;25390
11291;Plavilla;1.4;
24330;Plazac;3.1;19610
15153;Pleaux;4.1;19980
22174;Pléboulle;2.9;23090
35221;Pléchâtel;2.8;23260
22175;Plédéliac;1.8;22610
22176;Plédran;2.6;22800
22177;Pléguien;3.3;22260
22178;Pléhédel;3.6;21930
35222;Pleine-Fougères;2.9;21110
2605;Pleine-Selve;3.7;21620
33326;Pleine-Selve;3.3;19150
76504;Pleine-Sève;3.9;22610
35223;Plélan-le-Grand;3.1;22940
22180;Plélan-le-Petit;3.9;23190
22181;Plélauff;1.6;21010
22182;Plélo;3;23430
22183;Plémet;3.2;21950
22184;Plémy;1.4;22070
22185;Plénée-Jugon;2.7;22310
22186;Pléneuf-Val-André;3.1;26000
39427;Plénise;3.8;
39428;Plénisette;3.6;
35224;Plerguer;5;22450
22187;Plérin;4.1;25190
22188;Plerneuf;3.1;23080
56158;Plescop;7.1;24200
35225;Plesder;3.6;22840
22189;Plésidy;1.6;19400
22190;Pleslin-Trigavou;4.7;23080
57546;Plesnois;2;30870
52392;Plesnoy;1.6;20480
44128;Plessé;2.6;21800
10291;Plessis-Barbuise;1.7;23770
60499;Plessis-de-Roye;1.9;24880
91495;Plessis-Saint-Benoist;1.7;26380
89302;Plessis-Saint-Jean;1.5;24470
22193;Plestan;3.6;23360
22194;Plestin-les-Grèves;3.1;23310
22195;Pleubian;2.3;22710
56159;Pleucadeuc;3.2;22070
22196;Pleudaniel;4;21920
22197;Pleudihen-sur-Rance;3.1;23130
56160;Pleugriffet;2.9;21250
35226;Pleugueneuc;3.4;21900
86193;Pleumartin;2.5;20330
35227;Pleumeleuc;4.8;25370
22198;Pleumeur-Bodou;3.3;25900
22199;Pleumeur-Gautier;4.2;21280
39429;Pleure;2.6;22100
51432;Pleurs;4.2;20130
35228;Pleurtuit;5.1;23140
29161;Pleuven;4.9;24630
88350;Pleuvezain;3.8;
16264;Pleuville;0.8;18910
22201;Plévenon;1.9;23870
22202;Plévin;3.9;21000
29162;Pleyben;4.2;21890
29163;Pleyber-Christ;2.7;22200
51433;Plichancourt;3.2;23700
32320;Plieux;5;21700
51434;Plivot;4.2;26120
29165;Plobannalec-Lesconil;4.4;24310
67378;Plobsheim;2;27380
56161;Ploemel;6;24320
56162;Ploemeur;4.2;26690
56163;Ploërdut;2.9;20210
56164;Ploeren;8.5;26080
56165;Ploërmel;3.8;23340
22203;Plœuc-L'Hermitage;1.4;21800
29166;Ploéven;4.2;22340
22204;Ploëzal;2.7;20460
29167;Plogastel-Saint-Germain;2.1;23040
29168;Plogoff;2.9;20970
29169;Plogonnec;2.9;22750
2607;Ploisy;2.9;
88351;Plombières-les-Bains;3.3;20570
21485;Plombières-lès-Dijon;3.8;23480
29170;Plomelin;3.4;25190
29171;Plomeur;5.2;22860
2608;Plomion;3.3;18580
29172;Plomodiern;3.1;24020
29173;Plonéis;3.5;22630
29174;Plonéour-Lanvern;3.8;22980
29175;Plonévez-du-Faou;2.5;20440
29176;Plonévez-Porzay;4.9;23090
22205;Plorec-sur-Arguenon;1.4;21600
71353;Plottes;3.2;23030
18181;Plou;1.4;24940
22207;Plouaret;2.4;21840
29177;Plouarzel;4.3;25070
22208;Plouasne;2.9;21060
56166;Plouay;4.1;22580
22210;Ploubazlanec;2.5;24970
22211;Ploubezre;3.3;23310
29178;Ploudalmézeau;4.1;24030
29179;Ploudaniel;4.1;23710
29180;Ploudiry;3.6;22480
22212;Plouëc-du-Trieux;2.2;21060
29181;Plouédern;5.4;24500
29182;Plouégat-Guérand;3.9;22540
29183;Plouégat-Moysan;4.4;21520
29184;Plouénan;4.2;21400
22213;Plouër-sur-Rance;4.5;25740
29185;Plouescat;2.2;22360
22214;Plouézec;2.7;23140
29186;Plouezoc'h;3.3;25020
22215;Ploufragan;2.9;22340
29187;Plougar;3;21790
29188;Plougasnou;2.2;24370
29189;Plougastel-Daoulas;4.3;26580
29190;Plougonvelin;3.4;27290
29191;Plougonven;2.2;21950
22216;Plougonver;2.5;19580
29192;Plougoulm;4.4;23070
56167;Plougoumelen;5.6;26200
29193;Plougourvest;3.6;22680
22217;Plougras;1.9;18620
22218;Plougrescant;2.5;22150
22219;Plouguenast-Langast;1.3;21700
29195;Plouguerneau;3;23660
22220;Plouguernével;3.8;22320
22221;Plouguiel;3.2;21140
29196;Plouguin;4.4;23120
22222;Plouha;3;23140
56168;Plouharnel;5.1;24810
29197;Plouhinec;5.7;22770
56169;Plouhinec;4;24450
29198;Plouider;4.1;23210
29199;Plouigneau;4.3;23330
22223;Plouisy;3.1;22490
22224;Ploulec'h;2.8;23360
22225;Ploumagoar;3.9;22590
22226;Ploumilliau;2.7;22440
29201;Ploumoguer;3.7;23710
29021;Plounéour-Brignogan-plages;2.9;23120
29202;Plounéour-Ménez;0.7;19820
22227;Plounérin;4.2;21610
29204;Plounéventer;4.2;23140
29206;Plounévez-Lochrist;2.4;21590
22228;Plounévez-Moëdec;3;20100
22229;Plounévez-Quintin;3.9;21220
29205;Plounévézel;2.9;22640
22231;Plourac'h;2.6;18570
56170;Plouray;2.8;19410
22232;Plourhan;3.6;23510
29208;Plourin;5;22930
29207;Plourin-lès-Morlaix;2.9;23290
22233;Plourivo;3.5;22190
62660;Plouvain;3.8;25370
22234;Plouvara;2.4;21630
29209;Plouvien;3.9;23960
29210;Plouvorn;3.4;22530
29211;Plouyé;1.8;19520
29212;Plouzané;3.7;24740
22235;Plouzélambre;2.2;20230
29213;Plouzévédé;3.7;21880
29214;Plovan;3.1;23500
2609;Ployart-et-Vaurseine;1.9;
29215;Plozévet;4.4;22340
22236;Pludual;3.4;21800
22238;Plufur;2.3;20540
29216;Pluguffan;4;23630
56171;Pluherlin;3;22130
22239;Plumaudan;2.5;22100
22240;Plumaugat;4.1;21500
56172;Plumelec;2.7;21540
56173;Pluméliau-Bieuzy;2.6;22010
56174;Plumelin;3.1;22570
56175;Plumergat;4.8;23830
14509;Plumetot;6;32250
22241;Plumieux;2.2;21130
39430;Plumont;3.7;23570
56176;Pluneret;6.4;23930
22242;Plurien;3.7;23630
22243;Plusquellec;4.3;20950
22244;Plussulien;2.3;20890
21487;Pluvet;4;24770
56177;Pluvigner;2.8;22820
22245;Pluzunet;3;20650
51435;Pocancy;1.9;25330
35229;Pocé-les-Bois;3.6;24300
37185;Pocé-sur-Cisse;3.5;24120
33327;Podensac;5;22260
80629;Pœuilly;1.9;20780
64449;Poey-d'Oloron;3.6;21860
64448;Poey-de-Lescar;4.6;26170
3209;Poëzat;2.9;23850
2B239;Poggio-d'Oletta;3.9;29320
2B236;Poggio-di-Nazza;0;21380
2B238;Poggio-di-Venaco;4;24630
2B241;Poggio-Marinaccio;0;
2B242;Poggio-Mezzana;1.4;20470
2A240;Poggiolo;0;
51436;Pogny;1.5;25970
39431;Poids-de-Fiole;4.8;22780
77368;Poigny;2.5;23050
78497;Poigny-la-Forêt;3.2;35520
58211;Poil;3.4;16200
8340;Poilcourt-Sydney;3.6;23510
34206;Poilhes;4.1;22090
72239;Poillé-sur-Vègre;4.8;22590
35230;Poilley;2.1;21970
50407;Poilley;2.9;23200
51437;Poilly;4.3;
45254;Poilly-lez-Gien;3.1;24110
89303;Poilly-sur-Serein;2.7;20890
89304;Poilly-sur-Tholon;1.5;24300
21488;Poinçon-lès-Larrey;4;19980
77369;Poincy;2.9;28610
52393;Poinsenot;2.3;
52394;Poinson-lès-Fayl;2.4;20510
52395;Poinson-lès-Grancey;2.3;
52396;Poinson-lès-Nogent;2.5;21910
97120;Pointe-à-Pitre;4.9;
97121;Pointe-Noire;2.8;
61332;Pointel;2.4;24700
31426;Pointis-de-Rivière;3.7;21800
31427;Pointis-Inard;3.9;21590
39432;Pointre;3.2;22080
28300;Poinville;2.4;22900
85179;Poiroux;2.4;22370
38309;Poisat;5.2;28010
52397;Poiseul;1.5;
21489;Poiseul-la-Grange;0.2;
21490;Poiseul-la-Ville-et-Laperrière;2;20570
21491;Poiseul-lès-Saulx;1.9;
58212;Poiseux;1.7;21090
18182;Poisieux;1.3;23690
71354;Poisson;1.4;23240
52398;Poissons;2.7;20740
78498;Poissy;2.6;23910
28301;Poisvilliers;2.8;27680
74213;Poisy;4.1;29330
86194;Poitiers;5;20150
10293;Poivres;0.7;23010
51438;Poix;0.3;
80630;Poix-de-Picardie;3.8;20910
59464;Poix-du-Nord;3.1;18860
8341;Poix-Terron;3.6;23250
70415;Polaincourt-et-Clairefontaine;3.9;22870
31428;Polastron;0.1;
32321;Polastron;4.1;23150
69153;Poleymieux-au-Mont-d'Or;2.8;35970
38310;Poliénas;1.5;25110
17281;Polignac;3.3;21030
43152;Polignac;3.9;25310
35231;Poligné;4.3;23990
5104;Poligny;2.6;22880
10294;Poligny;2.4;
39434;Poligny;3.1;21530
77370;Poligny;2.2;25630
62662;Polincove;2.6;23490
10295;Polisot;4;25870
10296;Polisy;4.5;24420
66144;Pollestres;4.1;22380
1301;Polliat;2.7;25060
1302;Pollieu;4.3;24270
69154;Pollionnay;2.9;28690
15154;Polminhac;5;21900
2B243;Polveroso;2.8;
51439;Pomacle;5.7;26980
46222;Pomarède;3.3;23220
40228;Pomarez;3.7;22230
11293;Pomas;3.1;21670
12184;Pomayrols;3;20930
33328;Pomerol;5.1;23330
34207;Pomérols;3.9;21510
69155;Pomeys;3.3;25480
21492;Pommard;5.4;26950
62663;Pommera;2.6;21820
22246;Pommeret;4.5;23540
59465;Pommereuil;3.3;21110
76505;Pommereux;3.6;
76506;Pommeréval;4.2;21490
53180;Pommerieux;2.4;21810
57547;Pommérieux;2.6;27990
22248;Pommerit-le-Vicomte;2.3;21250
26245;Pommerol;1.1;
77371;Pommeuse;2.3;25660
82141;Pommevic;3.1;19340
62664;Pommier;2.9;21400
38311;Pommier-de-Beaurepaire;2;22690
2610;Pommiers;3.5;24070
30199;Pommiers;2.3;
36160;Pommiers;2.4;15870
69156;Pommiers;4.1;30730
42173;Pommiers-en-Forez;2.8;21630
17282;Pommiers-Moulons;2.6;21890
70416;Pomoy;1.8;22430
79213;Pompaire;2.2;22560
33329;Pompéjac;2.4;21920
31429;Pompertuzat;4.6;29690
54430;Pompey;4.6;21140
32322;Pompiac;4.1;25140
88352;Pompierre;2.3;22170
25461;Pompierre-sur-Doubs;2.3;21920
47207;Pompiey;1.9;20900
33330;Pompignac;4.1;28280
30200;Pompignan;2.7;21510
82142;Pompignan;3.7;25360
47208;Pompogne;2.7;20500
77372;Pomponne;3.3;27180
24331;Pomport;1.7;23420
64450;Pomps;1.8;22560
11294;Pomy;1.5;
21493;Poncey-lès-Athée;1.8;22770
21494;Poncey-sur-l'Ignon;2.6;
80631;Ponches-Estruval;2.4;19830
60504;Ponchon;2.7;25210
1303;Poncin;2.6;22280
42174;Poncins;3.6;25050
33331;Pondaurat;3.7;22510
26246;Ponet-et-Saint-Auban;4.6;22040
31430;Ponlat-Taillebourg;3.3;21540
17283;Pons;3.7;20640
32323;Ponsampère;2.8;21790
32324;Ponsan-Soubiran;3.2;
26247;Ponsas;1.5;23710
64451;Ponson-Debat-Pouts;1.9;
64452;Ponson-Dessus;1.5;25120
38313;Ponsonnas;4.9;26110
21495;Pont;3.5;23250
48116;Pont de Montvert - Sud Mont Lozère;8.3;19680
59466;Pont-à-Marcq;6.3;25610
54431;Pont-à-Mousson;5.2;21410
62666;Pont-à-Vendin;3.9;19540
2612;Pont-Arcy;2.5;21710
27467;Pont-Audemer;3.1;19360
27468;Pont-Authou;2.5;19750
29217;Pont-Aven;4;22690
14511;Pont-Bellanger;1.5;
29218;Pont-Croix;5.5;21110
1304;Pont-d'Ain;4.1;22810
39436;Pont-d'Héry;2.8;23110
14764;Pont-d'Ouilly;2.7;20360
26249;Pont-de-Barret;2.2;21710
29302;Pont-de-Buis-lès-Quimerch;4.3;21410
38316;Pont-de-Chéruy;2.8;20510
27469;Pont-de-l'Arche;6.2;23950
26250;Pont-de-l'Isère;2.8;23110
7178;Pont-de-Labeaume;4.5;18560
81209;Pont-de-Larn;2.7;22740
80632;Pont-de-Metz;4.4;26410
39435;Pont-de-Poitte;5;22410
25463;Pont-de-Roide-Vermondans;2.7;22130
37186;Pont-de-Ruan;3.4;23760
12185;Pont-de-Salars;3.8;22690
1305;Pont-de-Vaux;2.1;21070
1306;Pont-de-Veyle;4;21330
70419;Pont-du-Bois;3;20580
47209;Pont-du-Casse;2.5;23530
63284;Pont-du-Château;4.1;24120
39437;Pont-du-Navoy;2.3;21940
38319;Pont-en-Royans;3.3;20800
21497;Pont-et-Massène;3.2;27370
38318;Pont-Évêque;3.1;19800
50409;Pont-Hébert;2.3;21580
29220;Pont-l'Abbé;5.3;22870
17284;Pont-l'Abbé-d'Arnoult;2.6;21990
14514;Pont-l'Évêque;2.8;21620
60506;Pont-l'Évêque;3.5;20610
52399;Pont-la-Ville;2.8;20740
88353;Pont-lès-Bonfays;1.3;19070
25465;Pont-les-Moulins;5.6;22760
22249;Pont-Melvez;1.7;20680
80634;Pont-Noyelles;4.3;25240
35363;Pont-Péan;4.4;25170
80635;Pont-Remy;4.6;18540
30202;Pont-Saint-Esprit;2.8;20330
2616;Pont-Saint-Mard;1.5;21880
44130;Pont-Saint-Martin;4;25530
27470;Pont-Saint-Pierre;3;21280
54432;Pont-Saint-Vincent;2.3;22410
10297;Pont-Sainte-Marie;4;19740
60509;Pont-Sainte-Maxence;3;20810
43153;Pont-Salomon;4.6;22140
56179;Pont-Scorff;3.9;23570
70420;Pont-sur-l'Ognon;4;
88354;Pont-sur-Madon;4.6;20920
55407;Pont-sur-Meuse;3.7;23830
59467;Pont-sur-Sambre;2.9;20670
10298;Pont-sur-Seine;2.9;21520
89308;Pont-sur-Vanne;1.3;22980
89309;Pont-sur-Yonne;2.2;20950
64453;Pontacq;3.4;22720
21496;Pontailler-sur-Saône;2.5;21600
26248;Pontaix;4.2;19950
23155;Pontarion;4.9;21380
25462;Pontarlier;4.3;25080
60505;Pontarmé;2.5;29020
50408;Pontaubault;4.1;23060
89306;Pontaubert;4.6;24200
77373;Pontault-Combault;2.8;25010
63283;Pontaumur;3.1;21380
2613;Pontavert;3.3;23300
77374;Pontcarré;3.2;28180
70417;Pontcey;4.7;23590
61333;Pontchardon;2.5;16500
38314;Pontcharra;4.4;23340
23156;Pontcharraud;3.8;
44129;Pontchâteau;3.7;23340
46223;Pontcirq;2.7;18620
14512;Pontécoulant;3.4;
66145;Ponteilla;2.5;22740
30201;Ponteils-et-Brésis;1.5;20420
40229;Pontenx-les-Forges;4.6;21820
83095;Pontevès;4.9;21870
51440;Pontfaverger-Moronvilliers;3.5;21990
63285;Pontgibaud;5.6;20070
28302;Pontgouin;3.1;22720
78499;Ponthévrard;3;30540
51441;Ponthion;2.8;
80633;Ponthoile;4.9;22480
64454;Pontiacq-Viellepinte;2.4;24750
89307;Pontigny;2.5;23680
4154;Pontis;1.8;
56178;Pontivy;3.6;21630
41180;Pontlevoy;2.9;22010
53181;Pontmain;1.5;21040
95500;Pontoise;1.7;22340
60507;Pontoise-lès-Noyon;3.3;23240
40230;Pontonx-sur-l'Adour;4.3;23650
50410;Pontorson;3.1;21170
24334;Pontours;2.9;22850
71355;Pontoux;2.1;22170
57548;Pontoy;2.9;26880
57549;Pontpierre;3;23600
60508;Pontpoint;2;26200
22250;Pontrieux;2.6;19440
2614;Pontru;2.8;21430
2615;Pontruet;2.6;26860
50411;Ponts;4.6;22280
14355;Ponts sur Seulles;3.9;24830
76507;Ponts-et-Marais;3.3;22210
72243;Pontvallain;2.1;22510
34208;Popian;4.1;24620
2B244;Popolasca;0;
56180;Porcaro;2.8;22350
57550;Porcelette;3.9;25030
33332;Porchères;2.7;21110
60510;Porcheux;1.3;23890
78501;Porcheville;3.7;24860
38320;Porcieu-Amblagnieu;2.3;24030
22251;Pordic;3.1;25870
44131;Pornic;3.7;26200
44132;Pornichet;4.5;27460
60511;Porquéricourt;3.4;22560
2B245;Porri;6.3;
29221;Porspoder;2.5;25640
1307;Port;2.3;22270
50412;Port-Bail-sur-Mer;1.5;23310
53182;Port-Brillet;2;21600
17285;Port-d'Envaux;3.4;21780
13077;Port-de-Bouc;2.9;20030
40231;Port-de-Lanne;3.8;23390
86195;Port-de-Piles;2.2;20720
17484;Port-des-Barques;1.1;23180
14515;Port-en-Bessin-Huppain;2.9;21460
76476;Port-Jérôme-sur-Seine;2.4;22750
11266;Port-la-Nouvelle;3.1;19610
29222;Port-Launay;5.2;22150
80637;Port-le-Grand;5.5;23060
39439;Port-Lesney;5.1;24810
56181;Port-Louis;2;23780
97122;Port-Louis;1.8;
27473;Port-Mort;2.4;26450
13078;Port-Saint-Louis-du-Rhône;3.9;20700
44133;Port-Saint-Père;2.5;24890
24335;Port-Sainte-Foy-et-Ponchapt;3.7;20490
47210;Port-Sainte-Marie;3.9;19010
70421;Port-sur-Saône;4.6;21840
54433;Port-sur-Seille;3.5;29050
66148;Port-Vendres;3.9;19900
66146;Porta;0.9;
69114;Porte des Pierres Dorées;3.4;
68143;Porte du Ried;4.9;27910
33008;Porte-de-Benauge;3.4;22750
73151;Porte-de-Savoie;6.2;27220
27471;Porte-de-Seine;2.7;25320
38479;Porte-des-Bonnevaux;3;23980
46033;Porte-du-Quercy;2.3;21440
66147;Porté-Puymorens;0.5;24670
11295;Portel-des-Corbières;2.1;21400
27472;Portes;1.9;24660
30203;Portes;4.1;19480
26251;Portes-en-Valdaine;3.3;23680
26252;Portes-lès-Valence;4.2;21680
64455;Portet;1.5;18980
31431;Portet-d'Aspet;0;
31432;Portet-de-Luchon;4.5;
31433;Portet-sur-Garonne;5.5;23030
33334;Portets;3.2;24360
88355;Portieux;3;21030
34209;Portiragnes;3.8;22350
2A247;Porto-Vecchio;6.6;21560
37187;Ports-sur-Vienne;1.7;21420
21498;Posanges;2.7;
27474;Poses;2.7;26190
51442;Possesse;1.6;21990
57551;Postroff;3.1;22330
51443;Potangis;2;25190
30204;Potelières;2.3;20970
59468;Potelle;3.2;27370
21499;Pothières;2.7;22910
14516;Potigny;3.6;21040
80638;Potte;2.8;21160
10299;Pouan-les-Vallées;3.7;24160
86196;Pouançay;1.4;21390
86197;Pouant;3.3;21120
31434;Poubeau;3.6;
31435;Poucharramet;2.9;24120
47211;Poudenas;1.5;20090
40232;Poudenx;2;20440
81210;Poudis;3.1;20730
65366;Poueyferré;4;22470
30205;Pougnadoresse;2.4;20660
79215;Pougne-Hérisson;2.1;19630
1308;Pougny;1.1;41270
58213;Pougny;1.6;22240
58214;Pougues-les-Eaux;3.2;23930
10300;Pougy;2.8;22930
17287;Pouillac;3.7;20630
1309;Pouillat;1.6;
41181;Pouillé;3.4;21930
85181;Pouillé;2.6;20950
86198;Pouillé;4;24180
44134;Pouillé-les-Côteaux;3.1;22560
21500;Pouillenay;3.6;23420
25466;Pouilley-Français;5.1;25480
25467;Pouilley-les-Vignes;4.5;26800
40233;Pouillon;3.7;22720
51444;Pouillon;4.5;28880
71356;Pouilloux;2.8;23450
57552;Pouilly;4.6;27220
60512;Pouilly;1;26190
21501;Pouilly-en-Auxois;3.3;23420
42175;Pouilly-lès-Feurs;4;23450
42176;Pouilly-les-Nonains;2.9;23440
42177;Pouilly-sous-Charlieu;2.4;21400
58215;Pouilly-sur-Loire;2.5;21470
55408;Pouilly-sur-Meuse;1.9;23100
21502;Pouilly-sur-Saône;2.7;22310
2617;Pouilly-sur-Serre;1.8;21970
21503;Pouilly-sur-Vingeanne;4.5;23350
34212;Poujols;2.8;20970
36162;Poulaines;1.4;20280
80639;Poulainville;7.1;24370
81211;Poulan-Pouzols;2.7;22820
52401;Poulangy;1.5;21180
29224;Pouldergat;5;22570
29225;Pouldreuzic;2.3;22120
69160;Poule-les-Écharmeaux;2.8;23210
64456;Pouliacq;3.8;
25468;Pouligney-Lusans;4.7;24530
36163;Pouligny-Notre-Dame;2.5;19960
36164;Pouligny-Saint-Martin;2.9;18110
36165;Pouligny-Saint-Pierre;3.1;21510
29226;Poullan-sur-Mer;4.6;22800
29227;Poullaouen;2.1;21830
16267;Poullignac;2;
30206;Poulx;2.2;27500
65367;Poumarous;1.9;23830
82143;Poupas;3;
28303;Poupry;2;
58216;Pouques-Lormes;2.9;21170
48117;Pourcharesses;3.1;23110
7179;Pourchères;0.4;25400
83096;Pourcieux;4.9;23910
51445;Pourcy;3.1;27450
71357;Pourlans;3.6;21730
57553;Pournoy-la-Chétive;3.7;27920
57554;Pournoy-la-Grasse;2.5;31100
89311;Pourrain;3.2;24230
83097;Pourrières;3.3;27540
16268;Poursac;3.3;21410
17288;Poursay-Garnaud;4;21540
64457;Poursiugues-Boucoue;4.1;22640
8342;Pouru-aux-Bois;2;21060
8343;Pouru-Saint-Remy;3.5;21280
34213;Poussan;5;23060
23158;Poussanges;2;20490
88357;Poussay;4.6;23890
58217;Pousseaux;3.7;21980
47212;Poussignac;3.9;22490
12186;Pousthomy;3.8;18490
61336;Pouvrai;1.3;
88358;Pouxeux;5.5;22160
65368;Pouy;3.7;
31436;Pouy-de-Touges;0.8;21930
32327;Pouy-Loubrin;3.6;
32328;Pouy-Roquelaure;1.2;22320
10301;Pouy-sur-Vannes;0.9;21470
65369;Pouyastruc;2.2;23770
40234;Pouydesseaux;4.6;22900
32325;Pouydraguin;1.8;22390
32326;Pouylebon;4.3;19690
65370;Pouzac;4.8;22760
85182;Pouzauges;2;22320
37188;Pouzay;3.4;21480
31437;Pouze;4.4;
30207;Pouzilhac;1.8;21690
63286;Pouzol;1.1;20480
34214;Pouzolles;3.5;21590
34215;Pouzols;3.7;23720
11296;Pouzols-Minervois;3.6;19810
3210;Pouzy-Mésangy;2;21920
40235;Poyanne;3.8;22610
70422;Poyans;3.5;21340
40236;Poyartin;3;22210
26253;Poyols;2.4;
80640;Pozières;5.2;21170
26254;Pradelle;0;
43154;Pradelles;5;20920
59469;Pradelles;5.2;25120
11297;Pradelles-Cabardès;0;18530
7182;Prades;3.1;21990
9232;Prades;2.3;
43155;Prades;1.1;
66149;Prades;2.9;19230
81212;Prades;3;23420
12187;Prades-d'Aubrac;2.4;17260
34217;Prades-le-Lez;4.7;26410
12188;Prades-Salars;4.4;19970
34218;Prades-sur-Vernazobre;3.9;20150
9233;Pradettes;2;
9234;Pradières;2.9;21060
15155;Pradiers;2.4;
12189;Pradinas;2.8;19490
19168;Pradines;1.3;
42178;Pradines;2.4;24360
46224;Pradines;3.6;23280
7183;Pradons;4.1;21670
4155;Prads-Haute-Bléone;0;19160
79216;Prahecq;2.6;24620
79217;Prailles-La Couarde;2.9;22400
73206;Pralognan-la-Vanoise;5;22480
21504;Prâlon;3.3;25390
42179;Pralong;4.1;26440
7184;Pranles;0.4;22390
16269;Pranzac;3.3;23360
52403;Praslay;2.7;
10302;Praslin;1.7;
28304;Prasville;3.3;23390
22254;Prat;3.3;21410
9235;Prat-Bonrepaux;2.7;20330
2B248;Prato-di-Giovellina;0;
24336;Prats-de-Carlux;3.1;22430
66150;Prats-de-Mollo-la-Preste;6.3;19260
66151;Prats-de-Sournia;3.3;
24337;Prats-du-Périgord;2.5;17690
81213;Pratviel;3;
41182;Pray;2.1;23560
54434;Praye;4;24610
9236;Prayols;4.5;24700
46225;Prayssac;3.2;21970
47213;Prayssas;3.3;22830
74215;Praz-sur-Arly;7.2;25230
53185;Pré-en-Pail-Saint-Samson;1.8;20620
28305;Pré-Saint-Évroult;0.8;23470
28306;Pré-Saint-Martin;1.6;24700
7185;Préaux;4.2;22320
36166;Préaux;2.5;20350
53184;Préaux;2.8;24050
76509;Préaux;3.3;28900
14519;Préaux-Bocage;2.7;25630
38321;Prébois;4.4;21620
50413;Précey;3.1;21400
32329;Préchac;1.8;20730
33336;Préchac;3.7;21020
65371;Préchac;3.5;21490
32330;Préchac-sur-Adour;3.2;19660
64458;Préchacq-Josbaig;3.6;23780
40237;Préchacq-les-Bains;2.8;21170
64459;Préchacq-Navarrenx;3.6;22540
42180;Précieux;3.5;23750
72244;Précigné;3.1;22570
64460;Précilhon;4.8;23970
18184;Précy;1.1;19970
89312;Précy-le-Sec;0.8;22320
10303;Précy-Notre-Dame;3.5;
10304;Précy-Saint-Martin;2.4;22540
21505;Précy-sous-Thil;3.4;21460
77376;Précy-sur-Marne;1.8;27610
60513;Précy-sur-Oise;3;27380
89313;Précy-sur-Vrin;1.2;23040
62668;Prédefin;1.8;18170
53124;Prée-d'Anjou;4;21910
44136;Préfailles;2.2;26510
45255;Préfontaines;1.7;24080
89314;Prégilbert;1.3;23490
17289;Préguillac;5.3;24130
89315;Préhy;2.2;25930
33337;Preignac;5.6;21470
32331;Preignan;3.6;24050
70423;Preigney;3.2;19120
11299;Preixan;3.1;20730
39441;Prémanon;2.3;38060
21506;Premeaux-Prissey;3;25390
58218;Prémery;2.1;20200
59470;Prémesques;6.1;28490
1310;Prémeyzel;1.4;24070
34219;Prémian;3;19730
10305;Prémierfait;2.8;
3211;Prémilhat;2.7;24280
1311;Prémillieu;0.6;
2618;Prémont;3.4;21040
2619;Prémontré;2.2;22840
46226;Prendeignes;0;18420
32332;Préneron;2.9;26660
21508;Prenois;2.2;28510
54435;Prény;1.5;25630
58219;Préporché;3.4;19380
43156;Présailles;2.1;19020
59471;Préseau;4.3;25410
25469;Présentevillers;3.7;25110
31439;Préserville;3.9;29920
39443;Présilly;2.5;25060
74216;Présilly;2.1;41230
73207;Presle;3.1;24890
38322;Presles;0.6;
95504;Presles;2.4;29450
77377;Presles-en-Brie;2;28540
2620;Presles-et-Boves;2.2;22970
2621;Presles-et-Thierny;2.6;27390
18185;Presly;2.7;21240
45256;Presnoy;1.5;23680
86200;Pressac;2.4;20860
27477;Pressagny-l'Orgueilleux;2.5;26050
16270;Pressignac;1.9;18000
24338;Pressignac-Vicq;2.7;20880
52406;Pressigny;1.9;20620
79218;Pressigny;3;20410
45257;Pressigny-les-Pins;1.6;22570
38323;Pressins;2.7;22950
62669;Pressy;2.6;22990
71358;Pressy-sous-Dondin;2.7;
39444;Pretin;4.1;
76510;Prétot-Vicquemare;2.5;21970
14522;Prêtreville;1.9;24890
71359;Préty;2.7;24980
55409;Pretz-en-Argonne;1.9;
18186;Preuilly;1.5;23960
36167;Preuilly-la-Ville;3.3;23360
37189;Preuilly-sur-Claise;3.6;19460
62670;Preures;2;20450
67379;Preuschdorf;4.1;24030
76511;Preuseville;3.9;20050
54436;Preutin-Higny;3.7;26710
59472;Preux-au-Bois;3.8;21360
59473;Preux-au-Sart;3.1;29900
72245;Préval;1.6;22450
72246;Prévelles;1.7;22990
48119;Prévenchères;1.5;20080
18187;Préveranges;2;17730
1313;Prévessin-Moëns;1.9;44430
60514;Prévillers;4.7;21410
12190;Prévinquières;3.2;18170
57555;Prévocourt;3;23780
27478;Prey;3.4;25240
88359;Prey;4.1;
24339;Preyssac-d'Excideuil;4.8;22060
8344;Prez;3;19600
52407;Prez-sous-Lafauche;3.6;21060
1314;Priay;3;25110
2622;Priez;1;
17290;Prignac;3.3;22480
33339;Prignac-et-Marcamps;3.6;23040
24340;Prigonrieux;2.9;22360
38324;Primarette;1.5;24330
29228;Primelin;4.4;22880
18188;Primelles;1;20500
79220;Prin-Deyrançon;3.2;22110
86201;Prinçay;2.8;19050
35232;Princé;1;19200
51446;Pringy;3.2;23810
77378;Pringy;2;25750
44137;Prinquiau;3.6;24440
48087;Prinsuéjols-Malbouzon;2.9;19770
67380;Printzheim;3.5;23380
2623;Prisces;2.7;
59474;Prisches;3.7;21060
36168;Prissac;1.4;19810
71360;Prissé;3.9;25280
7186;Privas;1.9;20510
12191;Privezac;3.7;22810
8346;Prix-lès-Mézières;4.5;25130
56182;Priziac;3.3;20010
71361;Prizy;2.1;
24341;Proissans;2.7;22150
2624;Proisy;3.4;22140
2625;Proix;4.6;21870
32333;Projan;2.9;21050
46227;Promilhanes;3.3;18170
63288;Prompsat;3.4;26240
63289;Prondines;0.7;20330
60515;Pronleroy;2.7;24160
62671;Pronville-en-Artois;2.7;21610
26256;Propiac;2.6;17400
69161;Propières;1.6;20760
2A249;Propriano;5;19650
51447;Prosnes;5.3;26750
51448;Prouilly;3.3;27310
31440;Proupiary;2.7;
2626;Prouvais;3.5;23630
80642;Prouville;1.8;20590
59475;Prouvy;4.6;21050
80643;Prouzel;3.2;27130
25471;Provenchère;1.9;22610
70426;Provenchère;2.4;23150
88361;Provenchères-et-Colroy;3.4;21280
88360;Provenchères-lès-Darney;3.9;24170
89316;Provency;3.4;22080
10306;Proverville;2.3;25470
38325;Proveysieux;0.6;27350
59476;Proville;2.7;23390
59477;Provin;4;22130
77379;Provins;2.4;19200
2627;Proviseux-et-Plesnoy;3.2;22570
80644;Proyart;4.3;21870
28308;Prudemanche;1.9;24600
46228;Prudhomat;4;22650
66152;Prugnanes;5.3;
10307;Prugny;1.7;26530
72248;Pruillé-l'Éguillé;1.2;21720
72247;Pruillé-le-Chétif;2.8;25950
12193;Pruines;1.7;19420
51449;Prunay;5.1;27400
10308;Prunay-Belleville;2.1;23010
41184;Prunay-Cassereau;3.5;23300
78506;Prunay-en-Yvelines;3.4;29420
28309;Prunay-le-Gillon;2.9;25700
78505;Prunay-le-Temple;1.2;29990
91507;Prunay-sur-Essonne;2.3;28730
2B250;Prunelli-di-Casacconi;2.3;20140
2B251;Prunelli-di-Fiumorbo;6.5;20410
7187;Prunet;1.4;20190
15156;Prunet;1.7;22610
31441;Prunet;2.5;28230
66153;Prunet-et-Belpuig;0;
5106;Prunières;4.5;24560
38326;Prunières;4.9;25080
48121;Prunières;3;22020
36169;Pruniers;1.7;21070
41185;Pruniers-en-Sologne;2.8;24200
2B252;Pruno;0;18950
21510;Prusly-sur-Ource;1.8;23690
10309;Prusy;0.9;
71362;Pruzilly;1.4;26510
67381;Puberg;1.5;21910
74218;Publier;3.5;29490
39445;Publy;3.1;23120
44138;Puceul;3.3;21790
47214;Puch-d'Agenais;1.9;22500
27480;Puchay;2;22570
80645;Puchevillers;4.8;21870
34221;Puéchabon;3.7;21260
81214;Puéchoursi;2.1;25990
30208;Puechredon;3.8;
25472;Puessans;4;
84093;Puget;2.9;28560
6098;Puget-Rostang;1.1;21620
83099;Puget-sur-Argens;4.3;23250
6099;Puget-Théniers;2.2;21230
83100;Puget-Ville;3;22840
25473;Pugey;3.9;25110
11300;Puginier;3.3;23750
33341;Pugnac;4.7;22370
73208;Pugny-Chatenod;3;32040
11301;Puichéric;3.4;18320
79223;Puihardy;1.1;
34222;Puilacher;3.2;23540
11302;Puilaurens;5.7;17540
17291;Puilboreau;6.6;24990
8347;Puilly-et-Charbeaux;1.7;20880
4156;Puimichel;0.4;22910
34223;Puimisson;3.8;22900
4157;Puimoisson;7.6;21770
45258;Puiseaux;1.8;22700
91508;Puiselet-le-Marais;2.5;29310
76512;Puisenval;3.2;
8348;Puiseux;1.4;20490
28312;Puiseux;1.8;25390
60516;Puiseux-en-Bray;1.2;22420
95509;Puiseux-en-France;1.9;25860
2628;Puiseux-en-Retz;1.6;22960
60517;Puiseux-le-Hauberger;1.6;25550
95510;Puiseux-Pontoise;3.2;27320
51450;Puisieulx;4.6;31170
62672;Puisieux;3.1;21380
77380;Puisieux;1.8;24440
2629;Puisieux-et-Clanlieu;2.2;18680
34224;Puissalicon;3.5;22600
33342;Puisseguin;2.2;22940
34225;Puisserguier;3.4;20670
21511;Puits;1.1;24260
10310;Puits-et-Nuisement;1.6;21200
60518;Puits-la-Vallée;4.4;23950
11303;Puivert;0.9;18460
32334;Pujaudran;4;28340
30209;Pujaut;2.4;27310
65372;Pujo;3.6;21420
40238;Pujo-le-Plan;3.4;22050
33344;Pujols;3.5;20270
47215;Pujols;3.4;22470
33343;Pujols-sur-Ciron;4.9;24630
21512;Puligny-Montrachet;3.8;29130
27481;Pullay;2.9;26160
54437;Pulligny;2.8;25230
54438;Pulney;1.7;
54439;Pulnoy;4.7;24590
63290;Pulvérières;5.5;22750
68258;Pulversheim;3.3;25750
80646;Punchy;4.8;
88363;Punerot;1.7;23870
65373;Puntous;5;21950
39446;Pupillin;2.8;24430
8349;Pure;2.6;20290
70427;Purgerot;3.7;20400
70428;Pusey;6;24770
69285;Pusignan;3.3;27420
91511;Pussay;2.5;22820
37190;Pussigny;1.7;22750
70429;Pusy-et-Épenoux;4;24410
61339;Putanges-le-Lac;2.4;20890
92062;Puteaux;3.1;30980
14524;Putot-en-Auge;4.2;25410
57556;Puttelange-aux-Lacs;3.3;21050
57557;Puttelange-lès-Thionville;2.1;32110
57558;Puttigny;3.7;
54440;Puxe;3.3;25810
54441;Puxieux;1.3;25570
19169;Puy-d'Arnac;2.4;20940
85184;Puy-de-Serre;1.6;20890
17292;Puy-du-Lac;2.6;21780
63291;Puy-Guillaume;2.5;21520
46231;Puy-l'Évêque;3.3;20250
23159;Puy-Malsignat;3.7;20340
5107;Puy-Saint-André;4.8;25140
5108;Puy-Saint-Eusèbe;3.8;24120
63292;Puy-Saint-Gulmier;0.8;17240
26258;Puy-Saint-Martin;2.9;24910
5109;Puy-Saint-Pierre;4.8;24730
5110;Puy-Saint-Vincent;4.1;21310
5111;Puy-Sanières;5.3;22730
33346;Puybarban;3.2;20760
81215;Puybegon;2.2;23540
46229;Puybrun;3.9;21860
81216;Puycalvel;2.8;19600
15027;Puycapel;3.8;20520
32335;Puycasquier;2.6;20010
81217;Puycelsi;2.8;19500
82144;Puycornet;1.7;21520
31442;Puydaniel;3.4;23130
65374;Puydarrieux;3.9;20780
82146;Puygaillard-de-Lomagne;2.5;
82145;Puygaillard-de-Quercy;2.2;21010
26257;Puygiron;2.6;24110
81218;Puygouzon;5.3;25950
73210;Puygros;1.7;26000
46230;Puyjourdes;2.3;
82147;Puylagarde;3.9;19940
82148;Puylaroque;3.2;20110
81219;Puylaurens;3.8;21510
32336;Puylausic;5.3;23780
13079;Puyloubier;2.9;28700
31443;Puymaurin;3.2;19840
84094;Puyméras;6.2;23450
47216;Puymiclan;1.5;21880
47217;Puymirol;2.1;22820
16271;Puymoyen;3;27640
33347;Puynormand;2.9;22910
40239;Puyol-Cazalet;4;
64461;Puyoô;5.8;19580
17293;Puyravault;4.9;22950
85185;Puyravault;2.6;21030
16272;Puyréaux;4.3;22950
17294;Puyrolland;2.8;21660
32337;Puységur;2.1;
31444;Puysségur;1.6;24560
47218;Puysserampion;2.3;21920
66154;Puyvalador;5.5;20420
84095;Puyvert;3;24350
80647;Puzeaux;3.6;21180
57559;Puzieux;3.9;26100
88364;Puzieux;3.8;24210
66155;Py;0.2;
80648;Pys;3.4;17110
59478;Quaëdypre;3.7;25280
38328;Quaix-en-Chartreuse;0.8;31990
18189;Quantilly;1.8;23660
34226;Quarante;2.7;19980
59479;Quarouble;4.4;21990
89318;Quarré-les-Tombes;0.3;21670
2A253;Quasquara;3.5;
8350;Quatre-Champs;4;21550
27483;Quatremare;1.9;24360
67382;Quatzenheim;3.7;29070
62673;Quéant;2.7;22020
86203;Queaux;2.6;19920
35233;Québriac;3.4;24080
35234;Quédillac;5.2;22470
73211;Queige;2.5;24480
53186;Quelaines-Saint-Gault;2.2;21630
62674;Quelmes;2.7;23720
29229;Quéménéven;2.2;21520
21514;Quemigny-sur-Seine;2.2;25290
22256;Quemper-Guézennec;3;21650
22257;Quemperven;3.3;22540
80649;Quend;4.5;21910
89319;Quenne;2.5;24960
70431;Quenoche;2.4;24390
2A254;Quenza;2.2;19510
62675;Quercamps;1.5;21200
2B255;Quercitello;5.6;
59480;Quérénaing;3.3;26200
9239;Quérigut;0;20640
62676;Quernes;4;21240
29230;Querrien;3.1;21660
80650;Querrieu;4.5;26640
70432;Quers;3.7;22620
60519;Quesmy;2.7;21620
80654;Quesnoy-le-Montant;3.5;23490
80655;Quesnoy-sur-Airaines;3.3;22500
59482;Quesnoy-sur-Deûle;5.1;25610
62678;Quesques;1.7;21540
22258;Quessoy;2.3;23130
56184;Questembert;3.9;22830
62679;Questrecques;3.3;24680
38329;Quet-en-Beaumont;1.3;
21515;Quetigny;7.5;22670
50417;Quettehou;3.4;21580
14528;Quetteville;3;25250
50419;Quettreville-sur-Sienne;3.9;21790
51451;Queudes;3.5;
63294;Queuille;2.1;19120
80656;Quevauvillers;4.2;23880
56185;Quéven;5.8;24240
22259;Quévert;3.7;23620
76513;Quevillon;1.9;28870
54442;Quevilloncourt;3.6;
76514;Quévreville-la-Poterie;4;25930
33348;Queyrac;4.3;21380
43158;Queyrières;2.9;21940
24345;Queyssac;1.7;24570
19170;Queyssac-les-Vignes;2.7;21040
15157;Quézac;2.2;20390
56186;Quiberon;2.8;25010
76515;Quiberville-sur-Mer;2.8;24580
50420;Quibou;3.2;23280
9240;Quié;3.9;21490
77381;Quiers;2;26690
45259;Quiers-sur-Bezonde;1.2;23950
62680;Quiéry-la-Motte;3.4;26470
2631;Quierzy;2.4;20770
62681;Quiestède;4.2;23670
59483;Quiévelon;3.9;23170
59484;Quiévrechain;2.6;16510
76516;Quièvrecourt;5.1;22900
59485;Quiévy;4;20410
62682;Quilen;1.4;
11304;Quillan;3.9;18670
27485;Quillebeuf-sur-Seine;2.7;19540
8351;Quilly;4;
44139;Quilly;4;22360
29232;Quimper;4.8;22700
29233;Quimperlé;5;22440
76517;Quincampoix;3.4;30410
60521;Quincampoix-Fleuzy;2.7;22520
86204;Quinçay;3.9;25920
21516;Quincerot;2.7;
89320;Quincerot;0.9;
21517;Quincey;3.7;27260
70433;Quincey;5.4;25130
69162;Quincié-en-Beaujolais;2.3;23660
38330;Quincieu;1.1;21400
69163;Quincieux;5.1;26670
18190;Quincy;2.2;23310
2632;Quincy-Basse;2;
55410;Quincy-Landzécourt;2.4;23090
21518;Quincy-le-Vicomte;2.7;22880
2633;Quincy-sous-le-Mont;3.7;
91514;Quincy-sous-Sénart;3.6;23930
77382;Quincy-Voisins;3;27360
50421;Quinéville;1.9;22000
25475;Quingey;2.8;22950
60522;Quinquempoix;3.9;21040
12194;Quins;4.2;22280
24346;Quinsac;4.4;20300
33349;Quinsac;5;27670
4158;Quinson;0.3;18920
3212;Quinssaines;2.7;23880
31445;Quint-Fonsegrives;5.9;28470
74219;Quintal;1.7;33120
7188;Quintenas;2.8;22210
22261;Quintenic;2.5;21880
39447;Quintigny;4.8;24480
11305;Quintillan;0.5;
22262;Quintin;1.9;22240
11306;Quirbajou;2.1;
80657;Quiry-le-Sec;3.6;23990
30210;Quissac;5.1;21020
46233;Quissac-en-Quercy;1.3;24260
56188;Quistinic;2.2;21690
27486;Quittebeuf;2.1;23540
80658;Quivières;1.6;18900
62683;Quœux-Haut-Maînil;2.4;20150
81220;Rabastens;3.1;23190
65375;Rabastens-de-Bigorre;4.1;20430
9241;Rabat-les-Trois-Seigneurs;2.6;20570
5112;Rabou;1.8;
66156;Rabouillet;3.3;18700
88365;Racécourt;2.9;22200
52414;Rachecourt-sur-Marne;2.9;19870
52413;Rachecourt-Suzémont;3;
59486;Râches;5.3;22130
10312;Racines;3.4;19420
62684;Racquinghem;4.6;21340
57560;Racrange;2.4;21200
70435;Raddon-et-Chapendu;3.1;21430
56189;Radenac;3.1;21840
27487;Radepont;3.6;22880
62685;Radinghem;2.6;21060
59487;Radinghem-en-Weppes;7.1;31950
10313;Radonvilliers;3.5;22400
68259;Raedersdorf;1.9;33070
68260;Raedersheim;4.3;27780
76518;Raffetot;2.3;23770
15158;Rageade;0;
41186;Rahart;1.9;26430
72250;Rahay;0.9;22230
57561;Rahling;4.1;23290
25476;Rahon;2.1;22290
39448;Rahon;3.6;24150
61342;Rai;3.5;21970
50422;Raids;2.8;22300
59488;Raillencourt-Sainte-Olle;3.3;23130
66157;Railleu;0;
8352;Raillicourt;2.5;24740
2634;Raillimont;4.7;
59489;Raimbeaucourt;2.9;24050
39449;Rainans;4.5;25540
80659;Raincheval;3.9;21900
70436;Raincourt;4;17670
76519;Rainfreville;4.3;
80661;Rainneville;3.1;25340
59490;Rainsars;4.3;21660
88366;Rainville;4.3;22610
60523;Rainvillers;4.5;26370
59491;Raismes;6.2;17870
9242;Raissac;3;
11307;Raissac-d'Aude;3;19780
11308;Raissac-sur-Lampy;2.7;21350
55442;Raival;4.1;23110
16273;Raix;3.4;18330
78516;Raizeux;3.1;31640
1317;Ramasse;2.9;24270
83101;Ramatuelle;3.8;25940
5113;Rambaud;1.9;24420
88367;Rambervillers;3.4;18300
55411;Rambluzin-et-Benoite-Vaux;3.3;
78517;Rambouillet;3;27990
55412;Rambucourt;0.4;20950
80662;Ramburelles;3.1;20720
80663;Rambures;3.4;18710
62686;Ramecourt;4.3;24320
88368;Ramecourt;3.2;22780
10314;Ramerupt;1.9;22990
2635;Ramicourt;2.1;22420
59492;Ramillies;2.9;21880
68261;Rammersmatt;1.8;31060
88369;Ramonchamp;3.1;21070
31446;Ramonville-Saint-Agne;5;24600
45260;Ramoulu;2.2;22730
64462;Ramous;5.1;20290
59493;Ramousies;3.4;20630
32338;Ramouzens;3.5;22400
50423;Rampan;2.4;24540
24347;Rampieux;1.3;20120
77383;Rampillon;1.5;26110
46234;Rampoux;2.3;
1318;Rancé;3.3;29400
25477;Rancenay;3.3;27530
8353;Rancennes;2.9;24590
10315;Rances;4;
69164;Ranchal;1.1;21590
39451;Ranchot;5.2;22080
14529;Ranchy;4.4;24010
87121;Rancon;2.7;18480
52415;Rançonnières;2.4;20590
80664;Rancourt;2.8;22440
88370;Rancourt;2.1;
55414;Rancourt-sur-Ornain;6.8;23470
71365;Rancy;0.8;20620
63295;Randan;2.1;21250
25478;Randevillers;1.6;20200
61344;Rânes;3.1;21330
25479;Rang;4.3;21670
62688;Rang-du-Fliers;6.5;22870
52416;Rangecourt;2.8;
67383;Rangen;4.5;25610
57562;Ranguevaux;1.5;24100
35235;Rannée;3;22370
67384;Ranrupt;3.5;25560
39452;Rans;4.9;23250
62689;Ransart;3.6;23490
68262;Ranspach;3.3;22920
68263;Ranspach-le-Bas;2.8;36050
68264;Ranspach-le-Haut;2.9;39650
60524;Rantigny;3.1;22540
86205;Ranton;1.9;20090
68265;Rantzwiller;1.9;36430
14530;Ranville;4.1;25260
16275;Ranville-Breuillaud;2.9;20130
70437;Ranzevelle;4.5;
55415;Ranzières;1.9;
88371;Raon-aux-Bois;2.3;23840
88372;Raon-l'Étape;5.5;19380
54443;Raon-lès-Leau;1.5;
88373;Raon-sur-Plaine;1.5;20970
2B256;Rapaggio;0;
2B257;Rapale;0.6;21960
88374;Rapey;2.6;
14531;Rapilly;2.8;
51452;Rapsécourt;0.8;
60525;Raray;2.6;31840
55416;Rarécourt;4.7;20310
66158;Rasiguères;1.6;18710
86206;Raslay;1.8;20150
84096;Rasteau;4.3;22560
71366;Ratenelle;2.7;23140
26259;Ratières;2.3;22720
71367;Ratte;2.3;21770
67385;Ratzwiller;3;24930
43159;Raucoules;3.4;21340
54444;Raucourt;2.1;25960
59494;Raucourt-au-Bois;3.3;24100
8354;Raucourt-et-Flaba;1.9;19150
15159;Raulhac;2.7;20380
43160;Rauret;1.9;19410
50425;Rauville-la-Bigot;2.6;23310
50426;Rauville-la-Place;2.8;22890
67386;Rauwiller;3.7;23570
33350;Rauzan;4.3;21010
58220;Raveau;1.8;23960
63296;Ravel;3;24140
60526;Ravenel;2.3;23610
88375;Raves;4.3;22290
89321;Ravières;2.8;20000
53187;Ravigny;1.7;21820
57563;Raville;3.2;24870
54445;Raville-sur-Sânon;1.5;22890
39453;Ravilloles;1.7;24490
70438;Ray-sur-Saône;3.3;24770
62690;Raye-sur-Authie;2.3;18940
47219;Rayet;3.2;22290
18191;Raymond;1.3;18820
25481;Raynans;3.4;25530
83152;Rayol-Canadel-sur-Mer;3.8;27540
81221;Rayssac;3.3;18110
24348;Razac-d'Eymet;2.3;20550
24349;Razac-de-Saussignac;2.7;21510
24350;Razac-sur-l'Isle;2.5;21990
70439;Raze;4.9;22070
31447;Razecueillé;1.9;
32339;Razengues;3.5;26630
87122;Razès;4.3;23090
47220;Razimet;3.3;24060
37191;Razines;2.1;22520
66159;Réal;5.5;
76520;Réalcamp;2.4;21740
5114;Réallon;0.5;21460
81222;Réalmont;3.1;21240
82149;Réalville;3.8;21240
32340;Réans;4.5;20980
77384;Réau;4.3;25660
38331;Réaumont;4.6;28880
85187;Réaumur;1.9;21970
47221;Réaup-Lisse;2;21400
26261;Réauville;1.9;23710
17295;Réaux sur Trèfle;3.8;22720
77385;Rebais;1.5;21460
64463;Rébénacq;3.2;22910
62692;Rebergues;1.3;22080
76521;Rebets;2.4;23600
88376;Rebeuville;3.5;25880
31448;Rebigue;4.8;34020
12195;Rebourguil;3;20650
36170;Reboursin;1.3;
45261;Rebréchien;1.6;26680
62693;Rebreuve-Ranchicourt;3.6;26320
62694;Rebreuve-sur-Canche;2.6;20360
62695;Rebreuviette;3.1;22860
39454;Recanoz;3.1;
21519;Recey-sur-Ource;0.9;19460
90081;Réchésy;1.3;27620
54446;Réchicourt-la-Petite;1.3;
57564;Réchicourt-le-Château;1.9;19640
55419;Récicourt;4.3;23500
28313;Réclainville;2;26560
71368;Reclesne;3.3;24590
62696;Reclinghem;3;20890
54447;Réclonville;3.1;
77386;Recloses;2.9;30980
25482;Recologne;5.7;25880
70440;Recologne;3.3;
70441;Recologne-lès-Rioz;3.5;21330
26262;Recoubeau-Jansac;3.9;18890
48123;Recoules-d'Aubrac;5.7;19990
48124;Recoules-de-Fumas;0;19710
62697;Récourt;2.8;21900
55420;Récourt-le-Creux;3.9;
90083;Recouvrance;2.2;30050
62698;Recques-sur-Course;2.8;24880
62699;Recques-sur-Hem;2.6;22730
59495;Recquignies;2.8;18560
25483;Reculfoz;3.4;
65376;Recurt;1.8;22640
51453;Recy;4;26310
57565;Rédange;1.2;34010
29234;Rédené;3.3;24380
30211;Redessan;3.8;22090
57566;Réding;4.1;23820
35236;Redon;3;21610
4159;Redortiers;1.8;
60527;Réez-Fosse-Martin;1.6;25490
79225;Reffannes;1.4;20290
55421;Reffroy;0.8;
50428;Reffuveille;2.4;19560
31449;Régades;3.7;21320
9243;Régat;3.7;
97301;Régina;0;
62700;Regnauville;2.4;20740
88377;Regnévelle;3.5;19240
50429;Regnéville-sur-Mer;3.3;24870
55422;Regnéville-sur-Meuse;0;
88378;Regney;2.3;
69165;Régnié-Durette;2.7;24530
80665;Regnière-Écluse;4.3;22810
8355;Regniowez;1.8;21800
2636;Regny;4.3;24990
42181;Régny;2.4;19930
56190;Réguiny;2.7;21480
68266;Réguisheim;2.1;26020
83102;Régusse;2.7;21690
88379;Rehaincourt;2.4;21720
54449;Rehainviller;7.1;24660
88380;Rehaupal;3.1;23560
54450;Reherrey;2.5;20480
54451;Réhon;2.5;24070
67387;Reichsfeld;2.9;25140
67388;Reichshoffen;4.3;22940
67389;Reichstett;5.8;25920
16276;Reignac;2.9;22920
33351;Reignac;3.8;19810
37192;Reignac-sur-Indre;3.5;23920
63297;Reignat;3;23810
50430;Reigneville-Bocage;2.5;
74220;Reignier-Ésery;2.3;33160
18192;Reigny;1.8;19350
15160;Reilhac;4.1;23880
46235;Reilhac;3.4;24560
46236;Reilhaguet;2.3;22270
26263;Reilhanette;3.9;18830
4160;Reillanne;2.8;21480
54452;Reillon;1.5;
60528;Reilly;1.3;29790
51454;Reims;5.1;20210
51455;Reims-la-Brûlée;2.8;25180
67391;Reinhardsmunster;3.2;26370
68267;Reiningue;2.8;27250
67392;Reipertswiller;1.8;22180
39455;Reithouse;1.6;
32341;Réjaumont;2.1;24100
65377;Réjaumont;2.5;22520
59496;Rejet-de-Beaulieu;2.4;21030
88381;Relanges;1.9;22240
39456;Relans;3.9;23310
1319;Relevant;2.2;25090
62701;Rely;3.1;22680
80666;Remaisnil;3.6;
61345;Rémalard en Perche;2.5;21130
2637;Remaucourt;3.5;25460
8356;Remaucourt;2.7;20840
80667;Remaugies;3.6;22230
77387;Remauville;1.6;24580
55423;Rembercourt-Sommaisne;2.2;23730
54453;Rembercourt-sur-Mad;3;24070
60529;Rémécourt;2.3;
57567;Rémelfang;2.8;24450
57568;Rémelfing;3.6;24960
57569;Rémeling;2.4;25380
55424;Remennecourt;5.7;
54455;Remenoville;2.1;21890
60530;Rémérangles;2.2;27340
54456;Réméréville;3.1;25640
57570;Rémering;1.7;25260
57571;Rémering-lès-Puttelange;2.8;23960
51456;Remicourt;1.1;
88382;Remicourt;1.7;
80668;Remiencourt;2.3;24450
2638;Remies;2.1;21140
2639;Remigny;2.6;23650
71369;Remigny;3;25930
57572;Rémilly;4;25000
58221;Rémilly;4.6;18120
50431;Remilly Les Marais;3.1;20040
8357;Remilly-Aillicourt;3.3;22160
21520;Remilly-en-Montagne;3.4;27290
8358;Remilly-les-Pothées;1.8;21340
21521;Remilly-sur-Tille;2.9;27210
62702;Remilly-Wirquin;3.4;22670
56191;Réminiac;3.1;20930
97309;Remire-Montjoly;2.8;
88383;Remiremont;3.6;20340
55425;Remoiville;2.9;23960
5115;Remollon;3.2;19330
88386;Remomeix;4.1;21390
54457;Remoncourt;1.6;
88385;Remoncourt;2.9;22160
25485;Rémondans-Vaivre;1.7;23670
25486;Remoray-Boujeons;2.5;32610
44142;Remouillé;3.4;22900
30212;Remoulins;4.6;19700
88387;Removille;3.4;22120
87123;Rempnat;2.4;17850
26264;Rémuzat;7;22310
60531;Remy;2.9;24910
62703;Rémy;3.4;24200
35237;Renac;2.6;20880
38332;Renage;3.3;22180
42182;Renaison;2.4;23970
2640;Renansart;3.4;19500
70442;Renaucourt;1.6;19640
88388;Renauvoid;3.5;25290
41187;Renay;1.2;24380
53188;Renazé;3.2;20180
38333;Rencurel;1;20710
72251;René;2.3;21310
25487;Renédale;1;
59497;Renescure;4;22800
21522;Renève;2.7;22580
57573;Réning;1.4;22050
78518;Rennemoulin;2.7;39140
52419;Rennepont;2.5;21120
35238;Rennes;4.8;22770
53189;Rennes-en-Grenouilles;2.3;21350
11309;Rennes-le-Château;1.5;
11310;Rennes-les-Bains;0.9;13460
25488;Rennes-sur-Loue;5.2;22180
2641;Renneval;4.3;16180
8360;Renneville;4.4;20680
27488;Renneville;4.1;25420
31450;Renneville;5.6;25590
2A258;Renno;4.2;
63299;Rentières;2.2;17560
62704;Renty;2.8;21750
40240;Renung;3.5;23830
8361;Renwez;3.9;22930
5116;Réotier;3.5;22450
54458;Repaix;4.1;
16277;Réparsac;3.4;24360
88389;Repel;3.8;
14533;Repentigny;1.3;
1320;Replonges;3.7;24890
90084;Reppe;2.6;25250
72252;Requeil;2.3;22060
12197;Réquista;3;19790
61347;Résenlieu;2.9;22590
2642;Résigny;2.4;20140
55426;Resson;3.6;24900
2643;Ressons-le-Long;2.4;24180
60533;Ressons-sur-Matz;2.1;20510
37193;Restigné;3.2;23750
34227;Restinclières;3.8;26280
17296;Rétaud;4.8;22260
23160;Reterre;2.5;19920
8362;Rethel;4.3;19790
2644;Retheuil;2.2;24670
60534;Rethondes;3.5;27460
80669;Rethonvillers;3;22080
35239;Retiers;3.2;21990
40164;Retjons;1.5;19860
57575;Retonfey;1.3;27600
76523;Rétonval;2.1;20450
43162;Retournac;3.3;21280
67394;Retschwiller;4.6;27470
57576;Rettel;2.2;28080
62705;Rety;2.9;20130
68268;Retzwiller;1.7;25130
25489;Reugney;4.3;22110
3213;Reugny;1.8;22020
37194;Reugny;3.2;23690
77388;Reuil-en-Brie;2.2;26470
60535;Reuil-sur-Brêche;2.5;24310
27489;Reuilly;1.6;25900
36171;Reuilly;0.9;21580
2645;Reuilly-Sauvigny;3.5;22630
21523;Reulle-Vergy;2.4;26610
59498;Reumont;3.7;21700
67395;Reutenbourg;4.5;26760
51458;Reuves;1.7;
76524;Reuville;2.8;21910
14534;Reux;2.8;25630
51459;Réveillon;0.2;
61348;Réveillon;3.3;24600
31451;Revel;4.2;21290
38334;Revel;1.8;32290
38335;Revel-Tourdan;1.9;23490
80670;Revelles;4.2;25460
30213;Revens;0;
38336;Reventin-Vaugris;3.6;26300
28315;Revercourt;2.1;
4162;Revest-des-Brousses;2.2;20230
4163;Revest-du-Bion;2.5;20790
6100;Revest-les-Roches;1.1;20720
4164;Revest-Saint-Martin;2.2;
14535;Reviers;4.5;25630
39458;Revigny;3.6;22230
55427;Revigny-sur-Ornain;5.3;21150
50433;Réville;2.9;22990
55428;Réville-aux-Bois;3.5;20520
8363;Revin;2.6;18370
1321;Revonnas;4;27570
67396;Rexingen;2.9;23190
59499;Rexpoëde;2.6;22600
57577;Reyersviller;3.2;22870
19171;Reygade;2.7;19820
52420;Reynel;5.6;18910
66160;Reynès;4.1;22830
82150;Reyniès;3.6;23720
46237;Reyrevignes;3.9;23290
1322;Reyrieux;2.7;29130
1323;Reyssouze;1.9;23300
74222;Reyvroz;2.1;26240
18193;Rezay;1.3;20220
44143;Rezé;5.6;23550
15161;Rézentières;1.2;18160
57578;Rezonville-Vionville;1.6;26750
2A259;Rezza;0;
10316;Rhèges;3.6;20900
67397;Rhinau;2.4;23780
57579;Rhodes;0.7;26140
41188;Rhodon;1.2;22640
60536;Rhuis;2.5;28910
61349;Ri;3.9;23220
66161;Ria-Sirach;3;20410
44144;Riaillé;1.7;20690
18194;Rians;1.1;22710
83104;Rians;3.5;22940
56193;Riantec;3.5;23230
52421;Riaucourt;3.1;23890
55429;Riaville;3;
24351;Ribagnac;2.1;22430
64464;Ribarrouy;2.5;
11311;Ribaute;4.5;19680
30214;Ribaute-les-Tavernes;2.4;20900
55430;Ribeaucourt;1.2;
80671;Ribeaucourt;1.4;20460
2647;Ribeauville;2.7;
68269;Ribeauvillé;2.7;24150
60537;Ribécourt-Dreslincourt;3.7;21860
59500;Ribécourt-la-Tour;3;23120
2648;Ribemont;4.4;19520
80672;Ribemont-sur-Ancre;4.4;23010
24352;Ribérac;2.5;19940
7189;Ribes;2;21300
5117;Ribeyret;3.1;18750
11312;Ribouisse;1.1;20180
83105;Riboux;0.2;
76526;Ricarville-du-Val;3.3;21880
11313;Ricaud;3.8;23000
65378;Ricaud;1.6;
54459;Richardménil;6.2;27570
91519;Richarville;1.9;28860
57580;Riche;3;18860
52422;Richebourg;5;22650
62706;Richebourg;4.8;26110
78520;Richebourg;1.6;31290
55431;Richecourt;1.2;
37196;Richelieu;3;19130
57581;Richeling;3.1;20780
57582;Richemont;5.5;25670
76527;Richemont;3;19580
84097;Richerenches;3.2;23360
57583;Richeval;3.6;26000
27490;Richeville;1.9;22910
67398;Richtolsheim;4.1;25640
68270;Richwiller;3.6;25850
32342;Ricourt;1.3;
60538;Ricquebourg;1.5;25170
29236;Riec-sur-Bélon;4.2;23840
68271;Riedisheim;2.8;25720
67400;Riedseltz;4.3;25390
21524;Riel-les-Eaux;1.7;
80673;Riencourt;3.8;24520
62708;Riencourt-lès-Bapaume;2.6;
62709;Riencourt-lès-Cagnicourt;2.5;24650
90085;Riervescemont;2;
68273;Riespach;3.8;31500
31452;Rieucazé;4;
9244;Rieucros;3.2;21160
59501;Rieulay;5.1;22110
31453;Rieumajou;3.2;25400
31454;Rieumes;2.5;22690
12198;Rieupeyroux;3.6;21040
34228;Rieussec;1;
51460;Rieux;3.9;22110
56194;Rieux;3.4;21940
60539;Rieux;3;24800
76528;Rieux;3.2;21360
9245;Rieux-de-Pelleport;3.4;22400
59502;Rieux-en-Cambrésis;3.5;20910
11314;Rieux-en-Val;6;
11315;Rieux-Minervois;2.8;19800
31455;Rieux-Volvestre;4;22530
4166;Riez;6.3;20130
66162;Rigarda;1.4;21920
6101;Rigaud;0;21190
12199;Rignac;3.8;22590
46238;Rignac;2.7;23340
25490;Rigney;3.4;23150
1325;Rignieux-le-Franc;1.9;26270
25491;Rignosot;3.2;20690
70445;Rignovelle;3;23240
70446;Rigny;5.1;22490
10318;Rigny-la-Nonneuse;2.2;25780
55433;Rigny-la-Salle;3.8;22550
10319;Rigny-le-Ferron;2;20850
55434;Rigny-Saint-Martin;3.8;
71370;Rigny-sur-Arroux;1.8;21930
37197;Rigny-Ussé;2.4;21790
32343;Riguepeu;2.1;22900
87124;Rilhac-Lastours;2.5;21300
87125;Rilhac-Rancon;4.8;25000
19172;Rilhac-Treignac;2;20010
19173;Rilhac-Xaintrie;4.8;21440
25492;Rillans;5.4;
37198;Rillé;3.2;18950
69286;Rillieux-la-Pape;3.8;19980
51461;Rilly-la-Montagne;4.1;28590
10320;Rilly-Sainte-Syre;1.6;24460
8364;Rilly-sur-Aisne;3.7;20940
41189;Rilly-sur-Loire;3.1;23060
37199;Rilly-sur-Vienne;3.1;21220
52423;Rimaucourt;6.5;20310
68274;Rimbach-près-Guebwiller;0.6;25340
68275;Rimbach-près-Masevaux;1.5;24120
68276;Rimbachzell;0.8;24950
40242;Rimbez-et-Baudiets;1.5;
62710;Rimboval;2.4;21030
48128;Rimeize;2.3;22170
57584;Rimling;2.1;25260
8365;Rimogne;3.2;20130
26266;Rimon-et-Savel;0;
33353;Rimons;3.6;19930
9246;Rimont;2.6;19220
35242;Rimou;2.3;19080
6102;Rimplas;7.1;
67401;Rimsdorf;3.8;24770
67403;Ringendorf;4.6;28180
62711;Rinxent;2.8;20320
33354;Riocaud;2.5;19270
31456;Riolas;1.4;
34229;Riols;3.2;20600
63300;Riom;4.7;23090
15162;Riom-ès-Montagnes;2.4;21350
26267;Rioms;2.2;
40243;Rion-des-Landes;3.2;21190
33355;Rions;4.9;22300
42184;Riorges;3.5;22360
43163;Riotord;4;22330
17298;Rioux;3.8;21490
16279;Rioux-Martin;1.4;21430
70447;Rioz;5;23350
68277;Riquewihr;3.1;24150
63301;Ris;2.6;20000
65379;Ris;3.5;
91521;Ris-Orangis;1.8;20090
32344;Riscle;2.6;20330
5119;Risoul;5.2;23190
67404;Rittershoffen;4.4;25280
64465;Riupeyrous;2.6;24740
36172;Rivarennes;2.3;21390
37200;Rivarennes;2.8;21700
42185;Rivas;4.1;28270
42186;Rive-de-Gier;3.3;19320
60540;Rivecourt;2.8;26940
17297;Rivedoux-Plage;5.2;29210
64466;Rivehaute;2.7;21490
11316;Rivel;1.6;17290
2B260;Riventosa;4;20290
9247;Rivèrenert;1.8;17500
69166;Riverie;2;25620
80674;Rivery;7.1;22960
38337;Rives;4.2;22790
47223;Rives;3.7;18670
61096;Rives d'Andaine;3.2;21650
85213;Rives de l'Yon;1.8;22800
52411;Rives Dervoises;2.8;21870
85162;Rives-d'Autise;2.4;22460
17268;Rives-de-Boutonne;2.5;22290
35282;Rives-du-Couesnon;2.9;23170
85292;Rives-du-Fougerais;1.8;21060
49377;Rives-du-Loir-en-Anjou;3.3;25110
76164;Rives-en-Seine;4.5;22670
66164;Rivesaltes;3.8;20150
37201;Rivière;4.8;23510
62712;Rivière;3.8;26800
52425;Rivière-les-Fosses;1.2;22890
97220;Rivière-Pilote;3.7;18570
40244;Rivière-Saas-et-Gourby;3.4;24620
97221;Rivière-Salée;4.1;19840
12200;Rivière-sur-Tarn;1.6;21670
16280;Rivières;2.9;22600
30215;Rivières;2.6;20370
81225;Rivières;4.9;23330
52424;Rivières-le-Bois;1.3;
76529;Riville;2.9;23960
69167;Rivolet;2.1;25220
39461;Rix;2.5;
58222;Rix;3;25300
68278;Rixheim;4.5;26150
52426;Rizaucourt-Buchey;2.7;24060
33357;Roaillan;4.1;25800
84098;Roaix;4.6;20630
42187;Roanne;3.3;18930
15163;Roannes-Saint-Mary;3.2;23780
88390;Robécourt;5.1;21380
62713;Robecq;4.6;24290
59503;Robersart;3.7;20520
55435;Robert-Espagne;3.6;20900
76530;Robertot;3;21950
60541;Roberval;2.6;25590
30216;Robiac-Rochessadoule;4.8;18210
84099;Robion;3.7;23570
46240;Rocamadour;1.8;21160
83106;Rocbaron;3.1;24780
41190;Rocé;1.8;22710
38339;Roche;3.5;27410
63303;Roche-Charles-la-Mayrand;0.7;
63304;Roche-d'Agoux;0.7;
42188;Roche-en-Forez;3.1;18430
43164;Roche-en-Régnier;2.5;20450
70448;Roche-et-Raucourt;2.2;21180
42189;Roche-la-Molière;5.3;22590
19175;Roche-le-Peyroux;0;21990
25496;Roche-lès-Clerval;4;18180
25495;Roche-lez-Beaupré;4.6;22590
26276;Roche-Saint-Secret-Béconne;1.8;22030
70449;Roche-sur-Linotte-et-Sorans-les-Cordiers;3.1;
26268;Rochebaudin;3.6;21320
5121;Rochebrune;2.5;22960
26269;Rochebrune;1.1;
26270;Rochechinard;2.6;21680
87126;Rochechouart;3.7;21820
7190;Rochecolombe;2.2;23090
37203;Rochecorbon;5.2;27830
17299;Rochefort;4.6;20380
73214;Rochefort;1.7;25370
30217;Rochefort-du-Gard;2.8;25350
56196;Rochefort-en-Terre;4.1;23070
26272;Rochefort-en-Valdaine;2.7;24380
78522;Rochefort-en-Yvelines;3.4;34410
63305;Rochefort-Montagne;4.3;21700
26273;Rochefort-Samson;2.5;24710
21526;Rochefort-sur-Brévon;0.5;
52428;Rochefort-sur-la-Côte;4.4;
49259;Rochefort-sur-Loire;3.6;22990
39462;Rochefort-sur-Nenon;3.6;22000
26274;Rochefourchat;0;
26275;Rochegude;2.9;25520
30218;Rochegude;2.8;21140
25494;Rochejean;2.7;35080
7191;Rochemaure;3.8;24000
7192;Rochepaule;1;17570
7193;Rocher;2;21230
23162;Roches;2.8;20630
41191;Roches;2.4;
52044;Roches-Bettaincourt;5.6;21830
25497;Roches-lès-Blamont;2.3;26390
86209;Roches-Prémarie-Andillé;3.5;24300
52429;Roches-sur-Marne;2.6;22300
85190;Rocheservière;2.9;22360
7194;Rochessauve;1;21550
88391;Rochesson;4;22240
52431;Rochetaillée;2.1;21120
69168;Rochetaillée-sur-Saône;3.2;29240
38341;Rochetoirin;3.9;25820
85192;Rochetrejoux;2.2;22150
50435;Rocheville;2.6;24390
57586;Rochonvillers;2.1;32040
60542;Rochy-Condé;3.2;23540
3214;Rocles;2.3;20740
7196;Rocles;0.4;18360
48129;Rocles;2.8;22630
62714;Roclincourt;5.9;26840
2649;Rocourt-Saint-Martin;2.8;23190
76531;Rocquefort;3.6;25260
60543;Rocquemont;3.3;27950
76532;Rocquemont;4.9;24120
60544;Rocquencourt;3.9;23190
14540;Rocques;3.6;29570
2650;Rocquigny;3.5;19580
8366;Rocquigny;3.2;18920
62715;Rocquigny;2.3;20470
8367;Rocroi;3;19430
57587;Rodalbe;1.8;23020
62716;Rodelinghem;1.7;22060
12201;Rodelle;2;26370
57588;Rodemack;2;37110
68279;Roderen;2.7;27540
68280;Rodern;4.2;27030
66165;Rodès;2.6;21860
12202;Rodez;4.3;22210
30356;Rodilhan;3.7;23140
11317;Rodome;0;16730
62717;Roëllecourt;4.8;22430
67405;Rœschwoog;3.1;27140
59504;Rœulx;4.1;19560
62718;Rœux;3.1;23670
72253;Roëzé-sur-Sarthe;1.9;24380
89323;Roffey;3.4;19730
15164;Roffiac;4.1;22830
2651;Rogécourt;1.9;
76533;Rogerville;4;26270
54460;Rogéville;1.4;24630
68281;Roggenhouse;2.2;28030
2B261;Rogliano;7.4;19350
39463;Rogna;0.6;27030
13081;Rognac;6.1;24630
73216;Rognaix;3.4;23930
13082;Rognes;3.6;28820
25498;Rognon;4.1;
13083;Rognonas;4.1;23980
2652;Rogny;3.4;
89324;Rogny-les-Sept-Écluses;1.7;21470
30219;Rogues;0;
80675;Rogy;3.6;21720
28316;Rohaire;2;22150
56198;Rohan;3;21680
67406;Rohr;3.9;27560
57589;Rohrbach-lès-Bitche;3.3;24620
67407;Rohrwiller;6.2;26130
86210;Roiffé;1.3;21770
7197;Roiffieux;2.4;24140
80676;Roiglise;2.3;22620
21529;Roilly;2.1;
28317;Roinville;2.4;24570
91525;Roinville;2.2;30400
91526;Roinvilliers;2.5;32540
80677;Roisel;2.6;20390
42191;Roisey;2.4;24380
38342;Roissard;0.9;23220
77390;Roissy-en-Brie;2.2;24320
95527;Roissy-en-France;3;25320
61351;Roiville;2.2;19110
8368;Roizy;5;23750
52432;Rolampont;3.4;22110
57590;Rolbing;0;22030
62719;Rollancourt;2.4;20450
78528;Rolleboise;1;23360
76534;Rolleville;3.1;25160
80678;Rollot;3.5;22200
79230;Rom;3.4;20350
63307;Romagnat;4.4;25430
33358;Romagne;3.7;22570
86211;Romagne;3.5;19250
35243;Romagné;4;23580
55437;Romagne-sous-les-Côtes;3.5;18670
55438;Romagne-sous-Montfaucon;2.8;18280
38343;Romagnieu;3.2;25300
68282;Romagny;1.9;28810
50436;Romagny Fontenay;2.2;22550
90086;Romagny-sous-Rougemont;3.7;27720
25499;Romain;6.7;22440
39464;Romain;4.5;25490
51464;Romain;3.4;25140
54461;Romain;2.3;
88394;Romain-aux-Bois;3.9;
52433;Romain-sur-Meuse;0.7;
93063;Romainville;3.7;21110
71372;Romanèche-Thorins;2;23590
39465;Romange;3.7;24800
1328;Romans;2.5;25220
79231;Romans;2.3;23950
26281;Romans-sur-Isère;4.2;20520
67408;Romanswiller;3.8;25630
17301;Romazières;2;
35244;Romazy;2.7;22430
68283;Rombach-le-Franc;2.9;22500
57591;Rombas;2.9;20120
59505;Rombies-et-Marchipont;4.7;26680
62720;Rombly;3.8;
17302;Romegoux;2.5;22220
57592;Romelfing;3.3;23130
71373;Romenay;2.2;21180
2653;Romeny-sur-Marne;2.2;23670
59506;Romeries;2.5;22370
2654;Romery;2.3;
51465;Romery;3.4;31560
60545;Romescamps;3.2;19790
47224;Romestaing;4.7;21430
26282;Romeyer;4.6;20270
51466;Romigny;2.5;25670
34231;Romiguières;0.2;
35245;Romillé;3.3;24370
41193;Romilly;0.8;19380
27492;Romilly-la-Puthenaye;1.6;21750
27493;Romilly-sur-Andelle;3.1;23000
10323;Romilly-sur-Seine;2.7;17610
88395;Romont;3.6;21620
41194;Romorantin-Lanthenay;3.2;20810
7198;Rompon;2.9;24210
61352;Rônai;5.1;22310
10324;Roncenay;1.5;25520
50437;Roncey;3;20400
70451;Ronchamp;3.6;20050
25500;Ronchaux;3.1;
2655;Ronchères;2.6;21200
89325;Ronchères;4.7;
76535;Roncherolles-en-Bray;4.8;22740
76536;Roncherolles-sur-le-Vivier;2.7;26060
59507;Ronchin;7.4;22130
76537;Ronchois;2.2;19340
57593;Roncourt;3.8;23780
59508;Roncq;6.5;25280
25501;Rondefontaine;3.3;
3215;Rongères;2.6;22700
3216;Ronnet;4.8;19540
69169;Ronno;2.6;23420
95529;Ronquerolles;2.2;29160
16283;Ronsenac;2.2;21630
80679;Ronssoy;2.8;21160
69170;Rontalon;2.7;25080
64467;Rontignon;5.1;26560
55439;Ronvaux;2.7;
59509;Roost-Warendin;4.2;20810
90087;Roppe;4.5;25840
67409;Roppenheim;3.9;27390
68284;Roppentzwiller;4.2;28370
57594;Roppeviller;0.5;
6103;Roquebillière;5.2;21340
34232;Roquebrun;0.9;19200
32346;Roquebrune;3.1;22470
33359;Roquebrune;3.4;19380
6104;Roquebrune-Cap-Martin;4.1;25330
83107;Roquebrune-sur-Argens;2.5;24940
82151;Roquecor;2;22480
81227;Roquecourbe;1.5;20930
11318;Roquecourbe-Minervois;3.3;21020
30220;Roquedur;5;17190
11319;Roquefère;0.8;
11320;Roquefeuil;3.5;19280
9249;Roquefixade;2;24410
32347;Roquefort;1.6;23390
40245;Roquefort;3;21690
47225;Roquefort;4;24400
11321;Roquefort-de-Sault;1.1;19060
11322;Roquefort-des-Corbières;2.7;21610
13085;Roquefort-la-Bédoule;7.6;27130
9250;Roquefort-les-Cascades;2.5;
6105;Roquefort-les-Pins;3.7;34070
31457;Roquefort-sur-Garonne;4.8;21880
12203;Roquefort-sur-Soulzon;2.4;23390
32348;Roquelaure;1.7;24070
32349;Roquelaure-Saint-Aubin;3.1;27600
30221;Roquemaure;2.5;20870
81228;Roquemaure;2.4;25330
32350;Roquepine;2.6;
34233;Roqueredonde;0.3;17480
31458;Roques;5.2;24430
32351;Roques;3.2;
31459;Roquesérière;4.2;28900
34234;Roquessels;2.2;
6106;Roquestéron;7.7;20390
11323;Roquetaillade-et-Conilhac;3;21620
62721;Roquetoire;4.3;22360
31460;Roquettes;4.2;25830
13086;Roquevaire;3.8;26260
81229;Roquevidal;2.1;25670
64468;Roquiague;1.3;19630
57595;Rorbach-lès-Dieuze;3.1;
68285;Rorschwihr;4.2;27000
5126;Rosans;4.4;18800
39466;Rosay;1.5;16200
76538;Rosay;4.3;23320
78530;Rosay;1.7;27080
27496;Rosay-sur-Lieure;3.4;22760
2A262;Rosazia;0;
57596;Rosbruck;4.2;21400
29238;Roscanvel;4.1;24740
29239;Roscoff;3;24680
14542;Rosel;4.4;30640
68286;Rosenau;2.8;34970
67410;Rosenwiller;2.6;28160
25502;Roset-Fluans;4.9;23310
70452;Rosey;3.7;22360
71374;Rosey;3.5;28150
67411;Rosheim;4.3;27230
7199;Rosières;5;20610
43165;Rosières;2.6;21400
60546;Rosières;2.1;29530
81230;Rosières;3.4;22620
54462;Rosières-aux-Salines;5.3;24240
54463;Rosières-en-Haye;2.2;24640
80680;Rosières-en-Santerre;3.9;19950
10325;Rosières-près-Troyes;3.7;24100
25503;Rosières-sur-Barbèche;1.1;23240
70454;Rosières-sur-Mance;1.9;
19176;Rosiers-d'Égletons;10;22800
19177;Rosiers-de-Juillac;2.6;19440
34235;Rosis;0.1;19300
36173;Rosnay;1.7;20330
51468;Rosnay;3.5;32940
85193;Rosnay;1.8;20540
10326;Rosnay-l'Hôpital;3.1;23150
29240;Rosnoën;2.5;23890
93064;Rosny-sous-Bois;2.6;21820
78531;Rosny-sur-Seine;1.5;22430
60547;Rosoy;1.8;27620
89326;Rosoy;2.7;25760
60548;Rosoy-en-Multien;1.2;25420
22265;Rospez;4.7;22940
2B263;Rospigliani;0;
29241;Rosporden;3.6;21710
57597;Rosselange;3.9;20320
67412;Rossfeld;3.4;25940
1329;Rossillon;1.5;20680
67413;Rosteig;2;21830
22266;Rostrenen;4.7;20170
59511;Rosult;5.8;27600
25504;Rosureux;0;
39467;Rotalier;1.7;22010
60549;Rotangy;2.7;24090
67414;Rothau;4.5;21230
67415;Rothbach;3.5;23160
73217;Rotherens;2.7;25850
60550;Rothois;4.7;23000
39468;Rothonay;1.5;23420
14543;Rots;5.9;27800
67416;Rott;3.3;25420
67417;Rottelsheim;6.8;31960
26283;Rottier;5.7;
49262;Rou-Marson;3.2;24410
81231;Rouairoux;3.4;21350
44145;Rouans;2.7;23910
59512;Roubaix;5.6;14580
11324;Roubia;4.2;20470
6110;Roubion;1.7;17360
59513;Roucourt;3.8;25060
2656;Roucy;3.5;25980
56199;Roudouallec;4.1;19720
52436;Rouécourt;1.8;
31461;Rouède;2.6;23190
52437;Rouelles;2.7;
76540;Rouen;5.4;21330
72254;Rouessé-Fontaine;2.5;22440
72255;Rouessé-Vassé;4.7;21210
34236;Rouet;2.4;
72256;Rouez;4.3;20690
68287;Rouffach;3.5;25160
39469;Rouffange;4.5;23230
15165;Rouffiac;0.8;18890
16284;Rouffiac;2;20810
17304;Rouffiac;3.9;23030
81232;Rouffiac;2.7;23700
11325;Rouffiac-d'Aude;3.3;20120
11326;Rouffiac-des-Corbières;0;
31462;Rouffiac-Tolosan;4.5;32540
17305;Rouffignac;2.6;21920
24357;Rouffignac-de-Sigoulès;2.3;23340
24356;Rouffignac-Saint-Cernin-de-Reilhac;3.1;19860
46241;Rouffilhac;4.1;22750
51469;Rouffy;2.5;26400
44146;Rougé;1.9;21460
27498;Rouge-Perriers;3.6;23310
62722;Rougefay;2.4;
90088;Rougegoutte;2.8;23770
21530;Rougemont;2.4;25590
25505;Rougemont;3.7;21700
90089;Rougemont-le-Château;4;23550
27497;Rougemontiers;3;23080
25506;Rougemontot;3.9;23130
41195;Rougeou;1.7;22800
2657;Rougeries;2.6;19800
52438;Rougeux;2.8;19500
83110;Rougiers;2.8;24190
16285;Rougnac;2.2;21410
23164;Rougnat;1.8;18830
4171;Rougon;0;
25507;Rouhe;2.3;
57598;Rouhling;3.7;22590
16286;Rouillac;3.4;21520
22267;Rouillac;2.3;20400
86213;Rouillé;2.8;21660
72257;Rouillon;2.7;29340
77391;Rouilly;2.3;23140
10328;Rouilly-Sacey;3.9;24710
10329;Rouilly-Saint-Loup;2.7;24600
34237;Roujan;3.2;21360
25508;Roulans;6.1;24240
11327;Roullens;2.1;22710
16287;Roullet-Saint-Estèphe;3.5;23620
47226;Roumagne;2.5;21780
76541;Roumare;4.4;28540
15166;Roumégoux;4.4;21940
9251;Roumengoux;3.2;19890
31463;Roumens;2.9;24680
4172;Roumoules;6.1;20550
67418;Rountzenheim-Auenheim;4.8;27180
57599;Roupeldange;3.5;23970
61357;Rouperroux;2;23020
72259;Rouperroux-le-Coquet;1.9;22260
2658;Roupy;2.7;24680
97310;Roura;0.4;
6111;Roure;1.7;
59514;Rousies;3.9;21260
26284;Roussas;2.3;26910
81234;Roussayrolles;1.2;
60551;Rousseloy;2.7;25410
12206;Roussennac;4.3;23840
62723;Roussent;3.5;20620
48130;Rousses;0;
13087;Rousset;4;25650
26285;Rousset-les-Vignes;2.7;23430
5127;Rousset-Serre-Ponçon;2.5;21400
26286;Roussieux;1.1;
38344;Roussillon;2.6;21080
84102;Roussillon;4.4;24540
71376;Roussillon-en-Morvan;0;20910
16289;Roussines;2.7;17560
36174;Roussines;1.6;20950
30223;Rousson;2.9;21900
89327;Rousson;0.9;24020
57600;Roussy-le-Village;1.4;36820
76542;Routes;1.6;22230
11328;Routier;1.9;20030
27500;Routot;2.6;22460
54464;Rouves;2.2;
59515;Rouvignies;6.6;21580
60552;Rouville;2.7;29680
76543;Rouville;2.6;24750
60553;Rouvillers;2.9;26310
21531;Rouvray;3.5;21730
27501;Rouvray;1.1;28070
89328;Rouvray;1.7;25010
76544;Rouvray-Catillon;3.5;21590
45262;Rouvray-Sainte-Croix;1.7;24210
80681;Rouvrel;3.7;24480
14546;Rouvres;3.6;24940
28321;Rouvres;2.3;27020
77392;Rouvres;2.8;27510
60554;Rouvres-en-Multien;1.6;24400
21532;Rouvres-en-Plaine;4.2;28060
55443;Rouvres-en-Woëvre;3.7;20710
88400;Rouvres-en-Xaintois;3.3;21620
88401;Rouvres-la-Chétive;2.9;21910
36175;Rouvres-les-Bois;1.6;19770
10330;Rouvres-les-Vignes;3.1;26690
45263;Rouvres-Saint-Jean;1.6;25240
21533;Rouvres-sous-Meilly;4.9;
52439;Rouvres-sur-Aube;3;
55444;Rouvrois-sur-Meuse;3.4;21050
55445;Rouvrois-sur-Othain;4.1;22900
2659;Rouvroy;4.7;27070
62724;Rouvroy;3.6;18100
80682;Rouvroy-en-Santerre;4.6;25550
60555;Rouvroy-les-Merles;3.8;
51470;Rouvroy-Ripont;0;
8370;Rouvroy-sur-Audry;2.6;21640
52440;Rouvroy-sur-Marne;4.2;20390
2660;Rouvroy-sur-Serre;3.5;
76545;Rouxmesnil-Bouteilles;4.3;23910
58223;Rouy;4.6;20370
80683;Rouy-le-Grand;2.5;23050
80684;Rouy-le-Petit;2.9;24430
9252;Rouze;0;
16290;Rouzède;2.6;21040
15167;Rouziers;4.1;18820
37204;Rouziers-de-Touraine;3.2;24680
88402;Roville-aux-Chênes;4.1;22410
54465;Roville-devant-Bayon;2.8;23380
38345;Rovon;1.6;24450
60557;Roy-Boissy;4.1;25080
17306;Royan;3.9;23280
38346;Royas;2.9;25520
63308;Royat;2.8;27950
60556;Royaucourt;4;23200
2661;Royaucourt-et-Chailvet;3.5;24950
54466;Royaumeix;2.1;24020
38347;Roybon;1.4;21140
70455;Roye;4;21680
80685;Roye;3;18970
60558;Roye-sur-Matz;2.1;22800
71377;Royer;2.8;24880
23165;Royère-de-Vassivière;3;21430
87129;Royères;4.6;23750
26287;Roynac;2.4;24060
62725;Royon;2.3;19870
76546;Royville;4;21290
35246;Roz-Landrieux;5.5;22810
35247;Roz-sur-Couesnon;2.1;21120
77393;Rozay-en-Brie;2.7;25690
54467;Rozelieures;1.9;20650
57601;Rozérieulles;4;28650
88403;Rozerotte;2.5;21890
32352;Rozès;2.9;18670
2662;Rozet-Saint-Albin;1.4;22330
42192;Rozier-Côtes-d'Aurec;1.9;22560
42193;Rozier-en-Donzy;2.9;22620
45264;Rozières-en-Beauce;2;25320
2663;Rozières-sur-Crise;2.6;24220
88404;Rozières-sur-Mouzon;4.5;
87130;Roziers-Saint-Georges;2.8;23740
2664;Rozoy-Bellevalle;3;26980
45265;Rozoy-le-Vieil;0.6;22670
2666;Rozoy-sur-Serre;4;18140
58224;Ruages;3.7;
45266;Ruan;1.7;24190
41196;Ruan-sur-Egvonne;1.5;
72260;Ruaudin;2.2;25170
77394;Rubelles;2.2;25420
80686;Rubempré;4.3;24930
14547;Rubercy;3.3;20150
80687;Rubescourt;3.7;22080
8372;Rubigny;4.6;
59516;Rubrouck;2.3;22060
22268;Ruca;2.9;23170
33361;Ruch;3.9;19790
24221;Rudeau-Ladosse;1.6;19740
46242;Rudelle;4.6;21940
80688;Rue;4.8;20290
68288;Ruederbach;3.7;32840
28322;Rueil-la-Gadelière;3.2;23140
92063;Rueil-Malmaison;2.7;32980
68289;Ruelisheim;2.1;27820
16291;Ruelle-sur-Touvre;4.7;22460
59518;Ruesnes;3.4;24680
46243;Rueyres;5;18680
16292;Ruffec;3.6;19460
36176;Ruffec;1.6;19770
25510;Ruffey-le-Château;4.4;25620
21534;Ruffey-lès-Beaune;3.4;26300
21535;Ruffey-lès-Echirey;5.7;27650
39471;Ruffey-sur-Seille;4.7;23400
47227;Ruffiac;4.3;26200
56200;Ruffiac;1.9;21310
73218;Ruffieux;3.7;24860
44148;Ruffigné;1.8;20520
27502;Rugles;2.4;19920
88406;Rugney;4.7;24980
89329;Rugny;0.6;
70456;Ruhans;1.3;24290
72261;Ruillé-en-Champagne;2.4;22880
53193;Ruillé-Froid-Fonds;3.9;22010
62726;Ruisseauville;3.1;21520
62727;Ruitz;4;23380
12207;Rullac-Saint-Cirq;1.3;19150
60560;Rully;2.9;30700
71378;Rully;2.1;26700
62728;Rumaucourt;2.4;23840
59519;Rumegies;4.8;25290
68291;Rumersheim-le-Haut;1.9;27960
14550;Rumesnil;1.3;
8373;Rumigny;2.8;17400
80690;Rumigny;3.4;28720
62729;Rumilly;2.3;19930
74225;Rumilly;2.6;23260
59520;Rumilly-en-Cambrésis;3.3;21830
10331;Rumilly-lès-Vaudes;2.2;23680
62730;Ruminghem;1.8;22130
55446;Rumont;4.4;
77395;Rumont;2.1;27070
22269;Runan;2.9;20140
94065;Rungis;2.6;29770
7201;Ruoms;4.5;21260
77396;Rupéreux;1.5;24380
88407;Ruppes;1.3;25430
52442;Rupt;4.5;22480
55447;Rupt-aux-Nonains;0.6;22660
55448;Rupt-devant-Saint-Mihiel;5.8;
55449;Rupt-en-Woëvre;2.2;21140
88408;Rupt-sur-Moselle;2.7;20640
55450;Rupt-sur-Othain;4.7;
70457;Rupt-sur-Saône;3.8;23760
57602;Rurange-lès-Thionville;3;30550
25511;Rurey;3.4;23530
2B264;Rusio;0;
67420;Russ;5.6;24230
57603;Russange;1.8;32440
60561;Russy-Bémont;3.4;25380
68290;Rustenhart;2.8;27710
11330;Rustiques;2.4;22920
84103;Rustrel;2.5;20920
57604;Rustroff;2.2;28820
2B265;Rutali;1.3;22100
10332;Ruvigny;1.8;26630
38348;Ruy-Montceau;5;27990
62731;Ruyaulcourt;2.1;20980
15168;Ruynes-en-Margeride;3.4;22300
76548;Ry;4;23600
39472;Rye;1.4;21480
14552;Ryes;3.4;23810
77397;Saâcy-sur-Marne;1.9;23200
67421;Saales;1.7;21290
76549;Saâne-Saint-Just;3.9;27290
67422;Saasenheim;3.4;25630
46244;Sabadel-Latronquière;1;
46245;Sabadel-Lauzès;0.5;
32353;Sabaillan;4;18110
65380;Sabalos;2.2;23610
9253;Sabarat;5.5;20750
65381;Sabarros;1.6;
32354;Sabazan;3.1;21280
72264;Sablé-sur-Sarthe;2.8;19380
84104;Sablet;4.2;22810
7202;Sablières;0;16540
17307;Sablonceaux;3.1;22720
77398;Sablonnières;1;23370
33362;Sablons;3.5;21770
38349;Sablons;3.6;24350
61116;Sablons sur Huisne;2.3;22280
31464;Sabonnères;3;22830
30225;Sabran;1;24670
40246;Sabres;3.5;21110
31465;Saccourvielle;4.4;
53195;Sacé;1.6;23880
50443;Sacey;3.3;22670
37205;Saché;3.9;24320
62732;Sachin;2.4;23770
8375;Sachy;3.6;18910
36177;Sacierges-Saint-Martin;1.7;19050
91533;Saclas;2.7;26060
91534;Saclay;3.5;34070
2667;Saconin-et-Breuil;2.3;26620
65382;Sacoué;0.7;
21536;Sacquenay;1.8;23630
27504;Sacquenville;2.1;24750
51471;Sacy;4.2;31190
60562;Sacy-le-Grand;2.7;26320
60563;Sacy-le-Petit;2.5;24910
97616;Sada;NA;
32355;Sadeillan;3.2;
24359;Sadillac;2.2;19210
33363;Sadirac;2.7;25600
65383;Sadournin;4.3;20180
19178;Sadroc;2.1;23290
67423;Saessolsheim;4.1;26650
54468;Saffais;2.4;24540
39473;Saffloz;2.1;
44149;Saffré;3.6;22720
21537;Saffres;2.8;20240
24360;Sagelat;3.6;20870
23166;Sagnat;1.2;20480
7203;Sagnes-et-Goudoulet;1.2;
18195;Sagonne;1;23170
71379;Sagy;1.7;21690
95535;Sagy;2.8;29810
66166;Sahorre;1.4;16520
26288;Sahune;2;20950
76550;Sahurs;2.9;25060
61358;Sai;2.7;22930
15169;Saignes;4;21330
46246;Saignes;1.8;
80691;Saigneville;4.2;23020
84105;Saignon;3.3;23690
31466;Saiguède;2.5;26340
42194;Sail-les-Bains;1.4;17960
42195;Sail-sous-Couzan;1.9;20390
65384;Sailhan;8.3;22220
19179;Saillac;3.9;24880
46247;Saillac;2.9;19680
66167;Saillagouse;6.6;21720
26289;Saillans;2.4;21510
33364;Saillans;3.8;24370
63309;Saillant;4.2;21470
87131;Saillat-sur-Vienne;3.6;20730
71380;Saillenard;3.4;22880
8376;Sailly;2.7;21540
52443;Sailly;0.9;
71381;Sailly;2.6;
78536;Sailly;2;28840
57605;Sailly-Achâtel;4;24060
62733;Sailly-au-Bois;2.8;20260
62734;Sailly-en-Ostrevent;2.8;25410
80692;Sailly-Flibeaucourt;5;20950
62735;Sailly-Labourse;4.5;20990
80693;Sailly-Laurette;5.5;22170
80694;Sailly-le-Sec;4.1;23480
59521;Sailly-lez-Cambrai;3.5;22410
59522;Sailly-lez-Lannoy;2.2;29860
80695;Sailly-Saillisel;2.8;18720
62736;Sailly-sur-la-Lys;5.8;25570
69171;Sain-Bel;3.2;24670
58225;Saincaize-Meauce;1.7;21320
59523;Sainghin-en-Mélantois;6.3;31510
59524;Sainghin-en-Weppes;3.9;24770
76551;Sainneville;4.4;27440
89331;Sainpuits;1.9;21760
35248;Sains;3;21750
59525;Sains-du-Nord;3.4;18400
80696;Sains-en-Amiénois;3.6;31270
62737;Sains-en-Gohelle;4.2;19920
62738;Sains-lès-Fressin;1.6;18480
62739;Sains-lès-Marquion;2.4;22270
62740;Sains-lès-Pernes;2.5;22540
60564;Sains-Morainvillers;4.2;23660
2668;Sains-Richaumont;2.6;19290
38359;Saint Antoine l'Abbaye;1.1;22870
24376;Saint Aulaye-Puymangou;2.4;20450
48139;Saint Bonnet-Laval;0.7;20150
73235;Saint François Longchamp;8.5;21630
12224;Saint Geniez d'Olt et d'Aubrac;3;20860
46268;Saint Géry-Vers;0.2;21940
76289;Saint Martin de l'If;4.2;23490
79280;Saint Maurice Étusson;2;20660
24490;Saint Privat en Périgord;2.7;20480
64469;Saint-Abit;4.4;25080
56202;Saint-Abraham;3.9;23640
80697;Saint-Acheul;2.6;
16293;Saint-Adjutory;2.1;21580
22271;Saint-Adrien;2.3;23410
12208;Saint-Affrique;3.4;21480
81235;Saint-Affrique-les-Montagnes;2.9;23890
22272;Saint-Agathon;3.4;23560
58226;Saint-Agnan;1.4;21560
71382;Saint-Agnan;1.2;20970
81236;Saint-Agnan;3.1;24940
89332;Saint-Agnan;1.4;23930
27505;Saint-Agnan-de-Cernières;1.3;21950
26290;Saint-Agnan-en-Vercors;7.2;19010
61360;Saint-Agnan-sur-Sarthe;3.5;
17308;Saint-Agnant;4.3;23590
23177;Saint-Agnant-de-Versillat;3.3;21780
23178;Saint-Agnant-près-Crocq;2.7;16770
24361;Saint-Agne;3.1;21680
40247;Saint-Agnet;4.1;23620
38351;Saint-Agnin-sur-Bion;3.5;25650
63311;Saint-Agoulin;3.1;23950
7204;Saint-Agrève;4.6;20580
8377;Saint-Aignan;1.4;23280
33365;Saint-Aignan;3.7;23940
41198;Saint-Aignan;2.7;20290
56203;Saint-Aignan;1.7;20690
72265;Saint-Aignan;2.1;20570
82152;Saint-Aignan;2.9;20760
53196;Saint-Aignan-de-Couptrain;1.8;20920
18196;Saint-Aignan-des-Noyers;1.9;
44150;Saint-Aignan-Grandlieu;4;25410
45268;Saint-Aignan-le-Jaillard;2.5;21670
53197;Saint-Aignan-sur-Roë;3.2;19820
76554;Saint-Aignan-sur-Ry;2.4;24540
36178;Saint-Aigny;2.3;23360
17309;Saint-Aigulin;2.5;19830
54469;Saint-Ail;3.7;26050
71383;Saint-Albain;3.9;22410
1331;Saint-Alban;1.4;24030
22273;Saint-Alban;3;23330
31467;Saint-Alban;3.3;23010
7207;Saint-Alban-Auriolles;3.5;22240
7205;Saint-Alban-d'Ay;2.2;22660
73220;Saint-Alban-d'Hurtières;1.4;22660
73219;Saint-Alban-de-Montbel;2.9;27890
38352;Saint-Alban-de-Roche;4.4;28440
73221;Saint-Alban-des-Villards;0.6;
38353;Saint-Alban-du-Rhône;3.4;24230
7206;Saint-Alban-en-Montagne;1.9;
42198;Saint-Alban-les-Eaux;2.5;24210
73222;Saint-Alban-Leysse;5.1;26200
48132;Saint-Alban-sur-Limagnole;2.2;22670
38354;Saint-Albin-de-Vaulserre;3.1;23890
30226;Saint-Alexandre;2.6;25880
2670;Saint-Algis;1.1;21560
56204;Saint-Allouestre;3.9;22340
23179;Saint-Alpinien;3.8;20790
63312;Saint-Alyre-d'Arlanc;2;19730
63313;Saint-Alyre-ès-Montagne;0.7;15330
9254;Saint-Amadou;4;23430
81237;Saint-Amancet;3.3;22440
23180;Saint-Amand;5.2;21790
62741;Saint-Amand;2.3;22120
24365;Saint-Amand-de-Vergt;2.8;21400
58227;Saint-Amand-en-Puisaye;3.4;20190
23181;Saint-Amand-Jartoudeix;1.9;17270
87132;Saint-Amand-le-Petit;2.8;18650
59526;Saint-Amand-les-Eaux;5;20980
41199;Saint-Amand-Longpré;3.9;23030
87133;Saint-Amand-Magnazeix;3.1;20120
18197;Saint-Amand-Montrond;1.5;20480
51472;Saint-Amand-sur-Fion;3.3;23560
55452;Saint-Amand-sur-Ornain;1.6;
79235;Saint-Amand-sur-Sèvre;2.1;22070
50444;Saint-Amand-Villages;3.4;23080
15170;Saint-Amandin;3.3;19060
11331;Saint-Amans;1;
82154;Saint-Amans-de-Pellagal;2.6;20860
12209;Saint-Amans-des-Cots;5.2;19080
82153;Saint-Amans-du-Pech;1.9;21980
81238;Saint-Amans-Soult;2.3;20420
81239;Saint-Amans-Valtoret;2.3;21520
16295;Saint-Amant-de-Boixe;2.8;21730
16298;Saint-Amant-de-Nouère;3.2;23640
63314;Saint-Amant-Roche-Savine;2.1;18420
63315;Saint-Amant-Tallende;3.2;26290
68292;Saint-Amarin;3.2;22300
71384;Saint-Ambreuil;2;25140
18198;Saint-Ambroix;2.2;23760
30227;Saint-Ambroix;4.1;18170
88409;Saint-Amé;4;22470
39475;Saint-Amour;2.5;21670
71385;Saint-Amour-Bellevue;2.8;26740
58228;Saint-Andelain;2.6;25220
26291;Saint-Andéol;1.5;
38355;Saint-Andéol;0;22920
7208;Saint-Andéol-de-Berg;1.4;22530
7209;Saint-Andéol-de-Fourchades;0.6;
7210;Saint-Andéol-de-Vals;0.8;20690
21538;Saint-Andeux;2;23090
13089;Saint-Andiol;4.7;22550
31468;Saint-André;1.3;19320
32356;Saint-André;5.6;23580
66168;Saint-André;5.1;22020
73223;Saint-André;4.2;25180
81240;Saint-André;1.6;
97409;Saint-André;4.6;15080
48135;Saint-André-Capcèze;3.1;21410
24366;Saint-André-d'Allas;4;22880
42199;Saint-André-d'Apchon;2.1;24590
5128;Saint-André-d'Embrun;3.9;22410
14555;Saint-André-d'Hébertot;4.2;23330
1334;Saint-André-d'Huiriat;2;24370
30232;Saint-André-d'Olérargues;3.8;23980
1332;Saint-André-de-Bâgé;3.4;25800
74226;Saint-André-de-Boëge;2.2;31780
50445;Saint-André-de-Bohon;1.9;21690
61361;Saint-André-de-Briouze;2.8;22120
34238;Saint-André-de-Buèges;2.8;
43166;Saint-André-de-Chalencon;1.4;22140
1333;Saint-André-de-Corcy;2.8;26550
7211;Saint-André-de-Cruzières;2.8;20300
33366;Saint-André-de-Cubzac;4.2;22530
24367;Saint-André-de-Double;0.7;19480
50446;Saint-André-de-l'Épine;2.7;24400
27507;Saint-André-de-l'Eure;2.6;21250
6114;Saint-André-de-la-Roche;5.1;22450
48136;Saint-André-de-Lancize;0;16960
17310;Saint-André-de-Lidon;2.4;21550
30229;Saint-André-de-Majencoules;4.4;19900
61362;Saint-André-de-Messei;1.8;22730
12210;Saint-André-de-Najac;3.3;18240
11332;Saint-André-de-Roquelongue;2.3;21090
30230;Saint-André-de-Roquepertuis;3.9;23090
5129;Saint-André-de-Rosans;3.2;19680
34239;Saint-André-de-Sangonis;5.3;21660
40248;Saint-André-de-Seignanx;3.4;24090
30231;Saint-André-de-Valborgne;0;18280
12211;Saint-André-de-Vézines;0;23410
22274;Saint-André-des-Eaux;2.7;20350
44151;Saint-André-des-Eaux;4.5;26240
33367;Saint-André-du-Bois;4.7;22360
55453;Saint-André-en-Barrois;1.5;
71386;Saint-André-en-Bresse;2;19970
58229;Saint-André-en-Morvan;0.8;22800
38356;Saint-André-en-Royans;2.7;23770
89333;Saint-André-en-Terre-Plaine;3.6;21370
7212;Saint-André-en-Vivarais;2.2;18560
33369;Saint-André-et-Appelles;3.9;22030
60565;Saint-André-Farivillers;4.5;23900
85196;Saint-André-Goule-d'Oie;2;23110
69180;Saint-André-la-Côte;2.1;25880
7213;Saint-André-Lachamp;0;17410
1335;Saint-André-le-Bouchoux;2.4;25930
63317;Saint-André-le-Coq;1.7;23480
71387;Saint-André-le-Désert;3.5;22600
38357;Saint-André-le-Gaz;3.4;23680
42200;Saint-André-le-Puy;3.1;23630
4173;Saint-André-les-Alpes;3.4;23120
10333;Saint-André-les-Vergers;4.5;21440
59527;Saint-André-lez-Lille;4.4;24610
76555;Saint-André-sur-Cailly;4;27160
14556;Saint-André-sur-Orne;4.8;23600
79236;Saint-André-sur-Sèvre;2.4;20930
1336;Saint-André-sur-Vieux-Jonc;2.1;24070
33370;Saint-Androny;3.5;19920
28323;Saint-Ange-et-Torçay;2;24280
3217;Saint-Angel;3.8;24690
19180;Saint-Angel;1.8;22750
63318;Saint-Angel;3;22670
63319;Saint-Anthème;2.4;21060
21539;Saint-Anthot;2.7;
15172;Saint-Antoine;2.5;
25514;Saint-Antoine;2.3;36770
32358;Saint-Antoine;3.4;23060
24370;Saint-Antoine-de-Breuilh;3.9;20140
47228;Saint-Antoine-de-Ficalba;2.8;22850
33372;Saint-Antoine-du-Queyret;3.3;
37206;Saint-Antoine-du-Rocher;3.3;26050
76556;Saint-Antoine-la-Forêt;3;24750
33373;Saint-Antoine-sur-l'Isle;3.4;21480
6115;Saint-Antonin;0;
32359;Saint-Antonin;2.3;24430
27508;Saint-Antonin-de-Sommaire;2.1;23210
83154;Saint-Antonin-du-Var;2.7;21470
82155;Saint-Antonin-Noble-Val;3;18920
13090;Saint-Antonin-sur-Bayon;1.1;34270
36179;Saint-Aoustrille;2.9;23910
36180;Saint-Août;1.6;21630
5130;Saint-Apollinaire;2.9;23750
21540;Saint-Apollinaire;7;25330
7214;Saint-Apollinaire-de-Rias;3.5;17750
69181;Saint-Appolinaire;1.2;23190
38360;Saint-Appolinard;1.5;22540
42201;Saint-Appolinard;2.6;24710
24371;Saint-Aquilin;1.3;21220
61363;Saint-Aquilin-de-Corbion;2.8;
31469;Saint-Araille;0.5;22200
32360;Saint-Arailles;1.6;21410
43167;Saint-Arcons-d'Allier;3.3;20150
43168;Saint-Arcons-de-Barges;2.3;15630
38361;Saint-Arey;3.2;
35250;Saint-Armel;4;24090
56205;Saint-Armel;3.7;26910
64470;Saint-Armou;3.5;24870
66169;Saint-Arnac;4.9;19470
14557;Saint-Arnoult;4.3;24760
41201;Saint-Arnoult;3;21490
60566;Saint-Arnoult;2.8;22550
76557;Saint-Arnoult;3.3;23650
28324;Saint-Arnoult-des-Bois;2.2;24970
78537;Saint-Arnoult-en-Yvelines;1.9;29630
32361;Saint-Arroman;3.9;21850
65385;Saint-Arroman;2.9;23840
82156;Saint-Arroumex;3.9;20970
24372;Saint-Astier;1.9;22200
47229;Saint-Astier;2.4;21390
6116;Saint-Auban;0;21340
5131;Saint-Auban-d'Oze;1.8;
26292;Saint-Auban-sur-l'Ouvèze;2.2;19220
59528;Saint-Aubert;3;20900
2671;Saint-Aubin;1.2;20880
10334;Saint-Aubin;2.8;22870
21541;Saint-Aubin;2.6;33610
36181;Saint-Aubin;1.1;24630
39476;Saint-Aubin;3.4;22280
40249;Saint-Aubin;3.5;21500
47230;Saint-Aubin;1.4;19700
59529;Saint-Aubin;3.7;25130
62742;Saint-Aubin;7.2;29010
91538;Saint-Aubin;3.6;39060
76558;Saint-Aubin-Celloville;3.4;26240
61365;Saint-Aubin-d'Appenai;4.2;23190
14558;Saint-Aubin-d'Arquenay;3.6;26690
35251;Saint-Aubin-d'Aubigné;3.2;23610
27511;Saint-Aubin-d'Écrosville;1.8;24400
33374;Saint-Aubin-de-Blaye;3.3;19760
61366;Saint-Aubin-de-Bonneval;2.2;24730
33375;Saint-Aubin-de-Branne;3.2;25160
24373;Saint-Aubin-de-Cadelech;2;21630
61367;Saint-Aubin-de-Courteraie;3.3;20600
76559;Saint-Aubin-de-Crétot;3.4;23850
24374;Saint-Aubin-de-Lanquais;2.2;23390
72266;Saint-Aubin-de-Locquenay;1.5;22220
33376;Saint-Aubin-de-Médoc;3.9;31090
24375;Saint-Aubin-de-Nabirat;3.3;21960
27512;Saint-Aubin-de-Scellon;2.5;25010
50448;Saint-Aubin-de-Terregatte;2.1;22160
14559;Saint-Aubin-des-Bois;1.9;20260
28325;Saint-Aubin-des-Bois;2.5;25680
44153;Saint-Aubin-des-Châteaux;2.3;21410
58230;Saint-Aubin-des-Chaumes;2.4;
72267;Saint-Aubin-des-Coudrais;1.7;22700
35252;Saint-Aubin-des-Landes;3.2;23350
85198;Saint-Aubin-des-Ormeaux;1.4;22910
50447;Saint-Aubin-des-Préaux;4.8;24630
35253;Saint-Aubin-du-Cormier;3.6;24390
53198;Saint-Aubin-du-Désert;1.5;19650
79238;Saint-Aubin-du-Plain;2.7;21170
27514;Saint-Aubin-du-Thenney;1.8;22920
60567;Saint-Aubin-en-Bray;1.9;22100
71388;Saint-Aubin-en-Charollais;3.4;21980
76560;Saint-Aubin-Épinay;4.3;26210
53199;Saint-Aubin-Fosse-Louvain;2.6;18940
85199;Saint-Aubin-la-Plaine;3.7;21140
76562;Saint-Aubin-le-Cauf;3.8;23650
79239;Saint-Aubin-le-Cloud;2.2;21170
37207;Saint-Aubin-le-Dépeint;3;21410
3218;Saint-Aubin-le-Monial;3.1;23110
76561;Saint-Aubin-lès-Elbeuf;3.5;21590
58231;Saint-Aubin-les-Forges;1;22860
80698;Saint-Aubin-Montenoy;3.2;24310
80699;Saint-Aubin-Rivière;3.5;21990
76563;Saint-Aubin-Routot;3.7;26120
60568;Saint-Aubin-sous-Erquery;2.3;27600
55454;Saint-Aubin-sur-Aire;3.9;23850
27517;Saint-Aubin-sur-Gaillon;2.8;25050
71389;Saint-Aubin-sur-Loire;3;20570
14562;Saint-Aubin-sur-Mer;4.1;25140
76564;Saint-Aubin-sur-Mer;3;23280
27518;Saint-Aubin-sur-Quillebeuf;3.2;22150
76565;Saint-Aubin-sur-Scie;5.5;24630
89335;Saint-Aubin-sur-Yonne;2.6;22870
17311;Saint-Augustin;3.8;23850
19181;Saint-Augustin;1.8;21010
62691;Saint-Augustin;4;23080
77400;Saint-Augustin;2.9;27280
49266;Saint-Augustin-des-Bois;5.7;22800
19182;Saint-Aulaire;2.6;22150
16301;Saint-Aulais-la-Chapelle;1.8;21510
34240;Saint-Aunès;4.9;27160
32362;Saint-Aunix-Lengros;3;20480
38362;Saint-Aupre;3;27360
43169;Saint-Austremoine;0.1;
87135;Saint-Auvent;3.5;20750
85200;Saint-Avaugourd-des-Landes;2.2;22540
56206;Saint-Avé;6.6;24360
31470;Saint-Aventin;5.3;
37208;Saint-Avertin;6.4;28660
16302;Saint-Avit;2.2;22350
26293;Saint-Avit;2.6;22670
40250;Saint-Avit;3.8;24500
47231;Saint-Avit;2.4;22650
63320;Saint-Avit;5.5;19360
81242;Saint-Avit;3.1;21680
33377;Saint-Avit-de-Soulège;2.8;
23182;Saint-Avit-de-Tardes;3.5;18960
24377;Saint-Avit-de-Vialard;3;21690
32364;Saint-Avit-Frandat;3;
23183;Saint-Avit-le-Pauvre;3.6;
28326;Saint-Avit-les-Guespières;2.1;23820
24378;Saint-Avit-Rivière;1.7;
33378;Saint-Avit-Saint-Nazaire;3.6;20700
24379;Saint-Avit-Sénieur;2.2;22750
57606;Saint-Avold;4.8;20940
73224;Saint-Avre;3.9;24970
45269;Saint-Ay;2.2;25240
59530;Saint-Aybert;4;25010
63321;Saint-Babel;2.9;23060
73225;Saint-Baldoph;6.5;28510
2672;Saint-Bandry;1.8;24700
39477;Saint-Baraing;2.5;22450
23184;Saint-Bard;3.8;
26294;Saint-Bardoux;3.7;24760
22275;Saint-Barnabé;2.8;22460
38363;Saint-Barthélemy;2.1;21420
40251;Saint-Barthélemy;2.9;23300
50450;Saint-Barthélemy;1.7;22250
56207;Saint-Barthélemy;2.6;20960
70459;Saint-Barthélemy;4.2;21870
77402;Saint-Barthélemy;2.2;23620
47232;Saint-Barthélemy-d'Agenais;1;20350
49267;Saint-Barthélemy-d'Anjou;5.9;23420
24380;Saint-Barthélemy-de-Bellegarde;2.1;20550
24381;Saint-Barthélemy-de-Bussière;2;18350
38364;Saint-Barthélemy-de-Séchilienne;0.9;26140
26295;Saint-Barthélemy-de-Vals;1.9;22830
7216;Saint-Barthélemy-Grozon;3.7;19450
7215;Saint-Barthélemy-le-Meil;2.2;19490
7217;Saint-Barthélemy-le-Plain;0.5;21300
42202;Saint-Barthélemy-Lestra;3.2;22140
7218;Saint-Basile;3.1;21290
88411;Saint-Baslemont;2.4;
18199;Saint-Baudel;1.7;20140
53200;Saint-Baudelle;1.7;24380
38365;Saint-Baudille-de-la-Tour;2.1;25370
38366;Saint-Baudille-et-Pipet;2.9;24120
54470;Saint-Baussant;2.9;
9256;Saint-Bauzeil;1.7;
30233;Saint-Bauzély;3.1;21280
7219;Saint-Bauzile;1.2;24660
48137;Saint-Bauzile;3;23840
34241;Saint-Bauzille-de-la-Sylve;3.5;22740
34242;Saint-Bauzille-de-Montmel;2.3;27620
34243;Saint-Bauzille-de-Putois;5.3;21100
87137;Saint-Bazile;3.1;16660
19184;Saint-Bazile-de-Meyssac;1.6;21390
31471;Saint-Béat-Lez;2.1;20380
12212;Saint-Beaulize;0;23020
82157;Saint-Beauzeil;1.8;20820
12213;Saint-Beauzély;2.4;21330
81243;Saint-Beauzile;2;22750
43170;Saint-Beauzire;3.8;21970
63322;Saint-Beauzire;5.3;25820
30234;Saint-Bénézet;3.5;22510
1337;Saint-Bénigne;1.7;23070
59531;Saint-Benin;2.3;19880
58232;Saint-Benin-d'Azy;3.5;22600
58233;Saint-Benin-des-Bois;3.8;21140
85201;Saint-Benoist-sur-Mer;3.6;22750
10335;Saint-Benoist-sur-Vanne;3;20430
4174;Saint-Benoît;3.6;24060
11333;Saint-Benoît;0.7;
86214;Saint-Benoît;5.7;25320
97410;Saint-Benoît;3.7;14550
14563;Saint-Benoît-d'Hébertot;4.2;22500
81244;Saint-Benoît-de-Carmaux;2;18710
27520;Saint-Benoît-des-Ombres;1.4;21380
35255;Saint-Benoît-des-Ondes;3.7;21910
36182;Saint-Benoît-du-Sault;2.2;20760
26296;Saint-Benoit-en-Diois;1.2;
88412;Saint-Benoît-la-Chipotte;2.5;21880
37210;Saint-Benoît-la-Forêt;2.7;24680
45270;Saint-Benoît-sur-Loire;2.5;23370
10336;Saint-Benoît-sur-Seine;2.6;25520
43171;Saint-Bérain;0.3;23820
71390;Saint-Berain-sous-Sanvignes;2.1;24140
71391;Saint-Bérain-sur-Dheune;1.8;21970
1339;Saint-Bernard;5;32220
21542;Saint-Bernard;2;26340
68081;Saint-Bernard;3.2;27400
73226;Saint-Béron;3.4;23360
53201;Saint-Berthevin;3.6;23730
53202;Saint-Berthevin-la-Tannière;3;19360
31472;Saint-Bertrand-de-Comminges;1.9;20080
72268;Saint-Biez-en-Belin;2.3;23320
22276;Saint-Bihy;1.4;23180
6117;Saint-Blaise;3.1;26960
74228;Saint-Blaise;3.2;45380
38368;Saint-Blaise-du-Buis;4.8;28150
67424;Saint-Blaise-la-Roche;3.8;21830
80700;Saint-Blimont;3.7;22030
52444;Saint-Blin;4.6;21030
64471;Saint-Boès;3.3;23830
41203;Saint-Bohaire;2.5;24600
71392;Saint-Boil;3.1;23540
54471;Saint-Boingt;1.5;
28327;Saint-Bomer;1.7;20850
61369;Saint-Bômer-les-Forges;2.2;21620
51473;Saint-Bon;0.1;25370
16303;Saint-Bonnet;1.9;22860
87138;Saint-Bonnet-Briance;2.4;21430
87139;Saint-Bonnet-de-Bellac;3.2;19390
38370;Saint-Bonnet-de-Chavagne;1.8;23040
48138;Saint-Bonnet-de-Chirac;1.7;
15173;Saint-Bonnet-de-Condat;1.7;
71393;Saint-Bonnet-de-Cray;1.7;23300
3219;Saint-Bonnet-de-Four;2.8;22480
71394;Saint-Bonnet-de-Joux;2.4;20810
69287;Saint-Bonnet-de-Mure;2.7;28700
3220;Saint-Bonnet-de-Rochefort;4.2;21880
30236;Saint-Bonnet-de-Salendrinque;1;18990
15174;Saint-Bonnet-de-Salers;2.6;18640
71395;Saint-Bonnet-de-Vieille-Vigne;3;21790
69182;Saint-Bonnet-des-Bruyères;2.9;20380
42203;Saint-Bonnet-des-Quarts;1.7;20830
30235;Saint-Bonnet-du-Gard;3.9;23660
19186;Saint-Bonnet-Elvert;2.5;21300
71396;Saint-Bonnet-en-Bresse;1.8;20960
5132;Saint-Bonnet-en-Champsaur;4.1;22600
19188;Saint-Bonnet-l'Enfantier;1.5;22650
19187;Saint-Bonnet-la-Rivière;3.3;22890
63323;Saint-Bonnet-le-Bourg;0;19290
63324;Saint-Bonnet-le-Chastel;0.4;20150
42204;Saint-Bonnet-le-Château;3.8;19930
42205;Saint-Bonnet-le-Courreau;3.3;20150
43172;Saint-Bonnet-le-Froid;2.5;20090
69183;Saint-Bonnet-le-Troncy;0.7;20390
63325;Saint-Bonnet-lès-Allier;3.6;23850
42206;Saint-Bonnet-les-Oules;3.3;31840
19189;Saint-Bonnet-les-Tours-de-Merle;0;
19190;Saint-Bonnet-près-Bort;0.9;20440
63326;Saint-Bonnet-près-Orcival;4.7;23000
63327;Saint-Bonnet-près-Riom;4.2;26260
17312;Saint-Bonnet-sur-Gironde;2;20270
3221;Saint-Bonnet-Tronçais;3.4;20830
58234;Saint-Bonnot;1.7;
18200;Saint-Bouize;1.8;23190
89336;Saint-Brancher;0.7;22340
37211;Saint-Branchs;2.9;23810
22277;Saint-Brandan;1.9;22530
30237;Saint-Brès;3.6;18480
32366;Saint-Brès;2.8;
34244;Saint-Brès;4.8;24650
30238;Saint-Bresson;2.1;
70460;Saint-Bresson;1.7;21050
46249;Saint-Bressou;1.9;22370
44154;Saint-Brevin-les-Pins;3.8;25290
35256;Saint-Briac-sur-Mer;3.9;27560
16304;Saint-Brice;3.8;28910
33379;Saint-Brice;3.3;22570
50451;Saint-Brice;3.5;24800
53203;Saint-Brice;2.9;21870
61370;Saint-Brice;2;24730
77403;Saint-Brice;2.1;25310
51474;Saint-Brice-Courcelles;4.8;23260
50452;Saint-Brice-de-Landelles;1.8;21770
95539;Saint-Brice-sous-Forêt;2.7;25120
61371;Saint-Brice-sous-Rânes;3.1;20940
87140;Saint-Brice-sur-Vienne;4.8;22730
22278;Saint-Brieuc;3.5;20910
56208;Saint-Brieuc-de-Mauron;3.4;18140
35258;Saint-Brieuc-des-Iffs;4.3;23990
17313;Saint-Bris-des-Bois;3.3;21980
89337;Saint-Bris-le-Vineux;1.8;23790
58235;Saint-Brisson;1.9;19680
45271;Saint-Brisson-sur-Loire;2.9;23730
70461;Saint-Broing;3.4;23080
21543;Saint-Broing-les-Moines;0.6;23620
52445;Saint-Broingt-le-Bois;1.3;
52446;Saint-Broingt-les-Fosses;0.7;24100
35259;Saint-Broladre;2.3;20720
38372;Saint-Bueil;2.6;24060
72269;Saint-Calais;1.5;20620
53204;Saint-Calais-du-Désert;2.1;20470
72270;Saint-Calez-en-Saosnois;2.5;22710
13091;Saint-Cannat;5;28080
3222;Saint-Caprais;1.6;
18201;Saint-Caprais;2.6;25210
32467;Saint-Caprais;3.4;24090
46250;Saint-Caprais;3.2;
33381;Saint-Caprais-de-Bordeaux;2.4;25300
47234;Saint-Caprais-de-Lerm;0.6;24370
24383;Saint-Capraise-d'Eymet;2;20910
24382;Saint-Capraise-de-Lalinde;3.7;20360
22279;Saint-Caradec;1.9;21350
56210;Saint-Caradec-Trégomel;3.3;20020
22280;Saint-Carné;3.5;23030
22281;Saint-Carreuc;1.6;22440
24384;Saint-Cassien;1.5;
38373;Saint-Cassien;5.7;28550
73228;Saint-Cassin;1.7;26050
22282;Saint-Cast-le-Guildo;2.5;25800
64472;Saint-Castin;5.2;27140
72271;Saint-Célerin;2.7;21560
61372;Saint-Céneri-le-Gérei;1.5;21970
18202;Saint-Céols;1.1;
46251;Saint-Céré;2.7;20850
74229;Saint-Cergues;2.4;33860
15175;Saint-Cernin;4.5;21510
24386;Saint-Cernin-de-l'Herm;3.3;18110
24385;Saint-Cernin-de-Labarde;2;23430
19191;Saint-Cernin-de-Larche;1.9;24180
17314;Saint-Césaire;3.3;21920
30240;Saint-Césaire-de-Gauzignan;2.2;21190
6118;Saint-Cézaire-sur-Siagne;4.1;25200
31473;Saint-Cézert;2.9;22820
23185;Saint-Chabrais;2.6;19020
5133;Saint-Chaffrey;7.7;23280
15176;Saint-Chamant;6.5;20170
19192;Saint-Chamant;4.9;20170
46253;Saint-Chamarand;3.4;22180
13092;Saint-Chamas;3.3;24610
24388;Saint-Chamassy;2.8;21280
42207;Saint-Chamond;3.3;20330
30241;Saint-Chaptes;3.9;21770
53206;Saint-Charles-la-Forêt;2.8;23090
36184;Saint-Chartier;2;20700
38374;Saint-Chef;2.7;26030
46254;Saint-Chels;1.6;21120
48140;Saint-Chély-d'Apcher;3;22270
12214;Saint-Chély-d'Aubrac;7.1;20170
51475;Saint-Chéron;2.7;
91540;Saint-Chéron;2.4;26980
34245;Saint-Chinian;3.3;19720
80701;Saint-Christ-Briost;3;22010
31474;Saint-Christaud;2.4;21810
32367;Saint-Christaud;3.8;
42208;Saint-Christo-en-Jarez;0.8;24420
7220;Saint-Christol;2;19320
84107;Saint-Christol;2.3;18470
30242;Saint-Christol-de-Rodières;1.7;24470
30243;Saint-Christol-lez-Alès;3.9;20610
33382;Saint-Christoly-de-Blaye;3.6;20880
33383;Saint-Christoly-Médoc;1.5;20880
16306;Saint-Christophe;2.7;20540
17315;Saint-Christophe;3.2;23440
23186;Saint-Christophe;2.5;25090
28329;Saint-Christophe;2.2;25230
73229;Saint-Christophe;3.2;24330
81245;Saint-Christophe;1.3;16400
86217;Saint-Christophe;2.1;21710
2673;Saint-Christophe-à-Berry;1.3;22750
43173;Saint-Christophe-d'Allier;0.7;
61374;Saint-Christophe-de-Chaulieu;2.2;
33385;Saint-Christophe-de-Double;3;20360
35261;Saint-Christophe-de-Valains;2.6;21390
33384;Saint-Christophe-des-Bardes;4;24580
35260;Saint-Christophe-des-Bois;2.5;22330
10337;Saint-Christophe-Dodinicourt;3.3;
49269;Saint-Christophe-du-Bois;3;23590
50454;Saint-Christophe-du-Foc;2.4;24930
72273;Saint-Christophe-du-Jambet;1.9;20720
85204;Saint-Christophe-du-Ligneron;2.7;21750
36185;Saint-Christophe-en-Bazelle;1.1;21350
36186;Saint-Christophe-en-Boucherie;1.9;19130
3223;Saint-Christophe-en-Bourbonnais;3.7;22230
71398;Saint-Christophe-en-Bresse;2;24210
71399;Saint-Christophe-en-Brionnais;2.1;21350
72274;Saint-Christophe-en-Champagne;4.2;22020
38375;Saint-Christophe-en-Oisans;0;
26298;Saint-Christophe-et-le-Laris;1.7;21560
18203;Saint-Christophe-le-Chaudry;1.5;
27521;Saint-Christophe-sur-Avre;1.9;22580
27522;Saint-Christophe-sur-Condé;2;21680
43174;Saint-Christophe-sur-Dolaizon;2.6;22130
38376;Saint-Christophe-sur-Guiers;3.7;24530
37213;Saint-Christophe-sur-le-Nais;3.4;20830
79241;Saint-Christophe-sur-Roc;2.9;23470
12215;Saint-Christophe-Vallon;3.9;22530
33386;Saint-Cibard;2.3;21580
7221;Saint-Cierge-la-Serre;0.5;20030
7222;Saint-Cierge-sous-le-Cheylard;4;26140
52447;Saint-Ciergues;1.2;25530
17316;Saint-Ciers-Champagne;3.7;21590
33387;Saint-Ciers-d'Abzac;2.5;21660
33388;Saint-Ciers-de-Canesse;3.6;22030
17317;Saint-Ciers-du-Taillon;2.7;18640
16307;Saint-Ciers-sur-Bonnieure;3.2;21580
33389;Saint-Ciers-sur-Gironde;2.2;20420
81247;Saint-Cirgue;2.2;16990
43175;Saint-Cirgues;1.6;21170
46255;Saint-Cirgues;1;19610
15178;Saint-Cirgues-de-Jordanne;3.2;15230
15179;Saint-Cirgues-de-Malbert;6.5;22680
7223;Saint-Cirgues-de-Prades;3;19840
7224;Saint-Cirgues-en-Montagne;3;16860
19193;Saint-Cirgues-la-Loutre;3.8;19540
82158;Saint-Cirice;3;23910
82159;Saint-Cirq;4.2;22720
46256;Saint-Cirq-Lapopie;0.7;17360
46257;Saint-Cirq-Madelon;4.3;21120
46258;Saint-Cirq-Souillaguet;3.4;22340
36187;Saint-Civran;1.7;20150
7225;Saint-Clair;3.6;26560
46259;Saint-Clair;2.8;20770
82160;Saint-Clair;1.3;22990
86218;Saint-Clair;2.8;18720
61376;Saint-Clair-de-Halouze;2.4;21960
38377;Saint-Clair-de-la-Tour;2.9;23450
38378;Saint-Clair-du-Rhône;3.1;24810
95541;Saint-Clair-sur-Epte;2.3;23280
38379;Saint-Clair-sur-Galaure;1.6;20750
50455;Saint-Clair-sur-l'Elle;2;21390
76568;Saint-Clair-sur-les-Monts;3.9;25050
32370;Saint-Clar;4.8;21220
31475;Saint-Clar-de-Rivière;4.1;24740
16308;Saint-Claud;2.8;20000
39478;Saint-Claude;3.7;20160
97124;Saint-Claude;3.4;
41204;Saint-Claude-de-Diray;3.1;26020
2674;Saint-Clément;3.1;
3224;Saint-Clément;6.8;18430
7226;Saint-Clément;2;
15180;Saint-Clément;3.7;
19194;Saint-Clément;3.2;23050
30244;Saint-Clément;2.9;25850
54472;Saint-Clément;5.7;21020
89338;Saint-Clément;4;22290
8378;Saint-Clément-à-Arnes;3.5;21280
49271;Saint-Clément-de-la-Place;2.5;24060
63332;Saint-Clément-de-Régnat;2.1;23920
34247;Saint-Clément-de-Rivière;4.5;34870
63331;Saint-Clément-de-Valorgue;3.5;21860
69186;Saint-Clément-de-Vers;1.2;21850
17318;Saint-Clément-des-Baleines;3.8;25940
49272;Saint-Clément-des-Levées;3.3;21690
69187;Saint-Clément-les-Places;2.8;23090
50456;Saint-Clément-Rancoudray;1.6;19810
5134;Saint-Clément-sur-Durance;6.8;20980
71400;Saint-Clément-sur-Guye;0.9;25650
69188;Saint-Clément-sur-Valsonne;1.6;23400
22283;Saint-Clet;1.9;21360
92064;Saint-Cloud;2.2;39760
47235;Saint-Colomb-de-Lauzun;2.1;18850
44155;Saint-Colomban;3.4;23240
73230;Saint-Colomban-des-Villards;0.1;20540
33391;Saint-Côme;4.6;21340
12216;Saint-Côme-d'Olt;3.6;22570
14565;Saint-Côme-de-Fresné;2.8;24910
30245;Saint-Côme-et-Maruéjols;3.5;23300
56211;Saint-Congard;2.4;22070
22284;Saint-Connan;1.1;17840
22285;Saint-Connec;1.3;20730
15181;Saint-Constant-Fournoulès;4;21560
14566;Saint-Contest;4.6;29500
72275;Saint-Corneille;2.8;23780
68293;Saint-Cosme;2.1;
72276;Saint-Cosme-en-Vairais;2.7;20910
11337;Saint-Couat-d'Aude;3.9;20210
11338;Saint-Couat-du-Razès;0.9;
29243;Saint-Coulitz;3.2;23390
35263;Saint-Coulomb;4;26740
16310;Saint-Coutant;1.2;20060
79243;Saint-Coutant;4.1;20820
17320;Saint-Coutant-le-Grand;2.7;21610
32371;Saint-Créac;2.5;
65386;Saint-Créac;5.2;
5136;Saint-Crépin;4.8;22560
17321;Saint-Crépin;2.3;20230
60569;Saint-Crépin-aux-Bois;1.5;32070
24390;Saint-Crépin-d'Auberoche;3.1;22200
24392;Saint-Crépin-et-Carlucet;2.2;22590
60570;Saint-Crépin-Ibouvillers;1.1;25660
76570;Saint-Crespin;3.3;24210
32372;Saint-Cricq;2.7;24770
40253;Saint-Cricq-Chalosse;3.4;21250
40254;Saint-Cricq-du-Gave;4;21810
40255;Saint-Cricq-Villeneuve;3.4;24230
16312;Saint-Cybardeaux;3.3;22700
24395;Saint-Cybranet;4.3;20230
19195;Saint-Cyprien;2.7;23310
24396;Saint-Cyprien;3.8;19500
42211;Saint-Cyprien;5.5;24580
66171;Saint-Cyprien;3.9;22210
7227;Saint-Cyr;3.1;24050
50461;Saint-Cyr;2.7;22200
71402;Saint-Cyr;2.4;23820
87141;Saint-Cyr;3.2;22060
69191;Saint-Cyr-au-Mont-d'Or;1.8;40340
42212;Saint-Cyr-de-Favières;2.7;23910
27527;Saint-Cyr-de-Salerne;2.2;25110
42213;Saint-Cyr-de-Valorges;1.9;22250
85205;Saint-Cyr-des-Gâts;2.7;20320
50462;Saint-Cyr-du-Bailleul;1.5;19980
17322;Saint-Cyr-du-Doret;3.1;21810
41205;Saint-Cyr-du-Gault;3.3;24740
95543;Saint-Cyr-en-Arthies;1.7;28810
53208;Saint-Cyr-en-Pail;2;21470
85206;Saint-Cyr-en-Talmondais;2.2;20560
45272;Saint-Cyr-en-Val;2.2;27790
78545;Saint-Cyr-l'École;3.3;26750
27529;Saint-Cyr-la-Campagne;3;27550
79244;Saint-Cyr-la-Lande;1.9;22150
91544;Saint-Cyr-la-Rivière;2.6;28770
19196;Saint-Cyr-la-Roche;3.2;22720
61379;Saint-Cyr-la-Rosière;2;24310
69192;Saint-Cyr-le-Chatoux;1.6;25650
53209;Saint-Cyr-le-Gravelais;2.6;22330
24397;Saint-Cyr-les-Champagnes;2.6;19480
89341;Saint-Cyr-les-Colons;2.1;23270
42214;Saint-Cyr-les-Vignes;3.4;25980
39479;Saint-Cyr-Montmalin;5.5;25290
91546;Saint-Cyr-sous-Dourdan;3;30850
69193;Saint-Cyr-sur-le-Rhône;2.2;31000
37214;Saint-Cyr-sur-Loire;5;27110
1343;Saint-Cyr-sur-Menthon;3.2;24170
83112;Saint-Cyr-sur-Mer;2.8;26690
77405;Saint-Cyr-sur-Morin;1.6;25000
36188;Saint-Cyran-du-Jambot;3.6;21280
6119;Saint-Dalmas-le-Selvage;9;
11339;Saint-Denis;4.5;20700
30247;Saint-Denis;3;19730
93066;Saint-Denis;3.8;16620
97411;Saint-Denis;4.9;18270
46264;Saint-Denis-Catus;1.4;21330
63333;Saint-Denis-Combarnazat;2;23290
76572;Saint-Denis-d'Aclon;3.5;19910
53210;Saint-Denis-d'Anjou;3.1;21580
27530;Saint-Denis-d'Augerons;1.5;
17323;Saint-Denis-d'Oléron;2.7;24200
72278;Saint-Denis-d'Orques;3.3;20610
42215;Saint-Denis-de-Cabanne;2.8;21430
53211;Saint-Denis-de-Gastines;3.4;21230
36189;Saint-Denis-de-Jouhet;4;19750
45273;Saint-Denis-de-l'Hôtel;3.6;23190
14571;Saint-Denis-de-Mailloc;2.6;22080
14572;Saint-Denis-de-Méré;4.3;21920
18204;Saint-Denis-de-Palin;2.2;22910
33393;Saint-Denis-de-Pile;4.3;21860
71403;Saint-Denis-de-Vaux;1.6;27740
72277;Saint-Denis-des-Coudrais;1.1;24030
27531;Saint-Denis-des-Monts;2.8;26480
87142;Saint-Denis-des-Murs;3.4;22160
28333;Saint-Denis-des-Puits;1;22080
53212;Saint-Denis-du-Maine;2.9;25310
85207;Saint-Denis-du-Payré;2.2;22100
1345;Saint-Denis-en-Bugey;4.2;23670
48145;Saint-Denis-en-Margeride;1.2;17260
45274;Saint-Denis-en-Val;2.7;27310
85208;Saint-Denis-la-Chevasse;1.9;22810
28334;Saint-Denis-Lanneray;2.8;23320
27533;Saint-Denis-le-Ferment;1.9;25210
50463;Saint-Denis-le-Gast;1.8;19600
76573;Saint-Denis-le-Thiboult;3.5;24370
50464;Saint-Denis-le-Vêtu;3.5;20110
1344;Saint-Denis-lès-Bourg;3.4;25580
46265;Saint-Denis-lès-Martel;3.6;20640
77406;Saint-Denis-lès-Rebais;1.5;26590
89342;Saint-Denis-lès-Sens;4.2;22280
42216;Saint-Denis-sur-Coise;3.4;22920
61381;Saint-Denis-sur-Huisne;3.5;
41206;Saint-Denis-sur-Loire;2.6;26890
61382;Saint-Denis-sur-Sarthon;2.9;21980
76574;Saint-Denis-sur-Scie;3.7;23620
60571;Saint-Deniscourt;3.6;
62745;Saint-Denœux;2.4;20770
22286;Saint-Denoual;1.9;23460
29244;Saint-Derrien;3.1;22210
71404;Saint-Désert;3.9;26500
14574;Saint-Désir;2.8;23520
7228;Saint-Désirat;2.4;22910
3225;Saint-Désiré;0.7;19270
30248;Saint-Dézéry;3.5;21950
21546;Saint-Didier;3.1;23480
35264;Saint-Didier;4;25300
39480;Saint-Didier;4.5;25950
58237;Saint-Didier;2.4;
84108;Saint-Didier;2.5;24790
69194;Saint-Didier-au-Mont-d'Or;3.1;42270
1346;Saint-Didier-d'Aussiat;1.8;24190
38380;Saint-Didier-de-Bizonnes;1.9;22560
1347;Saint-Didier-de-Formans;3.3;28190
38381;Saint-Didier-de-la-Tour;3;26250
27534;Saint-Didier-des-Bois;2.4;25420
71405;Saint-Didier-en-Bresse;1.8;21750
71406;Saint-Didier-en-Brionnais;1.3;23460
3226;Saint-Didier-en-Donjon;1.9;18300
43177;Saint-Didier-en-Velay;3.2;23510
3227;Saint-Didier-la-Forêt;3.6;21710
7229;Saint-Didier-sous-Aubenas;3.6;21870
71407;Saint-Didier-sur-Arroux;3.4;18900
69196;Saint-Didier-sur-Beaujeu;2.4;23770
1348;Saint-Didier-sur-Chalaronne;2.3;23560
43178;Saint-Didier-sur-Doulon;0.4;18040
88413;Saint-Dié-des-Vosges;4;18770
63334;Saint-Dier-d'Auvergne;2.9;20820
63335;Saint-Diéry;5.4;22180
30249;Saint-Dionisy;3.5;26170
29245;Saint-Divy;5;25030
17324;Saint-Dizant-du-Bois;3.2;
17325;Saint-Dizant-du-Gua;2.1;21010
52448;Saint-Dizier;2.9;18720
26300;Saint-Dizier-en-Diois;0;
90090;Saint-Dizier-l'Évêque;1.6;28210
23187;Saint-Dizier-la-Tour;2.5;19980
23188;Saint-Dizier-les-Domaines;2.6;20500
23189;Saint-Dizier-Masbaraud;2.5;20320
56212;Saint-Dolay;2.4;21420
23190;Saint-Domet;1.7;17990
35265;Saint-Domineuc;4;23700
22287;Saint-Donan;2;23250
63336;Saint-Donat;1.5;17150
26301;Saint-Donat-sur-l'Herbasse;3;23080
64474;Saint-Dos;3.7;21780
18205;Saint-Doulchard;3.5;25210
34249;Saint-Drézéry;2.4;27330
41207;Saint-Dyé-sur-Loire;2.1;24320
71408;Saint-Edmond;2.9;21420
38382;Saint-Égrève;4.8;25910
97358;Saint-Élie;0;
27535;Saint-Élier;1.1;25100
28335;Saint-Éliph;2.5;22490
32374;Saint-Élix-d'Astarac;2.2;22340
31476;Saint-Élix-le-Château;5.9;23310
31477;Saint-Élix-Séglan;2.5;
32375;Saint-Élix-Theux;3.8;
53213;Saint-Ellier-du-Maine;2;18970
61384;Saint-Ellier-les-Bois;2.1;21010
1349;Saint-Éloi;2.9;26490
23191;Saint-Éloi;1.8;21450
58238;Saint-Éloi;4.2;25080
27536;Saint-Éloi-de-Fourques;2.7;25340
29246;Saint-Eloy;3;20750
3228;Saint-Éloy-d'Allier;0.7;
18206;Saint-Éloy-de-Gy;3;25750
63337;Saint-Éloy-la-Glacière;3.1;
63338;Saint-Éloy-les-Mines;2.4;19310
19198;Saint-Éloy-les-Tuileries;2.6;17650
28336;Saint-Éman;1.4;
71409;Saint-Émiland;2.6;20850
33394;Saint-Émilion;4.8;24470
3229;Saint-Ennemond;2.2;21990
37216;Saint-Épain;3.7;21870
57609;Saint-Epvre;3.8;24540
35266;Saint-Erblon;4.5;24550
53214;Saint-Erblon;2.2;20220
2676;Saint-Erme-Outre-et-Ramecourt;3.5;21480
91547;Saint-Escobille;1.4;27050
97223;Saint-Esprit;3.6;19390
64476;Saint-Esteben;2;21070
24398;Saint-Estèphe;2.9;19250
33395;Saint-Estèphe;2.6;21210
66172;Saint-Estève;3.7;22170
13093;Saint-Estève-Janson;3.4;28260
42218;Saint-Étienne;4.1;19010
8379;Saint-Étienne-à-Arnes;3;23180
62746;Saint-Étienne-au-Mont;5.3;20630
51476;Saint-Étienne-au-Temple;3.8;27270
19199;Saint-Étienne-aux-Clos;0.7;21390
15182;Saint-Étienne-Cantalès;3;20720
34250;Saint-Étienne-d'Albagnan;3.8;19920
40256;Saint-Étienne-d'Orthe;2.5;22990
64477;Saint-Étienne-de-Baïgorry;3.7;21770
7230;Saint-Étienne-de-Boulogne;0.5;21420
85209;Saint-Étienne-de-Brillouet;2.8;21840
15183;Saint-Étienne-de-Carlat;0.6;20800
37217;Saint-Étienne-de-Chigny;4;24020
15185;Saint-Étienne-de-Chomeil;2.1;20220
38383;Saint-Étienne-de-Crossey;5.2;28350
73231;Saint-Étienne-de-Cuines;3.9;23490
7231;Saint-Étienne-de-Fontbellon;3;22830
47239;Saint-Étienne-de-Fougères;1.8;20420
34251;Saint-Étienne-de-Gourgas;1.5;21630
30250;Saint-Étienne-de-l'Olm;2.1;21730
33396;Saint-Étienne-de-Lisse;3.7;21180
7232;Saint-Étienne-de-Lugdarès;0;19090
15184;Saint-Étienne-de-Maurs;2.9;23130
44157;Saint-Étienne-de-Mer-Morte;2.6;21470
44158;Saint-Étienne-de-Montluc;2.7;26740
24399;Saint-Étienne-de-Puycorbier;1.8;17340
38384;Saint-Étienne-de-Saint-Geoirs;3.4;22330
7233;Saint-Étienne-de-Serre;2;18910
6120;Saint-Étienne-de-Tinée;9;23970
82161;Saint-Étienne-de-Tulmont;3.7;22980
7234;Saint-Étienne-de-Valoux;3.1;20570
3230;Saint-Étienne-de-Vicq;2.1;23060
47240;Saint-Étienne-de-Villeréal;4.2;21560
63339;Saint-Étienne-des-Champs;2.7;17340
41208;Saint-Étienne-des-Guérets;3;24490
69197;Saint-Étienne-des-Oullières;3.3;25040
30251;Saint-Étienne-des-Sorts;1.2;23330
1350;Saint-Étienne-du-Bois;3.2;24380
85210;Saint-Étienne-du-Bois;2.7;21360
13094;Saint-Étienne-du-Grès;3.6;25960
22288;Saint-Étienne-du-Gué-de-l'Isle;2.3;20060
76575;Saint-Étienne-du-Rouvray;6.4;18910
48147;Saint-Étienne-du-Valdonnez;1.9;21220
27537;Saint-Étienne-du-Vauvray;4.2;25990
43180;Saint-Étienne-du-Vigan;2;
71410;Saint-Étienne-en-Bresse;1.6;22620
34252;Saint-Étienne-Estréchoux;1.4;18610
27538;Saint-Étienne-l'Allier;2.1;22210
19200;Saint-Étienne-la-Geneste;1.6;
14575;Saint-Étienne-la-Thillaye;4.2;23850
69198;Saint-Étienne-la-Varenne;2.6;25860
43181;Saint-Étienne-Lardeyrol;4.2;23580
5140;Saint-Étienne-le-Laus;3.6;23300
42219;Saint-Étienne-le-Molard;3.6;23270
4178;Saint-Étienne-les-Orgues;1.7;20660
88415;Saint-Étienne-lès-Remiremont;4;21940
60572;Saint-Étienne-Roilaye;2;25010
27539;Saint-Étienne-sous-Bailleul;2.6;27740
10338;Saint-Étienne-sous-Barbuise;3.4;25150
43182;Saint-Étienne-sur-Blesle;1.1;
1351;Saint-Étienne-sur-Chalaronne;1.8;23960
1352;Saint-Étienne-sur-Reyssouze;1.3;23260
51477;Saint-Étienne-sur-Suippe;3.5;25150
63340;Saint-Étienne-sur-Usson;4.2;21970
48148;Saint-Étienne-Vallée-Française;10.8;17190
2677;Saint-Eugène;2.9;20130
17326;Saint-Eugène;3.5;24060
71411;Saint-Eugène;1.4;21240
51478;Saint-Eulien;1.9;23570
51479;Saint-Euphraise-et-Clairizet;3.4;29680
21547;Saint-Euphrône;3.1;22870
71412;Saint-Eusèbe;1.2;25290
74231;Saint-Eusèbe;1.5;27680
74232;Saint-Eustache;0.3;29000
76576;Saint-Eustache-la-Forêt;2.9;22430
47241;Saint-Eutrope-de-Born;3.3;20990
29247;Saint-Évarzec;5.9;24800
61385;Saint-Evroult-de-Montfort;2.4;23320
61386;Saint-Evroult-Notre-Dame-du-Bois;2.4;20900
33398;Saint-Exupéry;2.6;23910
19201;Saint-Exupéry-les-Roches;1.8;24350
89344;Saint-Fargeau;4.3;19860
77407;Saint-Fargeau-Ponthierry;2.3;25520
3231;Saint-Fargeol;5.6;21260
64478;Saint-Faust;2.6;26520
7236;Saint-Félicien;5.5;21220
66173;Saint-Féliu-d'Amont;3.8;21980
66174;Saint-Féliu-d'Avall;4.7;21220
3232;Saint-Félix;2.5;22730
16315;Saint-Félix;2.1;22110
17327;Saint-Félix;3.1;20000
46266;Saint-Félix;2.6;22730
60574;Saint-Félix;2.1;24380
74233;Saint-Félix;3.7;26300
24403;Saint-Félix-de-Bourdeilles;2.8;
33399;Saint-Félix-de-Foncaude;3.3;19720
34253;Saint-Félix-de-l'Héras;2.5;
34254;Saint-Félix-de-Lodez;6.3;23930
12221;Saint-Félix-de-Lunel;0.9;19180
30252;Saint-Félix-de-Pallières;1.8;19970
24404;Saint-Félix-de-Reillac-et-Mortemart;1.7;21830
9258;Saint-Félix-de-Rieutord;4.2;24470
12222;Saint-Félix-de-Sorgues;0.9;20080
9259;Saint-Félix-de-Tournegat;1.6;19940
24405;Saint-Félix-de-Villadeix;1.4;20500
31478;Saint-Félix-Lauragais;3.4;23040
8380;Saint-Fergeux;1.9;20270
70462;Saint-Ferjeux;3.4;
33400;Saint-Ferme;3.2;20850
74234;Saint-Ferréol;4.3;27520
43184;Saint-Ferréol-d'Auroure;4.4;25340
31479;Saint-Ferréol-de-Comminges;3.5;
63341;Saint-Ferréol-des-Côtes;2.5;23730
26304;Saint-Ferréol-Trente-Pas;0.8;18870
11341;Saint-Ferriol;3.4;19240
22289;Saint-Fiacre;1.4;21870
77408;Saint-Fiacre;2.4;27290
44159;Saint-Fiacre-sur-Maine;2.7;26770
23195;Saint-Fiel;2.5;23890
5142;Saint-Firmin;8.9;21640
54473;Saint-Firmin;5.1;24440
58239;Saint-Firmin;4.1;22300
71413;Saint-Firmin;1.9;24330
45275;Saint-Firmin-des-Bois;2;22210
41209;Saint-Firmin-des-Prés;2;23410
45276;Saint-Firmin-sur-Loire;3.1;23650
10339;Saint-Flavy;2.2;23660
2B298;Saint-Florent;7.4;21600
45277;Saint-Florent;2.2;22290
30253;Saint-Florent-sur-Auzonnet;4;18680
18207;Saint-Florent-sur-Cher;2.2;21260
36191;Saint-Florentin;1;21680
89345;Saint-Florentin;3.1;17570
63342;Saint-Floret;2;21860
62747;Saint-Floris;3.7;26350
15187;Saint-Flour;3.6;21380
48150;Saint-Flour-de-Mercoire;2.8;22280
63343;Saint-Flour-l'Étang;1.9;21990
37218;Saint-Flovier;3.8;20650
50467;Saint-Floxel;2.5;22820
62748;Saint-Folquin;4.8;24620
69199;Saint-Fons;8.4;16880
71414;Saint-Forgeot;3.9;21350
78548;Saint-Forget;2.4;37880
69200;Saint-Forgeux;2.5;24220
42220;Saint-Forgeux-Lespinasse;2.7;21980
17328;Saint-Fort-sur-Gironde;2.6;19930
16316;Saint-Fort-sur-le-Né;3.5;24630
7237;Saint-Fortunat-sur-Eyrieux;1.7;22370
16317;Saint-Fraigne;2.7;20200
61387;Saint-Fraimbault;2;20010
53216;Saint-Fraimbault-de-Prières;2.9;23350
31482;Saint-Frajou;1.4;23590
73233;Saint-Franc;1.5;21460
58240;Saint-Franchy;3.4;
97125;Saint-François;3.7;
73234;Saint-François-de-Sales;2.9;23950
57610;Saint-François-Lacroix;3.4;24360
29248;Saint-Frégant;3.7;23140
19204;Saint-Fréjoux;1.8;22230
48151;Saint-Frézal-d'Albuges;1.9;
11342;Saint-Frichoux;3;18660
23196;Saint-Frion;3.1;18400
50468;Saint-Fromond;1.6;19970
16318;Saint-Front;2.7;20080
43186;Saint-Front;1.3;20940
24408;Saint-Front-d'Alemps;2.8;22650
24409;Saint-Front-de-Pradoux;2.8;21540
24410;Saint-Front-la-Rivière;4.4;20850
47242;Saint-Front-sur-Lémance;4.3;18800
24411;Saint-Front-sur-Nizonne;1;22830
17329;Saint-Froult;1.4;21530
85215;Saint-Fulgent;2.7;22390
61388;Saint-Fulgent-des-Ormes;2.9;24190
80702;Saint-Fuscien;4.3;35520
48153;Saint-Gal;2;
63344;Saint-Gal-sur-Sioule;1.2;20330
42222;Saint-Galmier;3.6;26680
70463;Saint-Gand;5.1;20410
35268;Saint-Ganton;1.4;21220
14578;Saint-Gatien-des-Bois;4.2;23560
31483;Saint-Gaudens;3.5;19530
86220;Saint-Gaudent;3.7;22090
11343;Saint-Gaudéric;1.8;
36192;Saint-Gaultier;2.9;19880
81248;Saint-Gauzens;3;22650
40259;Saint-Gein;4.6;21460
79249;Saint-Gelais;3.9;26510
34255;Saint-Gély-du-Fesc;4.5;29940
87143;Saint-Gence;4.2;24730
79252;Saint-Généroux;3.8;22480
63345;Saint-Genès-Champanelle;3.4;27550
63346;Saint-Genès-Champespe;2.6;19910
33405;Saint-Genès-de-Blaye;3.2;23830
33406;Saint-Genès-de-Castillon;2.4;22100
33407;Saint-Genès-de-Fronsac;2.3;23630
33408;Saint-Genès-de-Lombaud;3.2;27690
63347;Saint-Genès-du-Retz;2.4;25200
63348;Saint-Genès-la-Tourette;3.9;21460
3233;Saint-Genest;1;24070
88416;Saint-Genest;2.7;
86221;Saint-Genest-d'Ambière;3.1;22110
7238;Saint-Genest-de-Beauzon;4.5;21080
81250;Saint-Genest-de-Contest;3.3;22710
7239;Saint-Genest-Lachamp;0;19200
42223;Saint-Genest-Lerpt;5.9;24970
42224;Saint-Genest-Malifaux;2.7;25430
87144;Saint-Genest-sur-Roselle;2.4;22190
43187;Saint-Geneys-près-Saint-Paulien;1.9;22270
2679;Saint-Gengoulph;1.3;22540
71416;Saint-Gengoux-de-Scissé;2.3;24500
71417;Saint-Gengoux-le-National;2.7;21340
24412;Saint-Geniès;2.8;21470
31484;Saint-Geniès-Bellevue;4.4;29330
30254;Saint-Geniès-de-Comolas;2.7;22880
34258;Saint-Geniès-de-Fontedit;3.7;23050
30255;Saint-Geniès-de-Malgoirès;3.4;20870
34257;Saint-Geniès-de-Varensal;0.1;17740
34256;Saint-Geniès-des-Mourgues;4;27690
4179;Saint-Geniez;0;18700
19205;Saint-Geniez-ô-Merle;3;19540
16320;Saint-Genis-d'Hiersac;2.7;23130
17331;Saint-Genis-de-Saintonge;4.8;19860
66175;Saint-Génis-des-Fontaines;4.3;22630
69203;Saint-Genis-l'Argentière;2.3;23380
69204;Saint-Genis-Laval;3.5;26810
69205;Saint-Genis-les-Ollières;3.6;30290
1354;Saint-Genis-Pouilly;1.9;30790
1355;Saint-Genis-sur-Menthon;3.5;24660
73236;Saint-Genix-les-Villages;2.6;23200
36194;Saint-Genou;2;20550
37219;Saint-Genouph;3.4;25490
38386;Saint-Geoire-en-Valdaine;2.2;23850
38387;Saint-Geoirs;2.9;23700
15188;Saint-Georges;4.4;23500
16321;Saint-Georges;3.1;
32377;Saint-Georges;2.5;25500
47328;Saint-Georges;1.8;20880
57611;Saint-Georges;3.9;21990
62749;Saint-Georges;2.4;21870
82162;Saint-Georges;1.5;21720
97308;Saint-Georges;1.6;
17332;Saint-Georges-Antignac;4.6;20190
25516;Saint-Georges-Armont;2.6;19900
24413;Saint-Georges-Blancaneix;2;22660
53219;Saint-Georges-Buttavent;2.9;23530
61390;Saint-Georges-d'Annebecq;2.7;22310
43188;Saint-Georges-d'Aurac;3.4;20180
50473;Saint-Georges-d'Elle;2.7;22200
38389;Saint-Georges-d'Espéranche;2.8;25700
73237;Saint-Georges-d'Hurtières;1.8;22120
17337;Saint-Georges-d'Oléron;3.3;22090
34259;Saint-Georges-d'Orques;5;25520
42226;Saint-Georges-de-Baroille;2.1;22410
38388;Saint-Georges-de-Commiers;1.8;27370
17333;Saint-Georges-de-Didonne;3.8;24900
35270;Saint-Georges-de-Gréhaigne;2.6;23210
72279;Saint-Georges-de-la-Couée;1.7;21240
50471;Saint-Georges-de-la-Rivière;1.9;28360
50472;Saint-Georges-de-Livoye;1.8;21380
12225;Saint-Georges-de-Luzençon;4.4;22710
63349;Saint-Georges-de-Mons;3.1;20980
24414;Saint-Georges-de-Montclard;1.7;20920
79253;Saint-Georges-de-Noisné;1.8;19860
85218;Saint-Georges-de-Pointindoux;2;23090
18209;Saint-Georges-de-Poisieux;1.4;23940
35271;Saint-Georges-de-Reintembault;2.1;20830
69206;Saint-Georges-de-Reneins;3.8;25200
79254;Saint-Georges-de-Rex;3;22730
50474;Saint-Georges-de-Rouelley;2.2;19450
17335;Saint-Georges-des-Agoûts;2.2;20570
17336;Saint-Georges-des-Coteaux;4.4;24590
61391;Saint-Georges-des-Groseillers;3.4;23020
17338;Saint-Georges-du-Bois;3.9;21800
72280;Saint-Georges-du-Bois;2.3;25290
72281;Saint-Georges-du-Rosay;1.9;21660
27542;Saint-Georges-du-Vièvre;2.3;21250
42227;Saint-Georges-en-Couzan;0.7;19970
42228;Saint-Georges-Haute-Ville;3.1;23420
23197;Saint-Georges-la-Pouge;3.1;20090
43189;Saint-Georges-Lagricol;2.7;20760
53220;Saint-Georges-le-Fléchard;2.5;21660
72282;Saint-Georges-le-Gaultier;2.2;19920
86222;Saint-Georges-lès-Baillargeaux;4;24940
7240;Saint-Georges-les-Bains;1.7;25800
87145;Saint-Georges-les-Landes;2.1;19640
50475;Saint-Georges-Montcocq;3.5;25120
27543;Saint-Georges-Motel;2;25480
23198;Saint-Georges-Nigremont;2.8;20100
63350;Saint-Georges-sur-Allier;3.5;25170
36195;Saint-Georges-sur-Arnon;2.1;25230
89346;Saint-Georges-sur-Baulche;3;26570
41211;Saint-Georges-sur-Cher;3.4;23160
53221;Saint-Georges-sur-Erve;2;20810
28337;Saint-Georges-sur-Eure;2.4;25440
76580;Saint-Georges-sur-Fontaine;4.4;29800
59532;Saint-Georges-sur-l'Aa;3;21020
18210;Saint-Georges-sur-la-Prée;2;22410
49283;Saint-Georges-sur-Loire;4.7;23590
18211;Saint-Georges-sur-Moulon;1.4;23150
1356;Saint-Georges-sur-Renon;2;25660
40260;Saint-Geours-d'Auribat;3.7;23050
40261;Saint-Geours-de-Maremne;6.2;23130
56213;Saint-Gérand-Croixanvec;4.2;22530
3234;Saint-Gérand-de-Vaux;2.4;20990
3235;Saint-Gérand-le-Puy;2.8;20990
47245;Saint-Géraud;3.2;
24415;Saint-Géraud-de-Corps;1.1;22120
7241;Saint-Germain;4;21990
10340;Saint-Germain;3.7;23480
54475;Saint-Germain;2;24680
70464;Saint-Germain;4.4;21900
86223;Saint-Germain;2;20920
69207;Saint-Germain-au-Mont-d'Or;3.1;27110
23199;Saint-Germain-Beaupré;2.9;20340
58241;Saint-Germain-Chassenay;2.2;20570
53222;Saint-Germain-d'Anxure;1.3;22090
72283;Saint-Germain-d'Arcé;2.6;20710
61392;Saint-Germain-d'Aunay;2.2;19900
50476;Saint-Germain-d'Elle;2.3;19660
33412;Saint-Germain-d'Esteuil;3.2;21580
76582;Saint-Germain-d'Étables;2.8;23940
24416;Saint-Germain-de-Belvès;2.5;20360
48155;Saint-Germain-de-Calberte;7.2;16030
61393;Saint-Germain-de-Clairefeuille;2.9;20410
53223;Saint-Germain-de-Coulamer;2.7;20200
27544;Saint-Germain-de-Fresney;2.6;23630
33411;Saint-Germain-de-Grave;4.2;22520
1357;Saint-Germain-de-Joux;1.3;21610
61394;Saint-Germain-de-la-Coudre;2.5;20490
78550;Saint-Germain-de-la-Grange;1.9;34630
33414;Saint-Germain-de-la-Rivière;2.9;23390
14582;Saint-Germain-de-Livet;2.2;22530
79255;Saint-Germain-de-Longue-Chaume;1.7;19770
17339;Saint-Germain-de-Lusignan;3.6;22950
61396;Saint-Germain-de-Martigny;4;
21548;Saint-Germain-de-Modéon;1.7;20990
16323;Saint-Germain-de-Montbron;2.8;19950
27545;Saint-Germain-de-Pasquier;2.6;30160
85220;Saint-Germain-de-Prinçay;2.1;21890
3237;Saint-Germain-de-Salles;3.6;22420
50478;Saint-Germain-de-Tournebut;2.4;22170
50479;Saint-Germain-de-Varreville;1.6;19970
17341;Saint-Germain-de-Vibrac;2.9;22410
27546;Saint-Germain-des-Angles;1;29490
18212;Saint-Germain-des-Bois;2.6;23650
58242;Saint-Germain-des-Bois;2.2;21990
89347;Saint-Germain-des-Champs;2.8;21870
76581;Saint-Germain-des-Essourts;3.8;24490
3236;Saint-Germain-des-Fossés;2.5;20490
61395;Saint-Germain-des-Grois;2.7;23400
24417;Saint-Germain-des-Prés;2.9;20470
45279;Saint-Germain-des-Prés;2.7;22930
49284;Saint-Germain-des-Prés;6.3;22470
81251;Saint-Germain-des-Prés;4.5;22110
46267;Saint-Germain-du-Bel-Air;1.8;21780
71419;Saint-Germain-du-Bois;3.9;21700
61397;Saint-Germain-du-Corbéis;3.2;23060
14586;Saint-Germain-du-Pert;3.3;22760
35272;Saint-Germain-du-Pinel;3.1;22150
71420;Saint-Germain-du-Plain;2.5;23320
33413;Saint-Germain-du-Puch;4.8;25460
18213;Saint-Germain-du-Puy;2.2;21990
24418;Saint-Germain-du-Salembre;2.5;21430
17342;Saint-Germain-du-Seudre;3.8;21170
48156;Saint-Germain-du-Teil;2.2;20210
71421;Saint-Germain-en-Brionnais;2.4;21990
35273;Saint-Germain-en-Coglès;2.6;22440
78551;Saint-Germain-en-Laye;2.5;33250
39481;Saint-Germain-en-Montagne;4.3;23430
24419;Saint-Germain-et-Mons;2.9;22430
63353;Saint-Germain-l'Herm;2.4;21160
14587;Saint-Germain-la-Blanche-Herbe;8;20720
27547;Saint-Germain-la-Campagne;2;20600
42229;Saint-Germain-la-Montagne;1.4;21750
60576;Saint-Germain-la-Poterie;3.8;25870
51482;Saint-Germain-la-Ville;2.2;25940
14588;Saint-Germain-Langot;3.1;21660
43190;Saint-Germain-Laprade;4.5;24400
42230;Saint-Germain-Laval;3.1;20810
77409;Saint-Germain-Laval;2.2;23190
19206;Saint-Germain-Lavolps;1.5;
77410;Saint-Germain-Laxis;2.5;28770
90091;Saint-Germain-le-Châtelet;4;25030
53224;Saint-Germain-le-Fouilloux;2.6;23410
28339;Saint-Germain-le-Gaillard;1.3;27200
50480;Saint-Germain-le-Gaillard;2.6;23780
53225;Saint-Germain-le-Guillaume;1.6;21190
21549;Saint-Germain-le-Rocheux;0;
14589;Saint-Germain-le-Vasson;1.9;22620
61398;Saint-Germain-le-Vieux;3.6;
63352;Saint-Germain-Lembron;6.3;21800
91552;Saint-Germain-lès-Arpajon;2.3;24340
87146;Saint-Germain-les-Belles;3.7;21940
71422;Saint-Germain-lès-Buxy;3.3;27230
91553;Saint-Germain-lès-Corbeil;4.1;29890
1358;Saint-Germain-les-Paroisses;1.8;23210
21550;Saint-Germain-lès-Senailly;4.6;23250
19207;Saint-Germain-les-Vergnes;3.7;23760
42231;Saint-Germain-Lespinasse;2.9;22090
69208;Saint-Germain-Nuelles;3.7;28890
63351;Saint-Germain-près-Herment;1;
76583;Saint-Germain-sous-Cailly;3.1;25810
77411;Saint-Germain-sous-Doue;1.8;26290
27548;Saint-Germain-sur-Avre;1.8;24870
50481;Saint-Germain-sur-Ay;2.7;23420
80703;Saint-Germain-sur-Bresle;4.3;21430
76584;Saint-Germain-sur-Eaulne;4.9;21360
77412;Saint-Germain-sur-École;2.3;27650
35274;Saint-Germain-sur-Ille;3.6;25110
55456;Saint-Germain-sur-Meuse;3.7;23180
77413;Saint-Germain-sur-Morin;2.4;28340
1359;Saint-Germain-sur-Renon;2.8;25790
74235;Saint-Germain-sur-Rhône;1.7;32240
50482;Saint-Germain-sur-Sèves;2.5;21250
37220;Saint-Germain-sur-Vienne;3;21370
8381;Saint-Germainmont;3.1;21030
32378;Saint-Germé;3.8;20500
60577;Saint-Germer-de-Fly;2.2;22620
31485;Saint-Germier;3.6;27100
32379;Saint-Germier;2.9;27170
79256;Saint-Germier;2.5;21250
81252;Saint-Germier;3.6;25050
43191;Saint-Géron;4.9;25280
15189;Saint-Gérons;3;20980
30256;Saint-Gervais;3.9;24070
33415;Saint-Gervais;4;23950
38390;Saint-Gervais;1.4;24370
85221;Saint-Gervais;3.5;22210
95554;Saint-Gervais;1.9;28780
63354;Saint-Gervais-d'Auvergne;2.9;20120
72286;Saint-Gervais-de-Vic;1.5;21820
61399;Saint-Gervais-des-Sablons;1.6;
61400;Saint-Gervais-du-Perron;2.7;21170
71423;Saint-Gervais-en-Vallière;1.1;22490
41212;Saint-Gervais-la-Forêt;3.5;25540
74236;Saint-Gervais-les-Bains;5.2;24640
86224;Saint-Gervais-les-Trois-Clochers;1.5;21830
63355;Saint-Gervais-sous-Meymont;3.1;19590
71424;Saint-Gervais-sur-Couches;2.9;24070
34260;Saint-Gervais-sur-Mare;0.1;19550
26305;Saint-Gervais-sur-Roubion;3.8;22840
30257;Saint-Gervasy;4;21910
63356;Saint-Gervazy;4.5;21800
24420;Saint-Géry;2.2;19190
24421;Saint-Geyrac;2.8;20780
51483;Saint-Gibrien;2.4;24830
22291;Saint-Gildas;1.3;22940
56214;Saint-Gildas-de-Rhuys;3.8;28000
44161;Saint-Gildas-des-Bois;2.8;22320
30258;Saint-Gilles;2.4;18590
35275;Saint-Gilles;4.9;24910
36196;Saint-Gilles;2.6;15710
50483;Saint-Gilles;3.7;23300
51484;Saint-Gilles;2.6;24170
71425;Saint-Gilles;2.9;23540
85222;Saint-Gilles-Croix-de-Vie;2.9;24080
76585;Saint-Gilles-de-Crétot;3.2;23750
76586;Saint-Gilles-de-la-Neuville;3.6;27130
61401;Saint-Gilles-des-Marais;2.1;20070
22293;Saint-Gilles-les-Bois;2.5;20920
87147;Saint-Gilles-les-Forêts;2.2;
22294;Saint-Gilles-Pligeaux;1.1;18720
22295;Saint-Gilles-Vieux-Marché;1.6;21550
7242;Saint-Gineys-en-Coiron;0.9;20880
74237;Saint-Gingolph;0.7;35010
9261;Saint-Girons;3.5;20320
33416;Saint-Girons-d'Aiguevives;3.8;21090
64479;Saint-Girons-en-Béarn;3.5;20880
64480;Saint-Gladie-Arrive-Munein;4.9;23120
22296;Saint-Glen;2.8;23200
29249;Saint-Goazec;3.5;20370
2680;Saint-Gobain;2.2;21840
2681;Saint-Gobert;3.4;20880
64481;Saint-Goin;4.9;23000
45280;Saint-Gondon;2.6;24310
35276;Saint-Gondran;3.7;24780
35277;Saint-Gonlay;2.1;22210
56215;Saint-Gonnery;3.4;23750
40262;Saint-Gor;2.6;21870
56216;Saint-Gorgon;3.3;20810
88417;Saint-Gorgon;3.4;21910
25517;Saint-Gorgon-Main;3.2;26980
41213;Saint-Gourgon;2.7;22680
16325;Saint-Gourson;2.7;18190
23200;Saint-Goussaud;1.6;20720
80704;Saint-Gratien;3.7;27040
95555;Saint-Gratien;2.5;23910
58243;Saint-Gratien-Savigny;3.2;21050
56218;Saint-Gravé;2.7;20040
35278;Saint-Grégoire;7.3;31110
81253;Saint-Grégoire;1.5;22910
17343;Saint-Grégoire-d'Ardennes;4;22080
27550;Saint-Grégoire-du-Vièvre;1.7;23820
32380;Saint-Griède;2.5;20960
16326;Saint-Groux;4;20380
34261;Saint-Guilhem-le-Désert;2.4;19390
38391;Saint-Guillaume;0.6;23000
35279;Saint-Guinoux;5.3;22780
34262;Saint-Guiraud;4.9;25250
56219;Saint-Guyomard;3.9;23020
43192;Saint-Haon;1.6;17830
42232;Saint-Haon-le-Châtel;2.5;22860
42233;Saint-Haon-le-Vieux;2.5;25390
42234;Saint-Héand;2.3;25650
22299;Saint-Hélen;3.6;22880
21552;Saint-Hélier;0.6;
76588;Saint-Hellier;3.4;21850
44162;Saint-Herblain;5;23000
63357;Saint-Hérent;0.6;17890
29250;Saint-Hernin;3.8;20380
22300;Saint-Hervé;1.7;22740
3238;Saint-Hilaire;4.1;20960
11344;Saint-Hilaire;2.1;21560
25518;Saint-Hilaire;5.5;24250
31486;Saint-Hilaire;3.7;23990
43193;Saint-Hilaire;1;20850
46269;Saint-Hilaire;2.2;
63360;Saint-Hilaire;2.4;18290
91556;Saint-Hilaire;1.7;28180
87148;Saint-Hilaire-Bonneval;4.8;24420
62750;Saint-Hilaire-Cottes;3.4;22070
42235;Saint-Hilaire-Cusson-la-Valmitte;3.2;21240
24422;Saint-Hilaire-d'Estissac;1.5;23170
30260;Saint-Hilaire-d'Ozilhan;2.8;24980
34263;Saint-Hilaire-de-Beauvoir;2.6;25100
38392;Saint-Hilaire-de-Brens;2.9;27330
30259;Saint-Hilaire-de-Brethmas;3.8;22250
61402;Saint-Hilaire-de-Briouze;2.7;21180
44164;Saint-Hilaire-de-Chaléons;2.4;22760
44165;Saint-Hilaire-de-Clisson;4.1;23830
18214;Saint-Hilaire-de-Court;2.3;21800
18215;Saint-Hilaire-de-Gondilly;1.3;23150
38393;Saint-Hilaire-de-la-Côte;3.4;24550
33418;Saint-Hilaire-de-la-Noaille;3;22660
48158;Saint-Hilaire-de-Lavit;1;
47246;Saint-Hilaire-de-Lusignan;4.1;24070
85226;Saint-Hilaire-de-Riez;3.3;23920
17344;Saint-Hilaire-de-Villefranche;3.1;21420
85229;Saint-Hilaire-de-Voust;1.8;21200
35280;Saint-Hilaire-des-Landes;3;22230
85227;Saint-Hilaire-des-Loges;3;21170
17345;Saint-Hilaire-du-Bois;3.3;24270
33419;Saint-Hilaire-du-Bois;3.3;
50484;Saint-Hilaire-du-Harcouët;2.8;20870
53226;Saint-Hilaire-du-Maine;2.1;22160
38394;Saint-Hilaire-du-Rosier;3.6;23000
18216;Saint-Hilaire-en-Lignières;1;20670
58244;Saint-Hilaire-en-Morvan;1;22170
55457;Saint-Hilaire-en-Woëvre;3.4;21920
19208;Saint-Hilaire-Foissac;7.3;19720
58245;Saint-Hilaire-Fontaine;3.4;20330
63358;Saint-Hilaire-la-Croix;2.8;22960
85231;Saint-Hilaire-la-Forêt;3.7;23050
41214;Saint-Hilaire-la-Gravelle;1.8;20970
79257;Saint-Hilaire-la-Palud;3.1;21720
23201;Saint-Hilaire-la-Plaine;2.5;21420
87149;Saint-Hilaire-la-Treille;1.5;20340
23202;Saint-Hilaire-le-Château;3.7;20470
61404;Saint-Hilaire-le-Châtel;4.6;22770
51486;Saint-Hilaire-le-Grand;3.7;24350
51487;Saint-Hilaire-le-Petit;2.6;23400
85232;Saint-Hilaire-le-Vouhis;1.6;21560
45281;Saint-Hilaire-les-Andrésis;0.9;22460
19209;Saint-Hilaire-les-Courbes;3.4;19840
63359;Saint-Hilaire-les-Monges;1.4;
87150;Saint-Hilaire-les-Places;2.1;21920
59533;Saint-Hilaire-lez-Cambrai;3.6;20800
19210;Saint-Hilaire-Luc;1.5;
19211;Saint-Hilaire-Peyroux;1.2;22990
45282;Saint-Hilaire-Saint-Mesmin;2.3;28370
42236;Saint-Hilaire-sous-Charlieu;2.2;22820
10341;Saint-Hilaire-sous-Romilly;3.3;23580
36197;Saint-Hilaire-sur-Benaize;2.3;20860
61405;Saint-Hilaire-sur-Erre;2.5;22890
59534;Saint-Hilaire-sur-Helpe;3.5;21320
45283;Saint-Hilaire-sur-Puiseaux;1.5;24310
61406;Saint-Hilaire-sur-Risle;3.5;20810
19212;Saint-Hilaire-Taurieux;1.5;
78557;Saint-Hilarion;3.5;28930
77414;Saint-Hilliers;2.2;25320
12226;Saint-Hippolyte;1.3;18090
15190;Saint-Hippolyte;1.6;19250
17346;Saint-Hippolyte;3.3;22390
25519;Saint-Hippolyte;2.7;22190
33420;Saint-Hippolyte;4.3;25440
37221;Saint-Hippolyte;3.3;21270
66176;Saint-Hippolyte;3.2;22170
68296;Saint-Hippolyte;4.3;26080
30261;Saint-Hippolyte-de-Caton;1.7;20850
30262;Saint-Hippolyte-de-Montaigu;3.3;22460
30263;Saint-Hippolyte-du-Fort;4.1;19830
84109;Saint-Hippolyte-le-Graveyron;2.9;27550
38396;Saint-Honoré;3.4;23260
76589;Saint-Honoré;3.1;24330
58246;Saint-Honoré-les-Bains;3.4;20290
43194;Saint-Hostien;4.7;22490
57612;Saint-Hubert;0.9;24540
71427;Saint-Huruge;1.5;
14593;Saint-Hymer;2.6;26540
39137;Saint-Hymetière-sur-Valouse;3.3;23100
22334;Saint-Igeaux;1.9;20830
12227;Saint-Igest;3;21250
31487;Saint-Ignan;2.4;23430
63362;Saint-Ignat;2.7;23780
71428;Saint-Igny-de-Roche;2.7;21440
69209;Saint-Igny-de-Vers;2.9;22390
15191;Saint-Illide;1.7;19410
78558;Saint-Illiers-la-Ville;1;25370
78559;Saint-Illiers-le-Bois;1.2;30600
43195;Saint-Ilpize;1.3;21280
51488;Saint-Imoges;2.9;28440
62751;Saint-Inglevert;6.2;24800
38397;Saint-Ismier;4.3;35540
12228;Saint-Izaire;0;19010
4180;Saint-Jacques;3.7;
76590;Saint-Jacques-d'Aliermont;3.2;23380
63363;Saint-Jacques-d'Ambur;3.9;20610
7243;Saint-Jacques-d'Atticieux;1.9;22150
35281;Saint-Jacques-de-la-Lande;6.8;21730
50486;Saint-Jacques-de-Néhou;1.6;20390
79258;Saint-Jacques-de-Thouars;3.3;23460
15192;Saint-Jacques-des-Blats;4.4;20470
41215;Saint-Jacques-des-Guérets;2.9;21860
5144;Saint-Jacques-en-Valgodemard;7.6;19670
76591;Saint-Jacques-sur-Darnétal;4.2;27720
22302;Saint-Jacut-de-la-Mer;3;26170
56221;Saint-Jacut-les-Pins;3.4;20980
19213;Saint-Jal;3.7;21490
50487;Saint-James;2.7;20950
64482;Saint-Jammes;4;27670
59535;Saint-Jans-Cappel;3.1;25890
31488;Saint-Jean;5.2;25940
58247;Saint-Jean-aux-Amognes;3.9;23960
8382;Saint-Jean-aux-Bois;1.8;
60579;Saint-Jean-aux-Bois;3.3;35120
42237;Saint-Jean-Bonnefonds;3.3;23950
56222;Saint-Jean-Brévelay;3.4;22450
6121;Saint-Jean-Cap-Ferrat;4.5;25340
7244;Saint-Jean-Chambre;0.8;20730
9262;Saint-Jean-d'Aigues-Vives;3.1;20400
12229;Saint-Jean-d'Alcapiès;2.4;23110
17347;Saint-Jean-d'Angély;3.3;20240
17348;Saint-Jean-d'Angle;3.6;21640
73242;Saint-Jean-d'Arves;4.9;20440
73243;Saint-Jean-d'Arvey;1.2;27680
72290;Saint-Jean-d'Assé;2.8;22040
24424;Saint-Jean-d'Ataux;2.5;19400
43196;Saint-Jean-d'Aubrigoux;2.2;21450
74238;Saint-Jean-d'Aulps;4.4;23480
38398;Saint-Jean-d'Avelanne;3.1;23130
50492;Saint-Jean-d'Elle;3.1;22990
24426;Saint-Jean-d'Estissac;1.5;23760
38403;Saint-Jean-d'Hérans;3.5;23470
85223;Saint-Jean-d'Hermine;2.4;21150
63364;Saint-Jean-d'Heurs;2.8;23940
33422;Saint-Jean-d'Illac;2.2;27540
88419;Saint-Jean-d'Ormont;3.4;23490
11345;Saint-Jean-de-Barrou;1.6;19920
57613;Saint-Jean-de-Bassel;2.8;23040
91560;Saint-Jean-de-Beauregard;4.7;28890
33421;Saint-Jean-de-Blaignac;4.5;23940
21553;Saint-Jean-de-Bœuf;1.3;25500
44166;Saint-Jean-de-Boiseau;4.2;24230
10342;Saint-Jean-de-Bonneval;1.5;25150
38399;Saint-Jean-de-Bournay;2.4;23460
45284;Saint-Jean-de-Braye;2.6;22100
34264;Saint-Jean-de-Buèges;1;17210
30264;Saint-Jean-de-Ceyrargues;1.7;22190
73245;Saint-Jean-de-Chevelu;1.5;25150
24425;Saint-Jean-de-Côle;4.4;21150
34265;Saint-Jean-de-Cornies;2.5;28110
73246;Saint-Jean-de-Couz;1.6;23680
30265;Saint-Jean-de-Crieulon;6;22390
34266;Saint-Jean-de-Cuculles;3.1;29770
50488;Saint-Jean-de-Daye;1.6;21760
47247;Saint-Jean-de-Duras;2.3;18610
76592;Saint-Jean-de-Folleville;2.9;25290
34267;Saint-Jean-de-Fos;3.1;21990
26216;Saint-Jean-de-Galaure;2.9;21340
1360;Saint-Jean-de-Gonville;1.5;42220
34268;Saint-Jean-de-la-Blaquière;1.9;21570
49288;Saint-Jean-de-la-Croix;2.2;23050
50489;Saint-Jean-de-la-Haize;4;24540
72291;Saint-Jean-de-la-Motte;2.7;21250
76593;Saint-Jean-de-la-Neuville;3.5;25000
73247;Saint-Jean-de-la-Porte;2.8;25780
50490;Saint-Jean-de-la-Rivière;1.3;24620
45285;Saint-Jean-de-la-Ruelle;4.4;20010
46270;Saint-Jean-de-Laur;3.8;23140
40263;Saint-Jean-de-Lier;3;22470
17349;Saint-Jean-de-Liversay;3.4;23080
14595;Saint-Jean-de-Livet;2.1;22740
21554;Saint-Jean-de-Losne;3.1;18400
64483;Saint-Jean-de-Luz;5.2;23390
81254;Saint-Jean-de-Marcel;2.1;21300
40264;Saint-Jean-de-Marsacq;4.6;24350
30266;Saint-Jean-de-Maruéjols-et-Avéjan;3.1;20230
73248;Saint-Jean-de-Maurienne;4.4;21840
34269;Saint-Jean-de-Minervois;1.3;17230
38400;Saint-Jean-de-Moirans;4.2;27020
85234;Saint-Jean-de-Monts;2.5;23110
7245;Saint-Jean-de-Muzols;4.1;23710
43197;Saint-Jean-de-Nay;1.1;18640
1361;Saint-Jean-de-Niost;3;28140
11346;Saint-Jean-de-Paracol;1.5;12260
28341;Saint-Jean-de-Rebervilliers;1.6;26210
81255;Saint-Jean-de-Rives;3;28420
86225;Saint-Jean-de-Sauves;2.5;19710
50491;Saint-Jean-de-Savigny;2.4;22010
30267;Saint-Jean-de-Serres;3.6;21410
74239;Saint-Jean-de-Sixt;7;25950
38401;Saint-Jean-de-Soudain;3.4;24570
74240;Saint-Jean-de-Tholome;2.6;30080
79259;Saint-Jean-de-Thouars;3.4;23230
47248;Saint-Jean-de-Thurac;2.7;23840
1362;Saint-Jean-de-Thurigneux;3.5;28910
71431;Saint-Jean-de-Trézy;1.8;24810
30268;Saint-Jean-de-Valériscle;3.4;17920
81256;Saint-Jean-de-Vals;3.4;
38402;Saint-Jean-de-Vaulx;0.9;27640
71430;Saint-Jean-de-Vaux;2.5;24000
34270;Saint-Jean-de-Védas;6.1;25510
9264;Saint-Jean-de-Verges;6.3;23300
12230;Saint-Jean-Delnous;3.6;21750
50493;Saint-Jean-des-Champs;4.8;22740
72292;Saint-Jean-des-Échelles;2.4;24750
63365;Saint-Jean-des-Ollières;0.5;22160
69212;Saint-Jean-des-Vignes;4;30230
51489;Saint-Jean-devant-Possesse;1.6;
72293;Saint-Jean-du-Bois;1.9;22490
82163;Saint-Jean-du-Bouzet;3.7;
12231;Saint-Jean-du-Bruel;2.4;19720
76594;Saint-Jean-du-Cardonnay;4.2;27660
9263;Saint-Jean-du-Castillonnais;2;
50495;Saint-Jean-du-Corail-des-Bois;1.7;
29251;Saint-Jean-du-Doigt;2.4;23640
9265;Saint-Jean-du-Falga;3.8;21830
30269;Saint-Jean-du-Gard;3.2;18900
30270;Saint-Jean-du-Pin;3.3;22850
27552;Saint-Jean-du-Thenney;2;20820
26307;Saint-Jean-en-Royans;2.8;22670
63366;Saint-Jean-en-Val;4;23220
12232;Saint-Jean-et-Saint-Paul;1.2;23200
41216;Saint-Jean-Froidmentel;1.7;22960
22304;Saint-Jean-Kerdaniel;2.4;21730
57614;Saint-Jean-Kourtzerode;4.4;24500
69214;Saint-Jean-la-Bussière;3.4;23570
48160;Saint-Jean-la-Fouillouse;0.7;20840
56223;Saint-Jean-la-Poterie;3.3;22090
42238;Saint-Jean-la-Vêtre;2.4;20040
43198;Saint-Jean-Lachalm;0.9;18120
46339;Saint-Jean-Lagineste;1.6;24940
66177;Saint-Jean-Lasseille;2.3;21770
45286;Saint-Jean-le-Blanc;4;26090
7247;Saint-Jean-le-Centenier;3.2;20640
32381;Saint-Jean-le-Comtal;3.5;24560
50496;Saint-Jean-le-Thomas;2.6;23180
1363;Saint-Jean-le-Vieux;3.2;24660
38404;Saint-Jean-le-Vieux;1;31620
64484;Saint-Jean-le-Vieux;3.9;22340
55458;Saint-Jean-lès-Buzy;3.4;21110
77415;Saint-Jean-les-Deux-Jumeaux;2.3;26810
54476;Saint-Jean-lès-Longuyon;3.1;22010
46271;Saint-Jean-Lespinasse;3.5;26050
31489;Saint-Jean-Lherm;4.1;30670
87151;Saint-Jean-Ligoure;2;22510
46272;Saint-Jean-Mirabel;2.6;23440
64485;Saint-Jean-Pied-de-Port;3.7;22140
28342;Saint-Jean-Pierre-Fixte;2.7;24440
66178;Saint-Jean-Pla-de-Corts;3.6;22330
64486;Saint-Jean-Poudge;1.8;
32382;Saint-Jean-Poutge;2.5;21570
57615;Saint-Jean-Rohrbach;2.2;21830
7248;Saint-Jean-Roure;3;19930
37222;Saint-Jean-Saint-Germain;4.5;21620
63367;Saint-Jean-Saint-Gervais;2.3;21380
42239;Saint-Jean-Saint-Maurice-sur-Loire;1.9;23510
5145;Saint-Jean-Saint-Nicolas;7.7;21030
67425;Saint-Jean-Saverne;3.7;26980
42240;Saint-Jean-Soleymieux;2.1;22030
53229;Saint-Jean-sur-Mayenne;2.7;24470
51490;Saint-Jean-sur-Moivre;0.9;25710
1364;Saint-Jean-sur-Reyssouze;2.2;22170
51491;Saint-Jean-sur-Tourbe;0.7;27910
1365;Saint-Jean-sur-Veyle;2.9;24530
35283;Saint-Jean-sur-Vilaine;3;24660
29252;Saint-Jean-Trolimon;5;22680
4181;Saint-Jeannet;0.8;
6122;Saint-Jeannet;2.2;27840
18217;Saint-Jeanvrin;1.7;18460
74241;Saint-Jeoire;2.6;27090
73249;Saint-Jeoire-Prieuré;5.5;26270
7249;Saint-Jeure-d'Andaure;2.6;
7250;Saint-Jeure-d'Ay;4.6;22200
43199;Saint-Jeures;3.5;21720
44168;Saint-Joachim;1.9;22060
42241;Saint-Jodard;1.6;21240
55459;Saint-Joire;1.8;20620
74242;Saint-Jorioz;4.6;29810
31490;Saint-Jory;4;22560
24428;Saint-Jory-de-Chalais;2.7;19060
24429;Saint-Jory-las-Bloux;3.7;21670
42242;Saint-Joseph;2;25430
50498;Saint-Joseph;4.2;24990
97224;Saint-Joseph;2.6;20660
97412;Saint-Joseph;5.1;15200
38405;Saint-Joseph-de-Rivière;4.4;26130
7251;Saint-Joseph-des-Bancs;0.3;19080
62752;Saint-Josse;6.9;26000
22305;Saint-Jouan-de-l'Isle;5.1;21790
35284;Saint-Jouan-des-Guérets;6.3;24840
14598;Saint-Jouin;2.2;24270
76595;Saint-Jouin-Bruneval;2.8;27050
61411;Saint-Jouin-de-Blavou;3.1;21580
87152;Saint-Jouvent;3.3;24230
25520;Saint-Juan;2.4;22500
22306;Saint-Judoce;1.8;22560
12233;Saint-Juéry;0.7;19680
48161;Saint-Juéry;4.1;
81257;Saint-Juéry;3.8;20770
85235;Saint-Juire-Champgillon;2.2;21540
31491;Saint-Julia;3.2;23190
11347;Saint-Julia-de-Bec;1.8;19240
21555;Saint-Julien;2.7;27690
22307;Saint-Julien;3.4;23070
34271;Saint-Julien;2.4;18050
69215;Saint-Julien;3.4;27530
83113;Saint-Julien;2.4;22610
88421;Saint-Julien;4.2;23520
19214;Saint-Julien-aux-Bois;5.8;20790
33423;Saint-Julien-Beychevelle;4.6;21700
43200;Saint-Julien-Chapteuil;2.2;22830
43201;Saint-Julien-d'Ance;2.5;20540
40265;Saint-Julien-d'Armagnac;2.1;21890
4182;Saint-Julien-d'Asse;1.3;21920
7103;Saint-Julien-d'Intres;2;20960
42243;Saint-Julien-d'Oddes;3.1;22310
11348;Saint-Julien-de-Briola;0.8;
30271;Saint-Julien-de-Cassagnas;2.1;21930
41217;Saint-Julien-de-Chédon;3.1;23340
71433;Saint-Julien-de-Civry;2.1;24780
44169;Saint-Julien-de-Concelles;4.4;25110
63368;Saint-Julien-de-Coppel;2.4;23710
9266;Saint-Julien-de-Gras-Capou;1.9;
71434;Saint-Julien-de-Jonzy;2.3;22000
17350;Saint-Julien-de-l'Escap;3.8;21750
38406;Saint-Julien-de-l'Herms;1.3;23150
27553;Saint-Julien-de-la-Liègue;2.9;24660
30272;Saint-Julien-de-la-Nef;6.7;17900
24432;Saint-Julien-de-Lampon;4;21080
30273;Saint-Julien-de-Peyrolas;1.4;23200
15194;Saint-Julien-de-Toursac;2.2;22370
44170;Saint-Julien-de-Vouvantes;2.4;20850
43202;Saint-Julien-des-Chazes;2.2;
85236;Saint-Julien-des-Landes;1.9;22160
48163;Saint-Julien-des-Points;2.5;20850
7253;Saint-Julien-du-Gua;0;17360
43203;Saint-Julien-du-Pinet;3.8;22590
81258;Saint-Julien-du-Puy;3;21690
89348;Saint-Julien-du-Sault;1.4;21350
7254;Saint-Julien-du-Serre;2;22710
53230;Saint-Julien-du-Terroux;2.4;20970
4183;Saint-Julien-du-Verdon;4;20650
5146;Saint-Julien-en-Beauchêne;4.3;21080
40266;Saint-Julien-en-Born;3.4;22370
5147;Saint-Julien-en-Champsaur;5.5;24050
74243;Saint-Julien-en-Genevois;2.4;34430
26308;Saint-Julien-en-Quint;1.5;18460
7255;Saint-Julien-en-Saint-Alban;3;22700
26309;Saint-Julien-en-Vercors;2.4;21770
81259;Saint-Julien-Gaulène;2.1;22010
24423;Saint-Julien-Innocence-Eulalie;1.1;21610
86226;Saint-Julien-l'Ars;3.8;24950
63369;Saint-Julien-la-Geneste;1.3;21270
23203;Saint-Julien-la-Genête;2.9;23180
23204;Saint-Julien-le-Châtel;2.6;20460
19215;Saint-Julien-le-Pèlerin;1.1;16920
87153;Saint-Julien-le-Petit;1;18020
7257;Saint-Julien-le-Roux;1.6;19440
19216;Saint-Julien-le-Vendômois;3.4;18940
54477;Saint-Julien-lès-Gorze;2.2;25190
57616;Saint-Julien-lès-Metz;4.7;28780
25521;Saint-Julien-lès-Montbéliard;3;26670
30274;Saint-Julien-les-Rosiers;3.9;21770
25522;Saint-Julien-lès-Russey;2.5;32560
10343;Saint-Julien-les-Villas;3.8;22370
19217;Saint-Julien-Maumont;3.4;23740
43204;Saint-Julien-Molhesabate;1.9;19120
42246;Saint-Julien-Molin-Molette;2.8;21190
73250;Saint-Julien-Mont-Denis;4.1;24340
63370;Saint-Julien-Puy-Lavèze;3.2;21670
55460;Saint-Julien-sous-les-Côtes;2.9;22650
69216;Saint-Julien-sur-Bibost;2.6;23150
14601;Saint-Julien-sur-Calonne;4.2;22300
41218;Saint-Julien-sur-Cher;2.2;22480
71435;Saint-Julien-sur-Dheune;1.5;24690
31492;Saint-Julien-sur-Garonne;4.8;24580
1367;Saint-Julien-sur-Reyssouze;2.5;22270
61412;Saint-Julien-sur-Sarthe;3.9;21450
1368;Saint-Julien-sur-Veyle;1.9;23300
7258;Saint-Julien-Vocance;0.2;18500
87154;Saint-Junien;4.2;22060
23205;Saint-Junien-la-Bregère;3.2;19240
87155;Saint-Junien-les-Combes;2.2;22670
57617;Saint-Jure;2.6;25530
4184;Saint-Jurs;2;18850
1369;Saint-Just;3.6;27390
18218;Saint-Just;1.9;24990
24434;Saint-Just;1.5;16450
34272;Saint-Just;4.9;24370
35285;Saint-Just;1.7;21840
63371;Saint-Just;1.8;21690
38408;Saint-Just-Chaleyssin;2.4;28440
7259;Saint-Just-d'Ardèche;2.5;20990
69217;Saint-Just-d'Avray;2.2;23590
38409;Saint-Just-de-Claix;4.1;22080
42247;Saint-Just-en-Bas;0;20410
77416;Saint-Just-en-Brie;1.4;26950
60581;Saint-Just-en-Chaussée;2.6;19810
42248;Saint-Just-en-Chevalet;2.6;20270
11350;Saint-Just-et-le-Bézu;1.6;
30275;Saint-Just-et-Vacquières;0.9;21730
64487;Saint-Just-Ibarre;0.7;22000
42249;Saint-Just-la-Pendue;2.4;21240
87156;Saint-Just-le-Martel;3.1;25500
17351;Saint-Just-Luzac;2.4;21230
43205;Saint-Just-Malmont;3.9;23160
43206;Saint-Just-près-Brioude;1.7;21300
42279;Saint-Just-Saint-Rambert;4.4;26190
51492;Saint-Just-Sauvage;3.3;21950
49291;Saint-Just-sur-Dive;3;20500
12235;Saint-Just-sur-Viaur;2.8;17080
32383;Saint-Justin;2.1;19610
40267;Saint-Justin;3.1;21960
22308;Saint-Juvat;2.2;21920
8383;Saint-Juvin;6.7;
36198;Saint-Lactencin;3;21750
69218;Saint-Lager;3.1;24660
7260;Saint-Lager-Bressac;1.7;23930
39486;Saint-Lamain;2.8;25090
14602;Saint-Lambert;2.9;21320
78561;Saint-Lambert;3.2;39000
8384;Saint-Lambert-et-Mont-de-Jeux;3;21020
49294;Saint-Lambert-la-Potherie;4.8;25780
61413;Saint-Lambert-sur-Dive;1.8;21190
61414;Saint-Langis-lès-Mortagne;3.4;22300
65387;Saint-Lanne;1.5;22180
86227;Saint-Laon;1.9;21250
9267;Saint-Lary;1;16860
32384;Saint-Lary;2.1;24190
31493;Saint-Lary-Boujean;1.7;22390
65388;Saint-Lary-Soulan;8.3;22270
38410;Saint-Lattier;2.9;23550
63372;Saint-Laure;3.1;25060
8385;Saint-Laurent;4;26540
18219;Saint-Laurent;2.7;23400
22310;Saint-Laurent;2.7;22010
23206;Saint-Laurent;2.8;22970
31494;Saint-Laurent;3.2;20440
47249;Saint-Laurent;4.1;21130
74244;Saint-Laurent;1.6;33120
62753;Saint-Laurent-Blangy;6.2;21570
64488;Saint-Laurent-Bretagne;2.7;26820
43207;Saint-Laurent-Chabreuges;3.1;24340
69219;Saint-Laurent-d'Agny;2.6;29190
30276;Saint-Laurent-d'Aigouze;5;22770
71436;Saint-Laurent-d'Andenay;1.8;22920
33425;Saint-Laurent-d'Arce;4.3;23950
12237;Saint-Laurent-d'Olt;2.5;21190
26310;Saint-Laurent-d'Onay;1;21590
76596;Saint-Laurent-de-Brèvedent;3.8;27790
30277;Saint-Laurent-de-Carnols;4.4;23960
66179;Saint-Laurent-de-Cerdans;5.5;19990
16329;Saint-Laurent-de-Céris;2.6;19520
69220;Saint-Laurent-de-Chamousset;2.5;24060
16330;Saint-Laurent-de-Cognac;3.1;25070
14603;Saint-Laurent-de-Condel;3;24760
50499;Saint-Laurent-de-Cuves;1.8;21340
40268;Saint-Laurent-de-Gosse;2.4;23340
86228;Saint-Laurent-de-Jourdes;2.6;20580
11351;Saint-Laurent-de-la-Cabrerisse;5.7;19900
17353;Saint-Laurent-de-la-Prée;4.5;25210
66180;Saint-Laurent-de-la-Salanque;3;21060
85237;Saint-Laurent-de-la-Salle;1.8;20500
12236;Saint-Laurent-de-Lévézou;1.3;21410
37223;Saint-Laurent-de-Lin;2.9;20590
69288;Saint-Laurent-de-Mure;3.1;27380
48165;Saint-Laurent-de-Muret;1.3;19390
65389;Saint-Laurent-de-Neste;3.1;22600
50500;Saint-Laurent-de-Terregatte;1.9;21820
48167;Saint-Laurent-de-Veyrès;2.6;
30278;Saint-Laurent-des-Arbres;3;25430
27555;Saint-Laurent-des-Bois;1.7;24350
41219;Saint-Laurent-des-Bois;1.7;21980
16331;Saint-Laurent-des-Combes;2.3;
33426;Saint-Laurent-des-Combes;4.4;24110
24436;Saint-Laurent-des-Hommes;3;22180
24437;Saint-Laurent-des-Vignes;2.9;22760
33427;Saint-Laurent-du-Bois;3.4;22160
5148;Saint-Laurent-du-Cros;6.1;22860
97311;Saint-Laurent-du-Maroni;1.6;
7261;Saint-Laurent-du-Pape;2.2;22930
33428;Saint-Laurent-du-Plan;3.4;
38412;Saint-Laurent-du-Pont;4.5;23220
27556;Saint-Laurent-du-Tencement;1.5;
6123;Saint-Laurent-du-Var;4.2;24360
4186;Saint-Laurent-du-Verdon;0;
38413;Saint-Laurent-en-Beaumont;1.6;23730
71437;Saint-Laurent-en-Brionnais;2.1;23660
76597;Saint-Laurent-en-Caux;3.5;20980
37224;Saint-Laurent-en-Gâtines;3.6;23120
39487;Saint-Laurent-en-Grandvaux;2.7;26170
26311;Saint-Laurent-en-Royans;3.4;21920
58248;Saint-Laurent-l'Abbaye;2.4;20910
42251;Saint-Laurent-la-Conche;2.2;23250
28343;Saint-Laurent-la-Gâtine;1.9;29160
24438;Saint-Laurent-la-Vallée;1.8;19030
30279;Saint-Laurent-la-Vernède;3.4;22340
30280;Saint-Laurent-le-Minier;3.9;18430
7262;Saint-Laurent-les-Bains-Laval-d'Aurelle;0;17430
87157;Saint-Laurent-les-Églises;3.1;22710
46273;Saint-Laurent-les-Tours;2.4;25000
33424;Saint-Laurent-Médoc;4.2;22770
41220;Saint-Laurent-Nouan;2;24010
7263;Saint-Laurent-sous-Coiron;0.9;18740
87158;Saint-Laurent-sur-Gorre;3.5;21060
14605;Saint-Laurent-sur-Mer;2.9;24370
55461;Saint-Laurent-sur-Othain;4;21530
56224;Saint-Laurent-sur-Oust;2.7;22000
1370;Saint-Laurent-sur-Saône;4.5;19550
85238;Saint-Laurent-sur-Sèvre;2;23630
79263;Saint-Laurs;1.1;21740
6124;Saint-Léger;0;
17354;Saint-Léger;4.6;22430
47250;Saint-Léger;3.3;23100
53232;Saint-Léger;2.6;21920
62754;Saint-Léger;3.1;24370
73252;Saint-Léger;1.3;24840
77417;Saint-Léger;1;27050
60582;Saint-Léger-aux-Bois;2.8;25350
76598;Saint-Léger-aux-Bois;2.7;21900
23207;Saint-Léger-Bridereix;2.8;21070
33429;Saint-Léger-de-Balson;3.1;20760
58249;Saint-Léger-de-Fougeret;1;20240
49298;Saint-Léger-de-Linières;5.2;26580
86229;Saint-Léger-de-Montbrillais;1.5;19360
79265;Saint-Léger-de-Montbrun;2.3;22180
48168;Saint-Léger-de-Peyre;1.1;19960
27557;Saint-Léger-de-Rôtes;2.9;23890
28344;Saint-Léger-des-Aubées;2.3;25850
35286;Saint-Léger-des-Prés;3;21880
58250;Saint-Léger-des-Vignes;1.7;21690
71438;Saint-Léger-du-Bois;2.7;20890
76599;Saint-Léger-du-Bourg-Denis;7;24510
27558;Saint-Léger-du-Gennetey;2;24890
48169;Saint-Léger-du-Malzieu;1.6;18250
84110;Saint-Léger-du-Ventoux;1.2;
14606;Saint-Léger-Dubosq;2.8;23750
60583;Saint-Léger-en-Bray;4.7;25740
78562;Saint-Léger-en-Yvelines;1.1;31060
87159;Saint-Léger-la-Montagne;3.5;21540
23208;Saint-Léger-le-Guérétois;2.3;22200
18220;Saint-Léger-le-Petit;1.5;20600
80705;Saint-Léger-lès-Authie;3.1;
80706;Saint-Léger-lès-Domart;3.6;19370
5149;Saint-Léger-les-Mélèzes;7.2;21810
71439;Saint-Léger-lès-Paray;2.3;24790
44171;Saint-Léger-les-Vignes;3.3;25730
87160;Saint-Léger-Magnazeix;1.5;17690
10344;Saint-Léger-près-Troyes;3.4;25190
71440;Saint-Léger-sous-Beuvray;0.7;18600
10345;Saint-Léger-sous-Brienne;3.9;22770
49299;Saint-Léger-sous-Cholet;4;24270
71441;Saint-Léger-sous-la-Bussière;5.1;19920
10346;Saint-Léger-sous-Margerie;3.5;
80707;Saint-Léger-sur-Bresle;4.2;
71442;Saint-Léger-sur-Dheune;2.5;22290
42253;Saint-Léger-sur-Roanne;3.5;23810
61415;Saint-Léger-sur-Sarthe;4.2;20950
3239;Saint-Léger-sur-Vouzance;1.8;20580
21556;Saint-Léger-Triey;2;24710
89349;Saint-Léger-Vauban;1;22470
86230;Saint-Léomer;3.6;19740
3240;Saint-Léon;1.3;19800
31495;Saint-Léon;4.6;26450
33431;Saint-Léon;3.4;23810
47251;Saint-Léon;2.9;23720
24441;Saint-Léon-d'Issigeac;2.4;23030
24442;Saint-Léon-sur-l'Isle;2.9;21100
24443;Saint-Léon-sur-Vézère;2.6;17720
32385;Saint-Léonard;3.1;20880
51493;Saint-Léonard;6;
62755;Saint-Léonard;6.4;22370
76600;Saint-Léonard;3.5;24030
88423;Saint-Léonard;4.7;21440
87161;Saint-Léonard-de-Noblat;4.1;21480
72294;Saint-Léonard-des-Bois;1.1;22520
61416;Saint-Léonard-des-Parcs;2.8;
41221;Saint-Léonard-en-Beauce;2.2;21480
12238;Saint-Léons;3;22170
3241;Saint-Léopardin-d'Augy;1.8;18540
56225;Saint-Léry;3;21290
97413;Saint-Leu;5.3;17630
60584;Saint-Leu-d'Esserent;3.5;24050
95563;Saint-Leu-la-Forêt;2.2;28960
65390;Saint-Lézer;3.2;23680
81261;Saint-Lieux-lès-Lavaur;3.9;25800
79267;Saint-Lin;1.1;19840
4187;Saint-Lions;3.7;
9268;Saint-Lizier;4.8;24330
32386;Saint-Lizier-du-Planté;4.5;22320
50502;Saint-Lô;4.1;21010
40269;Saint-Lon-les-Mines;3.9;23600
72295;Saint-Longis;2.8;22860
22311;Saint-Lormel;3.2;23420
39489;Saint-Lothain;3.5;24430
32387;Saint-Loube;3.6;
33432;Saint-Loubert;4.2;22640
33433;Saint-Loubès;3.9;24300
40270;Saint-Loubouer;2.6;21140
14607;Saint-Louet-sur-Seulles;3.2;22500
50504;Saint-Louet-sur-Vire;2.5;21150
57618;Saint-Louis;2.9;24110
68297;Saint-Louis;2.8;24530
97126;Saint-Louis;3.1;
97414;Saint-Louis;8.7;15270
33434;Saint-Louis-de-Montferrand;2.4;22090
24444;Saint-Louis-en-l'Isle;3.2;21730
11352;Saint-Louis-et-Parahou;1.3;
57619;Saint-Louis-lès-Bitche;3.3;23100
3242;Saint-Loup;3.5;21770
17356;Saint-Loup;2.4;20880
23209;Saint-Loup;2.9;18900
39490;Saint-Loup;2.5;24850
41222;Saint-Loup;1.3;21790
50505;Saint-Loup;3.1;24690
51495;Saint-Loup;5.1;
82165;Saint-Loup;3.4;22740
31497;Saint-Loup-Cammas;3.8;29020
89350;Saint-Loup-d'Ordon;1.4;22930
10347;Saint-Loup-de-Buffigny;2.8;23680
77418;Saint-Loup-de-Naud;2.5;23870
71444;Saint-Loup-de-Varennes;3.3;24710
58251;Saint-Loup-des-Bois;2.3;22790
18221;Saint-Loup-des-Chaumes;2.2;22330
45288;Saint-Loup-des-Vignes;1.3;22300
53233;Saint-Loup-du-Dorat;3;20970
53234;Saint-Loup-du-Gast;2.5;22090
8386;Saint-Loup-en-Champagne;5;23200
31498;Saint-Loup-en-Comminges;2.6;
71443;Saint-Loup-Géanges;3.5;25740
14609;Saint-Loup-Hors;4.9;26700
79268;Saint-Loup-Lamairé;3.9;20850
70466;Saint-Loup-Nantouard;4.1;21830
52450;Saint-Loup-sur-Aujon;3.3;21000
70467;Saint-Loup-sur-Semouse;3.7;17290
8387;Saint-Loup-Terrier;2.8;22630
28346;Saint-Lubin-de-Cravant;2.3;
28347;Saint-Lubin-de-la-Haye;1.6;28620
28348;Saint-Lubin-des-Joncherets;1.5;21300
41223;Saint-Lubin-en-Vergonnois;2;25410
27560;Saint-Luc;3.1;25620
28349;Saint-Lucien;2.5;32260
76601;Saint-Lucien;2.8;23040
51496;Saint-Lumier-en-Champagne;2.1;27320
51497;Saint-Lumier-la-Populeuse;1;
44173;Saint-Lumine-de-Clisson;3.5;23200
44174;Saint-Lumine-de-Coutais;2.4;23030
35287;Saint-Lunaire;4.1;27300
28350;Saint-Luperce;2.4;24980
10348;Saint-Lupien;2;21960
10349;Saint-Lyé;3.2;25270
45289;Saint-Lyé-la-Forêt;1.8;25750
44175;Saint-Lyphard;2.8;24360
31499;Saint-Lys;3.3;24340
35300;Saint-M'Hervé;2.3;22080
33435;Saint-Macaire;5.3;21150
49302;Saint-Macaire-du-Bois;2.7;19620
27561;Saint-Maclou;3.8;24030
76602;Saint-Maclou-de-Folleville;3.8;22470
76603;Saint-Maclou-la-Brière;2.6;23260
22312;Saint-Maden;2.3;22910
33436;Saint-Magne;4.5;23740
33437;Saint-Magne-de-Castillon;2.9;21620
63373;Saint-Maigner;4.2;21980
17357;Saint-Maigrin;3;22350
4188;Saint-Maime;3;22120
23210;Saint-Maixant;5.5;22580
33438;Saint-Maixant;5.4;21930
72296;Saint-Maixent;2.3;23340
79269;Saint-Maixent-de-Beugné;1.2;22190
79270;Saint-Maixent-l'École;2.8;19600
85239;Saint-Maixent-sur-Vie;2;21980
28351;Saint-Maixme-Hauterive;2.7;25570
35288;Saint-Malo;5.5;23490
56226;Saint-Malo-de-Beignon;2.2;22300
44176;Saint-Malo-de-Guersac;3;22730
50506;Saint-Malo-de-la-Lande;3.8;21860
35289;Saint-Malo-de-Phily;3.1;22150
56227;Saint-Malo-des-Trois-Fontaines;2.9;20650
85240;Saint-Malô-du-Bois;1.4;23950
58252;Saint-Malo-en-Donziois;1.1;23900
35290;Saint-Malon-sur-Mel;2.9;21070
30281;Saint-Mamert-du-Gard;2.5;23240
31500;Saint-Mamet;5.7;22060
15196;Saint-Mamet-la-Salvetat;3.6;22440
77419;Saint-Mammès;2.4;24330
94067;Saint-Mandé;3.5;36180
17358;Saint-Mandé-sur-Brédoire;1.8;20340
83153;Saint-Mandrier-sur-Mer;4.2;23750
14610;Saint-Manvieu-Norrey;5.8;25600
23211;Saint-Marc-à-Frongier;3.2;22230
23212;Saint-Marc-à-Loubaud;2.4;19290
41224;Saint-Marc-du-Cor;0.6;22760
13095;Saint-Marc-Jaumegarde;4.4;37290
79271;Saint-Marc-la-Lande;1.4;21830
35292;Saint-Marc-le-Blanc;2.8;22310
21557;Saint-Marc-sur-Seine;2.1;22790
35291;Saint-Marcan;2.1;21980
8388;Saint-Marceau;3.8;26640
72297;Saint-Marceau;2.9;22520
1371;Saint-Marcel;2.7;25130
8389;Saint-Marcel;2.9;24800
27562;Saint-Marcel;2.4;24410
36200;Saint-Marcel;3.3;20770
54478;Saint-Marcel;2.3;25050
56228;Saint-Marcel;2.6;23210
70468;Saint-Marcel;4.4;
71445;Saint-Marcel;3.5;22270
73253;Saint-Marcel;4.3;21790
38415;Saint-Marcel-Bel-Accueil;4.2;29880
81262;Saint-Marcel-Campes;2.3;22450
7264;Saint-Marcel-d'Ardèche;2;23660
42255;Saint-Marcel-d'Urfé;3.9;19360
30282;Saint-Marcel-de-Careiret;4.2;23220
42254;Saint-Marcel-de-Félines;2.3;22500
24445;Saint-Marcel-du-Périgord;1.9;20290
3244;Saint-Marcel-en-Marcillat;5.7;22040
3243;Saint-Marcel-en-Murat;1.7;24150
69225;Saint-Marcel-l'Éclairé;2.1;24570
7265;Saint-Marcel-lès-Annonay;3.8;22660
26312;Saint-Marcel-lès-Sauzet;4.1;25390
26313;Saint-Marcel-lès-Valence;4.8;24130
31501;Saint-Marcel-Paulel;4.6;29460
11353;Saint-Marcel-sur-Aude;3.5;20990
71446;Saint-Marcelin-de-Cray;2.3;23840
38416;Saint-Marcellin;2.9;20880
42256;Saint-Marcellin-en-Forez;4.3;23780
84111;Saint-Marcellin-lès-Vaison;4.9;24310
31502;Saint-Marcet;1.4;21490
24446;Saint-Marcory;1;
14613;Saint-Marcouf;2;
50507;Saint-Marcouf;1.6;24320
2682;Saint-Mard;2.8;18840
17359;Saint-Mard;3.6;21830
54479;Saint-Mard;2.2;
77420;Saint-Mard;2.8;26890
80708;Saint-Mard;3.4;24270
61418;Saint-Mard-de-Réno;2.6;24060
71447;Saint-Mard-de-Vaux;1.5;26160
51499;Saint-Mard-lès-Rouffy;2.5;28840
51498;Saint-Mard-sur-Auve;0.9;
51500;Saint-Mard-sur-le-Mont;1.1;19930
76604;Saint-Mards;4.4;26370
27563;Saint-Mards-de-Blacarville;2.8;24610
27564;Saint-Mards-de-Fresne;2.8;23950
10350;Saint-Mards-en-Othe;2.2;20860
23213;Saint-Marien;2.2;16120
33439;Saint-Mariens;4.1;21340
61421;Saint-Mars-d'Égrenne;1.7;21870
72299;Saint-Mars-d'Outillé;2.2;22420
44178;Saint-Mars-de-Coutais;2.2;24010
44179;Saint-Mars-du-Désert;2.5;24830
53236;Saint-Mars-du-Désert;1.6;20180
72300;Saint-Mars-la-Brière;2.4;23200
85242;Saint-Mars-la-Réorthe;2.7;22320
53237;Saint-Mars-sur-Colmont;3.1;21220
53238;Saint-Mars-sur-la-Futaie;1.7;23080
77421;Saint-Mars-Vieux-Maisons;1.1;26010
66183;Saint-Marsal;0;
7267;Saint-Martial;0.4;20010
15199;Saint-Martial;2.3;
16334;Saint-Martial;2.4;18950
17361;Saint-Martial;2.7;20340
30283;Saint-Martial;0;17050
33440;Saint-Martial;3.7;22520
24448;Saint-Martial-d'Albarède;2.5;22270
24449;Saint-Martial-d'Artenset;3.9;22210
19220;Saint-Martial-de-Gimel;1.3;21480
17362;Saint-Martial-de-Mirambeau;2.4;20430
24450;Saint-Martial-de-Nabirat;2.2;21910
24451;Saint-Martial-de-Valette;2.9;21970
17363;Saint-Martial-de-Vitaterne;3.3;23670
19221;Saint-Martial-Entraygues;3.2;
23214;Saint-Martial-le-Mont;4.4;20080
23215;Saint-Martial-le-Vieux;1.7;19380
87163;Saint-Martial-sur-Isop;1.4;17640
17364;Saint-Martial-sur-Né;3.8;24010
24452;Saint-Martial-Viveyrol;2.1;20200
32389;Saint-Martin;3.3;24630
54480;Saint-Martin;1.3;
65392;Saint-Martin;3.7;24710
67426;Saint-Martin;3.1;23730
76612;Saint-Martin-au-Bosc;2.8;20340
76611;Saint-Martin-aux-Arbres;2.8;26760
60585;Saint-Martin-aux-Bois;1.9;23860
76613;Saint-Martin-aux-Buneaux;2;21180
51502;Saint-Martin-aux-Champs;2.4;
14620;Saint-Martin-aux-Chartrains;4.4;26610
71448;Saint-Martin-Belle-Roche;3.9;24790
62758;Saint-Martin-Boulogne;6.5;21390
15200;Saint-Martin-Cantalès;3.5;19420
23216;Saint-Martin-Château;2.5;17020
62759;Saint-Martin-Choquel;2.6;22300
47254;Saint-Martin-Curton;3.5;22190
45290;Saint-Martin-d'Abbat;3.1;24630
51002;Saint-Martin-d'Ablois;2.9;26190
26314;Saint-Martin-d'Août;2.8;22990
64489;Saint-Martin-d'Arberoue;1.4;19820
73256;Saint-Martin-d'Arc;2.1;21650
7268;Saint-Martin-d'Ardèche;1.7;24700
32390;Saint-Martin-d'Armagnac;3.7;23410
64490;Saint-Martin-d'Arrossa;3.1;22270
17365;Saint-Martin-d'Ary;2.7;21300
50510;Saint-Martin-d'Aubigny;2.4;21510
50511;Saint-Martin-d'Audouville;3;21350
18223;Saint-Martin-d'Auxigny;1.9;23350
71449;Saint-Martin-d'Auxy;1.3;26130
61423;Saint-Martin-d'Écublei;3.2;24660
6125;Saint-Martin-d'Entraunes;0;
42257;Saint-Martin-d'Estréaux;2;19070
62760;Saint-Martin-d'Hardinghem;3.2;21700
38421;Saint-Martin-d'Hères;4.5;21160
58254;Saint-Martin-d'Heuille;2.5;24730
63376;Saint-Martin-d'Ollières;0.3;18500
40274;Saint-Martin-d'Oney;3.1;22660
89353;Saint-Martin-d'Ordon;1.3;22390
9270;Saint-Martin-d'Oydes;1.7;19450
38422;Saint-Martin-d'Uriage;2.5;32610
1372;Saint-Martin-de-Bavel;3.8;25590
47255;Saint-Martin-de-Beauville;1.3;22690
79273;Saint-Martin-de-Bernegoue;2.2;24470
14621;Saint-Martin-de-Bienfaite-la-Cressonnière;1.7;19430
14622;Saint-Martin-de-Blagny;1.8;24000
50512;Saint-Martin-de-Bonfossé;3.3;22180
76614;Saint-Martin-de-Boscherville;2.7;32010
10351;Saint-Martin-de-Bossenay;3.3;22820
48170;Saint-Martin-de-Boubaux;0;16330
78564;Saint-Martin-de-Bréthencourt;2.1;28920
4189;Saint-Martin-de-Brômes;8.1;21530
9269;Saint-Martin-de-Caralp;5;23990
84112;Saint-Martin-de-Castillon;1.5;21950
50513;Saint-Martin-de-Cenilly;1.5;20330
38419;Saint-Martin-de-Clelles;2.7;21790
71450;Saint-Martin-de-Commune;2.6;21260
17366;Saint-Martin-de-Coux;2.7;19810
13097;Saint-Martin-de-Crau;4.2;23270
66184;Saint-Martin-de-Fenouillet;3.1;
85244;Saint-Martin-de-Fraigneau;3.3;22090
24453;Saint-Martin-de-Fressengeas;3.1;22370
43210;Saint-Martin-de-Fugères;2.7;20590
32391;Saint-Martin-de-Goyne;2.1;22800
24454;Saint-Martin-de-Gurson;2.2;19820
40272;Saint-Martin-de-Hinx;3.4;23190
17367;Saint-Martin-de-Juillers;3.2;20930
87164;Saint-Martin-de-Jussac;4.4;22040
34273;Saint-Martin-de-l'Arçon;3.9;21270
84113;Saint-Martin-de-la-Brasque;2.5;24490
38115;Saint-Martin-de-la-Cluze;1.6;26540
14625;Saint-Martin-de-la-Lieue;3.3;23160
21560;Saint-Martin-de-la-Mer;2;21240
73258;Saint-Martin-de-la-Porte;2.7;23860
48171;Saint-Martin-de-Lansuscle;0;14480
33442;Saint-Martin-de-Laye;2.6;22810
12239;Saint-Martin-de-Lenne;4.6;21200
33443;Saint-Martin-de-Lerm;2.9;21620
71451;Saint-Martin-de-Lixy;2.7;
34274;Saint-Martin-de-Londres;3.4;24630
79274;Saint-Martin-de-Mâcon;2;22800
14626;Saint-Martin-de-Mailloc;2.1;22870
14408;Saint-Martin-de-May;4.2;23500
14627;Saint-Martin-de-Mieux;5.3;22450
28352;Saint-Martin-de-Nigelles;2.9;28920
83114;Saint-Martin-de-Pallières;1.6;21480
5151;Saint-Martin-de-Queyrières;5.2;22960
17369;Saint-Martin-de-Ré;5;24540
24455;Saint-Martin-de-Ribérac;2.3;21510
79276;Saint-Martin-de-Saint-Maixent;2.4;23450
71452;Saint-Martin-de-Salencey;2.1;24010
79277;Saint-Martin-de-Sanzay;3.3;21940
40273;Saint-Martin-de-Seignanx;2.9;23770
33444;Saint-Martin-de-Sescas;4.4;21440
7269;Saint-Martin-de-Valamas;5.1;20690
30284;Saint-Martin-de-Valgalgues;3.5;19220
50517;Saint-Martin-de-Varreville;1.4;21750
38420;Saint-Martin-de-Vaulserre;2.5;26250
47256;Saint-Martin-de-Villeréal;3.4;
11355;Saint-Martin-de-Villereglan;3;25110
41225;Saint-Martin-des-Bois;2.2;22330
18224;Saint-Martin-des-Champs;1.4;22340
29254;Saint-Martin-des-Champs;5.5;22200
77423;Saint-Martin-des-Champs;1.1;23220
78565;Saint-Martin-des-Champs;1.5;32700
89352;Saint-Martin-des-Champs;2.3;22250
24456;Saint-Martin-des-Combes;1.9;22660
14630;Saint-Martin-des-Entrées;4.3;25270
85245;Saint-Martin-des-Fontaines;2.2;18580
3245;Saint-Martin-des-Lais;2.4;22140
61424;Saint-Martin-des-Landes;2.4;23760
72302;Saint-Martin-des-Monts;1.7;22660
85246;Saint-Martin-des-Noyers;2;22930
63374;Saint-Martin-des-Olmes;1.2;21930
61425;Saint-Martin-des-Pézerits;2.9;24030
63375;Saint-Martin-des-Plains;4.9;20490
22313;Saint-Martin-des-Prés;1.8;19340
11354;Saint-Martin-des-Puits;2.8;
85247;Saint-Martin-des-Tilleuls;1.8;22500
76615;Saint-Martin-du-Bec;3.5;26820
33445;Saint-Martin-du-Bois;3;23030
77424;Saint-Martin-du-Boschet;0.4;25050
16335;Saint-Martin-du-Clocher;3.5;21240
49306;Saint-Martin-du-Fouilloux;3.9;25630
79278;Saint-Martin-du-Fouilloux;2.4;18670
1373;Saint-Martin-du-Frêne;2.5;25030
71453;Saint-Martin-du-Lac;1.5;23420
53240;Saint-Martin-du-Limet;3.6;22110
76616;Saint-Martin-du-Manoir;4.2;29720
1374;Saint-Martin-du-Mont;2.6;25490
21561;Saint-Martin-du-Mont;4;25030
71454;Saint-Martin-du-Mont;1.9;21960
33446;Saint-Martin-du-Puy;2.3;23280
58255;Saint-Martin-du-Puy;1.6;20970
71455;Saint-Martin-du-Tartre;0.8;25100
89354;Saint-Martin-du-Tertre;3.8;23120
95566;Saint-Martin-du-Tertre;1.5;25890
27569;Saint-Martin-du-Tilleul;2.8;25390
6126;Saint-Martin-du-Var;4.3;24210
61426;Saint-Martin-du-Vieux-Bellême;2.6;22160
76617;Saint-Martin-du-Vivier;4.7;36360
77425;Saint-Martin-en-Bière;1.9;32360
71456;Saint-Martin-en-Bresse;2.5;23920
71457;Saint-Martin-en-Gâtinois;1.8;25130
69227;Saint-Martin-en-Haut;2;24790
26315;Saint-Martin-en-Vercors;4.8;19660
32392;Saint-Martin-Gimois;3.6;
61427;Saint-Martin-l'Aiguillon;2.7;21160
86234;Saint-Martin-l'Ars;1.8;19440
24457;Saint-Martin-l'Astier;3.2;22430
51503;Saint-Martin-l'Heureux;2.3;
76620;Saint-Martin-l'Hortier;4.1;23560
27570;Saint-Martin-la-Campagne;1.6;
78567;Saint-Martin-la-Garenne;1.8;28680
19222;Saint-Martin-la-Méanne;3.9;19420
86281;Saint-Martin-la-Pallu;3.7;23200
71458;Saint-Martin-la-Patrouille;2;
42259;Saint-Martin-la-Plaine;1.6;25630
42260;Saint-Martin-la-Sauveté;3;21890
46276;Saint-Martin-Labouval;2.3;19290
33441;Saint-Martin-Lacaussade;3.5;23070
81263;Saint-Martin-Laguépie;4.1;18880
11356;Saint-Martin-Lalande;2.8;22230
85248;Saint-Martin-Lars-en-Sainte-Hermine;2.2;22590
37225;Saint-Martin-le-Beau;4.8;24090
50518;Saint-Martin-le-Bouillant;1.8;21790
1375;Saint-Martin-le-Châtel;2.6;25350
26316;Saint-Martin-le-Colonel;2;24010
76619;Saint-Martin-le-Gaillard;2.6;24120
50519;Saint-Martin-le-Gréard;3.1;27250
87165;Saint-Martin-le-Mault;0.4;17810
60586;Saint-Martin-le-Nœud;2.6;26540
24458;Saint-Martin-le-Pin;1.8;21980
46277;Saint-Martin-le-Redon;2.5;19980
11357;Saint-Martin-le-Vieil;2.9;22720
87166;Saint-Martin-le-Vieux;3;23840
38423;Saint-Martin-le-Vinoux;4.7;24020
4190;Saint-Martin-les-Eaux;2.4;21630
52452;Saint-Martin-lès-Langres;1.9;25390
4191;Saint-Martin-lès-Seyne;3.1;
42261;Saint-Martin-Lestra;3.2;21800
62757;Saint-Martin-lez-Tatinghem;3.7;21970
60587;Saint-Martin-Longueau;3.5;25420
11358;Saint-Martin-Lys;4.7;
76621;Saint-Martin-Osmonville;4.4;24060
47257;Saint-Martin-Petit;3.3;21950
2683;Saint-Martin-Rivière;2.5;19530
27571;Saint-Martin-Saint-Firmin;2.7;23100
23217;Saint-Martin-Sainte-Catherine;0.6;19770
71459;Saint-Martin-sous-Montaigu;2.7;27500
15201;Saint-Martin-sous-Vigouroux;2.6;19870
89355;Saint-Martin-sur-Armançon;3.6;20370
62761;Saint-Martin-sur-Cojeul;3.6;26710
59537;Saint-Martin-sur-Écaillon;3.1;25300
73259;Saint-Martin-sur-la-Chambre;5.4;27260
7270;Saint-Martin-sur-Lavezon;0.8;23720
51504;Saint-Martin-sur-le-Pré;4.2;26190
58256;Saint-Martin-sur-Nohain;1.6;21120
45291;Saint-Martin-sur-Ocre;2.8;25210
56229;Saint-Martin-sur-Oust;3;20320
87167;Saint-Martin-Terressus;3.4;22860
15202;Saint-Martin-Valmeroux;6;19980
6127;Saint-Martin-Vésubie;3.8;21270
3246;Saint-Martinien;1.4;21890
31503;Saint-Martory;4.3;19580
16336;Saint-Mary;2.8;21200
15203;Saint-Mary-le-Plain;1.4;22140
51505;Saint-Masmes;4.3;24200
87168;Saint-Mathieu;2.5;19980
34276;Saint-Mathieu-de-Tréviers;4.3;25010
85250;Saint-Mathurin;3.9;23210
22314;Saint-Maudan;2.8;22070
22315;Saint-Maudez;3.6;22830
35295;Saint-Maugan;2.1;21920
80709;Saint-Maulvis;3.5;19050
18225;Saint-Maur;2.1;19450
32393;Saint-Maur;4.7;20510
36202;Saint-Maur;3.4;24440
39492;Saint-Maur;4.3;20250
60588;Saint-Maur;4.8;20010
50521;Saint-Maur-des-Bois;2.6;19780
94068;Saint-Maur-des-Fossés;6.2;32730
28353;Saint-Maur-sur-le-Loir;1.7;24590
52453;Saint-Maurice;3.3;27480
58257;Saint-Maurice;3.2;
63378;Saint-Maurice;3.5;24960
67427;Saint-Maurice;3.7;27090
94069;Saint-Maurice;4.3;28510
54481;Saint-Maurice-aux-Forges;3.6;23650
89359;Saint-Maurice-aux-Riches-Hommes;1;24660
25524;Saint-Maurice-Colombier;3.2;24830
39493;Saint-Maurice-Crillat;2.4;22680
7272;Saint-Maurice-d'Ardèche;2.9;23980
76622;Saint-Maurice-d'Ételan;1.7;26790
7273;Saint-Maurice-d'Ibie;1;18200
1376;Saint-Maurice-de-Beynost;4.4;23570
30285;Saint-Maurice-de-Cazevieille;2.2;21110
1378;Saint-Maurice-de-Gourdans;2.1;28170
47259;Saint-Maurice-de-Lestapel;1.9;21610
43211;Saint-Maurice-de-Lignon;4.8;23160
1379;Saint-Maurice-de-Rémens;4;24110
71460;Saint-Maurice-de-Satonnay;3.2;26540
71461;Saint-Maurice-des-Champs;1.3;
16337;Saint-Maurice-des-Lions;4.3;19650
85251;Saint-Maurice-des-Noues;1.6;20860
7274;Saint-Maurice-en-Chalencon;2;21440
50522;Saint-Maurice-en-Cotentin;1.6;21840
42262;Saint-Maurice-en-Gourgois;2.1;24080
46279;Saint-Maurice-en-Quercy;3.1;21090
71462;Saint-Maurice-en-Rivière;2;21910
38424;Saint-Maurice-en-Trièves;3.7;22660
5152;Saint-Maurice-en-Valgodemard;6;18580
38425;Saint-Maurice-l'Exil;3.4;21420
86235;Saint-Maurice-la-Clouère;3;23120
23219;Saint-Maurice-la-Souterraine;4.6;20890
85252;Saint-Maurice-le-Girard;1.8;21990
89360;Saint-Maurice-le-Vieil;1.6;24200
87169;Saint-Maurice-les-Brousses;2.3;22990
71463;Saint-Maurice-lès-Châteauneuf;3.3;21780
71464;Saint-Maurice-lès-Couches;2.6;25330
91568;Saint-Maurice-Montcouronne;2.3;32930
34277;Saint-Maurice-Navacelles;0;16900
23218;Saint-Maurice-près-Crocq;2.4;16820
63377;Saint-Maurice-près-Pionsat;0.7;17390
28354;Saint-Maurice-Saint-Germain;3.4;23400
55462;Saint-Maurice-sous-les-Côtes;4.3;21320
40275;Saint-Maurice-sur-Adour;3.3;23480
45292;Saint-Maurice-sur-Aveyron;2.6;21550
26317;Saint-Maurice-sur-Eygues;3.8;20040
45293;Saint-Maurice-sur-Fessard;1.9;23710
88425;Saint-Maurice-sur-Mortagne;4.3;22310
88426;Saint-Maurice-sur-Moselle;1.4;21080
21562;Saint-Maurice-sur-Vingeanne;3.7;20970
89361;Saint-Maurice-Thizouaille;1.8;21530
47260;Saint-Maurin;1.9;20410
54482;Saint-Max;5.6;22560
80710;Saint-Maxent;4.1;21130
30286;Saint-Maximin;5;23650
38426;Saint-Maximin;3;28680
60589;Saint-Maximin;4.1;21630
83116;Saint-Maximin-la-Sainte-Baume;3.7;24490
79281;Saint-Maxire;3.1;26010
26318;Saint-May;4.8;
22316;Saint-Mayeux;1.5;19190
24459;Saint-Mayme-de-Péreyrol;3.4;21750
87170;Saint-Méard;3.1;20290
24460;Saint-Méard-de-Drône;2;20450
24461;Saint-Méard-de-Gurçon;3.1;21000
16338;Saint-Médard;2.3;21800
17372;Saint-Médard;2.3;
31504;Saint-Médard;2.2;22700
32394;Saint-Médard;3.8;21850
36203;Saint-Médard;2.7;
46280;Saint-Médard;2.2;22950
57621;Saint-Médard;3.4;19730
64491;Saint-Médard;1.1;21110
17373;Saint-Médard-d'Aunis;3.1;24360
24463;Saint-Médard-d'Excideuil;3.6;22370
33448;Saint-Médard-d'Eyrans;4.4;26690
33447;Saint-Médard-de-Guizières;2.7;19920
24462;Saint-Médard-de-Mussidan;3.2;21300
46281;Saint-Médard-de-Presque;3.5;24570
42264;Saint-Médard-en-Forez;2.8;25220
33449;Saint-Médard-en-Jalles;3.2;26740
23220;Saint-Médard-la-Rochette;3.8;20070
46282;Saint-Médard-Nicourby;1;
35296;Saint-Médard-sur-Ille;2.3;24250
29255;Saint-Méen;4.4;22050
35297;Saint-Méen-le-Grand;3.5;21340
49308;Saint-Melaine-sur-Aubance;4.4;27640
7275;Saint-Mélany;0;
22317;Saint-Méloir-des-Bois;2.3;21820
35299;Saint-Méloir-des-Ondes;4.8;23940
16340;Saint-Même-les-Carrières;2.9;22840
51506;Saint-Memmie;5.2;21130
88427;Saint-Menge;3.3;20850
8391;Saint-Menges;2.7;21110
3247;Saint-Menoux;4.4;21130
19225;Saint-Merd-de-Lapleau;2.5;20700
23221;Saint-Merd-la-Breuille;2.4;19780
19226;Saint-Merd-les-Oussines;1.3;21050
77426;Saint-Méry;1.2;30090
27572;Saint-Meslin-du-Bosc;2.7;24930
77427;Saint-Mesmes;2.1;28770
10353;Saint-Mesmin;2.1;22510
21563;Saint-Mesmin;2.7;24780
24464;Saint-Mesmin;2.3;19970
85254;Saint-Mesmin;2;22330
19227;Saint-Mexant;2.7;25480
32396;Saint-Mézard;1.2;20870
71465;Saint-Micaud;0.5;24480
2684;Saint-Michel;3.3;18600
9271;Saint-Michel;1.5;
16341;Saint-Michel;3.7;21170
31505;Saint-Michel;2.1;22780
32397;Saint-Michel;4.7;20940
34278;Saint-Michel;0.7;
45294;Saint-Michel;1.3;21780
64492;Saint-Michel;2.9;20940
82166;Saint-Michel;2.6;22260
44182;Saint-Michel-Chef-Chef;4.2;24210
7276;Saint-Michel-d'Aurance;4;23280
30287;Saint-Michel-d'Euzet;4.3;24330
76623;Saint-Michel-d'Halescourt;2.1;20850
46283;Saint-Michel-de-Bannières;4.4;20580
7277;Saint-Michel-de-Boulogne;0.4;20450
33450;Saint-Michel-de-Castelnau;1.4;20280
7278;Saint-Michel-de-Chabrillanoux;1.7;20350
5153;Saint-Michel-de-Chaillol;4.1;21280
72303;Saint-Michel-de-Chavaignes;1.8;21240
48173;Saint-Michel-de-Dèze;1;19650
24465;Saint-Michel-de-Double;2.2;19550
33451;Saint-Michel-de-Fronsac;3.7;22410
53242;Saint-Michel-de-la-Roë;2.4;22050
11359;Saint-Michel-de-Lanès;4.7;24210
33453;Saint-Michel-de-Lapujade;2.5;21080
66185;Saint-Michel-de-Llotes;2.2;21400
73261;Saint-Michel-de-Maurienne;3.8;22700
24466;Saint-Michel-de-Montaigne;2.2;21070
50525;Saint-Michel-de-Montjoie;2.2;20080
22318;Saint-Michel-de-Plélan;3.1;21340
33452;Saint-Michel-de-Rieufret;3.8;25150
38427;Saint-Michel-de-Saint-Geoirs;1.8;23370
81265;Saint-Michel-de-Vax;1.5;
23222;Saint-Michel-de-Veisse;3.3;21140
24468;Saint-Michel-de-Villadeix;3.5;21870
18226;Saint-Michel-de-Volangis;1.7;26240
38428;Saint-Michel-en-Beaumont;1.3;
36204;Saint-Michel-en-Brenne;2.6;19410
22319;Saint-Michel-en-Grève;2.9;23640
85255;Saint-Michel-en-l'Herm;2.4;22010
40276;Saint-Michel-Escalus;5;23420
4192;Saint-Michel-l'Observatoire;4.1;22620
81264;Saint-Michel-Labadié;2.4;
85256;Saint-Michel-le-Cloucq;3;21730
38429;Saint-Michel-les-Portes;2;25720
46284;Saint-Michel-Loubéjou;3.7;22930
62762;Saint-Michel-sous-Bois;2.1;21680
88428;Saint-Michel-sur-Meurthe;5;22670
91570;Saint-Michel-sur-Orge;3.1;23160
42265;Saint-Michel-sur-Rhône;3;26840
26319;Saint-Michel-sur-Savasse;1.1;24110
62763;Saint-Michel-sur-Ternoise;4.3;22500
61432;Saint-Michel-Tubœuf;3.1;23500
55463;Saint-Mihiel;3.3;19600
13098;Saint-Mitre-les-Remparts;3.7;26910
44183;Saint-Molf;4.3;23370
59538;Saint-Momelin;2.5;20710
32398;Saint-Mont;2.7;21560
7279;Saint-Montan;1.6;24050
89362;Saint-Moré;2.7;21600
23223;Saint-Moreil;1;14420
8392;Saint-Morel;2.7;22710
33454;Saint-Morillon;1.9;27330
38430;Saint-Mury-Monteymond;0.4;27860
63379;Saint-Myon;2.8;23580
67428;Saint-Nabor;3.1;26990
88429;Saint-Nabord;5.1;23590
10354;Saint-Nabord-sur-Aube;3.9;24160
82167;Saint-Nauphary;3.9;24590
30288;Saint-Nazaire;2.7;20830
44184;Saint-Nazaire;3.7;21900
66186;Saint-Nazaire;4.2;22250
11360;Saint-Nazaire-d'Aude;3.7;21930
34279;Saint-Nazaire-de-Ladarez;1.1;18720
34280;Saint-Nazaire-de-Pézan;3;22140
82168;Saint-Nazaire-de-Valentane;1.5;20200
30289;Saint-Nazaire-des-Gardies;4.8;
26320;Saint-Nazaire-en-Royans;3.7;20970
26321;Saint-Nazaire-le-Désert;0;16760
38431;Saint-Nazaire-les-Eymes;6.8;34260
17375;Saint-Nazaire-sur-Charente;2;22300
63380;Saint-Nectaire;5.1;20520
24472;Saint-Nexans;2.1;23030
29256;Saint-Nic;2.6;23150
22320;Saint-Nicodème;2.2;18760
62764;Saint-Nicolas;5.6;20300
2685;Saint-Nicolas-aux-Bois;1.9;21950
76624;Saint-Nicolas-d'Aliermont;2.2;21530
37228;Saint-Nicolas-de-Bourgueil;3.5;22730
47262;Saint-Nicolas-de-la-Balerme;2.9;22890
82169;Saint-Nicolas-de-la-Grave;3.5;21410
76626;Saint-Nicolas-de-la-Haie;3;26260
76627;Saint-Nicolas-de-la-Taille;3.3;25890
38432;Saint-Nicolas-de-Macherin;4.6;28530
50528;Saint-Nicolas-de-Pierrepont;2.4;21890
54483;Saint-Nicolas-de-Port;3.4;22780
44185;Saint-Nicolas-de-Redon;2.9;21510
61435;Saint-Nicolas-de-Sommaire;2.7;25270
3248;Saint-Nicolas-des-Biefs;0.4;18720
50529;Saint-Nicolas-des-Bois;1.9;
61433;Saint-Nicolas-des-Bois;1.1;23700
37229;Saint-Nicolas-des-Motets;3.6;22180
22321;Saint-Nicolas-du-Pélem;2.7;20940
56230;Saint-Nicolas-du-Tertre;1.5;21560
10355;Saint-Nicolas-la-Chapelle;2.9;
73262;Saint-Nicolas-la-Chapelle;5.9;23640
21564;Saint-Nicolas-lès-Cîteaux;1.5;25810
69229;Saint-Nizier-d'Azergues;1.9;22220
42266;Saint-Nizier-de-Fornas;2.5;24360
38433;Saint-Nizier-du-Moucherotte;3.3;29830
1380;Saint-Nizier-le-Bouchoux;1.8;22400
1381;Saint-Nizier-le-Désert;1.8;24340
42267;Saint-Nizier-sous-Charlieu;2.1;24450
71466;Saint-Nizier-sur-Arroux;2;21270
56231;Saint-Nolff;3.9;25200
78571;Saint-Nom-la-Bretèche;2.7;44020
73263;Saint-Offenge;2.9;27230
14635;Saint-Omer;2.9;22590
62765;Saint-Omer;3.6;18120
62766;Saint-Omer-Capelle;3.8;23300
60590;Saint-Omer-en-Chaussée;3.1;22220
38434;Saint-Ondras;2.7;23670
35302;Saint-Onen-la-Chapelle;2.7;23430
23224;Saint-Oradoux-de-Chirouze;1.7;
23225;Saint-Oradoux-près-Crocq;3.4;18270
32399;Saint-Orens;3;
31506;Saint-Orens-de-Gameville;4.9;26190
32400;Saint-Orens-Pouy-Petit;3.2;19620
32401;Saint-Ost;4;
41226;Saint-Ouen;2.2;23240
80711;Saint-Ouen;4;18490
17376;Saint-Ouen-d'Aunis;4.9;24450
72305;Saint-Ouen-de-Mimbré;1.3;21540
27579;Saint-Ouen-de-Pontcheuil;3.3;
61438;Saint-Ouen-de-Sécherouvre;4.1;24420
27580;Saint-Ouen-de-Thouberville;3.6;25260
35304;Saint-Ouen-des-Alleux;2.3;22550
53243;Saint-Ouën-des-Toits;1.7;23580
51508;Saint-Ouen-Domprot;1.1;24470
76628;Saint-Ouen-du-Breuil;3.3;23430
14637;Saint-Ouen-du-Mesnil-Oger;2.8;24840
27582;Saint-Ouen-du-Tilleul;2.9;25710
72306;Saint-Ouen-en-Belin;2.5;23060
77428;Saint-Ouen-en-Brie;1.5;27390
72307;Saint-Ouen-en-Champagne;5.3;21910
95572;Saint-Ouen-l'Aumône;3.4;21350
17377;Saint-Ouen-la-Thène;2.6;19650
61439;Saint-Ouen-le-Brisoult;1.5;16510
76629;Saint-Ouen-le-Mauger;3.3;22160
14639;Saint-Ouen-le-Pin;2.2;22240
88430;Saint-Ouen-lès-Parey;2.1;20530
37230;Saint-Ouen-les-Vignes;3;24150
28355;Saint-Ouen-Marchefroy;2;29700
76630;Saint-Ouen-sous-Bailly;1.9;23460
87172;Saint-Ouen-sur-Gartempe;4.2;20710
61440;Saint-Ouen-sur-Iton;2.9;23390
58258;Saint-Ouen-sur-Loire;1.3;22430
77429;Saint-Ouen-sur-Morin;1.5;25620
93070;Saint-Ouen-sur-Seine;4.7;20440
10356;Saint-Oulph;3;22660
63381;Saint-Ours;6.6;23620
73265;Saint-Ours;2.5;26920
18228;Saint-Outrille;1.4;22280
50531;Saint-Ovin;2.2;23350
29257;Saint-Pabu;3.6;24010
76631;Saint-Paër;2.6;25090
14640;Saint-Pair;4.5;24960
50532;Saint-Pair-sur-Mer;5.3;26460
43212;Saint-Pal-de-Chalencon;3.9;22030
43213;Saint-Pal-de-Mons;4.3;22700
43214;Saint-Pal-de-Senouire;3.6;
3249;Saint-Palais;1.2;19530
18229;Saint-Palais;1.8;24520
33456;Saint-Palais;2.2;22460
64493;Saint-Palais;4.2;20710
17378;Saint-Palais-de-Négrignac;3;20240
17379;Saint-Palais-de-Phiolin;3.2;19490
16342;Saint-Palais-du-Né;3;23140
17380;Saint-Palais-sur-Mer;2.7;27250
24474;Saint-Pancrace;4.1;22470
73267;Saint-Pancrace;3.9;27260
54485;Saint-Pancré;2.5;25060
40277;Saint-Pandelon;4.8;24290
84114;Saint-Pantaléon;2.6;22880
19228;Saint-Pantaléon-de-Lapleau;1.5;
19229;Saint-Pantaléon-de-Larche;3.7;22650
26322;Saint-Pantaléon-les-Vignes;3.2;23810
24476;Saint-Pantaly-d'Excideuil;2.5;21150
11361;Saint-Papoul;2.6;21480
33457;Saint-Pardon-de-Conques;4.2;25100
17381;Saint-Pardoult;2.8;21650
63382;Saint-Pardoux;1.9;23040
23226;Saint-Pardoux-d'Arnet;2.4;19870
24477;Saint-Pardoux-de-Drône;1.9;20250
47263;Saint-Pardoux-du-Breuil;2.8;20710
24478;Saint-Pardoux-et-Vielvic;2.3;20640
47264;Saint-Pardoux-Isaac;1.9;20150
19234;Saint-Pardoux-l'Ortigier;2.4;22500
19231;Saint-Pardoux-la-Croisille;3.5;20400
24479;Saint-Pardoux-la-Rivière;3.7;19910
87128;Saint-Pardoux-le-Lac;2.6;21330
19232;Saint-Pardoux-le-Neuf;3.1;
23228;Saint-Pardoux-le-Neuf;4.7;22290
19233;Saint-Pardoux-le-Vieux;2.4;23420
23229;Saint-Pardoux-les-Cards;3.3;19930
23227;Saint-Pardoux-Morterolles;3.5;18690
79285;Saint-Pardoux-Soutiers;1.9;21720
34281;Saint-Pargoire;2;20910
58259;Saint-Parize-en-Viry;1.7;19890
58260;Saint-Parize-le-Châtel;1.9;23780
10357;Saint-Parres-aux-Tertres;3.6;23550
10358;Saint-Parres-lès-Vaudes;2.1;23100
12240;Saint-Parthem;2.6;19620
47265;Saint-Pastour;2.3;19290
65393;Saint-Pastous;3.5;24990
72308;Saint-Paterne - Le Chevain;3.2;23330
37231;Saint-Paterne-Racan;2.9;22480
77430;Saint-Pathus;1.9;26790
50533;Saint-Patrice-de-Claids;2.7;22290
61442;Saint-Patrice-du-Désert;2;22360
19235;Saint-Paul;2;21480
33458;Saint-Paul;3.8;21340
60591;Saint-Paul;3.9;28620
61443;Saint-Paul;2.9;22800
65394;Saint-Paul;2.7;22690
87174;Saint-Paul;3;23630
88431;Saint-Paul;4.1;20900
97415;Saint-Paul;6.9;18910
2686;Saint-Paul-aux-Bois;1.6;23140
81266;Saint-Paul-Cap-de-Joux;2.9;21630
82170;Saint-Paul-d'Espis;2.4;19710
38437;Saint-Paul-d'Izeaux;2.5;25530
31508;Saint-Paul-d'Oueil;4.9;
42269;Saint-Paul-d'Uzore;3;27770
32402;Saint-Paul-de-Baïse;3.3;
66187;Saint-Paul-de-Fenouillet;5.1;17000
27584;Saint-Paul-de-Fourques;2.5;24110
9272;Saint-Paul-de-Jarrat;3.8;21990
15205;Saint-Paul-de-Salers;3.6;21510
24480;Saint-Paul-de-Serre;1.9;24880
43215;Saint-Paul-de-Tartas;4.9;17430
1383;Saint-Paul-de-Varax;2.2;23200
38436;Saint-Paul-de-Varces;2.8;30530
6128;Saint-Paul-de-Vence;3.2;29400
46286;Saint-Paul-de-Vern;2.1;20700
15204;Saint-Paul-des-Landes;4.9;23210
49310;Saint-Paul-du-Bois;2.8;21040
14643;Saint-Paul-du-Vernay;2.6;22600
40278;Saint-Paul-en-Born;4.6;22040
74249;Saint-Paul-en-Chablais;3.5;30180
42270;Saint-Paul-en-Cornillon;2.6;27970
83117;Saint-Paul-en-Forêt;5.1;25180
79286;Saint-Paul-en-Gâtine;2.3;20370
42271;Saint-Paul-en-Jarez;2.6;23630
85259;Saint-Paul-en-Pareds;2.1;23370
34282;Saint-Paul-et-Valmalle;4.3;25710
46103;Saint-Paul-Flaugnac;2.2;20580
30291;Saint-Paul-la-Coste;0.1;20330
24481;Saint-Paul-la-Roche;2.8;19030
48174;Saint-Paul-le-Froid;1.4;15470
72309;Saint-Paul-le-Gaultier;1.3;21950
7280;Saint-Paul-le-Jeune;3.5;19560
40279;Saint-Paul-lès-Dax;4.7;21930
13099;Saint-Paul-lès-Durance;2.5;23350
30355;Saint-Paul-les-Fonts;2.2;23980
38438;Saint-Paul-lès-Monestier;1.2;26020
26323;Saint-Paul-lès-Romans;3.8;23450
24482;Saint-Paul-Lizonne;2.2;20280
85260;Saint-Paul-Mont-Penit;1.9;20920
73268;Saint-Paul-sur-Isère;3.4;24820
31507;Saint-Paul-sur-Save;4.5;23620
4193;Saint-Paul-sur-Ubaye;0;21560
73269;Saint-Paul-sur-Yenne;1.8;26840
26324;Saint-Paul-Trois-Châteaux;3;23910
11362;Saint-Paulet;1.7;21300
30290;Saint-Paulet-de-Caisson;1.7;24460
43216;Saint-Paulien;2.4;22280
72310;Saint-Pavace;3.3;28760
31509;Saint-Pé-d'Ardet;1.9;23390
65395;Saint-Pé-de-Bigorre;3.7;21290
64494;Saint-Pé-de-Léren;3.9;21080
31510;Saint-Pé-Delbosc;3.1;18470
47266;Saint-Pé-Saint-Simon;1.9;18950
64495;Saint-Pée-sur-Nivelle;4.1;23070
35305;Saint-Péran;2.7;24520
45296;Saint-Péravy-la-Colombe;1.8;24990
7281;Saint-Péray;3.9;25790
40280;Saint-Perdon;4;23740
24483;Saint-Perdoux;2.4;20810
46288;Saint-Perdoux;0.9;20490
58261;Saint-Père;3.2;22520
89364;Saint-Père;3.6;21000
44187;Saint-Père-en-Retz;3.5;22290
35306;Saint-Père-Marc-en-Poulet;6.2;23920
45297;Saint-Père-sur-Loire;2.9;22810
58262;Saint-Péreuse;2.3;22390
35307;Saint-Pern;3.4;22470
56232;Saint-Perreux;3.5;22900
22322;Saint-Péver;2;21360
33459;Saint-Pey-d'Armens;4.5;22050
33460;Saint-Pey-de-Castets;3.5;22660
10359;Saint-Phal;2.1;22290
85262;Saint-Philbert-de-Bouaine;3.1;22110
44188;Saint-Philbert-de-Grand-Lieu;2.9;24430
14644;Saint-Philbert-des-Champs;3.3;23160
49311;Saint-Philbert-du-Peuple;2.3;21680
27586;Saint-Philbert-sur-Boissey;3;24840
61444;Saint-Philbert-sur-Orne;1.7;22010
27587;Saint-Philbert-sur-Risle;2.5;21840
21565;Saint-Philibert;3.5;26350
56233;Saint-Philibert;3.6;25680
97417;Saint-Philippe;6.6;14910
33461;Saint-Philippe-d'Aiguille;1.9;21660
33462;Saint-Philippe-du-Seignal;3.7;22160
28357;Saint-Piat;2.3;26940
4194;Saint-Pierre;2.6;19380
15206;Saint-Pierre;1.8;18210
31511;Saint-Pierre;3.9;29730
39494;Saint-Pierre;1.7;28550
51509;Saint-Pierre;1.1;29340
67429;Saint-Pierre;6.8;24150
97225;Saint-Pierre;3.1;15900
97416;Saint-Pierre;6.4;17680
8393;Saint-Pierre-à-Arnes;2.7;
2687;Saint-Pierre-Aigle;2.1;25610
5155;Saint-Pierre-Avez;0;
14645;Saint-Pierre-Azif;4.2;23240
23232;Saint-Pierre-Bellevue;1;19720
76632;Saint-Pierre-Bénouville;3.9;21850
67430;Saint-Pierre-Bois;4.1;27530
59539;Saint-Pierre-Brouck;2.2;23320
14646;Saint-Pierre-Canivet;4.7;22890
23230;Saint-Pierre-Chérignat;1;19630
63383;Saint-Pierre-Colamine;6.6;21560
73270;Saint-Pierre-d'Albigny;3.3;25030
73271;Saint-Pierre-d'Alvey;1;26500
17382;Saint-Pierre-d'Amilly;4.1;22450
5154;Saint-Pierre-d'Argençon;3.6;21750
50536;Saint-Pierre-d'Arthéglise;1.6;21500
32403;Saint-Pierre-d'Aubézies;1.8;
33463;Saint-Pierre-d'Aurillac;4.1;21810
38446;Saint-Pierre-d'Entremont;3.1;22830
61445;Saint-Pierre-d'Entremont;3.2;21230
73274;Saint-Pierre-d'Entremont;3.1;22210
86237;Saint-Pierre-d'Exideuil;4.5;22910
24487;Saint-Pierre-d'Eyraud;3.4;21160
64496;Saint-Pierre-d'Irube;5.8;23880
17385;Saint-Pierre-d'Oléron;3.9;23040
27589;Saint-Pierre-de-Bailleul;2;27830
33464;Saint-Pierre-de-Bat;3.4;23480
73272;Saint-Pierre-de-Belleville;3.8;23450
42272;Saint-Pierre-de-Bœuf;3;24720
38440;Saint-Pierre-de-Bressieux;2.6;24670
47267;Saint-Pierre-de-Buzet;2.7;22510
27590;Saint-Pierre-de-Cernières;1.5;23690
69289;Saint-Pierre-de-Chandieu;1.9;28430
38442;Saint-Pierre-de-Chartreuse;4;26630
38443;Saint-Pierre-de-Chérennes;2;24440
72311;Saint-Pierre-de-Chevillé;2.4;20820
24484;Saint-Pierre-de-Chignac;2.3;22070
47269;Saint-Pierre-de-Clairac;1.7;23580
24485;Saint-Pierre-de-Côle;3.1;19980
7282;Saint-Pierre-de-Colombier;4.1;18980
27591;Saint-Pierre-de-Cormeilles;2.5;23180
50537;Saint-Pierre-de-Coutances;4.5;22600
73273;Saint-Pierre-de-Curtille;3.2;23490
24486;Saint-Pierre-de-Frugie;3.8;19820
73275;Saint-Pierre-de-Genebroz;2.8;25920
36205;Saint-Pierre-de-Jards;1;18970
17383;Saint-Pierre-de-Juillers;2.9;19680
17384;Saint-Pierre-de-l'Isle;2.3;19740
34283;Saint-Pierre-de-la-Fage;0.5;20940
31512;Saint-Pierre-de-Lages;3.9;29600
86236;Saint-Pierre-de-Maillé;3.8;20810
76634;Saint-Pierre-de-Manneville;2.1;26100
38444;Saint-Pierre-de-Méaroz;1.6;21480
38445;Saint-Pierre-de-Mésage;1.8;26760
13061;Saint-Pierre-de-Mézoargues;2.2;22850
33465;Saint-Pierre-de-Mons;4.1;22910
48175;Saint-Pierre-de-Nogaret;2.7;19340
9273;Saint-Pierre-de-Rivière;4.3;23660
27592;Saint-Pierre-de-Salerne;1.7;21310
50538;Saint-Pierre-de-Semilly;2.9;26600
73276;Saint-Pierre-de-Soucy;4.1;25230
81267;Saint-Pierre-de-Trivisy;4.1;19040
76636;Saint-Pierre-de-Varengeville;3.5;25000
71468;Saint-Pierre-de-Varennes;2.3;25000
84115;Saint-Pierre-de-Vassols;3.3;23940
66188;Saint-Pierre-dels-Forcats;6.8;20590
72312;Saint-Pierre-des-Bois;4.6;21300
11363;Saint-Pierre-des-Champs;8.8;20670
37233;Saint-Pierre-des-Corps;3.4;19240
79289;Saint-Pierre-des-Échaubrognes;2.1;22990
27593;Saint-Pierre-des-Fleurs;3.3;25540
14648;Saint-Pierre-des-Ifs;3;23860
27594;Saint-Pierre-des-Ifs;2.2;23090
76635;Saint-Pierre-des-Jonquières;4;
53245;Saint-Pierre-des-Landes;1.8;21640
61446;Saint-Pierre-des-Loges;2.4;21750
53246;Saint-Pierre-des-Nids;1.6;21980
72313;Saint-Pierre-des-Ormes;2.7;21300
48176;Saint-Pierre-des-Tripiers;0;
27595;Saint-Pierre-du-Bosguérard;3.6;26090
14649;Saint-Pierre-du-Bû;4.7;23400
43217;Saint-Pierre-du-Champ;2.7;20370
85264;Saint-Pierre-du-Chemin;2.8;20380
14650;Saint-Pierre-du-Fresne;3;21570
14651;Saint-Pierre-du-Jonquet;3.9;23750
72314;Saint-Pierre-du-Lorouër;2.7;21400
14652;Saint-Pierre-du-Mont;1.9;
40281;Saint-Pierre-du-Mont;4.5;23200
58263;Saint-Pierre-du-Mont;1.8;20840
17386;Saint-Pierre-du-Palais;2.1;18610
91573;Saint-Pierre-du-Perray;2.1;26200
61447;Saint-Pierre-du-Regard;3.5;22120
27597;Saint-Pierre-du-Val;2.8;26320
27598;Saint-Pierre-du-Vauvray;3.6;24780
50539;Saint-Pierre-Église;2.4;21010
14654;Saint-Pierre-en-Auge;3;20720
74250;Saint-Pierre-en-Faucigny;2.4;29510
76637;Saint-Pierre-en-Port;2.5;23200
76638;Saint-Pierre-en-Val;3.5;24680
21566;Saint-Pierre-en-Vaux;5.2;21260
60592;Saint-Pierre-es-Champs;1.8;21920
43218;Saint-Pierre-Eynac;3;24430
63384;Saint-Pierre-la-Bourlhonne;0.2;20250
61448;Saint-Pierre-la-Bruyère;3;24260
53247;Saint-Pierre-la-Cour;2.1;22640
27599;Saint-Pierre-la-Garenne;3;26070
42273;Saint-Pierre-la-Noaille;1.9;22720
17340;Saint-Pierre-La-Noue;3.9;22030
69231;Saint-Pierre-la-Palud;3;26870
7283;Saint-Pierre-la-Roche;0.1;
46340;Saint-Pierre-Lafeuille;2.9;22700
50540;Saint-Pierre-Langers;4.7;23780
3250;Saint-Pierre-Laval;1.8;19890
23233;Saint-Pierre-le-Bost;1.7;19880
63385;Saint-Pierre-le-Chastel;7;23130
58264;Saint-Pierre-le-Moûtier;2.2;19970
48177;Saint-Pierre-le-Vieux;2.4;20840
71469;Saint-Pierre-le-Vieux;4.6;21530
76641;Saint-Pierre-le-Vieux;3.8;27140
85265;Saint-Pierre-le-Vieux;2.4;20650
76642;Saint-Pierre-le-Viger;3.6;20520
60593;Saint-Pierre-lès-Bitry;1.3;24040
18230;Saint-Pierre-les-Bois;1.7;20100
76640;Saint-Pierre-lès-Elbeuf;3.1;21990
18231;Saint-Pierre-les-Étieux;2.1;22630
2688;Saint-Pierre-lès-Franqueville;2.7;
77431;Saint-Pierre-lès-Nemours;2.5;24900
56234;Saint-Pierre-Quiberon;3.3;24330
63386;Saint-Pierre-Roche;4.8;23000
7284;Saint-Pierre-Saint-Jean;2.5;20190
7285;Saint-Pierre-sur-Doux;1.4;
47271;Saint-Pierre-sur-Dropt;4;21030
53248;Saint-Pierre-sur-Erve;2;22730
8395;Saint-Pierre-sur-Vence;4;25300
46289;Saint-Pierre-Toirac;2.1;23300
2689;Saint-Pierremont;3.7;
8394;Saint-Pierremont;5.1;
88432;Saint-Pierremont;4.2;21090
7286;Saint-Pierreville;3.8;20450
55464;Saint-Pierrevillers;3.7;25620
3251;Saint-Plaisir;2.5;21410
31513;Saint-Plancard;0.3;18310
50541;Saint-Planchers;5.4;24330
36207;Saint-Plantaire;2;19620
71470;Saint-Point;3.9;25350
25525;Saint-Point-Lac;2.2;35190
50542;Saint-Pois;1.3;19090
53250;Saint-Poix;2.9;20880
29259;Saint-Pol-de-Léon;4.5;22260
62767;Saint-Pol-sur-Ternoise;4.3;18810
42274;Saint-Polgues;0.6;21290
11364;Saint-Polycarpe;2.2;17440
79290;Saint-Pompain;1.9;23790
24488;Saint-Pompon;2.4;20250
15207;Saint-Poncy;1.4;18110
4195;Saint-Pons;6.1;23310
7287;Saint-Pons;2.5;22540
34285;Saint-Pons-de-Mauchiens;2.4;21080
34284;Saint-Pons-de-Thomières;3.7;16920
30292;Saint-Pons-la-Calm;2.1;23580
3252;Saint-Pont;2.1;23790
17387;Saint-Porchaire;2.4;22840
82171;Saint-Porquier;1.7;21850
22323;Saint-Pôtan;2.9;22190
10360;Saint-Pouange;2.2;26560
3253;Saint-Pourçain-sur-Besbre;2.4;21440
3254;Saint-Pourçain-sur-Sioule;3.9;20970
88433;Saint-Prancher;3.2;
43219;Saint-Préjet-Armandon;0.7;18400
43220;Saint-Préjet-d'Allier;0;17780
28358;Saint-Prest;2.2;28640
16343;Saint-Preuil;1.9;25400
7288;Saint-Priest;0.8;24040
23234;Saint-Priest;2.2;18150
69290;Saint-Priest;3.1;21420
63387;Saint-Priest-Bramefant;3.2;22580
3255;Saint-Priest-d'Andelot;2.8;22020
19236;Saint-Priest-de-Gimel;4;22200
63388;Saint-Priest-des-Champs;1.6;20100
42275;Saint-Priest-en-Jarez;5;25120
3256;Saint-Priest-en-Murat;2.6;20580
23235;Saint-Priest-la-Feuille;3.1;21390
18232;Saint-Priest-la-Marche;1.8;20050
23236;Saint-Priest-la-Plaine;3;22310
42276;Saint-Priest-la-Prugne;1.1;20430
42277;Saint-Priest-la-Roche;0.8;23990
42278;Saint-Priest-la-Vêtre;2.1;20660
24489;Saint-Priest-les-Fougères;3.4;19590
87176;Saint-Priest-Ligoure;1.8;22630
23237;Saint-Priest-Palus;0;
87177;Saint-Priest-sous-Aixe;3.3;23990
87178;Saint-Priest-Taurion;3.2;23470
38448;Saint-Prim;3.8;27870
7289;Saint-Privat;3.7;22060
19237;Saint-Privat;5.4;21010
34286;Saint-Privat;0.6;17930
43221;Saint-Privat-d'Allier;0.5;18720
30293;Saint-Privat-de-Champclos;2;20080
48178;Saint-Privat-de-Vallongue;0.7;17500
30294;Saint-Privat-des-Vieux;3;23120
43222;Saint-Privat-du-Dragon;1.9;19600
48179;Saint-Privat-du-Fau;0.5;19440
57622;Saint-Privat-la-Montagne;2.8;24440
71471;Saint-Privé;1.5;
89365;Saint-Privé;2;21280
3257;Saint-Prix;1.9;21930
7290;Saint-Prix;5.4;18870
71472;Saint-Prix;0;23150
95574;Saint-Prix;3.2;31490
21567;Saint-Prix-lès-Arnay;4.8;22030
46290;Saint-Projet;4.7;22080
82172;Saint-Projet;3.5;19060
15208;Saint-Projet-de-Salers;2.4;21090
85266;Saint-Prouant;3.1;22500
45298;Saint-Pryvé-Saint-Mesmin;3.6;25330
32404;Saint-Puy;2.7;21220
59541;Saint-Python;2.9;20110
17388;Saint-Quantin-de-Rançanne;3.3;22070
22324;Saint-Quay-Perros;4.1;26160
22325;Saint-Quay-Portrieux;2.8;24910
2691;Saint-Quentin;5.1;18400
33466;Saint-Quentin-de-Baron;3.7;22210
61450;Saint-Quentin-de-Blavou;2.1;
33467;Saint-Quentin-de-Caplong;2.9;21620
16346;Saint-Quentin-de-Chalais;2.3;20960
60594;Saint-Quentin-des-Prés;2.7;23390
47272;Saint-Quentin-du-Dropt;2.5;22220
80713;Saint-Quentin-en-Tourmont;2.9;24960
38449;Saint-Quentin-Fallavier;5.3;22550
23238;Saint-Quentin-la-Chabanne;4.3;20200
80714;Saint-Quentin-la-Motte-Croix-au-Bailly;4.3;22550
30295;Saint-Quentin-la-Poterie;3.2;22830
9274;Saint-Quentin-la-Tour;4.4;21940
8396;Saint-Quentin-le-Petit;2.2;22080
51511;Saint-Quentin-le-Verger;2;22360
53251;Saint-Quentin-les-Anges;3.6;22150
61451;Saint-Quentin-les-Chardonnets;2.4;22080
51510;Saint-Quentin-les-Marais;3.7;23420
16345;Saint-Quentin-sur-Charente;2.5;19160
51512;Saint-Quentin-sur-Coole;0.9;27470
37234;Saint-Quentin-sur-Indrois;3.6;23470
38450;Saint-Quentin-sur-Isère;4;25640
50543;Saint-Quentin-sur-le-Homme;3.5;23590
58265;Saint-Quentin-sur-Nohain;1;24100
63389;Saint-Quentin-sur-Sauxillanges;1;21450
63390;Saint-Quintin-sur-Sioule;3.7;23500
9275;Saint-Quirc;2.8;22410
57623;Saint-Quirin;1.3;21800
24491;Saint-Rabier;4.3;22000
71473;Saint-Racho;1.3;21890
26325;Saint-Rambert-d'Albon;2.3;19890
1384;Saint-Rambert-en-Bugey;1.4;20170
24493;Saint-Raphaël;2.9;
83118;Saint-Raphaël;3;25010
42280;Saint-Régis-du-Coin;1.9;22220
37236;Saint-Règle;3.3;25350
7291;Saint-Remèze;0.7;22250
54486;Saint-Remimont;2.5;25470
88434;Saint-Remimont;3.9;24420
88435;Saint-Remy;2.9;24220
1385;Saint-Rémy;2.1;27430
12242;Saint-Rémy;4.2;21900
14656;Saint-Rémy;3.3;20960
19238;Saint-Rémy;2.6;20880
21568;Saint-Rémy;3.6;22410
24494;Saint-Rémy;2.5;22500
71475;Saint-Rémy;4.6;23560
79293;Saint-Rémy;3.2;25050
62768;Saint-Rémy-au-Bois;3.2;20710
54487;Saint-Rémy-aux-Bois;1.6;
2693;Saint-Rémy-Blanzy;1.3;21490
76644;Saint-Rémy-Boscrocourt;2.9;22780
59542;Saint-Remy-Chaussée;3.5;21480
63391;Saint-Rémy-de-Blot;2.7;19110
63392;Saint-Rémy-de-Chargnat;5.4;22380
15209;Saint-Rémy-de-Chaudes-Aigues;4.6;17230
77432;Saint-Rémy-de-la-Vanne;2.1;25570
73278;Saint-Rémy-de-Maurienne;2.5;24410
13100;Saint-Rémy-de-Provence;4.2;23250
72315;Saint-Rémy-de-Sillé;4.3;21420
72316;Saint-Rémy-des-Monts;3.2;21570
59543;Saint-Remy-du-Nord;3.3;21840
35309;Saint-Rémy-du-Plain;2.8;22080
72317;Saint-Rémy-du-Val;2.2;21850
51513;Saint-Remy-en-Bouzemont-Saint-Genest-et-Isson;4.1;21510
70472;Saint-Rémy-en-Comté;2.2;22380
60595;Saint-Remy-en-l'Eau;2.7;25670
3258;Saint-Rémy-en-Rollat;3.1;24140
78576;Saint-Rémy-l'Honoré;2.3;34420
55465;Saint-Remy-la-Calonne;3.1;
8397;Saint-Remy-le-Petit;4.9;
78575;Saint-Rémy-lès-Chevreuse;2.7;34800
10361;Saint-Remy-sous-Barbuise;3.1;24270
51514;Saint-Remy-sous-Broyes;3.8;
28359;Saint-Rémy-sur-Avre;1.7;21610
51515;Saint-Remy-sur-Bussy;0.8;23950
86241;Saint-Rémy-sur-Creuse;2;21560
63393;Saint-Rémy-sur-Durolle;2.6;21200
29260;Saint-Renan;5.3;24930
26326;Saint-Restitut;3.3;28290
85268;Saint-Révérend;2.6;21580
58266;Saint-Révérien;2.1;19570
22326;Saint-Rieul;2.3;21400
41228;Saint-Rimay;3.2;23210
80716;Saint-Riquier;4.3;22730
76645;Saint-Riquier-en-Rivière;3;18780
76646;Saint-Riquier-ès-Plains;3;22290
42281;Saint-Rirand;0.7;17970
29261;Saint-Rivoal;0.6;16970
19239;Saint-Robert;2.8;20510
47273;Saint-Robert;1.3;22930
37237;Saint-Roch;3.5;26860
61452;Saint-Roch-sur-Égrenne;1.8;21690
17391;Saint-Rogatien;4.3;26460
16347;Saint-Romain;2.2;18740
21569;Saint-Romain;2.8;27660
63394;Saint-Romain;2.8;23520
86242;Saint-Romain;4.1;17690
69233;Saint-Romain-au-Mont-d'Or;2.7;35130
7292;Saint-Romain-d'Ay;2.4;23770
42282;Saint-Romain-d'Urfé;2.9;19890
17393;Saint-Romain-de-Benet;4.9;21470
76647;Saint-Romain-de-Colbosc;3.4;24950
38451;Saint-Romain-de-Jalionas;3;26180
7293;Saint-Romain-de-Lerps;1.1;23400
24495;Saint-Romain-de-Monpazier;0.4;17210
69234;Saint-Romain-de-Popey;3.5;26410
38452;Saint-Romain-de-Surieu;2.1;25080
69235;Saint-Romain-en-Gal;3.2;24390
69236;Saint-Romain-en-Gier;4.1;24150
42283;Saint-Romain-en-Jarez;1;24250
84116;Saint-Romain-en-Viennois;5.6;22700
24496;Saint-Romain-et-Saint-Clément;3.3;22200
42284;Saint-Romain-la-Motte;3.2;24040
33470;Saint-Romain-la-Virvée;3.2;24650
43223;Saint-Romain-Lachalm;4.4;22660
47274;Saint-Romain-le-Noble;2.5;24610
42285;Saint-Romain-le-Puy;4.4;23500
42286;Saint-Romain-les-Atheux;3;24840
71477;Saint-Romain-sous-Gourdon;2.1;24570
71478;Saint-Romain-sous-Versigny;2.1;
41229;Saint-Romain-sur-Cher;3.3;21560
26327;Saint-Roman;4.6;21960
30296;Saint-Roman-de-Codières;0.7;17320
84117;Saint-Roman-de-Malegarde;3.3;22830
38453;Saint-Romans;3.9;23700
79294;Saint-Romans-des-Champs;2.1;23280
79295;Saint-Romans-lès-Melle;3.1;22830
31514;Saint-Rome;4.9;
12243;Saint-Rome-de-Cernon;5;22640
12244;Saint-Rome-de-Tarn;3.7;22710
31515;Saint-Rustice;3.7;25230
76648;Saint-Saëns;4;19530
76649;Saint-Saire;5.7;21920
19240;Saint-Salvadour;2.2;22400
81268;Saint-Salvi-de-Carcavès;1.3;
47275;Saint-Salvy;3.1;20830
81269;Saint-Salvy-de-la-Balme;1.6;21050
14657;Saint-Samson;3.4;25380
27601;Saint-Samson-de-la-Roque;2;24920
60596;Saint-Samson-la-Poterie;1.7;22350
22327;Saint-Samson-sur-Rance;4.8;22990
63395;Saint-Sandoux;2;25120
12246;Saint-Santin;2.7;21120
15211;Saint-Santin-Cantalès;1.2;18610
15212;Saint-Santin-de-Maurs;2.7;21950
47276;Saint-Sardos;2.8;22230
82173;Saint-Sardos;2.6;21120
18233;Saint-Satur;3.4;23380
15213;Saint-Saturnin;0.8;16500
16348;Saint-Saturnin;2.7;25460
18234;Saint-Saturnin;1.6;19390
48181;Saint-Saturnin;3.9;
51516;Saint-Saturnin;1.8;
63396;Saint-Saturnin;3.1;27330
72320;Saint-Saturnin;3.1;26440
12247;Saint-Saturnin-de-Lenne;3.7;21640
34287;Saint-Saturnin-de-Lucian;4;20880
17394;Saint-Saturnin-du-Bois;3.6;21420
53253;Saint-Saturnin-du-Limet;3.1;21230
84118;Saint-Saturnin-lès-Apt;3.4;24060
84119;Saint-Saturnin-lès-Avignon;3.2;25480
24498;Saint-Saud-Lacoussière;3.5;19940
80717;Saint-Sauflieu;4.1;25590
58267;Saint-Saulge;3.7;20850
59544;Saint-Saulve;5.1;21740
15214;Saint-Saury;4;18090
17395;Saint-Sauvant;3.8;23370
86244;Saint-Sauvant;4.1;21830
63397;Saint-Sauves-d'Auvergne;6.9;21780
5156;Saint-Sauveur;4.6;22410
21571;Saint-Sauveur;2.2;22660
24499;Saint-Sauveur;2.6;24720
29262;Saint-Sauveur;2.5;20680
31516;Saint-Sauveur;3.5;24280
33471;Saint-Sauveur;4.2;23960
38454;Saint-Sauveur;2.7;23650
54488;Saint-Sauveur;2.3;
60597;Saint-Sauveur;2.3;23680
70473;Saint-Sauveur;4.2;20450
80718;Saint-Sauveur;4.6;23500
30297;Saint-Sauveur-Camprieu;0;20390
17396;Saint-Sauveur-d'Aunis;4.3;23820
76650;Saint-Sauveur-d'Émalleville;3.8;26780
61453;Saint-Sauveur-de-Carrouges;2.4;22490
7294;Saint-Sauveur-de-Cruzières;2.6;19090
48182;Saint-Sauveur-de-Ginestoux;1.4;
47277;Saint-Sauveur-de-Meilhan;3;20480
7295;Saint-Sauveur-de-Montagut;2.7;20360
50548;Saint-Sauveur-de-Pierrepont;2.4;20730
33472;Saint-Sauveur-de-Puynormand;2;21660
35310;Saint-Sauveur-des-Landes;4.2;23150
26328;Saint-Sauveur-en-Diois;3.1;
89368;Saint-Sauveur-en-Puisaye;4.2;20380
42287;Saint-Sauveur-en-Rue;2.9;21340
26329;Saint-Sauveur-Gouvernet;0.7;17800
50549;Saint-Sauveur-la-Pommeraye;3.8;21720
63398;Saint-Sauveur-la-Sagne;1;
24500;Saint-Sauveur-Lalande;2.1;21040
50551;Saint-Sauveur-le-Vicomte;2.9;21220
77434;Saint-Sauveur-lès-Bray;1.4;24810
28360;Saint-Sauveur-Marville;1.8;24920
77435;Saint-Sauveur-sur-École;1.9;33090
6129;Saint-Sauveur-sur-Tinée;6.8;22120
50550;Saint-Sauveur-Villages;3.3;20900
3259;Saint-Sauvier;1.3;20060
32406;Saint-Sauvy;4;23140
33473;Saint-Savin;3.3;21900
38455;Saint-Savin;4;26140
65396;Saint-Savin;5;23060
86246;Saint-Savin;2;19490
17397;Saint-Savinien;4.2;20950
13101;Saint-Savournin;3.2;27300
23239;Saint-Sébastien;2;19570
30298;Saint-Sébastien-d'Aigrefeuille;2.2;23040
27602;Saint-Sébastien-de-Morsent;2.2;23160
50552;Saint-Sébastien-de-Raids;2;21640
44190;Saint-Sébastien-sur-Loire;4.7;25500
86248;Saint-Secondin;3.7;19610
29263;Saint-Ségal;3.1;23310
35311;Saint-Séglin;4.3;20830
58268;Saint-Seine;1.3;20080
21572;Saint-Seine-en-Bâche;4.2;23140
21573;Saint-Seine-l'Abbaye;4;22150
21574;Saint-Seine-sur-Vingeanne;3.5;24020
33474;Saint-Selve;3.4;27000
50553;Saint-Senier-de-Beuvron;2.6;21550
50554;Saint-Senier-sous-Avranches;3.3;24830
37238;Saint-Senoch;5;20120
35312;Saint-Senoux;2.2;23260
34288;Saint-Sériès;5.6;27150
7296;Saint-Sernin;3;22470
11365;Saint-Sernin;2.3;
47278;Saint-Sernin;2.7;18580
71479;Saint-Sernin-du-Bois;1.4;23650
71480;Saint-Sernin-du-Plain;2;22580
81270;Saint-Sernin-lès-Lavaur;2.3;23410
12248;Saint-Sernin-sur-Rance;3.8;21130
89369;Saint-Sérotin;1.1;24490
22328;Saint-Servais;3;19160
29264;Saint-Servais;4;23070
56236;Saint-Servant;3.6;22070
19241;Saint-Setiers;0.6;21300
33475;Saint-Seurin-de-Bourg;3.2;22430
33476;Saint-Seurin-de-Cadourne;1.7;21020
33477;Saint-Seurin-de-Cursac;3.5;21280
17398;Saint-Seurin-de-Palenne;3.2;23980
24501;Saint-Seurin-de-Prats;3.5;19920
33478;Saint-Seurin-sur-l'Isle;2.7;19140
33479;Saint-Sève;3.4;22420
40282;Saint-Sever;3.5;22940
65397;Saint-Sever-de-Rustan;3.2;21970
17400;Saint-Sever-de-Saintonge;3.2;22670
12249;Saint-Sever-du-Moustier;1.2;17390
16350;Saint-Séverin;2.9;20550
24502;Saint-Séverin-d'Estissac;2.4;21220
17401;Saint-Séverin-sur-Boutonne;2;20890
30299;Saint-Siffret;3.5;26560
45299;Saint-Sigismond;0.9;23680
74252;Saint-Sigismond;5.3;29410
85269;Saint-Sigismond;2.1;22240
17402;Saint-Sigismond-de-Clermont;3.6;23670
23240;Saint-Silvain-Bas-le-Roc;2.6;21170
23241;Saint-Silvain-Bellegarde;2.9;18960
23242;Saint-Silvain-Montaigut;1.3;19710
23243;Saint-Silvain-sous-Toulx;1.8;17380
27603;Saint-Siméon;2.6;23140
77436;Saint-Siméon;2.4;26230
38457;Saint-Siméon-de-Bressieux;3;21040
2694;Saint-Simon;1.9;21730
15215;Saint-Simon;3.7;23860
16352;Saint-Simon;2.9;22800
46292;Saint-Simon;3.4;23450
17403;Saint-Simon-de-Bordes;2.7;22370
17404;Saint-Simon-de-Pellouaille;2.9;22300
74253;Saint-Sixt;1.2;34320
42288;Saint-Sixte;3.4;21520
47279;Saint-Sixte;2.8;23570
19242;Saint-Solve;2.8;21990
73280;Saint-Sorlin-d'Arves;4.9;21120
17405;Saint-Sorlin-de-Conac;2;21870
38458;Saint-Sorlin-de-Morestel;2.2;24470
38459;Saint-Sorlin-de-Vienne;1.7;26390
1386;Saint-Sorlin-en-Bugey;3.5;26690
26330;Saint-Sorlin-en-Valloire;3.6;22590
3260;Saint-Sornin;2.2;17210
16353;Saint-Sornin;3.8;21660
17406;Saint-Sornin;2.9;20780
87179;Saint-Sornin-la-Marche;3;18360
19243;Saint-Sornin-Lavolps;3.2;21370
87180;Saint-Sornin-Leulac;2.5;20420
32407;Saint-Soulan;4;21130
59545;Saint-Souplet;2.3;18880
51517;Saint-Souplet-sur-Py;1.3;23740
77437;Saint-Soupplets;2.1;25030
46293;Saint-Sozy;2;21990
88436;Saint-Stail;1.4;
35314;Saint-Suliac;5.8;27120
1387;Saint-Sulpice;1.7;23240
46294;Saint-Sulpice;1;17520
58269;Saint-Sulpice;3.8;21600
60598;Saint-Sulpice;2.8;24520
63399;Saint-Sulpice;2.5;
70474;Saint-Sulpice;3.4;23390
73281;Saint-Sulpice;2.4;27270
17408;Saint-Sulpice-d'Arnoult;2.4;21160
24505;Saint-Sulpice-d'Excideuil;2.6;20800
33480;Saint-Sulpice-de-Faleyrens;4.4;22850
91578;Saint-Sulpice-de-Favières;2.1;34040
27604;Saint-Sulpice-de-Grimbouville;2.6;26370
33481;Saint-Sulpice-de-Guilleragues;3.4;20620
41230;Saint-Sulpice-de-Pommeray;2.6;24530
33482;Saint-Sulpice-de-Pommiers;3.7;19580
24504;Saint-Sulpice-de-Roumagnac;1.3;21170
17409;Saint-Sulpice-de-Royan;4.3;24190
16356;Saint-Sulpice-de-Ruffec;2.8;
35316;Saint-Sulpice-des-Landes;1.8;20220
38460;Saint-Sulpice-des-Rivoires;2.2;24690
33483;Saint-Sulpice-et-Cameyrac;3.6;25480
35315;Saint-Sulpice-la-Forêt;3.8;27370
81271;Saint-Sulpice-la-Pointe;2.9;24520
87181;Saint-Sulpice-Laurière;3.2;20140
23244;Saint-Sulpice-le-Dunois;3.6;20930
23245;Saint-Sulpice-le-Guérétois;3.5;23930
19244;Saint-Sulpice-les-Bois;0;
23246;Saint-Sulpice-les-Champs;4.4;20540
87182;Saint-Sulpice-les-Feuilles;2.8;20570
31517;Saint-Sulpice-sur-Lèze;4.3;22130
61456;Saint-Sulpice-sur-Risle;3;22880
54489;Saint-Supplet;2.7;26590
14659;Saint-Sylvain;3.1;23530
19245;Saint-Sylvain;2.6;21840
76651;Saint-Sylvain;3.2;21080
7297;Saint-Sylvestre;2.5;20430
74254;Saint-Sylvestre;2.6;30320
87183;Saint-Sylvestre;3.5;23130
59546;Saint-Sylvestre-Cappel;4.3;23930
27605;Saint-Sylvestre-de-Cormeilles;2.2;23710
63400;Saint-Sylvestre-Pragoulin;2.1;22360
47280;Saint-Sylvestre-sur-Lot;2.3;21480
18236;Saint-Symphorien;1.6;21040
27606;Saint-Symphorien;3.3;22840
33484;Saint-Symphorien;3.9;21370
35317;Saint-Symphorien;4.6;24330
72321;Saint-Symphorien;3.4;22830
79298;Saint-Symphorien;3.3;25530
71481;Saint-Symphorien-d'Ancelles;2.2;23820
69291;Saint-Symphorien-d'Ozon;4.3;26560
42289;Saint-Symphorien-de-Lay;3.1;22130
7299;Saint-Symphorien-de-Mahun;0.4;19590
71482;Saint-Symphorien-de-Marmagne;1.8;23360
12250;Saint-Symphorien-de-Thénières;5.8;20860
71483;Saint-Symphorien-des-Bois;2.5;23370
61457;Saint-Symphorien-des-Bruyères;3.1;23200
7298;Saint-Symphorien-sous-Chomérac;2.5;24610
69238;Saint-Symphorien-sur-Coise;3.1;21800
21575;Saint-Symphorien-sur-Saône;3.1;21970
29266;Saint-Thégonnec Loc-Eguiner;4.1;22410
22330;Saint-Thélo;1.6;21860
30300;Saint-Théodorit;3.6;21830
38462;Saint-Théoffrey;2.5;25270
73282;Saint-Thibaud-de-Couz;0.7;24530
10363;Saint-Thibault;1.6;23990
21576;Saint-Thibault;3.9;18770
60599;Saint-Thibault;3;21590
77438;Saint-Thibault-des-Vignes;4.1;26940
34289;Saint-Thibéry;4.1;20600
39495;Saint-Thiébaud;2.1;
52455;Saint-Thiébault;1.3;22390
51518;Saint-Thierry;4.5;29720
29267;Saint-Thois;3.1;21310
2696;Saint-Thomas;3.6;
31518;Saint-Thomas;2;26040
17410;Saint-Thomas-de-Conac;2.2;20360
53256;Saint-Thomas-de-Courceriers;1.6;20100
51519;Saint-Thomas-en-Argonne;1.6;
26331;Saint-Thomas-en-Royans;3.8;21880
42290;Saint-Thomas-la-Garde;2.8;25340
7300;Saint-Thomé;1.8;24940
29268;Saint-Thonan;6;25310
35318;Saint-Thual;2.4;23420
35319;Saint-Thurial;3.1;24030
56237;Saint-Thuriau;2.8;24060
29269;Saint-Thurien;2.7;21500
62769;Saint-Tricat;3.5;25570
22332;Saint-Trimoël;2.9;22700
84120;Saint-Trinit;3.8;21040
1388;Saint-Trivier-de-Courtes;1.9;21030
1389;Saint-Trivier-sur-Moignans;2.6;23920
33486;Saint-Trojan;3.7;21110
17411;Saint-Trojan-les-Bains;3;22040
83119;Saint-Tropez;4;25990
56238;Saint-Tugdual;2.9;20130
72322;Saint-Ulphace;2.5;22810
68299;Saint-Ulrich;1.6;24980
35320;Saint-Uniac;3.6;23090
29270;Saint-Urbain;5.2;25170
85273;Saint-Urbain;3.3;22220
52456;Saint-Urbain-Maconcourt;4.1;21660
47281;Saint-Urcisse;3;23630
81272;Saint-Urcisse;2.8;18250
15216;Saint-Urcize;5.7;22520
10364;Saint-Usage;0.7;
21577;Saint-Usage;3;21900
71484;Saint-Usuge;2.8;21920
51520;Saint-Utin;3;
26332;Saint-Uze;2.2;21920
76652;Saint-Vaast-d'Équiqueville;3.3;21160
60600;Saint-Vaast-de-Longmont;2.5;26720
76653;Saint-Vaast-Dieppedalle;2.3;21720
76654;Saint-Vaast-du-Val;3.9;24360
14660;Saint-Vaast-en-Auge;3.7;23280
59547;Saint-Vaast-en-Cambrésis;3.2;20920
80722;Saint-Vaast-en-Chaussée;3.9;26050
50562;Saint-Vaast-la-Hougue;2.7;21580
60601;Saint-Vaast-lès-Mello;1.6;23680
14661;Saint-Vaast-sur-Seulles;3.2;22510
17412;Saint-Vaize;4.4;21900
36209;Saint-Valentin;1.4;22760
85274;Saint-Valérien;2.4;22330
89370;Saint-Valérien;1.3;20890
60602;Saint-Valery;2.4;
76655;Saint-Valery-en-Caux;2.9;21390
80721;Saint-Valery-sur-Somme;3.2;23260
71485;Saint-Vallerin;2.8;27020
16357;Saint-Vallier;0.9;18610
26333;Saint-Vallier;2.1;18280
71486;Saint-Vallier;2.6;21930
88437;Saint-Vallier;2.9;
6130;Saint-Vallier-de-Thiey;3.6;25090
52457;Saint-Vallier-sur-Marne;3.3;23540
79299;Saint-Varent;3;21360
23247;Saint-Vaury;4.6;22450
62770;Saint-Venant;3.4;22800
43225;Saint-Vénérand;0.7;
58270;Saint-Vérain;2.3;21420
5157;Saint-Véran;3.5;19230
38463;Saint-Vérand;2.6;23260
69239;Saint-Vérand;3.1;25940
71487;Saint-Vérand;2.4;25530
43226;Saint-Vert;0;18480
19246;Saint-Viance;3.6;23990
41231;Saint-Viâtre;2.6;21930
44192;Saint-Viaud;2.8;22650
72323;Saint-Victeur;2;22390
3262;Saint-Victor;3.4;24700
7301;Saint-Victor;4;20800
15217;Saint-Victor;1;
24508;Saint-Victor;1.9;24040
27609;Saint-Victor-d'Épine;1.5;23780
28362;Saint-Victor-de-Buthon;2;23150
38464;Saint-Victor-de-Cessieu;2.2;24610
27608;Saint-Victor-de-Chrétienville;3.4;23930
30303;Saint-Victor-de-Malcap;2.8;20860
38465;Saint-Victor-de-Morestel;1.1;23890
30301;Saint-Victor-des-Oules;3;22880
23248;Saint-Victor-en-Marche;1.4;23370
12251;Saint-Victor-et-Melvieu;1.3;20580
76656;Saint-Victor-l'Abbaye;4.1;21610
30302;Saint-Victor-la-Coste;1.5;24790
63401;Saint-Victor-la-Rivière;7.2;22170
43227;Saint-Victor-Malescours;3.7;24750
63402;Saint-Victor-Montvianeix;0.5;20870
9276;Saint-Victor-Rouzaud;1.3;21420
43228;Saint-Victor-sur-Arlanc;2.5;
27610;Saint-Victor-sur-Avre;2.2;
21578;Saint-Victor-sur-Ouche;1;25390
42293;Saint-Victor-sur-Rhins;4;22600
13102;Saint-Victoret;6.4;22680
19247;Saint-Victour;1.4;23370
87185;Saint-Victurnien;4.9;23220
43229;Saint-Vidal;2.5;24440
27611;Saint-Vigor;1.4;24590
76657;Saint-Vigor-d'Ymonville;3;26950
50563;Saint-Vigor-des-Monts;1.8;21600
14663;Saint-Vigor-le-Grand;3.5;24390
31519;Saint-Vincent;4.3;26680
43230;Saint-Vincent;2.4;22570
63403;Saint-Vincent;1.9;24410
64498;Saint-Vincent;3;22680
71490;Saint-Vincent-Bragny;2.5;22850
76658;Saint-Vincent-Cramesnil;2.4;29280
82174;Saint-Vincent-d'Autéjac;3.6;21730
34291;Saint-Vincent-d'Olargues;2.1;18730
34290;Saint-Vincent-de-Barbeyrargues;4.4;28520
7302;Saint-Vincent-de-Barrès;1.2;25130
42294;Saint-Vincent-de-Boisset;3.5;27130
24509;Saint-Vincent-de-Connezac;2.7;19530
24510;Saint-Vincent-de-Cosse;4.1;19900
7303;Saint-Vincent-de-Durfort;0.8;22140
47282;Saint-Vincent-de-Lamontjoie;1.6;22210
38466;Saint-Vincent-de-Mercuze;3.6;29770
33487;Saint-Vincent-de-Paul;5.3;22830
40283;Saint-Vincent-de-Paul;4.4;23940
33488;Saint-Vincent-de-Pertignas;3.7;22730
69240;Saint-Vincent-de-Reins;1.4;21280
15218;Saint-Vincent-de-Salers;0.7;
40284;Saint-Vincent-de-Tyrosse;5.6;22380
27612;Saint-Vincent-des-Bois;2.3;25900
44193;Saint-Vincent-des-Landes;2.6;20480
71488;Saint-Vincent-des-Prés;3;23780
72324;Saint-Vincent-des-Prés;2.2;20900
27613;Saint-Vincent-du-Boulay;2.9;23630
72325;Saint-Vincent-du-Lorouër;1.8;20650
46295;Saint-Vincent-du-Pendit;2.2;23380
71489;Saint-Vincent-en-Bresse;1.9;22280
24511;Saint-Vincent-Jalmoutiers;1.7;20070
79301;Saint-Vincent-la-Châtre;4.5;23280
26382;Saint-Vincent-la-Commanderie;2.6;24210
24512;Saint-Vincent-le-Paluel;2.7;23450
82175;Saint-Vincent-Lespinasse;2.1;22280
46296;Saint-Vincent-Rive-d'Olt;2.7;22790
85276;Saint-Vincent-Sterlanges;2.3;21970
85277;Saint-Vincent-sur-Graon;1.9;21980
4199;Saint-Vincent-sur-Jabron;0;21690
85278;Saint-Vincent-sur-Jard;3.3;24630
24513;Saint-Vincent-sur-l'Isle;2;22350
56239;Saint-Vincent-sur-Oust;2.8;22120
25527;Saint-Vit;5.5;23430
73283;Saint-Vital;3.3;25050
47283;Saint-Vite;2.2;18720
18238;Saint-Vitte;1.3;19080
87186;Saint-Vitte-sur-Briance;3.4;20040
17413;Saint-Vivien;6.1;25390
24514;Saint-Vivien;2.1;19560
33489;Saint-Vivien-de-Blaye;4.1;23900
33490;Saint-Vivien-de-Médoc;4;21560
33491;Saint-Vivien-de-Monségur;3.5;19790
3263;Saint-Voir;0.8;21750
29271;Saint-Vougay;2.9;21880
51521;Saint-Vrain;2.4;21770
91579;Saint-Vrain;1.8;29300
22333;Saint-Vran;2.9;20360
1390;Saint-Vulbas;2.3;24750
59548;Saint-Waast;3.2;24400
95580;Saint-Witz;1.9;34910
17414;Saint-Xandre;6;25370
40285;Saint-Yaguen;3.8;22280
71491;Saint-Yan;2.4;21970
9277;Saint-Ybars;3.9;22050
91581;Saint-Yon;2.2;31620
3264;Saint-Yorre;3.1;21180
23249;Saint-Yrieix-la-Montagne;0;18700
87187;Saint-Yrieix-la-Perche;4.2;21760
19249;Saint-Yrieix-le-Déjalat;5.6;20150
23250;Saint-Yrieix-les-Bois;2.2;20020
87188;Saint-Yrieix-sous-Aixe;3.6;24150
16358;Saint-Yrieix-sur-Charente;4;24140
29272;Saint-Yvi;4.6;23430
63404;Saint-Yvoine;8.6;25540
33492;Saint-Yzan-de-Soudiac;2.3;20730
33493;Saint-Yzans-de-Médoc;1.8;19900
83120;Saint-Zacharie;2.7;25990
76552;Sainte-Adresse;2.9;32880
63310;Sainte-Agathe;1.5;19300
76553;Sainte-Agathe-d'Aliermont;3.1;20350
42196;Sainte-Agathe-en-Donzy;2.3;21690
42197;Sainte-Agathe-la-Bouteresse;3.7;21900
6113;Sainte-Agnès;0;26740
38350;Sainte-Agnès;1.3;28920
15171;Sainte-Anastasie;4.1;
30228;Sainte-Anastasie;3.2;23320
83111;Sainte-Anastasie-sur-Issole;2.8;23430
25513;Sainte-Anne;1.9;
32357;Sainte-Anne;2;24260
41200;Sainte-Anne;2.7;27750
97128;Sainte-Anne;3.4;
97226;Sainte-Anne;1.9;18230
56263;Sainte-Anne-d'Auray;5;23730
87134;Sainte-Anne-Saint-Priest;1.5;20280
44152;Sainte-Anne-sur-Brivet;3.2;23260
38358;Sainte-Anne-sur-Gervonde;1.5;24630
35249;Sainte-Anne-sur-Vilaine;1.7;20230
77401;Sainte-Aulde;2.2;26320
32363;Sainte-Aurence-Cazaux;2.5;
76566;Sainte-Austreberthe;2.7;22700
57607;Sainte-Barbe;3.6;28040
88410;Sainte-Barbe;3.3;20360
47233;Sainte-Bazeille;3.7;21140
76567;Sainte-Beuve-en-Rivière;4.3;21710
38369;Sainte-Blandine;4.3;25100
56209;Sainte-Brigitte;1.2;21190
11334;Sainte-Camelle;2.3;22410
62744;Sainte-Catherine;4.6;26350
63328;Sainte-Catherine;3.6;
69184;Sainte-Catherine;1.9;25380
37212;Sainte-Catherine-de-Fierbois;3.2;22410
50453;Sainte-Cécile;2.7;22640
71397;Sainte-Cécile;4.7;23490
85202;Sainte-Cécile;2.4;21670
30239;Sainte-Cécile-d'Andorge;2.5;20810
81246;Sainte-Cécile-du-Cayrou;2.4;19820
84106;Sainte-Cécile-les-Vignes;3.9;21930
61373;Sainte-Céronne-lès-Mortagne;4.3;23920
72272;Sainte-Cérotte;1.8;22100
32368;Sainte-Christie;2.7;23830
32369;Sainte-Christie-d'Armagnac;3.5;23200
63329;Sainte-Christine;5.7;23120
5135;Sainte-Colombe;0;
17319;Sainte-Colombe;3;21640
25515;Sainte-Colombe;2.7;31930
33390;Sainte-Colombe;2.7;23330
35262;Sainte-Colombe;2.7;22730
40252;Sainte-Colombe;3.4;23290
46260;Sainte-Colombe;1.9;20150
50457;Sainte-Colombe;2.7;21330
69189;Sainte-Colombe;3.3;24540
76569;Sainte-Colombe;3.8;21430
77404;Sainte-Colombe;2.6;23010
89339;Sainte-Colombe;2.5;22940
47236;Sainte-Colombe-de-Duras;3.4;
66170;Sainte-Colombe-de-la-Commanderie;1.9;31710
47237;Sainte-Colombe-de-Villeneuve;3;25260
58236;Sainte-Colombe-des-Bois;0.9;24890
21544;Sainte-Colombe-en-Auxois;1.3;
47238;Sainte-Colombe-en-Bruilhois;1.8;24610
27524;Sainte-Colombe-la-Commanderie;2.4;24580
27525;Sainte-Colombe-près-Vernon;1.7;28650
42209;Sainte-Colombe-sur-Gand;2.5;21640
11335;Sainte-Colombe-sur-Guette;2.1;
11336;Sainte-Colombe-sur-l'Hers;2.7;18100
21545;Sainte-Colombe-sur-Seine;4;21300
64473;Sainte-Colome;4.6;21860
69190;Sainte-Consorce;3.1;30200
1342;Sainte-Croix;2.1;30350
2675;Sainte-Croix;3.1;21830
12217;Sainte-Croix;2;21150
24393;Sainte-Croix;0.8;
26299;Sainte-Croix;3.7;19420
81326;Sainte-Croix;2.2;25110
4175;Sainte-Croix-à-Lauze;0.6;
68294;Sainte-Croix-aux-Mines;3.7;22220
30246;Sainte-Croix-de-Caderle;1;16900
24394;Sainte-Croix-de-Mareuil;2.2;20320
34248;Sainte-Croix-de-Quintillargues;3.6;27460
33392;Sainte-Croix-du-Mont;5;20530
4176;Sainte-Croix-du-Verdon;4.1;23000
71401;Sainte-Croix-en-Bresse;1.9;21270
42210;Sainte-Croix-en-Jarez;0.6;24000
68295;Sainte-Croix-en-Plaine;4.2;27450
76571;Sainte-Croix-sur-Buchy;2.5;25470
14569;Sainte-Croix-sur-Mer;3;27360
48144;Sainte-Croix-Vallée-Française;3.6;16730
9257;Sainte-Croix-Volvestre;1.6;19690
32373;Sainte-Dode;3.8;22250
79246;Sainte-Eanne;2.7;21570
64475;Sainte-Engrâce;1.1;16900
43183;Sainte-Eugénie-de-Villeneuve;2.5;20250
7235;Sainte-Eulalie;1.2;18790
11340;Sainte-Eulalie;3.3;23940
15186;Sainte-Eulalie;7.2;19990
33397;Sainte-Eulalie;5;24470
48149;Sainte-Eulalie;0.3;
24401;Sainte-Eulalie-d'Ans;1.6;20710
12219;Sainte-Eulalie-d'Olt;3;19600
12220;Sainte-Eulalie-de-Cernon;2.3;20750
40257;Sainte-Eulalie-en-Born;3.7;22080
26302;Sainte-Eulalie-en-Royans;2.9;22980
1353;Sainte-Euphémie;3.4;27990
26303;Sainte-Euphémie-sur-Ouvèze;3.3;
60573;Sainte-Eusoye;3.9;23330
36190;Sainte-Fauste;1.3;24250
19202;Sainte-Féréole;2.7;24070
23193;Sainte-Feyre;2.7;24550
23194;Sainte-Feyre-la-Montagne;5.4;19150
85211;Sainte-Flaive-des-Loups;2.8;23380
33401;Sainte-Florence;3.9;20440
85212;Sainte-Florence;N/A - division par 0;
43185;Sainte-Florine;4;20570
9260;Sainte-Foi;2.1;
19203;Sainte-Fortunade;3.8;24020
40258;Sainte-Foy;3.9;24720
71415;Sainte-Foy;1.7;21130
76577;Sainte-Foy;3.6;24030
85214;Sainte-Foy;2.3;23920
31480;Sainte-Foy-d'Aigrefeuille;3.2;30230
24406;Sainte-Foy-de-Belvès;1.8;
24407;Sainte-Foy-de-Longas;2.4;21980
31481;Sainte-Foy-de-Peyrolières;2.6;25740
69201;Sainte-Foy-l'Argentière;2.9;20920
33402;Sainte-Foy-la-Grande;3.7;14050
33403;Sainte-Foy-la-Longue;3.3;23870
69202;Sainte-Foy-lès-Lyon;3;28780
42221;Sainte-Foy-Saint-Sulpice;4.2;22800
73232;Sainte-Foy-Tarentaise;2.5;21890
61389;Sainte-Gauburge-Sainte-Colombe;3.4;19990
17330;Sainte-Gemme;2.5;20750
32376;Sainte-Gemme;2.7;20200
33404;Sainte-Gemme;2.8;20610
36193;Sainte-Gemme;2.4;21570
51480;Sainte-Gemme;2.8;26730
79250;Sainte-Gemme;2;21990
81249;Sainte-Gemme;3.2;21050
18208;Sainte-Gemme-en-Sancerrois;2.8;24270
85216;Sainte-Gemme-la-Plaine;4.2;22960
47244;Sainte-Gemme-Martaillac;1.9;22390
28332;Sainte-Gemme-Moronval;2.8;26470
53218;Sainte-Gemmes-le-Robert;3.3;21960
49278;Sainte-Gemmes-sur-Loire;4.1;26120
2678;Sainte-Geneviève;3.9;
50469;Sainte-Geneviève;3;22060
54474;Sainte-Geneviève;3.4;26190
60575;Sainte-Geneviève;1.5;22910
76578;Sainte-Geneviève;5.6;21120
45278;Sainte-Geneviève-des-Bois;1;20610
91549;Sainte-Geneviève-des-Bois;2.5;24370
27540;Sainte-Geneviève-lès-Gasny;2.4;24670
33417;Sainte-Hélène;3.6;25300
48157;Sainte-Hélène;2.3;
56220;Sainte-Hélène;3.4;23830
71426;Sainte-Hélène;2.1;23840
88418;Sainte-Hélène;3.1;21350
76587;Sainte-Hélène-Bondeville;3.4;23810
73240;Sainte-Hélène-du-Lac;4.5;27590
73241;Sainte-Hélène-sur-Isère;3.4;24490
14590;Sainte-Honorine-de-Ducy;1.8;21030
14592;Sainte-Honorine-du-Fay;3.1;25220
61407;Sainte-Honorine-la-Chardonne;3.1;22920
61408;Sainte-Honorine-la-Guillaume;2.4;20000
26306;Sainte-Jalle;0;17860
72289;Sainte-Jamme-sur-Sarthe;3;22870
1366;Sainte-Julie;3.1;24930
82164;Sainte-Juliette;4;20970
12234;Sainte-Juliette-sur-Viaur;2.3;24470
66181;Sainte-Léocadie;6.7;22710
17355;Sainte-Lheurine;3;21730
31496;Sainte-Livrade;2.9;26990
47252;Sainte-Livrade-sur-Lot;2.5;18320
36199;Sainte-Lizaigne;1.8;25110
38414;Sainte-Luce;2.6;
97227;Sainte-Luce;2.8;21420
44172;Sainte-Luce-sur-Loire;6.3;25940
2A308;Sainte-Lucie-de-Tallano;1.9;22600
89351;Sainte-Magnance;3.6;20720
43208;Sainte-Marguerite;0.7;
88424;Sainte-Marguerite;4.6;22350
14614;Sainte-Marguerite-d'Elle;2.4;20900
61419;Sainte-Marguerite-de-Carrouges;2.5;21280
7266;Sainte-Marguerite-Lafigère;1.5;
76608;Sainte-Marguerite-sur-Duclair;2.8;25590
76605;Sainte-Marguerite-sur-Mer;2.5;24530
8390;Sainte-Marie;3.5;
15198;Sainte-Marie;2.6;18120
25523;Sainte-Marie;3.9;26570
32388;Sainte-Marie;4;24410
35294;Sainte-Marie;2.2;22470
58253;Sainte-Marie;3.2;
65391;Sainte-Marie;2.1;
97228;Sainte-Marie;3.5;16320
97418;Sainte-Marie;4.8;19110
51501;Sainte-Marie-à-Py;1;24350
76609;Sainte-Marie-au-Bosc;2.6;27120
57620;Sainte-Marie-aux-Chênes;4.3;23720
68298;Sainte-Marie-aux-Mines;3.5;20300
59536;Sainte-Marie-Cappel;3.7;26510
38417;Sainte-Marie-d'Alloix;4.8;26430
73254;Sainte-Marie-d'Alvey;1.6;26550
27578;Sainte-Marie-d'Attez;2.1;22710
73255;Sainte-Marie-de-Cuines;3.9;23880
40271;Sainte-Marie-de-Gosse;2.9;22950
17360;Sainte-Marie-de-Ré;4.2;29460
27567;Sainte-Marie-de-Vatimesnil;2.2;23460
87162;Sainte-Marie-de-Vaux;3.9;21810
76610;Sainte-Marie-des-Champs;4.2;23240
53235;Sainte-Marie-du-Bois;2.5;19810
51277;Sainte-Marie-du-Lac-Nuisement;1.4;25120
38418;Sainte-Marie-du-Mont;0.1;25280
50509;Sainte-Marie-du-Mont;2.3;22020
70469;Sainte-Marie-en-Chanois;2.4;18930
70470;Sainte-Marie-en-Chaux;3.4;21700
62756;Sainte-Marie-Kerque;2.4;22390
21558;Sainte-Marie-la-Blanche;3.8;26220
66182;Sainte-Marie-la-Mer;2.9;21460
61420;Sainte-Marie-la-Robert;2.6;
19219;Sainte-Marie-Lapanouze;1.6;
14619;Sainte-Marie-Outre-l'Eau;2.1;22420
21559;Sainte-Marie-sur-Ouche;3.4;25860
27568;Sainte-Marthe;1.3;24320
47253;Sainte-Marthe;2.7;23260
10352;Sainte-Maure;4.2;24890
47258;Sainte-Maure-de-Peyriac;1.5;19190
37226;Sainte-Maure-de-Touraine;3.3;21760
83115;Sainte-Maxime;4.8;23540
17374;Sainte-Même;3.6;19460
51507;Sainte-Menehould;3.6;20700
32395;Sainte-Mère;3.8;20140
50523;Sainte-Mère-Église;3.9;21700
78569;Sainte-Mesme;2.8;29320
24470;Sainte-Mondane;2.6;22900
18227;Sainte-Montaine;2.4;22310
24471;Sainte-Nathalène;2.7;22430
79283;Sainte-Néomaye;2.1;23810
1382;Sainte-Olive;2.9;25280
61436;Sainte-Opportune;2.3;22730
27576;Sainte-Opportune-du-Bosc;2.9;27320
27577;Sainte-Opportune-la-Mare;2.8;24320
24473;Sainte-Orse;2.9;19950
79284;Sainte-Ouenne;1.8;23350
89363;Sainte-Pallaye;1.3;
69230;Sainte-Paule;1.7;24300
44186;Sainte-Pazanne;2.1;23860
85261;Sainte-Pexine;3;20960
54484;Sainte-Pôle;2.5;23760
2690;Sainte-Preuve;2.6;
12241;Sainte-Radegonde;3.4;26930
17389;Sainte-Radegonde;3;21910
24492;Sainte-Radegonde;3.1;
32405;Sainte-Radegonde;3.5;22940
33468;Sainte-Radegonde;3;21020
71474;Sainte-Radegonde;1.9;20510
86239;Sainte-Radégonde;3;18940
85267;Sainte-Radégonde-des-Noyers;3;22690
17390;Sainte-Ramée;2.5;21160
70471;Sainte-Reine;3;
73277;Sainte-Reine;0;21000
44189;Sainte-Reine-de-Bretagne;3.2;22050
97129;Sainte-Rose;2.4;
97419;Sainte-Rose;3.7;14030
57624;Sainte-Ruffine;4.6;29700
21570;Sainte-Sabine;4.9;22540
72319;Sainte-Sabine-sur-Longève;3.1;23120
10362;Sainte-Savine;4.5;21590
61454;Sainte-Scolasse-sur-Sarthe;3.6;19910
80719;Sainte-Segrée;3.8;
29265;Sainte-Sève;5.6;25040
16349;Sainte-Sévère;3.8;23700
36208;Sainte-Sévère-sur-Indre;2.3;21010
43224;Sainte-Sigolène;2.8;22440
18235;Sainte-Solange;1.7;23750
79297;Sainte-Soline;3.9;18950
16354;Sainte-Souline;1.4;19020
17407;Sainte-Soulle;5.1;25310
9342;Sainte-Suzanne;5.2;21790
25526;Sainte-Suzanne;3.6;21330
97420;Sainte-Suzanne;3.8;17720
53255;Sainte-Suzanne-et-Chammes;2.1;21940
50556;Sainte-Suzanne-sur-Vire;3.8;24620
33485;Sainte-Terre;3.3;22600
3261;Sainte-Thérence;1.5;23890
18237;Sainte-Thorette;1.8;23390
22331;Sainte-Tréphine;2.7;21990
24507;Sainte-Trie;2.8;20850
4197;Sainte-Tulle;4.1;22180
11366;Sainte-Valière;3.9;20560
8398;Sainte-Vaubourg;2.8;
79300;Sainte-Verge;3.1;23150
89371;Sainte-Vertu;2.6;
17415;Saintes;5;21770
13096;Saintes-Maries-de-la-Mer;7.6;20550
28331;Saintigny;1.4;22860
60578;Saintines;2.2;24660
91577;Saintry-sur-Seine;1.4;27730
89367;Saints-en-Puisaye;3.7;20540
52449;Saints-Geosmes;3.8;24630
28363;Sainville;2.2;24930
86249;Saires;2.4;21120
61459;Saires-la-Verrerie;1.4;20540
11367;Saissac;2.7;19390
80723;Saisseval;3;26570
71493;Saisy;3.6;23440
79302;Saivres;2.3;22980
86250;Saix;1.2;19230
81273;Saïx;4;23070
39497;Saizenay;3.1;
54490;Saizerais;2.4;25740
58271;Saizy;3.1;20350
31520;Sajas;0.8;24420
24515;Salagnac;2.6;20110
38467;Salagnon;2.6;26000
38468;Salaise-sur-Sanne;2.7;22200
39498;Salans;4.3;25920
34292;Salasc;0.8;21740
33494;Salaunes;2.9;26640
7304;Salavas;4.4;21230
1391;Salavre;2.8;22940
30304;Salazac;3;21350
97421;Salazie;3.4;13280
41232;Salbris;1.8;21590
65398;Saléchan;2.3;19650
31521;Saleich;1.4;21020
17416;Saleignes;2.3;
66189;Saleilles;5;23510
60603;Salency;3.1;24530
5159;Saléon;2.5;
5160;Salérans;0;
31522;Salerm;1.4;
83121;Salernes;4.1;20890
15219;Salers;3.9;22750
74255;Sales;2.6;27780
59549;Salesches;3.3;21870
26334;Salettes;3.6;22250
43231;Salettes;0.9;19930
80724;Saleux;5.5;24530
2A266;Salice;0;
2B267;Saliceto;2.8;
81274;Saliès;3.4;25070
64499;Salies-de-Béarn;3.7;21430
31523;Salies-du-Salat;2.9;20110
4200;Salignac;4.3;23880
17417;Salignac-de-Mirambeau;3.1;20950
24516;Salignac-Eyvigues;1.6;22090
17418;Salignac-sur-Charente;3.9;25490
39499;Saligney;5.1;22400
89373;Saligny;3.2;26160
3265;Saligny-sur-Roudon;2;19380
65399;Saligos;5.6;19000
30305;Salindres;2.5;20280
30306;Salinelles;2.3;24550
15220;Salins;6;23030
77439;Salins;2.1;24010
73284;Salins-Fontaine;6.8;24930
39500;Salins-les-Bains;4.1;20190
21579;Salives;0.7;23680
6131;Sallagriffon;0;
74256;Sallanches;4.1;24950
62771;Sallaumines;5.3;16370
33496;Sallebœuf;4.3;27120
63405;Sallèdes;1.7;23130
11368;Sallèles-Cabardès;1.6;19760
11369;Sallèles-d'Aude;3.1;21870
14664;Sallen;1.5;19270
14665;Sallenelles;4;24790
74257;Sallenôves;2.3;30710
85280;Sallertaine;4.2;22590
33498;Salles;3.1;25690
47284;Salles;2.9;22120
65400;Salles;3.5;23490
79303;Salles;2.2;20530
81275;Salles;2.2;19630
65401;Salles-Adour;4.6;25900
69172;Salles-Arbuissonnas-en-Beaujolais;2.9;26240
12252;Salles-Courbatiès;2.1;20480
12253;Salles-Curan;4.2;20900
16359;Salles-d'Angles;3.9;23560
32408;Salles-d'Armagnac;2.5;22530
11370;Salles-d'Aude;2.5;23080
16360;Salles-de-Barbezieux;2.7;22720
24517;Salles-de-Belvès;1.7;
16361;Salles-de-Villefagnan;4.3;21650
31524;Salles-et-Pratviel;6.4;22330
12254;Salles-la-Source;3.1;25940
16362;Salles-Lavalette;2.2;21620
64500;Salles-Mongiscard;4.3;22560
26335;Salles-sous-Bois;1.7;23000
31525;Salles-sur-Garonne;4.5;24870
11371;Salles-sur-l'Hers;3.2;21610
17420;Salles-sur-Mer;5;26980
64501;Sallespisse;4.2;22650
55466;Salmagne;1.5;23080
21580;Salmaise;1.3;21700
67432;Salmbach;2.4;27290
12255;Salmiech;2.9;22230
59550;Salomé;5.9;22610
10365;Salon;1.6;20100
24518;Salon;2.8;20400
13103;Salon-de-Provence;4.1;22400
19250;Salon-la-Tour;3;20840
57625;Salonnes;4;22160
71495;Salornay-sur-Guye;3.4;21700
80725;Salouël;4.7;26820
62772;Salperwick;3.1;22920
9279;Salsein;3;
66190;Salses-le-Château;1.8;20390
11372;Salsigne;2.6;17800
42296;Salt-en-Donzy;4.6;23680
81276;Salvagnac;3;20360
12256;Salvagnac-Cajarc;3.2;21000
11373;Salvezines;2.9;
46297;Salviac;3.3;20290
42297;Salvizinet;4.5;26760
11374;Salza;0;
43232;Salzuit;3.1;20430
40286;Samadet;4.2;21680
31528;Saman;1.7;18790
32409;Samaran;3;
32410;Samatan;5.5;23380
47285;Samazan;3;22470
41233;Sambin;3.4;22070
89374;Sambourg;3.6;
59551;Saméon;5;28830
62773;Samer;3.7;20220
21581;Samerey;3.1;24690
64502;Sames;2.9;20820
86252;Sammarçolles;3.1;20800
77440;Sammeron;2.5;25210
74258;Samoëns;3.9;25680
1392;Samognat;1.4;27660
55468;Samogneux;2.7;22390
77441;Samois-sur-Seine;3;32540
33500;Samonac;3;22200
77442;Samoreau;3.2;28840
31529;Samouillan;1.8;17830
2697;Samoussy;2.4;24390
39501;Sampans;5;23800
55467;Sampigny;3.7;21390
71496;Sampigny-lès-Maranges;2.6;23710
2A268;Sampolo;2.2;
7306;Sampzon;4.1;20600
25528;Samson;4.3;
64503;Samsons-Lion;2.4;
65402;Samuran;1.2;
2B297;San-Damiano;0;
2B299;San-Gavino-d'Ampugnani;0;
2A300;San-Gavino-di-Carbini;6.1;25110
2B365;San-Gavino-di-Fiumorbo;2.2;18520
2B301;San-Gavino-di-Tenda;0.6;
2B302;San-Giovanni-di-Moriani;2.3;
2B303;San-Giuliano;3.9;21160
2B304;San-Lorenzo;0;
2B305;San-Martino-di-Lota;3.6;25230
2B313;San-Nicolao;3.7;19060
31530;Sana;3;23470
83123;Sanary-sur-Mer;3.1;26150
71497;Sancé;3.5;25880
18240;Sancergues;1.1;20360
18241;Sancerre;3;23790
25529;Sancey;1.9;22600
28364;Sancheville;2.5;22200
88439;Sanchey;3.8;26190
18242;Sancoins;2.4;19510
27614;Sancourt;2.1;21840
59552;Sancourt;3;22180
80726;Sancourt;2.5;25110
54491;Sancy;2.9;24380
77443;Sancy;2.2;28020
2698;Sancy-les-Cheminots;2.2;21530
77444;Sancy-lès-Provins;0.5;24330
67433;Sand;4.6;25710
28365;Sandarville;1.5;24930
88440;Sandaucourt;3.8;22650
45300;Sandillon;2.2;27180
76660;Sandouville;2.9;25460
1393;Sandrans;2.6;25970
62774;Sangatte;3.3;23630
62775;Sanghen;0.8;22310
40287;Sanguinet;3.1;25430
7307;Sanilhac;1.6;20340
24312;Sanilhac;4.6;23620
30308;Sanilhac-Sagriès;3.6;22350
23167;Sannat;2.4;19700
14666;Sannerville;5.8;23970
84121;Sannes;3.5;23040
95582;Sannois;2.4;24250
65403;Sanous;2.7;21840
57626;Sanry-lès-Vigy;2.2;26270
57627;Sanry-sur-Nied;5.1;26420
88441;Sans-Vallois;2;24440
66191;Sansa;0;
15221;Sansac-de-Marmiesse;4.5;23310
15222;Sansac-Veinazès;4.4;19840
79304;Sansais;3.5;25530
32411;Sansan;4.8;
43233;Sanssac-l'Église;2.3;24160
3266;Sanssat;2.3;20870
2A295;Sant'Andréa-d'Orcino;7.2;24510
2B292;Sant'Andréa-di-Bozio;0;
2B293;Sant'Andréa-di-Cotone;3.2;22830
2B296;Sant'Antonino;2.5;
2B306;Santa-Lucia-di-Mercurio;0;
2B307;Santa-Lucia-di-Moriani;3.7;20060
2B309;Santa-Maria-di-Lota;1.8;24920
2A310;Santa-Maria-Figaniella;0;
2B311;Santa-Maria-Poggio;4.6;21360
2A312;Santa-Maria-Siché;5.4;21890
2B316;Santa-Reparata-di-Balagna;5;21500
2B317;Santa-Reparata-di-Moriani;0;
39502;Santans;3.7;21430
45301;Santeau;1.6;23430
29273;Santec;3.8;24840
21582;Santenay;3;24620
41234;Santenay;1.6;24800
94070;Santeny;2.2;30540
59553;Santes;4.7;26460
28366;Santeuil;1.9;24170
95584;Santeuil;1.9;30530
89375;Santigny;1.9;
28367;Santilly;2.2;23790
71498;Santilly;3.4;23770
2B314;Santo-Pietro-di-Tenda;0.6;19530
2B315;Santo-Pietro-di-Venaco;4;20830
21583;Santosse;2.6;
18243;Santranges;2.5;22550
12259;Sanvensa;3.3;21690
71499;Sanvignes-les-Mines;2.1;21600
86253;Sanxay;4.1;20440
54492;Sanzey;1.2;20470
14667;Saon;3;23170
25532;Saône;3.9;25410
14668;Saonnet;2.9;21660
6132;Saorge;3.9;17390
72326;Saosnes;2.1;24180
26336;Saou;3.4;20040
61460;Sap-en-Auge;2.6;19720
51522;Sapignicourt;1.6;20500
62776;Sapignies;3.4;23080
8400;Sapogne-et-Feuchères;1.1;23130
8399;Sapogne-sur-Marche;1.2;23580
39503;Sapois;3.4;27380
88442;Sapois;3;21760
2699;Saponay;2.7;21070
70476;Saponcourt;3.4;
32412;Saramon;3;21510
45302;Saran;3.7;22590
40288;Sarbazan;3.5;22840
72327;Sarcé;2;22460
61462;Sarceaux;4.1;24520
95585;Sarcelles;2.3;16520
38472;Sarcenas;1.8;30770
52459;Sarcey;1.9;
69173;Sarcey;4.1;27830
60604;Sarcus;3.4;20160
51523;Sarcy;3.4;27150
30309;Sardan;4;23170
23168;Sardent;2.1;21270
38473;Sardieu;2.9;22550
63406;Sardon;3.1;25930
58272;Sardy-lès-Épiry;1.2;21940
64504;Sare;2.3;22840
72328;Sargé-lès-le-Mans;2.9;26830
41235;Sargé-sur-Braye;1.1;21380
2A270;Sari-d'Orcino;4.6;22070
2A269;Sari-Solenzara;9.5;20370
65404;Sariac-Magnoac;3.7;19240
65405;Sarlabous;0.6;
24519;Sarlande;3.3;20430
24520;Sarlat-la-Canéda;4.2;21280
24521;Sarliac-sur-l'Isle;2.5;22450
65406;Sarniguet;3.8;23540
60605;Sarnois;3.2;23090
51524;Saron-sur-Aube;2.9;26720
65407;Sarp;2.4;23230
64505;Sarpourenx;3.4;22550
32414;Sarragachies;2.9;21820
25534;Sarrageois;3.1;37460
32415;Sarraguzan;3.6;
57628;Sarralbe;3.6;21340
57629;Sarraltroff;4.5;22100
19251;Sarran;6.7;22180
64506;Sarrance;3.8;21400
65408;Sarrancolin;3.7;21480
32416;Sarrant;2;23850
7308;Sarras;2.8;22220
24522;Sarrazac;3.3;20780
40289;Sarraziet;2.4;20420
67434;Sarre-Union;3.7;19710
57630;Sarrebourg;4.1;20120
31531;Sarrecave;1;
57631;Sarreguemines;3.9;20150
57633;Sarreinsming;3.2;24810
31532;Sarremezan;1.8;
67435;Sarrewerden;3.8;23670
52461;Sarrey;3;21570
65409;Sarriac-Bigorre;4;21320
84122;Sarrians;3.3;22200
49326;Sarrigné;2.4;25020
39504;Sarrogna;4.1;23620
2A271;Sarrola-Carcopino;3.2;22590
40290;Sarron;3.5;20580
65410;Sarrouilles;3.2;24330
19252;Sarroux - Saint Julien;1.4;22650
51525;Sarry;3.1;27700
71500;Sarry;1.2;29910
89376;Sarry;2.6;22980
59554;Sars-et-Rosières;5.3;28720
62778;Sars-le-Bois;2.7;
59555;Sars-Poteries;3;18120
2A272;Sartène;4.9;20130
88443;Sartes;1.3;
50565;Sartilly-Baie-Bocage;3.7;22180
62779;Sarton;4.2;23100
78586;Sartrouville;2;25680
36210;Sarzay;3.6;21470
56240;Sarzeau;3.9;26370
41236;Sasnières;3.1;
71501;Sassangy;2;26980
41237;Sassay;2.1;22400
59556;Sassegnies;1.6;21790
38474;Sassenage;3.8;25750
71502;Sassenay;2.4;24440
76662;Sassetot-le-Malgardé;3;22210
76663;Sassetot-le-Mauconduit;1.9;22220
76664;Sasseville;3;25440
27615;Sassey;1.9;27880
55469;Sassey-sur-Meuse;2.4;
36211;Sassierges-Saint-Germain;2.2;23060
65411;Sassis;5.6;
14669;Sassy;3.4;23260
69292;Sathonay-Camp;3.6;24460
69293;Sathonay-Village;4.6;33220
7309;Satillieu;3.1;21530
38475;Satolas-et-Bonce;3.6;28190
34294;Saturargues;6.2;24400
31533;Saubens;3.5;28000
40291;Saubion;6.3;25330
64507;Saubole;1.5;23040
40292;Saubrigues;6.2;24680
40293;Saubusse;4.1;22760
33501;Saucats;2.4;27530
64508;Saucède;3.4;24400
76665;Sauchay;2.9;21860
62780;Sauchy-Cauchy;2.4;22900
62781;Sauchy-Lestrée;2.5;22710
12260;Sauclières;0.8;21680
62782;Saudemont;2.5;22360
51526;Saudoy;4.9;24920
52463;Saudron;1.2;
55470;Saudrupt;2.5;22210
39505;Saugeot;2.1;
40294;Saugnac-et-Cambran;4.2;23670
40295;Saugnac-et-Muret;3.1;20580
33502;Saugon;4.5;20830
43234;Saugues;0;20380
64509;Sauguis-Saint-Étienne;3.9;21340
18244;Saugy;1.4;
12261;Saujac;2.4;20950
17421;Saujon;3.3;22360
97352;Saül;0;
26337;Saulce-sur-Rhône;2.1;21660
8401;Saulces-Champenoises;4.2;22640
8402;Saulces-Monclin;2.6;22100
3267;Saulcet;3.3;23210
2701;Saulchery;2.2;23000
62783;Saulchoy;3.3;20660
80728;Saulchoy-sous-Poix;2.6;
10366;Saulcy;3;
88445;Saulcy-sur-Meurthe;3.9;22090
25535;Saules;4.5;25160
71503;Saules;2.8;23990
86254;Saulgé;4;22250
53257;Saulges;2.6;21420
16363;Saulgond;3.9;19590
46299;Sauliac-sur-Célé;0;18000
21584;Saulieu;2.8;20760
52464;Saulles;2.5;
55471;Saulmory-Villefranche;2.4;
36212;Saulnay;2.6;20070
54493;Saulnes;1.7;23820
28369;Saulnières;1.6;23180
35321;Saulnières;2.5;22090
70477;Saulnot;2.3;21660
57634;Saulny;2.7;31870
21585;Saulon-la-Chapelle;3.8;24490
21586;Saulon-la-Rue;4.5;26570
84123;Sault;3.4;20250
1396;Sault-Brénaz;2.9;21130
64510;Sault-de-Navailles;4;22560
8403;Sault-lès-Rethel;4.2;20180
8404;Sault-Saint-Remy;4.3;22910
59557;Saultain;5.8;24400
62784;Saulty;2;21610
55472;Saulvaux;3.6;25220
70478;Saulx;2.9;22300
21587;Saulx-le-Duc;2.5;25250
55473;Saulx-lès-Champlon;3.1;22440
91587;Saulx-les-Chartreux;3;27220
78588;Saulx-Marchais;2.2;30520
54494;Saulxerotte;1.1;23220
52465;Saulxures;2.2;20670
67436;Saulxures;3.3;23130
88446;Saulxures-lès-Bulgnéville;3.5;21560
54495;Saulxures-lès-Nancy;5.1;25490
54496;Saulxures-lès-Vannes;3.1;20450
88447;Saulxures-sur-Moselotte;2.9;20760
18245;Saulzais-le-Potier;0.9;20210
3268;Saulzet;4;23130
63407;Saulzet-le-Froid;2.9;22840
59558;Saulzoir;2.8;23040
4201;Saumane;1.4;21070
30310;Saumane;0;20650
84124;Saumane-de-Vaucluse;2.1;27980
47286;Sauméjan;1.8;
28370;Saumeray;2.1;23180
47287;Saumont;2.9;24450
76666;Saumont-la-Poterie;4;22260
33503;Saumos;4.8;23890
49328;Saumur;3.3;21200
37240;Saunay;4;23220
71504;Saunières;2;
76667;Sauqueville;5.5;25180
79306;Saurais;2.8;22990
9280;Saurat;1;18790
63408;Sauret-Besserve;2;21260
63409;Saurier;2.7;20580
68300;Sausheim;4.1;26220
34295;Saussan;4.6;26260
28371;Saussay;2.5;24180
76668;Saussay;3.2;25550
27617;Saussay-la-Campagne;2.2;21000
50567;Saussemesnil;1.6;23310
81277;Saussenac;2.2;21790
31534;Saussens;3;24780
4202;Sausses;2.4;20210
13104;Sausset-les-Pins;2.5;28750
76669;Sausseuzemare-en-Caux;3.4;25040
21588;Saussey;5.2;
50568;Saussey;4.7;22790
24523;Saussignac;2.3;23400
34296;Saussines;2.3;25470
21589;Saussy;0.4;
9281;Sautel;2.7;19090
33504;Sauternes;4.4;23230
34297;Sauteyrargues;4.4;25130
66192;Sauto;5;21170
44194;Sautron;5.1;29660
16364;Sauvagnac;1.4;
47288;Sauvagnas;1.8;24420
63410;Sauvagnat;1.4;18530
63411;Sauvagnat-Sainte-Marthe;6.5;23320
25536;Sauvagney;3.2;23480
64511;Sauvagnon;3.6;26630
3269;Sauvagny;1.9;
42298;Sauvain;2.1;19560
15223;Sauvat;3.3;21000
30311;Sauve;5.6;19930
64512;Sauvelade;2.2;21210
1397;Sauverny;2.6;41070
63412;Sauvessanges;3.9;21620
30312;Sauveterre;2.2;24680
32418;Sauveterre;4.9;23840
65412;Sauveterre;3.4;20610
81278;Sauveterre;3.8;20560
82177;Sauveterre;1.4;18920
64513;Sauveterre-de-Béarn;4;20950
31535;Sauveterre-de-Comminges;3.8;21830
33506;Sauveterre-de-Guyenne;4.1;19140
12262;Sauveterre-de-Rouergue;3.8;21520
47292;Sauveterre-la-Lémance;3.8;19400
47293;Sauveterre-Saint-Denis;2.4;21440
32419;Sauviac;3.2;
33507;Sauviac;5.2;21930
34298;Sauvian;4;22270
63414;Sauviat;1.8;22590
87190;Sauviat-sur-Vige;2.1;20120
16365;Sauvignac;1.3;
70479;Sauvigney-lès-Gray;3.8;24130
70480;Sauvigney-lès-Pesmes;2.4;21430
55474;Sauvigny;1.9;22090
89377;Sauvigny-le-Beuréal;2.6;
89378;Sauvigny-le-Bois;4.4;22420
58273;Sauvigny-les-Bois;3.3;24310
8405;Sauville;2.8;20210
88448;Sauville;2.6;20620
80729;Sauvillers-Mongival;3.8;22820
32420;Sauvimont;4.2;
55475;Sauvoy;3.3;
31536;Saux-et-Pomarède;2.4;24870
63415;Sauxillanges;2.2;20890
6133;Sauze;0;
79307;Sauzé-entre-Bois;3.4;19640
36213;Sauzelles;2.6;22150
26338;Sauzet;4.1;26630
30313;Sauzet;4.1;22950
46301;Sauzet;2.8;21520
56241;Sauzon;6.1;22190
31537;Savarthès;2.7;23480
7310;Savas;3.2;25700
38476;Savas-Mépin;2.4;25080
26339;Savasse;3.7;25600
44195;Savenay;3.2;24840
82178;Savenès;2.3;24470
23170;Savennes;2.4;24410
63416;Savennes;2.1;19820
49329;Savennières;3.3;25050
9282;Saverdun;3.2;21960
31538;Savères;2.3;23850
67437;Saverne;3.7;22330
80730;Saveuse;4.7;28130
71505;Savianges;1.7;
10368;Savières;1.8;23720
12263;Savignac;3.3;22960
33508;Savignac;3.8;21320
47294;Savignac-de-Duras;3.2;21200
33509;Savignac-de-l'Isle;4;23470
24524;Savignac-de-Miremont;3;22700
24525;Savignac-de-Nontron;4.1;22680
24526;Savignac-Lédrier;2.4;19790
24527;Savignac-les-Églises;2.2;21320
9283;Savignac-les-Ormeaux;5.6;20690
32421;Savignac-Mona;4.7;22520
47295;Savignac-sur-Leyze;1.4;22330
30314;Savignargues;4.5;23080
86255;Savigné;3.7;20620
72329;Savigné-l'Évêque;2.6;25090
72330;Savigné-sous-le-Lude;2.9;20110
37241;Savigné-sur-Lathan;2.9;21180
1398;Savigneux;2.9;26370
42299;Savigneux;3.2;23520
60609;Savignies;2.8;25690
50569;Savigny;2.6;22060
52467;Savigny;1.7;
69175;Savigny;2.7;26350
74260;Savigny;1.9;39080
88449;Savigny;4;24820
71506;Savigny-en-Revermont;2.7;22700
18246;Savigny-en-Sancerre;2.8;22420
18247;Savigny-en-Septaine;2.1;24760
89379;Savigny-en-Terre-Plaine;4.2;22510
37242;Savigny-en-Véron;4.9;23590
21591;Savigny-le-Sec;3.3;29200
77445;Savigny-le-Temple;2;22240
50570;Savigny-le-Vieux;2.4;19720
21590;Savigny-lès-Beaune;3.1;26660
86256;Savigny-Lévescault;2.5;26770
58274;Savigny-Poil-Fol;4.5;16080
86257;Savigny-sous-Faye;2.6;20360
21592;Savigny-sous-Mâlain;2.4;25380
8406;Savigny-sur-Aisne;4.6;21280
51527;Savigny-sur-Ardres;3.6;25570
41238;Savigny-sur-Braye;1.4;21070
89380;Savigny-sur-Clairis;1.5;23050
71507;Savigny-sur-Grosne;3.5;25520
91589;Savigny-sur-Orge;1.7;25590
71508;Savigny-sur-Seille;1.5;20570
21593;Savilly;0.8;
5164;Savines-le-Lac;6.5;22720
77446;Savins;1.9;24970
84125;Savoillan;3.3;
21594;Savoisy;3.2;23640
21595;Savolles;2.4;27380
37243;Savonnières;3.4;27530
55476;Savonnières-devant-Bar;3.6;24470
55477;Savonnières-en-Perthois;1.9;21570
21596;Savouges;1.9;27510
5165;Savournon;2;21180
70481;Savoyeux;3.5;21720
2702;Savy;2.4;24690
62785;Savy-Berlette;4.1;24350
74261;Saxel;1.5;30580
58275;Saxi-Bourdon;5.4;20450
54497;Saxon-Sion;3.1;
63417;Sayat;3.4;27580
30315;Saze;3.2;24560
36214;Sazeray;1.9;18280
3270;Sazeret;2.2;19440
37244;Sazilly;4;20050
65413;Sazos;5.6;21160
29274;Scaër;2.6;21360
2B273;Scata;0;
24528;Sceau-Saint-Angel;4.4;19280
7311;Sceautres;1.2;19320
92071;Sceaux;2.5;36010
49330;Sceaux-d'Anjou;2.5;22850
45303;Sceaux-du-Gâtinais;1.2;24380
72331;Sceaux-sur-Huisne;2.3;21480
25537;Scey-Maisières;5;24720
70482;Scey-sur-Saône-et-Saint-Albin;4.7;21480
67438;Schaeffersheim;4;27100
67440;Schaffhouse-près-Seltz;3.6;27890
57635;Schalbach;2.3;24770
67441;Schalkendorf;3.9;25870
67442;Scharrachbergheim-Irmstett;4.7;27700
67443;Scheibenhard;1.9;29060
67444;Scherlenheim;3.1;26410
67445;Scherwiller;6.2;26360
67446;Schillersdorf;3.8;24370
67447;Schiltigheim;5.3;19660
67448;Schirmeck;5.5;20940
67449;Schirrhein;4.6;27310
67450;Schirrhoffen;3.3;25470
67451;Schleithal;3.1;27610
68301;Schlierbach;2.3;36230
57636;Schmittviller;2.8;26100
57637;Schneckenbusch;3.6;23840
67452;Schnersheim;3.6;28340
97229;Schœlcher;3.3;24770
67453;Schœnau;2.2;26490
67454;Schœnbourg;1.8;22780
57638;Schœneck;2.2;24080
67455;Schœnenbourg;4.4;25780
67456;Schopperten;4;23370
57639;Schorbach;1.5;22030
67458;Schweighouse-sur-Moder;4.9;24870
68302;Schweighouse-Thann;3.2;28480
67459;Schwenheim;3.9;26550
57640;Schwerdorff;1.3;26670
57641;Schweyen;0.5;28530
67460;Schwindratzheim;5;26720
68303;Schwoben;4.3;33050
67461;Schwobsheim;4.1;25010
79308;Sciecq;2.6;27040
74262;Scientrier;3.2;30530
32422;Scieurac-et-Flourès;2.4;
74263;Sciez;2.5;31650
79309;Scillé;1.6;22660
74264;Scionzier;2.4;23550
2B274;Scolca;4.3;
86258;Scorbé-Clairvaux;2.7;22440
29275;Scrignac;1.5;19540
51528;Scrupt;3.1;21330
57642;Scy-Chazelles;4.4;28380
70483;Scye;4.1;24760
32423;Séailles;3.3;
12264;Sébazac-Concourès;3.1;25330
27618;Sébécourt;1.6;21720
50571;Sébeville;3.1;
2703;Seboncourt;2.9;21160
59559;Sebourg;5;31010
12265;Sébrazac;4.6;19700
64514;Séby;2.8;22590
70484;Secenans;3.3;20320
8407;Séchault;2;
7312;Sécheras;2.9;22870
8408;Sécheval;4.1;23990
38478;Séchilienne;1.4;24000
25538;Séchin;6.9;20920
59560;Seclin;5.5;22460
79310;Secondigné-sur-Belle;2.7;21450
79311;Secondigny;1.9;19990
57643;Secourt;4.3;27400
8409;Sedan;3.5;17180
31539;Sédeilhac;0.6;
26340;Séderon;1.5;18930
64515;Sedze-Maubecq;1;22090
64516;Sedzère;2.3;23960
67351;Seebach;3.5;27000
61464;Sées;3.5;20400
73285;Séez;4.4;23620
47296;Ségalas;1.5;18370
65414;Ségalas;4.1;
56242;Séglien;1.6;20710
1399;Ségny;2.4;42330
16366;Segonzac;2.5;23030
19253;Segonzac;2.8;18770
24529;Segonzac;1.4;21650
32424;Ségos;3.7;22280
32425;Ségoufielle;2.2;25050
49331;Segré-en-Anjou Bleu;3.8;21480
31540;Ségreville;2.8;26410
72332;Ségrie;3.2;21800
21597;Segrois;2.4;
36215;Ségry;2;23540
12266;Ségur;3.6;20110
19254;Ségur-le-Château;2.7;19370
15225;Ségur-les-Villas;1.6;20760
9284;Ségura;3.4;20420
84126;Séguret;3.6;21980
65415;Ségus;4.2;23180
65416;Seich;0.8;
54498;Seichamps;3.4;24570
45305;Seichebrières;1;24130
54499;Seicheprey;1.2;25510
49333;Seiches-sur-le-Loir;4.1;22210
11375;Seignalens;1.4;
17422;Seigné;2.5;
89382;Seignelay;2.9;23550
55479;Seigneulles;4.1;27270
40296;Seignosse;5.7;25320
21598;Seigny;3.6;23750
41239;Seigy;3.1;21990
31541;Seilh;5.2;30250
19255;Seilhac;3.2;24210
31542;Seilhan;2.6;21160
83124;Seillans;2.6;21670
1400;Seillonnaz;0.3;22970
83125;Seillons-Source-d'Argens;1.6;24890
77447;Seine-Port;2.2;33990
57644;Seingbouse;3.5;23510
32426;Seissan;4.6;21850
9285;Seix;3.2;18830
54500;Selaincourt;2.6;22640
2704;Selens;1.2;20090
67462;Sélestat;5.4;22650
79312;Séligné;2.3;21600
39507;Séligney;2.4;
27620;Selles;3.3;22530
51529;Selles;4.2;24060
62786;Selles;2.8;22140
70485;Selles;2.4;22180
41241;Selles-Saint-Denis;2.4;22160
41242;Selles-sur-Cher;2.4;19930
36216;Selles-sur-Nahon;1.5;
39508;Sellières;3.7;21810
41243;Selommes;1.9;23130
25539;Seloncourt;3.6;23690
21599;Selongey;3.5;23810
4203;Selonnet;4.7;19390
67463;Seltz;3.5;25520
81281;Sémalens;3.7;22270
61467;Semallé;3.5;22870
21600;Semarey;2.4;26970
43237;Sembadel;3.8;19210
47297;Sembas;1.4;24130
37245;Semblançay;3.6;25690
36217;Sembleçay;1.3;
32427;Sembouès;2.3;
65417;Séméac;4.5;22080
64517;Séméacq-Blachon;2.8;21420
57645;Semécourt;5.4;26050
58276;Sémelay;3.6;18430
33510;Semens;3.3;23170
89383;Sementron;3.2;
59562;Sémeries;4.2;22490
21601;Semezanges;2.1;27180
32428;Sémézies-Cachan;2.1;
8410;Semide;2;27780
17423;Semillac;3.4;
52468;Semilly;3.3;21270
70486;Semmadon;2.8;
10369;Semoine;1.4;21350
21602;Semond;1.7;
25540;Semondans;3.5;25160
59563;Semousies;4.9;26140
17424;Semoussac;2.2;21200
52469;Semoutiers-Montsaon;4.1;25840
45308;Semoy;2.6;26890
32429;Sempesserre;2.1;22480
60610;Sempigny;3.4;22380
62787;Sempy;2.4;20250
21603;Semur-en-Auxois;3.4;22040
71510;Semur-en-Brionnais;1.7;22710
72333;Semur-en-Vallon;1.7;20950
17425;Semussac;4;22200
8411;Semuy;4.5;
65418;Sénac;2.5;24200
88450;Senaide;3.3;21280
46302;Sénaillac-Latronquière;2.8;19340
46303;Sénaillac-Lauzès;0.9;19940
21604;Senailly;3.7;23020
89384;Senan;2.6;22760
28372;Senantes;2.8;28330
60611;Senantes;2.1;23990
31543;Sénarens;0.8;21910
70487;Senargent-Mignafans;2.8;22150
80732;Senarpont;3.9;20510
13105;Sénas;5.1;22230
81282;Senaux;1.6;
33511;Sendets;4.5;22690
64518;Sendets;3.8;26990
56243;Séné;3.7;25460
30316;Sénéchas;2.1;19480
12268;Sénergues;1.7;17830
47298;Sénestis;2.5;19670
43238;Séneujols;2.1;22470
4204;Senez;2.9;21210
15226;Sénezergues;3.2;21760
31544;Sengouagnet;2.1;18360
46304;Séniergues;2.7;21990
86245;Senillé-Saint-Sauveur;3.7;23410
62788;Seninghem;1.9;21780
62789;Senlecques;2.8;22110
60612;Senlis;3.2;26930
62790;Senlis;2.8;22650
80733;Senlis-le-Sec;3.2;21690
78590;Senlisse;2.3;34460
18248;Senneçay;2.8;25160
71512;Sennecey-le-Grand;3.3;21760
21605;Sennecey-lès-Dijon;7.3;25280
45309;Sennely;1.7;23390
37246;Sennevières;3.1;20440
76670;Senneville-sur-Fécamp;2.9;26220
89385;Sennevoy-le-Bas;3.2;19690
89386;Sennevoy-le-Haut;3.2;
55481;Senon;3.7;21480
28373;Senonches;2.8;21450
70488;Senoncourt;3.4;23230
55482;Senoncourt-les-Maujouy;3.6;24060
88451;Senones;2.7;18380
88452;Senonges;1.5;18850
53259;Senonnes;1.7;21350
60613;Senots;1.2;26500
81283;Senouillac;2.9;22670
50572;Sénoville;2.1;20550
71513;Senozan;2.8;24700
89387;Sens;3.9;18610
18249;Sens-Beaujeu;2.2;22530
35326;Sens-de-Bretagne;2.8;22670
71514;Sens-sur-Seille;3.4;21760
9290;Sentein;2;15350
80734;Sentelie;3;22610
9291;Sentenac-d'Oust;3.2;14830
9292;Sentenac-de-Sérou;2.4;
68304;Sentheim;3.6;26220
65419;Sentous;3.2;
8412;Senuc;3.6;15850
22335;Senven-Léhart;1.1;21100
89388;Sépeaux-Saint Romain;2.5;21380
59565;Sepmeries;2.8;26040
37247;Sepmes;3.8;21320
68305;Seppois-le-Bas;2.4;26260
68306;Seppois-le-Haut;2.8;27610
76671;Sept-Meules;2.9;20300
51530;Sept-Saulx;5.1;25050
77448;Sept-Sorts;2.6;24130
38480;Septème;2.5;26630
13106;Septèmes-les-Vallons;3.8;22740
78591;Septeuil;1.6;27600
82179;Septfonds;4.1;20290
25541;Septfontaines;3.7;23990
39510;Septmoncel les Molunes;2.8;27690
2706;Septmonts;2.7;24140
55484;Septsarges;1.3;
2707;Septvaux;2.2;23120
55485;Sepvigny;3.2;
79313;Sepvret;3.3;22820
31545;Sepx;3;22490
59566;Sequedin;5.5;25180
2708;Sequehart;1.8;24670
2709;Serain;3.9;20470
8413;Seraincourt;3;19390
95592;Seraincourt;2.5;29760
19256;Sérandon;1.9;21120
6134;Séranon;2.8;19730
60614;Serans;1.7;25280
54501;Seranville;2.1;
59567;Séranvillers-Forenville;3.5;24460
2710;Seraucourt-le-Grand;3.2;21470
88453;Seraumont;1.3;
28374;Serazereux;2.5;25380
3271;Serbannes;2.9;25480
89390;Serbonnes;1.1;24490
2711;Serches;2.8;23460
88454;Sercœur;3;21920
59568;Sercus;4;25460
71515;Sercy;3.1;27360
66193;Serdinya;2;16570
32430;Sère;3.4;
65420;Sère-en-Lavedan;3.5;
65421;Sère-Lanso;1.1;
65423;Sère-Rustaing;2.5;24380
88455;Serécourt;5.5;21960
87191;Séreilhac;3.7;22700
57647;Serémange-Erzange;3.3;22010
32431;Sérempuy;2;
81285;Sérénac;1.6;21060
56244;Sérent;3.1;21460
60615;Sérévillers;3.9;19440
27621;Serez;1.6;29850
38481;Sérézin-de-la-Tour;3.2;26240
69294;Sérézin-du-Rhône;6.9;26360
24531;Sergeac;1.8;19600
39511;Sergenaux;1.2;
39512;Sergenon;2;
89391;Sergines;1.2;23210
1401;Sergy;1.5;42940
2712;Sergy;2.5;26680
62791;Séricourt;3.4;
60616;Sérifontaine;0.8;21450
46305;Sérignac;1.8;21360
82180;Sérignac;3.6;21760
47299;Sérignac-Péboudou;2;18250
47300;Sérignac-sur-Garonne;2.1;22320
34299;Sérignan;3.5;21240
84127;Sérignan-du-Comtat;2.9;23890
85281;Sérigné;2.8;22640
86260;Sérigny;2.3;20490
19257;Sérilhac;2.1;20400
2713;Seringes-et-Nesles;2.6;22340
41245;Séris;2.6;22630
71516;Serley;2;21930
58277;Sermages;3.5;23180
49334;Sermaise;3.3;20600
91593;Sermaise;2.2;28860
45310;Sermaises;1.4;23050
60617;Sermaize;3.7;22650
51531;Sermaize-les-Bains;5.7;20900
90093;Sermamagny;4.6;25090
39513;Sermange;4.2;22650
2B275;Sermano;0;
63418;Sermentizon;2.3;22540
38483;Sermérieu;1.4;24760
67464;Sermersheim;5.5;25380
71517;Sermesse;2.2;22020
51532;Sermiers;4.3;31990
89392;Sermizelles;4.1;21980
2714;Sermoise;3.4;21140
58278;Sermoise-sur-Loire;4.3;23700
1402;Sermoyer;2.7;22230
23171;Sermur;1.4;15280
30317;Sernhac;4;22530
88456;Serocourt;3.6;
65422;Séron;2.6;22530
38484;Serpaize;3;27130
62792;Serques;3.6;22870
52470;Serqueux;3.3;21200
76672;Serqueux;5.4;19630
27622;Serquigny;3.9;20960
2A276;Serra-di-Ferro;5.6;25310
2B277;Serra-di-Fiumorbo;0;22640
2A278;Serra-di-Scopamène;1.1;
66194;Serralongue;1.8;19360
74265;Serraval;2.1;25770
39514;Serre-les-Moulières;3.5;22360
25542;Serre-les-Sapins;4.2;25110
38275;Serre-Nerpol;1.4;22310
5166;Serres;3.6;20340
11377;Serres;1.5;
54502;Serres;1.2;22080
64519;Serres-Castet;4.4;26240
24532;Serres-et-Montguyard;2.3;23080
40298;Serres-Gaston;3.3;22180
64520;Serres-Morlaàs;4.8;30730
64521;Serres-Sainte-Marie;2.7;27040
9293;Serres-sur-Arget;5.1;21610
40299;Serreslous-et-Arribans;3.3;22690
2A279;Serriera;3.9;
7313;Serrières;3.6;21020
71518;Serrières;2.1;26030
1403;Serrières-de-Briord;2;22690
73286;Serrières-en-Chautagne;3.2;23960
1404;Serrières-sur-Ain;1.8;23640
89393;Serrigny;4.2;23510
71519;Serrigny-en-Bresse;2.2;22700
77449;Serris;2.8;25790
54504;Serrouville;3.8;25840
18250;Serruelles;2.9;
16368;Sers;2.4;23570
65424;Sers;5.6;
2716;Servais;2.4;26400
2715;Serval;2.4;
70489;Servance-Miellin;3;20230
24533;Servanches;1.1;
63419;Servant;1.1;20280
1405;Servas;1.4;22670
30318;Servas;2.4;24330
76673;Servaville-Salmonville;3.9;26930
48188;Serverette;2.3;20910
26341;Serves-sur-Rhône;2.1;22580
34300;Servian;4;21670
19258;Servières-le-Château;5.7;20740
30319;Serviers-et-Labaume;4;22880
81286;Serviès;3;21860
11378;Serviès-en-Val;4.9;20380
1406;Servignat;1.9;23480
70490;Servigney;2.5;20070
57648;Servigny-lès-Raville;4;25210
57649;Servigny-lès-Sainte-Barbe;2.2;28410
28375;Serville;2.6;25130
3272;Servilly;2.2;18460
25544;Servin;1;23580
62793;Servins;4.1;25520
50574;Servon;2.7;21760
77450;Servon;3.9;28020
51533;Servon-Melzicourt;0.8;
35327;Servon-sur-Vilaine;4.5;26130
74266;Servoz;4.5;24820
8415;Sery;3.7;20020
89394;Sery;0.7;
2717;Séry-lès-Mézières;3.9;22560
60618;Séry-Magneval;3;26610
51534;Serzy-et-Prin;3.5;27640
67465;Sessenheim;4.6;26300
34301;Sète;5.2;19960
62794;Setques;3.6;22050
95594;Seugy;2.4;28690
8416;Seuil;4.5;21540
55517;Seuil-d'Argonne;1.6;21200
3273;Seuillet;3;22670
37248;Seuilly;3.3;22490
14579;Seulline;2.6;23810
41246;Seur;3.1;25870
21607;Seurre;2.6;20470
80735;Seux;3.2;24790
55487;Seuzey;2.8;
42300;Sevelinges;2;23070
90094;Sevenans;6.5;25870
44196;Sévérac;2.6;21100
12270;Sévérac d'Aveyron;3.1;21410
70491;Seveux-Motey;3.8;22760
22337;Sévignac;2.9;20900
64523;Sévignacq;1.6;23210
64522;Sévignacq-Meyracq;4.8;20820
61472;Sévigny;2.8;23100
8417;Sévigny-la-Forêt;3;24600
8418;Sévigny-Waleppe;2.3;18600
61473;Sevrai;3.3;21590
93071;Sevran;2.4;17300
49301;Sèvremoine;3;22830
85090;Sèvremont;2.4;21890
92072;Sèvres;1.8;33680
86261;Sèvres-Anxaumont;4.2;26530
71520;Sevrey;3;22850
74267;Sevrier;5.2;31540
18251;Sévry;0.9;
68307;Sewen;1.5;21910
19259;Sexcles;3.1;21020
54505;Sexey-aux-Forges;1.7;26070
52472;Sexfontaines;1.3;23120
63420;Seychalles;3.6;23930
47301;Seyches;2.1;20260
4205;Seyne;4.7;20830
30320;Seynes;0.9;20920
31546;Seyre;5.4;27110
40300;Seyresse;4.5;24100
1407;Seyssel;1.8;23780
74269;Seyssel;1.8;25710
31547;Seysses;4.8;23830
32432;Seysses-Savès;2.3;24240
38485;Seyssinet-Pariset;7.2;24820
38486;Seyssins;4.9;29300
38487;Seyssuel;3.1;29130
74271;Seytroux;3.3;24260
51535;Sézanne;4.4;21260
65425;Siarrouy;2.6;22030
43239;Siaugues-Sainte-Marie;1.3;19140
29276;Sibiril;4.4;23040
62795;Sibiville;3.4;25550
38488;Siccieu-Saint-Julien-et-Carisieu;2.2;26590
58279;Sichamps;1.7;21230
68308;Sickert;2.5;26820
50575;Sideville;4;26370
18252;Sidiailles;1.2;18700
17427;Siecq;3.1;23060
67466;Siegen;2.7;28100
57650;Sierck-les-Bains;2.4;27400
68309;Sierentz;3.4;34140
57651;Siersthal;2.5;22740
76675;Sierville;4.2;25000
40301;Siest;3;21800
81287;Sieurac;2.6;21950
9294;Sieuras;4.2;
38489;Siévoz;3.3;22430
67467;Siewiller;3.1;22750
6135;Sigale;7.7;21680
33512;Sigalens;4.1;20390
11379;Sigean;4.2;20690
45311;Sigloy;2.9;24420
31548;Signac;3.5;
83127;Signes;2.8;23520
52473;Signéville;4.9;
8419;Signy-l'Abbaye;2.7;19120
8420;Signy-le-Petit;4.3;19230
8421;Signy-Montlibert;1.8;
77451;Signy-Signets;2.8;24550
16369;Sigogne;2.6;24500
4206;Sigonce;3.2;20830
5167;Sigottier;4.1;
24534;Sigoulès-et-Flaugeac;1.4;21430
85282;Sigournais;2.3;22390
4207;Sigoyer;1.4;20890
5168;Sigoyer;1.6;22950
9295;Siguer;2.6;20900
77452;Sigy;1.2;
76676;Sigy-en-Bray;2.8;21540
71521;Sigy-le-Châtel;2.6;
56245;Silfiac;1;20060
7314;Silhac;2.4;19770
38490;Sillans;3.4;24440
83128;Sillans-la-Cascade;3.5;23100
86262;Sillars;2.8;22970
33513;Sillas;4.3;19580
72334;Sillé-le-Guillaume;4.3;20110
72335;Sillé-le-Philippe;3.4;23280
57652;Sillegny;3.8;27580
51536;Sillery;5.4;26990
25545;Silley-Amancey;5.2;23560
25546;Silley-Bléfond;5.6;
74272;Sillingy;3.5;28530
57653;Silly-en-Saulnois;4.8;
2718;Silly-la-Poterie;2.1;23670
60619;Silly-le-Long;2.6;27930
57654;Silly-sur-Nied;2.3;27280
60620;Silly-Tillard;1.5;26720
55488;Silmont;3.7;25340
67468;Siltzheim;4;24760
2B280;Silvareccio;4.4;22310
52474;Silvarouvres;2.3;
64524;Simacourbe;3.1;22530
71522;Simandre;2.8;22720
1408;Simandre-sur-Suran;2.3;23210
69295;Simandres;2.6;28190
71523;Simard;2.7;20850
62796;Simencourt;3.1;26950
24535;Simeyrols;3.5;21480
13107;Simiane-Collongue;3.6;28770
4208;Simiane-la-Rotonde;2.4;21840
32433;Simorre;2.3;20620
53260;Simplé;3.3;21750
59569;Sin-le-Noble;5.2;18540
38492;Sinard;1.5;26930
2719;Sinceny;2.8;21890
21608;Sincey-lès-Rouvray;2.5;22030
63421;Singles;0.9;19910
24536;Singleyrac;0.9;21070
8422;Singly;1.8;23800
97312;Sinnamary;2.4;
65426;Sinzos;1.3;24670
32434;Sion;3.5;20500
44197;Sion-les-Mines;1.5;19840
19260;Sioniac;2.6;19980
88457;Sionne;3.3;21340
54507;Sionviller;2.7;26760
24537;Siorac-de-Ribérac;1.9;24470
24538;Siorac-en-Périgord;4.7;20040
50576;Siouville-Hague;2;25990
32435;Sirac;2.6;24770
62797;Siracourt;4.4;22400
65427;Siradan;1.8;19230
15228;Siran;3.7;21570
34302;Siran;2.2;19730
65428;Sireix;1.6;
16370;Sireuil;2;23920
39517;Sirod;3.5;23640
64525;Siros;5.5;24860
2B281;Sisco;0.8;21760
2720;Sissonne;3;19110
2721;Sissy;4.3;24730
82181;Sistels;2.8;20880
4209;Sisteron;4.1;20900
84128;Sivergues;0.9;
71524;Sivignon;1.3;22680
54508;Sivry;3.4;27310
51537;Sivry-Ante;1.7;23160
77453;Sivry-Courtry;1.9;29320
55489;Sivry-la-Perche;3.7;22140
55490;Sivry-sur-Meuse;2;20850
83129;Six-Fours-les-Plages;3.8;24660
74273;Sixt-Fer-à-Cheval;2.9;23240
35328;Sixt-sur-Aff;2.5;21180
29277;Sizun;2.5;21890
86263;Smarves;4.1;25020
76677;Smermesnil;5.2;19350
2A282;Soccia;0;21050
25547;Sochaux;5.8;17050
88458;Socourt;4;24620
59570;Socx;4.6;31160
31549;Sode;4.9;
77454;Sognolles-en-Montois;1.8;26200
51538;Sogny-aux-Moulins;3.1;21220
51539;Sogny-en-l'Angle;4.7;
14674;Soignolles;3.8;23840
77455;Soignolles-en-Brie;1.6;28470
78597;Soindres;2.8;28530
70492;Soing-Cubry-Charentenay;4.7;22170
41247;Soings-en-Sologne;2.1;22200
21609;Soirans;4;24470
2722;Soissons;3.4;18280
21610;Soissons-sur-Nacey;2.9;23010
77456;Soisy-Bouy;2.2;25360
95598;Soisy-sous-Montmorency;2.5;26100
91599;Soisy-sur-École;2.3;29020
91600;Soisy-sur-Seine;2.9;30670
2723;Soize;3.9;22090
51542;Soizy-aux-Bois;3;22950
69296;Solaize;4.9;29430
2B283;Solaro;7.4;23330
26001;Solaure en Diois;6.2;21070
67470;Solbach;2.3;28090
4210;Soleilhas;0;18170
25548;Solemont;1.4;24850
60621;Solente;2.8;20960
26342;Solérieux;3.4;25510
77457;Solers;1.3;26730
59571;Solesmes;3.4;19100
72336;Solesmes;2.8;24650
38494;Soleymieu;2.1;25950
42301;Soleymieux;2.3;22340
40303;Solférino;2.9;21240
57655;Solgne;5.6;25530
14675;Soliers;5.6;24870
87192;Solignac;2.5;25220
43240;Solignac-sous-Roche;1;20760
43241;Solignac-sur-Loire;2.8;22300
63422;Solignat;2.6;23070
61475;Soligny-la-Trappe;3.7;20270
10370;Soligny-les-Étangs;2.1;22930
2A284;Sollacaro;1.8;23090
83130;Solliès-Pont;4.6;23500
83131;Solliès-Toucas;3.9;26030
83132;Solliès-Ville;2.5;26380
71525;Sologny;2;26530
32436;Solomiac;5.1;20940
42084;Solore-en-Forez;2.6;22510
59572;Solre-le-Château;3.3;20420
59573;Solrinnes;3.3;24580
45312;Solterre;2.1;23190
71526;Solutré-Pouilly;2.8;29120
59574;Somain;4.1;19150
21611;Sombernon;4;23930
62798;Sombrin;2.6;21980
65429;Sombrun;3;21450
49336;Somloire;1.2;20910
59575;Sommaing;2.9;26280
52475;Sommancourt;2.7;
71527;Sommant;2.3;21680
8424;Sommauthe;2.9;19340
51543;Somme-Bionne;1.5;
51546;Somme-Suippe;2;22210
51547;Somme-Tourbe;1.3;23440
51548;Somme-Vesle;0.4;24350
51549;Somme-Yèvre;0.1;25990
89397;Sommecaise;2;21020
55492;Sommedieue;2.5;19890
55493;Sommeilles;3.8;19910
2724;Sommelans;0.9;
55494;Sommelonne;3.3;24680
51544;Sommepy-Tahure;1.3;21250
8425;Sommerance;4.1;
67004;Sommerau;3.4;25730
52476;Sommerécourt;1.3;
60622;Sommereux;4.4;22490
2725;Sommeron;3.3;18210
14676;Sommervieu;4.1;25480
54509;Sommerviller;3.2;24620
76678;Sommery;4.4;22100
76679;Sommesnil;3.2;21330
51545;Sommesous;1;21390
2726;Sommette-Eaucourt;2.2;21820
10371;Sommeval;1.5;25000
52479;Sommevoire;3.8;20820
30321;Sommières;3;20190
86264;Sommières-du-Clain;4.2;20340
51550;Sompuis;0.7;24340
51551;Somsois;2.4;24640
8426;Son;2.5;
46306;Sonac;3.4;
78601;Sonchamp;3.3;30050
88459;Soncourt;3.8;
52480;Soncourt-sur-Marne;4.5;23430
68311;Sondernach;2.8;22960
68312;Sondersdorf;2.6;29720
60623;Songeons;2.6;21830
39518;Songeson;1.4;
51552;Songy;3.2;25360
12272;Sonnac;1.5;23100
17428;Sonnac;2.8;21610
11380;Sonnac-sur-l'Hers;1.1;22030
38496;Sonnay;2.1;25140
73288;Sonnaz;4.6;28180
2727;Sons-et-Ronchères;2.4;19400
1410;Sonthonnax-la-Montagne;0.7;27530
37249;Sonzay;3.8;23160
40304;Soorts-Hossegor;5.6;29760
68313;Soppe-le-Bas;3.9;27350
9297;Sor;3;
70493;Sorans-lès-Breurey;6;26120
2728;Sorbais;2.6;22130
32437;Sorbets;3.9;21330
40305;Sorbets;3.6;20810
55495;Sorbey;2.6;23560
57656;Sorbey;3.8;25730
3274;Sorbier;1.3;19770
5169;Sorbiers;1.1;
42302;Sorbiers;3;25720
2B286;Sorbo-Ocagnano;7.7;21480
2A285;Sorbollano;1.1;
8427;Sorbon;3.5;26340
34303;Sorbs;0.4;
8428;Sorcy-Bauthémont;2.6;24080
55496;Sorcy-Saint-Martin;5.1;21540
40306;Sorde-l'Abbaye;4.2;22650
40307;Sore;4.3;21280
65430;Soréac;2.4;
66196;Sorède;3;23400
80737;Sorel;2.3;18270
80736;Sorel-en-Vimeu;4;22540
28377;Sorel-Moussel;2.1;25620
81288;Sorèze;4;21250
9298;Sorgeat;5.3;
24540;Sorges et Ligueux en Périgord;3.1;22960
84129;Sorgues;4.2;20430
37250;Sorigny;4.2;23890
2B287;Sorio;0;
89398;Sormery;2.4;21560
8429;Sormonne;3;23480
19261;Sornac;1.2;21130
70494;Sornay;4.6;24350
71528;Sornay;1.9;21660
54510;Sornéville;2.7;24100
76680;Sorquainville;2.9;21320
62799;Sorrus;6.2;25000
40308;Sort-en-Chalosse;4.6;23200
50578;Sortosville;2.7;
50577;Sortosville-en-Beaumont;1.4;20790
47302;Sos;2.1;17900
6136;Sospel;4.9;22500
86265;Sossais;2.6;22310
65431;Sost;0.1;
2A288;Sotta;4.2;23970
50579;Sottevast;2.5;24100
50580;Sotteville;2.9;24290
76681;Sotteville-lès-Rouen;3.6;21230
76682;Sotteville-sous-le-Val;4.8;25290
76683;Sotteville-sur-Mer;3.5;23960
46307;Soturac;2.3;21310
57657;Sotzeling;1.5;
51553;Souain-Perthes-lès-Hurlus;2.8;22930
81289;Soual;4.3;21550
28378;Souancé-au-Perche;2.3;23920
66197;Souanyas;0;
62800;Souastre;2.4;21290
34304;Soubès;2.9;21290
17429;Soubise;3.4;23660
65432;Soublecause;1.5;20480
17430;Soubran;3;19780
23173;Soubrebost;4.1;21000
53261;Soucé;1.4;22480
62801;Souchez;3.8;25160
57658;Soucht;2;23860
39519;Soucia;3.8;24390
69176;Soucieu-en-Jarrest;3.4;27650
46308;Soucirac;3.6;19140
1411;Souclin;1.6;24340
2729;Soucy;1.6;
89399;Soucy;3.1;23690
19262;Soudaine-Lavinadière;2.2;20600
44199;Soudan;3.5;21530
79316;Soudan;2.1;21510
24541;Soudat;4.2;
51555;Soudé;0.9;26520
19263;Soudeilles;8.2;21530
30322;Soudorgues;0;16000
51556;Soudron;0;24830
31550;Soueich;3.2;23270
9299;Soueix-Rogalle;4;20400
81290;Souel;2.5;21160
65433;Soues;3.5;21670
80738;Soues;4.8;24660
41249;Souesmes;1;21850
67471;Souffelweyersheim;4.1;26470
67472;Soufflenheim;5.2;24150
16372;Souffrignac;2.6;20110
36218;Sougé;2.3;20830
41250;Sougé;2.7;22680
72337;Sougé-le-Ganelon;1.1;20730
35329;Sougeal;2.9;21030
89400;Sougères-en-Puisaye;1.5;23690
11381;Sougraigne;0.2;
45313;Sougy;1.9;24380
58280;Sougy-sur-Loire;1.2;23180
21612;Souhey;2.3;
11382;Souilhanels;2.9;24020
11383;Souilhe;2.6;22810
46309;Souillac;4.2;19500
72338;Souillé;2.8;24000
55498;Souilly;3;22550
9300;Soula;2.8;22710
33514;Soulac-sur-Mer;3.9;22700
15229;Soulages;0.9;
12273;Soulages-Bonneval;5.4;22790
10372;Soulaines-Dhuys;2.5;22580
49338;Soulaines-sur-Aubance;4.7;25360
49339;Soulaire-et-Bourg;3.8;24620
28379;Soulaires;2.8;26420
9301;Soulan;3.3;18140
51557;Soulanges;3;22240
18253;Soulangis;1.6;25750
14677;Soulangy;3.7;23640
11384;Soulatgé;0;
52482;Soulaucourt-sur-Mouzon;1.1;
24542;Soulaures;1.1;
25551;Soulce-Cernay;1.4;24550
14061;Souleuvre en Bocage;2.5;21600
53262;Soulgé-sur-Ouette;2.1;22000
51558;Soulières;3.6;27670
33515;Soulignac;3.2;20130
72339;Souligné-Flacé;2;23700
72340;Souligné-sous-Ballon;2.7;23470
17431;Soulignonne;3.6;21450
10373;Souligny;2;25810
72341;Soulitré;2;24140
85284;Soullans;4;23260
65435;Soulom;5.5;19560
46310;Soulomès;1.4;21000
88460;Soulosse-sous-Saint-Élophe;2.5;22600
68315;Soultz-Haut-Rhin;3.7;24370
67473;Soultz-les-Bains;4.1;26680
67474;Soultz-sous-Forêts;4.2;24090
68316;Soultzbach-les-Bains;2.7;26330
68317;Soultzeren;3.2;23680
68318;Soultzmatt;2.4;26540
44200;Soulvache;1.5;20930
89402;Soumaintrain;3.7;23780
23174;Soumans;2;20150
47303;Soumensac;1.9;19480
17432;Souméras;2.8;21830
34306;Soumont;1.9;18140
14678;Soumont-Saint-Quentin;4.2;22720
64526;Soumoulou;4;23610
11385;Soupex;3.6;21700
2730;Soupir;1.7;19870
77458;Souppes-sur-Loing;1.8;20430
40309;Souprosse;2.8;22020
64527;Souraïde;3.5;23540
25552;Sourans;2.7;19320
21084;Source-Seine;2;
69177;Sourcieux-les-Mines;2.9;28150
50582;Sourdeval;2;20110
80740;Sourdon;3.1;25140
77459;Sourdun;3.2;22960
66198;Sournia;3.3;19670
15230;Sourniac;2.4;20910
4211;Sourribes;2.4;19960
28380;Sours;1.6;26180
19264;Soursac;0.7;20510
24543;Sourzac;3.2;22100
23175;Sous-Parsat;3.2;24970
46311;Sousceyrac-en-Quercy;4.2;19250
17433;Sousmoulins;2.4;21430
26343;Souspierre;4;22170
33516;Soussac;3.1;19890
33517;Soussans;4.3;23100
21613;Soussey-sur-Brionne;3.4;23350
30323;Soustelle;0.9;19300
40310;Soustons;4.6;23700
38497;Sousville;5;22950
42303;Souternon;1.5;20930
39520;Souvans;4;23080
30324;Souvignargues;3.4;23900
16373;Souvigné;3.4;21040
37251;Souvigné;4;22900
79319;Souvigné;2.7;23140
72342;Souvigné-sur-Même;2.1;26190
72343;Souvigné-sur-Sarthe;3.1;22160
3275;Souvigny;4;21640
37252;Souvigny-de-Touraine;4.1;23740
41251;Souvigny-en-Sologne;1.8;22950
65436;Souyeaux;2.2;23650
49341;Souzay-Champigny;4.4;22440
69178;Souzy;2.7;22510
91602;Souzy-la-Briche;2.2;30190
2B289;Soveria;3.2;
26344;Soyans;2.8;22450
16374;Soyaux;3.1;18730
25553;Soye;3.2;21580
18254;Soye-en-Septaine;2.3;26910
80741;Soyécourt;4.1;22950
52483;Soyers;2;
7316;Soyons;4.1;26810
67475;Sparsbach;2.4;25030
72344;Spay;3.1;25090
68320;Spechbach;3.5;27910
2B290;Speloncato;0;18910
6137;Spéracèdes;4.9;27400
29278;Spézet;4.1;20600
57659;Spicheren;2;25950
55500;Spincourt;4.5;23390
54511;Sponville;1.1;24810
10374;Spoy;1.3;24720
21614;Spoy;4;27040
59576;Spycker;2.8;24810
22338;Squiffiec;2.5;22600
68321;Staffelfelden;3.5;23650
93072;Stains;3.5;16130
55501;Stainville;3;22900
59577;Staple;3.9;22170
67476;Stattmatten;3.6;25260
2B291;Stazzona;0;
59578;Steenbecque;3.3;22630
59579;Steene;3.2;24650
59580;Steenvoorde;5;23050
59581;Steenwerck;5.7;24620
67477;Steige;3.3;21850
68322;Steinbach;2.4;28110
67478;Steinbourg;4.9;24260
68323;Steinbrunn-le-Bas;1.6;34590
68324;Steinbrunn-le-Haut;1.6;32910
67479;Steinseltz;2.9;26830
68325;Steinsoultz;4.3;32780
55502;Stenay;2.9;19550
68326;Sternenberg;2.1;29410
68327;Stetten;2.4;37810
89403;Stigny;5.1;20640
67480;Still;3.6;26470
57660;Stiring-Wendel;3.3;18700
8430;Stonne;2.6;
68328;Storckensohn;3.1;24370
68329;Stosswihr;3.7;23850
67481;Stotzheim;5.6;26000
67482;Strasbourg;6.5;20260
59582;Strazeele;5.4;23860
46312;Strenquels;4.2;21730
68330;Strueth;2.1;25840
67483;Struth;2;21310
57767;Stuckange;3.8;31400
67484;Stundwiller;3.8;26710
57661;Sturzelbronn;0.5;21080
67485;Stutzheim-Offenheim;4.6;30430
90095;Suarce;2.1;28170
16375;Suaux;3.1;20850
37253;Sublaines;3.6;24040
14679;Subles;4.1;24570
18256;Subligny;2.4;22010
50584;Subligny;2.3;22070
89404;Subligny;3.3;24140
38498;Succieu;2.2;26540
44201;Sucé-sur-Erdre;3.7;30100
94071;Sucy-en-Brie;5.2;28120
41252;Suèvres;2;23870
63423;Sugères;1;21960
8431;Sugny;2.2;25980
64528;Suhescun;2.5;18890
58281;Suilly-la-Tour;0.8;20510
71529;Suin;1.5;21770
51559;Suippes;2.7;20090
57662;Suisse;3.2;
51560;Suizy-le-Franc;1;25980
1412;Sulignat;2.2;24630
14680;Sully;4.1;22630
60624;Sully;2.2;22170
71530;Sully;3.6;23790
45314;Sully-la-Chapelle;1.3;25860
45315;Sully-sur-Loire;2.8;20200
56247;Sulniac;3.7;23640
30325;Sumène;3.9;19570
68331;Sundhoffen;3.8;27020
67486;Sundhouse;3.8;24860
39522;Supt;2.8;26020
63424;Surat;2.7;24980
9303;Surba;2.6;24620
67487;Surbourg;4.8;26230
80742;Surcamps;2.3;
87193;Surdoux;4;
61476;Suré;2.7;23390
92073;Suresnes;2.6;31810
72345;Surfonds;1.6;22660
2732;Surfontaine;3.2;
17434;Surgères;3.8;21560
58282;Surgy;3.7;22580
88461;Suriauville;5.2;22530
79320;Surin;2.1;23140
86266;Surin;2.9;21250
1215;Surjoux-Lhopital;0.9;23850
25554;Surmont;2.2;22940
62803;Surques;2.1;22730
14681;Surrain;3.7;22500
50585;Surtainville;2;23050
27623;Surtauville;2.2;26710
14682;Surville;5.2;26960
27624;Surville;1.6;26210
95604;Survilliers;2.4;23580
8432;Sury;2.8;
45316;Sury-aux-Bois;0.7;24300
18258;Sury-en-Vaux;3.5;27200
18259;Sury-ès-Bois;1.8;21200
42304;Sury-le-Comtal;5;21570
18257;Sury-près-Léré;3.1;24040
56248;Surzur;4.1;24930
64529;Sus;2.8;22670
62804;Sus-Saint-Léger;2.1;21890
64530;Susmiou;3.5;23630
87194;Sussac;1.7;19960
34307;Sussargues;2.7;28460
3276;Sussat;3.4;20580
21615;Sussey;0.7;20780
38499;Susville;5.2;20310
9304;Suzan;3.7;
8433;Suzanne;3.1;
80743;Suzanne;3;22860
52484;Suzannecourt;3.6;21800
27625;Suzay;1.7;21890
26346;Suze;2.7;24980
26345;Suze-la-Rousse;3.2;24490
84130;Suzette;1.3;25720
60625;Suzoy;3.4;24130
8434;Sy;1.9;
39523;Syam;4;24800
27693;Sylvains-Lès-Moulins;1.1;26110
12274;Sylvanès;1.4;21510
64531;Tabaille-Usquain;4;
33518;Tabanac;3.1;25550
9305;Tabre;3.4;21320
32438;Tachoires;3.5;19950
78605;Tacoignières;1.3;29550
58283;Taconnay;0.8;
22339;Taden;4.2;23670
64532;Tadousse-Ussau;2.3;
2B318;Taglio-Isolaccio;0;21550
8435;Tagnon;5.5;25080
68332;Tagolsheim;3.8;27650
68333;Tagsdorf;3.8;33420
43242;Tailhac;2.2;
84131;Taillades;3.5;25380
55503;Taillancourt;3.7;24290
17435;Taillant;3.2;21210
17436;Taillebourg;3.4;21580
47304;Taillebourg;3;
33520;Taillecavat;3.9;18380
25555;Taillecourt;3.7;26090
2734;Taillefontaine;2.4;24440
50587;Taillepied;2.1;
66199;Taillet;0;19460
8436;Taillette;2.1;21420
35330;Taillis;2.7;21890
8437;Tailly;4.7;20630
21616;Tailly;4.1;30060
80744;Tailly;3.3;
26347;Tain-l'Hermitage;3.3;22330
88463;Taintrux;3.8;24380
59583;Taisnières-en-Thiérache;2.6;22420
59584;Taisnières-sur-Hon;2;26230
51562;Taissy;5.6;28970
81291;Taïx;3.1;22280
71532;Taizé;3.8;
16378;Taizé-Aizie;3.6;22070
8438;Taizy;2.8;23270
65437;Tajan;1.4;22700
11386;Talairan;5.8;18620
33521;Talais;3.9;19900
57663;Talange;7;20870
21617;Talant;3.5;23800
2B319;Talasani;1.4;21610
65438;Talazac;2.7;
41253;Talcy;1.8;22060
89406;Talcy;2;
33522;Talence;6.8;24260
7317;Talencieux;2.6;24410
35331;Talensac;3.2;24770
1415;Talissieu;4.1;23340
15231;Talizat;3.8;20650
25556;Tallans;2.9;
5170;Tallard;4;22310
25557;Tallenay;3.5;30230
63425;Tallende;5.5;28330
40311;Taller;2.1;23680
74275;Talloires-Montmin;3;30600
2B320;Tallone;0;22280
85287;Tallud-Sainte-Gemme;1.9;21710
80746;Talmas;5.5;26500
21618;Talmay;1.6;21920
85288;Talmont-Saint-Hilaire;3;24530
17437;Talmont-sur-Gironde;1.6;
60626;Talmontiers;1.9;23570
58284;Talon;1.5;
51563;Talus-Saint-Prix;1.7;
69241;Taluyers;3.2;28720
50588;Tamerville;2.6;24520
58285;Tamnay-en-Bazois;3.1;20190
24544;Tamniès;0.6;20100
15232;Tanavelle;3.9;21880
21619;Tanay;2.9;24490
76684;Tancarville;2.8;24720
71533;Tancon;3;23330
54512;Tanconville;3.6;19330
77460;Tancrou;1.9;25410
62805;Tangry;2.8;24010
74276;Taninges;6.4;25580
50589;Tanis;2.3;21320
89407;Tanlay;5;23020
58286;Tannay;3.1;20190
8439;Tannay-le-Mont-Dieu;2.8;20360
83133;Tanneron;0.3;24970
89408;Tannerre-en-Puisaye;3.7;21270
2735;Tannières;2.3;
55504;Tannois;3.7;22910
61479;Tanques;3.2;25660
54513;Tantonville;4.3;22600
81292;Tanus;4.2;20590
61480;Tanville;1.6;21020
17438;Tanzac;3.4;21760
69242;Taponas;2.4;23880
16379;Taponnat-Fleurignac;2.9;21490
31551;Tarabel;3;26750
83134;Taradeau;2.8;23800
69243;Tarare;2;19730
13108;Tarascon;3;18190
9306;Tarascon-sur-Ariège;3.8;18950
65439;Tarasteix;2.1;21510
65440;Tarbes;3.9;19070
25558;Tarcenay-Foucherans;5.3;25180
23251;Tardes;2.8;16890
64533;Tardets-Sorholus;4.7;19690
62806;Tardinghen;2.5;29860
42306;Tarentaise;0.4;26320
66201;Tarerach;1.6;
66202;Targasonne;5.3;21610
3277;Target;1.6;21250
33523;Targon;3.7;22930
19265;Tarnac;7.4;19880
33524;Tarnès;2.7;25340
40312;Tarnos;6.2;23770
64534;Taron-Sadirac-Viellenave;1.2;19900
57664;Tarquimpol;3.3;
2B321;Tarrano;0;
32439;Tarsac;3.3;20220
64535;Tarsacq;4.4;23420
21620;Tarsul;1.8;25570
21623;Tart;3.2;25920
21622;Tart-le-Bas;3.3;24700
42307;Tartaras;3.8;25780
40313;Tartas;3.5;21030
70496;Tartécourt;3.7;
2736;Tartiers;1.8;21700
60627;Tartigny;4.1;23140
4214;Tartonne;1;18600
8440;Tarzy;5;20090
32440;Tasque;3.9;19350
72347;Tassé;2.9;23210
39525;Tassenières;2.4;22740
72348;Tassillé;3.4;22910
69244;Tassin-la-Demi-Lune;5.1;29010
2A322;Tasso;1.1;
17439;Taugon;2.8;20880
29279;Taulé;4.8;22830
26348;Taulignan;2;21160
66203;Taulis;0;
56249;Taupont;3.1;23620
33525;Tauriac;3.6;21970
46313;Tauriac;3.2;22120
81293;Tauriac;3;22670
12275;Tauriac-de-Camarès;0;
12276;Tauriac-de-Naucelle;4.8;18410
7318;Tauriers;2;23400
9307;Taurignan-Castet;3.2;21400
9308;Taurignan-Vieux;3.8;23360
66204;Taurinya;2.7;20800
11387;Taurize;4.9;
12277;Taussac;4;19490
34308;Taussac-la-Billière;4.9;21340
66205;Tautavel;1.1;18740
63426;Tauves;3.9;20580
37254;Tauxigny-Saint-Bauld;2.7;25480
2A323;Tavaco;0;24060
37255;Tavant;3.8;21780
39526;Tavaux;4.2;23720
2737;Tavaux-et-Pontséricourt;3.6;19910
30326;Tavel;2.8;24260
2A324;Tavera;0;22530
71535;Tavernay;2.9;22990
83135;Tavernes;4.9;20570
95607;Taverny;2.3;25570
45317;Tavers;2.7;26110
3278;Taxat-Senat;3.6;24340
39527;Taxenne;5.1;24020
33526;Tayac;1.7;23160
32441;Taybosc;3.2;
12278;Tayrac;3.3;19830
47305;Tayrac;1.7;22050
58287;Tazilly;5.9;19370
38500;Têche;2.5;22980
81294;Técou;3;24150
58288;Teigny;2.6;
63427;Teilhède;2.8;25160
9309;Teilhet;3.4;23800
63428;Teilhet;3.6;20130
35332;Teillay;1;21330
44202;Teillé;2;22280
72349;Teillé;2.5;22250
81295;Teillet;3.4;19600
3279;Teillet-Argenty;2.3;21220
24545;Teillots;2.4;
15233;Teissières-de-Cornet;3.5;24090
15234;Teissières-lès-Bouliès;0.5;22690
29280;Telgruc-sur-Mer;3.5;24020
54514;Tellancourt;2.8;25910
21624;Tellecey;2;23390
61481;Tellières-le-Plessis;2.9;
72350;Teloché;2.2;23460
24546;Temple-Laguyon;3.5;
59585;Templemars;5;26250
59586;Templeuve-en-Pévèle;4.1;26780
80747;Templeux-la-Fosse;3.1;21970
80748;Templeux-le-Guérard;2.7;19080
1416;Tenay;1.3;20410
43244;Tence;4.6;21260
38501;Tencin;4.6;25480
6163;Tende;2.1;21070
88464;Tendon;2.7;23660
18260;Tendron;1.4;
36219;Tendu;3.3;22250
62808;Teneur;2.5;19760
72351;Tennie;3.7;21970
57665;Tenteling;2.8;25280
86268;Tercé;4;24460
23252;Tercillat;2.2;16780
40314;Tercis-les-Bains;4.3;23830
59587;Terdeghem;4.2;25850
2738;Tergnier;2.5;18550
3280;Terjat;5.1;18610
11388;Termes;0.8;
48190;Termes;3.2;20860
32443;Termes-d'Armagnac;3.9;18970
28382;Terminiers;1.9;22970
69245;Ternand;2.3;25830
17440;Ternant;2.6;22980
21625;Ternant;1.9;
58289;Ternant;2.7;20470
63429;Ternant-les-Eaux;0.5;
62809;Ternas;4.2;23710
52486;Ternat;1.5;
41255;Ternay;2;22000
69297;Ternay;3;27400
86269;Ternay;1.5;18490
70498;Ternuay-Melay-et-Saint-Hilaire;3.7;22300
2739;Terny-Sorny;2.4;24660
80749;Terramesnil;4.2;20550
49086;Terranjou;2.4;22820
24547;Terrasson-Lavilledieu;2.5;19130
66207;Terrats;2;22180
32442;Terraube;3.6;21830
81233;Terre-de-Bancalié;2.3;21490
97130;Terre-de-Bas;1;
97131;Terre-de-Haut;6.5;
50564;Terre-et-Marais;2.2;21400
31552;Terrebasse;2.4;22280
21626;Terrefondrée;0.9;
72352;Terrehault;2.1;21720
27412;Terres de Bord;2.7;26070
14357;Terres de Druance;2.3;20630
76258;Terres-de-Caux;3.4;23120
16192;Terres-de-Haute-Charente;2.7;19720
11389;Terroles;0.2;
46314;Terrou;1.6;21950
26349;Tersanne;2.8;23250
87195;Tersannes;1.8;17390
81297;Terssac;4;25470
80750;Tertry;1.6;23680
85289;Terval;1.7;21160
57666;Terville;4.9;23960
78609;Tessancourt-sur-Aubette;2;29900
61482;Tessé-Froulay;3;22670
14684;Tessel;3.9;24240
17441;Tesson;4.7;23200
50592;Tessy-Bocage;2.5;21170
8444;Tétaigne;3.6;21650
59588;Téteghem-Coudekerque-Village;4.9;26490
57667;Téterchen;3.5;23840
40315;Téthieu;4.4;23910
57668;Teting-sur-Nied;3.3;22590
33530;Teuillac;4.7;22980
81298;Teulat;3.9;25870
50593;Teurthéville-Bocage;3.3;21670
50594;Teurthéville-Hague;3.5;26960
24548;Teyjat;2.8;18360
34309;Teyran;4.7;29970
26350;Teyssières;1.1;
46315;Teyssieu;3.1;19390
81299;Teyssode;3.1;23340
51565;Thaas;2.2;
17442;Thaims;2.3;21010
17443;Thairé;4.3;24770
58290;Thaix;4.6;
67488;Thal-Drulingen;3.2;21450
67489;Thal-Marmoutier;4.2;26840
19266;Thalamy;0;22830
68334;Thann;2.6;22050
68335;Thannenkirch;1.6;25640
67490;Thanvillé;4;27220
14685;Thaon;3.5;25990
88465;Thaon-les-Vosges;4.7;21080
30327;Tharaux;2.2;
89409;Tharoiseau;4.5;
89410;Tharot;2.9;23260
18261;Thaumiers;1.1;20700
23253;Thauron;2.7;19810
18262;Thauvenay;2.7;21950
65441;Thèbe;1;
57669;Théding;2.5;20320
46316;Thédirac;2.2;20240
46317;Thégra;3.4;20400
56250;Théhillac;3;21250
16381;Theil-Rabier;2.7;20520
41256;Theillay;2.4;22220
56251;Theix-Noyalo;5.8;24910
69246;Theizé;3;27890
72353;Théligny;2;23800
42310;Thélis-la-Combe;1.1;23280
54515;Thélod;1.3;26450
8445;Thelonne;2.6;23260
62810;Thélus;6.2;26190
95610;Théméricourt;2.4;31340
46318;Thémines;4.9;20970
46319;Théminettes;4.3;21440
17444;Thénac;5.1;23150
24549;Thénac;1.4;20380
2740;Thenailles;2.2;21290
36220;Thenay;2.7;19770
2741;Thenelles;4.2;18780
73292;Thénésol;1.5;26390
37256;Theneuil;2.2;20600
3282;Theneuille;2.2;18960
79326;Thénezay;2.8;19700
18263;Thénioux;2.1;22110
21627;Thenissey;0;
77461;Thénisy;1.5;27040
10375;Thennelières;4.1;26230
80751;Thennes;5.9;25230
24550;Thenon;3.9;19850
8446;Thénorgues;6.5;
27089;Thénouville;1.8;26140
6138;Théoule-sur-Mer;2.9;24420
60628;Therdonne;5;24470
50239;Thèreval;3.4;23820
60629;Thérines;3.2;21770
65442;Thermes-Magnoac;4.1;20090
12280;Thérondels;1.3;19610
62811;Thérouanne;3.9;22010
76685;Thérouldeville;3.2;22340
39528;Thervay;4;24300
41258;Thésée;3.5;22400
39529;Thésy;2.6;
70499;Theuley;2.5;21250
5171;Théus;1.9;18420
28383;Theuville;2.7;24300
95611;Theuville;1.1;
76686;Theuville-aux-Maillots;2.5;21450
36221;Thevet-Saint-Julien;2.2;21510
50596;Théville;3.4;22280
88466;They-sous-Montfort;2.7;23330
54516;They-sous-Vaudemont;3.5;
38504;Theys;2.9;28260
66208;Théza;5.8;21730
17445;Thézac;3.7;22850
47307;Thézac;1.5;19020
11390;Thézan-des-Corbières;3.9;19790
34310;Thézan-lès-Béziers;2.7;22860
4216;Thèze;0.4;19870
64536;Thèze;3.3;25520
54517;Thézey-Saint-Martin;3.6;24720
30328;Théziers;2.9;22350
80752;Thézy-Glimont;3.8;27990
94073;Thiais;3.1;24670
90096;Thiancourt;1.9;31170
58291;Thianges;2.7;22300
59589;Thiant;5.1;21290
54518;Thiaucourt-Regniéville;3.3;21220
54519;Thiaville-sur-Meurthe;2.4;21640
27629;Thiberville;2.6;20380
51566;Thibie;0.1;24900
60630;Thibivillers;1.2;24700
27630;Thibouville;3;22630
57670;Thicourt;3.1;22180
54520;Thiébauménil;5.2;23640
51567;Thiéblemont-Farémont;4.1;22590
25559;Thiébouhans;2.5;26200
10376;Thieffrain;2.3;24010
70500;Thieffrans;3.4;22080
88467;Thiéfosse;2.5;20540
3283;Thiel-sur-Acolin;3.8;21870
62812;Thiembronne;2.8;19880
70501;Thiénans;2.6;23700
59590;Thiennes;3.8;21580
80753;Thiepval;4.2;21080
76688;Thiergeville;2.7;23940
2742;Thiernu;3.8;
63430;Thiers;2.9;19300
60631;Thiers-sur-Thève;1.5;29340
27631;Thierville;2;22530
55505;Thierville-sur-Meuse;4.4;22430
6139;Thiéry;0;
60632;Thiescourt;2.8;23960
76689;Thiétreville;2.9;22140
80754;Thieulloy-l'Abbaye;4.3;22990
80755;Thieulloy-la-Ville;3.2;21680
60633;Thieuloy-Saint-Antoine;4.1;20970
60634;Thieux;3.3;21880
77462;Thieux;2.4;23530
62814;Thièvres;3.5;21780
80756;Thièvres;3.5;
15236;Thiézac;5.5;21670
45320;Thignonville;1.6;23930
1418;Thil;3.3;30620
10377;Thil;3.1;23180
31553;Thil;3.6;26020
51568;Thil;5;28340
54521;Thil;2.9;24810
76690;Thil-Manneville;3.4;22650
71537;Thil-sur-Arroux;2.9;20160
8448;Thilay;2.7;21420
52487;Thilleux;2.9;
51569;Thillois;8.1;31520
55506;Thillombois;4;
55507;Thillot;4.3;21430
37257;Thilouze;2.7;23950
28386;Thimert-Gâtelles;2;23540
57671;Thimonville;3.1;25120
45321;Thimory;1.7;23020
8449;Thin-le-Moutier;2.3;23160
63431;Thiolières;2.1;20290
3284;Thionne;0.4;21660
57672;Thionville;4.4;24850
76692;Thiouville;3.8;22500
88469;Thiraucourt;2.3;22200
85290;Thiré;1.9;21570
28387;Thiron-Gardais;1.6;20520
8450;This;2.8;27580
25560;Thise;4.3;25810
28388;Thivars;2.8;25990
59591;Thivencelle;4.1;18610
60635;Thiverny;3.3;20870
78615;Thiverval-Grignon;1.7;29850
52488;Thivet;2.4;24240
24551;Thiviers;5;20060
28389;Thiville;2.2;24070
36222;Thizay;2.4;22150
37258;Thizay;3.6;23070
89412;Thizy;2;23570
69248;Thizy-les-Bourgs;2.5;21160
4217;Thoard;1;21110
38505;Thodure;2.4;22690
72354;Thoigné;1.8;22260
30329;Thoiras-Corbès;2.9;17730
72355;Thoiré-sous-Contensor;1.3;
72356;Thoiré-sur-Dinan;2;20990
21628;Thoires;1.6;
39530;Thoirette-Coisia;2.4;22790
39531;Thoiria;4.4;25190
1419;Thoiry;1;38950
73293;Thoiry;1.6;25690
78616;Thoiry;2.3;29640
1420;Thoissey;2.5;20430
39532;Thoissia;1.6;
21629;Thoisy-la-Berchère;1.7;22200
21630;Thoisy-le-Désert;4;23530
80757;Thoix;2.2;25950
52489;Thol-lès-Millières;0.7;
86270;Thollet;1.3;20370
74279;Thollon-les-Mémises;2;27110
77463;Thomery;3.6;29480
21631;Thomirey;5.4;
24552;Thonac;2.8;21410
74280;Thônes;4.2;25350
52490;Thonnance-lès-Joinville;3.8;19470
52491;Thonnance-les-Moulins;1.5;
55508;Thonne-la-Long;0.7;28400
55509;Thonne-le-Thil;1.9;19610
55510;Thonne-les-Près;2.1;23040
55511;Thonnelle;1.2;24100
74281;Thonon-les-Bains;2.6;24450
57673;Thonville;2.9;
45322;Thorailles;1;23510
25561;Thoraise;3.7;24040
4218;Thorame-Basse;1.2;20970
4219;Thorame-Haute;2.4;18190
43245;Thoras;0.7;16920
41259;Thoré-la-Rochette;2.9;22130
72357;Thorée-les-Pins;3;21920
89413;Thorey;0.6;
21632;Thorey-en-Plaine;3.8;26240
54522;Thorey-Lyautey;3;21610
21633;Thorey-sous-Charny;3;23290
21634;Thorey-sur-Ouche;2.9;22260
49344;Thorigné-d'Anjou;3;22730
53264;Thorigné-en-Charnie;1.9;20040
35334;Thorigné-Fouillard;5.3;28380
72358;Thorigné-sur-Dué;1.8;21770
85291;Thorigny;1.7;22350
77464;Thorigny-sur-Marne;1.7;25580
89414;Thorigny-sur-Oreuse;1.7;22730
7321;Thorrenc;2.4;24930
10378;Thors;3;
17446;Thors;2.8;22280
80758;Thory;2.3;23510
89415;Thory;2.9;22150
21635;Thoste;3.5;21580
18264;Thou;1.4;
45323;Thou;3.4;20860
44204;Thouaré-sur-Loire;4.8;26560
79329;Thouars;3.3;20280
9310;Thouars-sur-Arize;3;
47308;Thouars-sur-Garonne;3.2;21070
35335;Thourie;1.6;21860
87197;Thouron;2.8;22100
60636;Thourotte;4.3;21310
41260;Thoury;2.9;23410
77465;Thoury-Férottes;1.9;25450
32444;Thoux;2.9;25450
53263;Thubœuf;2.7;21000
14098;Thue et Mue;5.7;25100
66209;Thuès-Entre-Valls;0;
7322;Thueyts;3.3;20220
8452;Thugny-Trugny;3.9;22770
54523;Thuilley-aux-Groseilles;1.6;26330
88472;Thuillières;2.4;25200
66210;Thuir;2.9;21270
25562;Thulay;2.3;27490
54524;Thumeréville;1.9;
59592;Thumeries;3.5;25030
59593;Thun-l'Évêque;3.1;25550
59594;Thun-Saint-Amand;4.4;22610
59595;Thun-Saint-Martin;3.4;25540
86271;Thurageau;3.9;22510
86272;Thuré;3.4;23310
63432;Thuret;2.4;24730
71538;Thurey;2.7;22720
25563;Thurey-le-Mont;5;23570
69249;Thurins;2.8;26100
21636;Thury;5.2;21480
89416;Thury;2.5;20960
60637;Thury-en-Valois;2;25900
14689;Thury-Harcourt-le-Hom;3;22030
60638;Thury-sous-Clermont;2.1;25180
74283;Thusy;1.5;28310
65443;Thuy;1;
74278;Thyez;3;26840
65444;Tibiran-Jaunac;1.9;24580
61485;Ticheville;2.6;21560
21637;Tichey;3.1;22920
67491;Tieffenbach;2.2;21080
49347;Tiercé;3;23780
54525;Tiercelet;4.2;33830
32445;Tieste-Uragnoux;2.1;18210
85293;Tiffauges;1.8;22710
77466;Tigeaux;1.7;28790
91617;Tigery;4.2;27420
9311;Tignac;5.5;
88473;Tignécourt;4.8;
73296;Tignes;7.4;21430
38507;Tignieu-Jameyzieu;3.2;24340
62815;Tigny-Noyelle;4.4;22410
45324;Tigy;2.3;24310
21638;Til-Châtel;5.4;25410
40316;Tilh;4.2;21540
65445;Tilhouse;2.3;25310
32446;Tillac;3.8;20330
28390;Tillay-le-Péneux;1.3;21540
60639;Tillé;3.9;22660
21639;Tillenay;2.5;23110
27640;Tilleul-Dame-Agnès;1;22950
88474;Tilleux;3.3;
27643;Tillières-sur-Avre;2.9;20970
80759;Tilloloy;2.7;22660
51572;Tilloy-et-Bellay;0.3;26440
80760;Tilloy-Floriville;3;23390
62816;Tilloy-lès-Hermaville;4.2;26230
62817;Tilloy-lès-Mofflaines;5.3;23650
59597;Tilloy-lez-Cambrai;3.3;26680
59596;Tilloy-lez-Marchiennes;5.1;29240
27644;Tilly;2;27990
36223;Tilly;1.4;19590
78618;Tilly;2;28480
62818;Tilly-Capelle;2.8;22480
55512;Tilly-sur-Meuse;2.6;19310
14692;Tilly-sur-Seulles;3;22310
62819;Tilques;3.4;24430
70502;Tincey-et-Pontrebeau;3.3;
61486;Tinchebray-Bocage;2.2;20520
80762;Tincourt-Boucly;2.7;21270
62820;Tincques;4;24630
57674;Tincry;4.3;21620
62821;Tingry;3;24260
51573;Tinqueux;6.7;23810
35337;Tinténiac;3.8;23640
71539;Tintry;2.3;
58292;Tintury;2.1;20060
43246;Tiranges;1.5;21090
32447;Tirent-Pontéjac;4.2;
50597;Tirepied-sur-Sée;2.5;22360
89417;Tissey;5.7;23420
45325;Tivernon;2.3;24100
15237;Tiviers;3.3;21830
33531;Tizac-de-Curton;4.2;23790
33532;Tizac-de-Lapouyade;1.7;23520
24553;Tocane-Saint-Apre;1.5;21440
27645;Tocqueville;3.5;22650
50598;Tocqueville;2.7;21770
76694;Tocqueville-en-Caux;3.5;23030
76695;Tocqueville-les-Murs;2.6;23720
80764;Tœufles;3;22320
8453;Toges;4.5;
51574;Togny-aux-Bœufs;1.5;25440
2A326;Tolla;2;22150
88475;Tollaincourt;4.3;21140
62822;Tollent;2.8;
50599;Tollevast;2.6;26930
47309;Tombebœuf;0.7;18550
54526;Tomblaine;7.2;21630
2B327;Tomino;5.1;21930
81300;Tonnac;2.1;20670
17448;Tonnay-Boutonne;2.5;20190
17449;Tonnay-Charente;4.4;21650
47310;Tonneins;2.8;18720
89418;Tonnerre;4.8;17960
54527;Tonnoy;1.8;26920
22340;Tonquédec;2.5;22200
35338;Torcé;3.7;23210
72359;Torcé-en-Vallée;2.9;22880
53265;Torcé-Viviers-en-Charnie;1.6;20580
52492;Torcenay;4.1;23180
61487;Torchamp;1.5;20120
38508;Torchefelon;1.7;24750
57675;Torcheville;1;22540
1421;Torcieu;2.6;22620
62823;Torcy;1.9;21670
71540;Torcy;2.1;19470
77468;Torcy;2.5;21830
2744;Torcy-en-Valois;2.1;
21640;Torcy-et-Pouligny;3;22010
10379;Torcy-le-Grand;3.6;22570
76697;Torcy-le-Grand;2.5;23410
10380;Torcy-le-Petit;3.9;
76698;Torcy-le-Petit;3.2;21090
66211;Tordères;0.6;21460
91619;Torfou;2.2;30310
50601;Torigny-les-Villes;3.6;21910
30330;Tornac;3.8;21260
52493;Tornay;0.7;
25564;Torpes;5.1;24950
71541;Torpes;3;19710
66212;Torreilles;3.2;22080
16382;Torsac;2.5;24750
43247;Torsiac;2;
63433;Tortebesse;0.9;
62824;Tortefontaine;2.3;21630
62825;Tortequesne;2.6;23720
18265;Torteron;1.7;20620
3285;Tortezais;2.2;23890
10381;Torvilliers;3.6;27700
17450;Torxé;2.7;23090
40317;Tosse;5.1;25290
1422;Tossiat;3.8;26180
65446;Tostat;3.7;20570
88476;Totainville;3.6;24000
76700;Tôtes;5.8;21170
18266;Touchay;1.3;24280
89419;Toucy;1.6;20730
6141;Toudon;0.5;22040
6142;Touët-de-l'Escarène;2.4;22260
6143;Touët-sur-Var;5.5;21910
82182;Touffailles;2.8;18690
59598;Toufflers;3.8;25270
27649;Touffreville;3;23850
14698;Touffréville;4;23860
76702;Touffreville-la-Corbeline;4;24890
76703;Touffreville-sur-Eu;2;23840
32448;Touget;3.6;24030
31554;Touille;2.4;23290
21641;Touillon;3.5;23810
25565;Touillon-et-Loutelet;2.7;37280
32449;Toujouse;2.1;19280
54528;Toul;5.2;19940
7323;Toulaud;2.5;26640
33533;Toulenne;6.2;21740
8454;Touligny;0.3;
2745;Toulis-et-Attencourt;3.1;21350
83137;Toulon;4.2;20960
3286;Toulon-sur-Allier;3.4;24180
71542;Toulon-sur-Arroux;1.8;21300
12281;Toulonjac;3.8;23480
66213;Toulouges;5.9;22290
31555;Toulouse;4.6;22140
39533;Toulouse-le-Château;4.2;23210
40318;Toulouzette;2.3;20920
23254;Toulx-Sainte-Croix;2;19270
14699;Touques;4.9;21760
61488;Touquettes;2.1;
77469;Touquin;2.1;27270
46320;Tour-de-Faure;0.7;22890
14700;Tour-en-Bessin;4.6;23250
41262;Tour-en-Sologne;3.3;25630
41261;Tourailles;1.6;24450
34311;Tourbes;4.1;23590
8455;Tourcelles-Chaumont;4;
29281;Tourch;3.1;22410
59599;Tourcoing;4.2;18300
32450;Tourdun;2.6;22600
6145;Tourette-du-Château;1.1;23360
14701;Tourgéville;4.5;29060
47311;Tourliac;0.8;16940
60640;Tourly;1.3;27470
59600;Tourmignies;4.9;29900
39535;Tourmont;4.2;25700
61490;Tournai-sur-Dive;1.7;23350
32451;Tournan;3.4;18260
77470;Tournan-en-Brie;2.4;26380
25567;Tournans;4.9;21840
8456;Tournavaux;2.4;24040
65447;Tournay;2.4;22740
32452;Tournecoupe;3.1;21490
27650;Tournedos-Bois-Hubert;2.3;25830
31557;Tournefeuille;4.9;29020
6146;Tournefort;2.4;24490
62827;Tournehem-sur-la-Hem;2;20160
12282;Tournemire;1.5;19820
15238;Tournemire;4.3;21330
8457;Tournes;3.7;24930
27652;Tourneville;1.3;30760
50272;Tourneville-sur-Mer;3.1;22620
14705;Tournières;1.9;22760
11392;Tournissan;7.7;18190
45326;Tournoisis;1.5;25230
73297;Tournon;2.5;25320
47312;Tournon-d'Agenais;1.8;20450
36224;Tournon-Saint-Martin;4.3;20060
37259;Tournon-Saint-Pierre;4.3;20410
7324;Tournon-sur-Rhône;3;21900
65448;Tournous-Darré;3.5;
65449;Tournous-Devant;3.2;
71543;Tournus;3;20950
61491;Tourouvre au Perche;3.3;20600
11393;Tourouzelle;3.2;20730
11394;Tourreilles;1.7;20630
32453;Tourrenquets;2.2;23960
6147;Tourrette-Levens;2.2;26240
83138;Tourrettes;4.2;23070
6148;Tourrettes-sur-Loup;2.1;27570
16383;Tourriers;4.6;23360
37261;Tours;4.7;21250
73298;Tours-en-Savoie;4.2;25690
80765;Tours-en-Vimeu;4.7;21620
51576;Tours-sur-Marne;3.5;25500
63434;Tours-sur-Meymont;5.9;19220
79331;Tourtenay;1.9;19930
8458;Tourteron;3.5;19120
24555;Tourtoirac;3;20590
83139;Tourtour;4.5;22650
9313;Tourtouse;1.2;17840
47313;Tourtrès;0.7;22580
9314;Tourtrol;2.6;22190
83140;Tourves;2.7;22240
14706;Tourville-en-Auge;4.2;30920
27654;Tourville-la-Campagne;3.4;25670
76705;Tourville-la-Rivière;8.5;23500
76706;Tourville-les-Ifs;3.5;23290
76707;Tourville-sur-Arques;4.6;24610
14707;Tourville-sur-Odon;5.5;25410
27655;Tourville-sur-Pont-Audemer;3.2;23090
50603;Tourville-sur-Sienne;3.9;23090
28391;Toury;2.3;22110
58293;Toury-Lurcy;2.1;21400
58294;Toury-sur-Jour;2;22250
63435;Tourzel-Ronzières;1.5;21450
76708;Toussaint;3.4;24820
69298;Toussieu;3.2;29590
1423;Toussieux;2.5;27870
77471;Tousson;2.2;26640
78620;Toussus-le-Noble;3.5;35870
27656;Toutainville;3.3;23440
71544;Toutenant;1.5;23820
80766;Toutencourt;3.6;22370
31558;Toutens;3.5;24680
49352;Toutlemonde;2.5;22810
21642;Toutry;2.9;21530
16384;Touvérac;2.4;21130
44206;Touvois;2.9;21650
16385;Touvre;3.4;24930
46321;Touzac;2.2;20040
2B328;Tox;0;
19268;Toy-Viam;6.4;
14708;Tracy-Bocage;3.1;23450
60641;Tracy-le-Mont;2.2;25200
60642;Tracy-le-Val;2.5;26130
58295;Tracy-sur-Loire;2.6;22370
14709;Tracy-sur-Mer;3;23990
67492;Traenheim;4.7;28550
57676;Tragny;4.1;
10382;Traînel;1.9;21920
45327;Traînou;1.9;25730
70503;Traitiéfontaine;5.3;23760
73299;Traize;0.9;24150
63436;Tralaigues;3;
2B329;Tralonca;1.6;
22341;Tramain;3.3;23270
71545;Tramayes;3.3;21260
71546;Trambly;3.9;22060
62828;Tramecourt;2.2;
51577;Tramery;3.9;27470
65450;Tramezaïgues;7.5;
38512;Tramolé;2.2;26820
54529;Tramont-Émy;3.3;
54530;Tramont-Lassus;3.3;
54531;Tramont-Saint-André;3.8;
1424;Tramoyes;2.9;31610
88477;Trampot;0.9;
10383;Trancault;1.3;23380
28392;Trancrainville;1.4;26660
72360;Trangé;2.8;26080
10384;Trannes;2.6;22470
88478;Tranqueville-Graux;2.1;
53266;Trans;2;19920
83141;Trans-en-Provence;3.8;24780
35339;Trans-la-Forêt;3;20760
44207;Trans-sur-Erdre;2.2;21930
36226;Tranzault;4.8;22600
78621;Trappes;3.7;18320
11395;Trassanel;0.4;
68336;Traubach-le-Bas;1;26400
68337;Traubach-le-Haut;1.5;26820
11396;Trausse;2.7;19260
84134;Travaillan;3.5;21820
2746;Travecy;2.4;22310
32454;Traversères;2.3;
70504;Traves;5.3;23460
79332;Trayes;2.2;21100
56253;Tréal;2;20170
50604;Tréauville;2.6;24840
29282;Trébabu;4.1;25350
3287;Treban;2.3;20800
81302;Tréban;4.1;
81303;Trébas;2.3;19950
22342;Trébédan;3.3;20390
11397;Trèbes;4.6;19250
22343;Trébeurden;2.1;26120
65451;Trébons;4.6;22550
31559;Trébons-de-Luchon;5.3;
31560;Trébons-sur-la-Grasse;5.3;25880
22344;Trébrivan;4.7;20920
22345;Trébry;2.4;22300
21643;Tréclun;3;25480
51578;Trécon;2.8;
22346;Trédaniel;2.8;22820
22347;Trédarzec;4;22620
22348;Trédias;2.9;20460
56254;Trédion;1.9;22330
22349;Trédrez-Locquémeau;2.2;24280
22350;Tréduder;1.9;21460
2747;Trefcon;1.3;
35340;Treffendel;3.3;23520
29284;Treffiagat;4.2;24150
44208;Treffieux;2;20390
56255;Treffléan;5.1;23380
38513;Treffort;0.9;25880
22351;Treffrin;3.7;23160
29285;Tréflaouénan;3.8;21940
29286;Tréflévénez;3.2;23590
29287;Tréflez;3.8;22790
51579;Tréfols;1.5;22410
22352;Tréfumel;2.4;22320
29288;Trégarantec;4;24990
29289;Trégarvan;1;23190
22353;Trégastel;2.8;25800
22354;Tréglamus;2.7;22270
29290;Tréglonou;5;24820
22356;Trégomeur;3.8;23680
22358;Trégonneau;2.3;21570
29291;Trégourez;2.7;21830
22359;Trégrom;2.1;19800
29292;Tréguennec;3.7;23480
22360;Trégueux;4.1;23310
22361;Tréguidel;3.2;23190
22362;Tréguier;4.3;20050
29293;Trégunc;4.4;24820
56256;Tréhorenteuc;2.6;20890
19269;Treignac;2;21820
3288;Treignat;2.1;19560
89420;Treigny-Perreuse-Sainte-Colombe;3.7;19550
11398;Treilles;2.1;19130
45328;Treilles-en-Gâtinais;1.3;22970
44209;Treillières;3.2;27760
27516;Treis-Sants-en-Ouche;2.9;23850
52494;Treix;3.7;26250
85295;Treize-Septiers;4.5;22910
85296;Treize-Vents;1.1;21620
82183;Tréjouls;3.2;20260
48192;Trélans;0.7;
49353;Trélazé;4.1;21150
22363;Trélévern;3.2;25620
42313;Trelins;4.1;23070
24557;Trélissac;4.3;23230
22364;Trélivan;3.6;23240
59601;Trélon;2.2;19420
2748;Trélou-sur-Marne;3.3;22890
29295;Trémaouézan;4.6;24950
22365;Trémargat;0.8;20570
76710;Trémauville;2.8;25830
93073;Tremblay-en-France;2.1;21420
28393;Tremblay-les-Villages;2.3;24660
54532;Tremblecourt;1.6;22370
8459;Tremblois-lès-Carignan;2;22630
8460;Tremblois-lès-Rocroi;3.3;20760
35342;Trémeheuc;3.4;21530
22366;Trémel;3.1;22500
49355;Trémentines;2.2;23070
29296;Tréméoc;5;24550
22368;Tréméreuc;5.5;22790
57677;Trémery;4.6;27290
22369;Trémeur;3.3;22940
22370;Tréméven;3.2;22440
29297;Tréméven;2.9;23000
52495;Trémilly;3.1;
38514;Tréminis;1;20340
70506;Trémoins;3.2;23490
24558;Trémolat;3.3;20710
47314;Trémons;1.9;20630
61492;Trémont;3;21810
55514;Trémont-sur-Saulx;2.2;23600
88479;Trémonzey;2.9;19240
22371;Trémorel;3.6;22430
15240;Trémouille;0.8;17330
63437;Trémouille-Saint-Loup;2.3;15620
12283;Trémouilles;2.3;18420
9315;Trémoulet;3;
22372;Trémuson;3.4;23350
39537;Trenal;3.3;24100
40319;Trensacq;3.9;20930
47315;Trentels;1.8;21960
22373;Tréogan;2.8;
29298;Tréogat;3.4;22220
28394;Tréon;1.8;24460
29299;Tréouergat;3.8;25590
51580;Trépail;4.4;26090
25569;Trépot;4.5;24690
14710;Tréprel;3.9;21630
38515;Trept;2.9;25590
55515;Trésauvaux;2.1;
35343;Tresbœuf;2.2;22170
62830;Trescault;2.7;22870
5172;Trescléoux;3.5;21410
70507;Trésilley;3.4;24160
51581;Treslon;3;25890
58296;Tresnay;1.7;19330
46322;Trespoux-Rassiels;3;23320
30331;Tresques;2.7;24350
34313;Tressan;2.7;21340
25570;Tressandans;3.4;
57678;Tressange;3.6;28280
66214;Tresserre;2.5;22160
73300;Tresserve;5.8;29640
33535;Tresses;3.4;25960
22375;Tressignaux;2.6;23330
59602;Tressin;4.5;29900
72361;Tresson;1.5;20610
3289;Treteau;0.9;21340
13110;Trets;3.8;25260
80769;Treux;4.1;22990
77473;Treuzy-Levelay;2.4;27700
22376;Trévé;2.4;22360
90097;Trévenans;6.3;24250
22377;Tréveneuc;3.5;24270
55516;Tréveray;1.4;21500
22378;Trévérec;3;20860
35345;Trévérien;2.9;22050
30332;Trèves;0;
69252;Trèves;1.9;25940
81304;Trévien;1.1;20380
14711;Trévières;3.1;19910
73301;Trévignin;3.4;27690
66215;Trévillach;1.4;20410
11399;Tréville;1.6;22520
25571;Trévillers;1.9;29420
3290;Trévol;3.4;25010
22379;Trévou-Tréguignec;3.1;24730
1427;Trévoux;3.9;23920
22380;Trévron;3.2;22450
3291;Trézelles;1.7;21150
22381;Trézény;4.1;23020
11400;Tréziers;2.2;
29301;Trézilidé;3.7;22270
63438;Trézioux;1.5;21810
16387;Triac-Lautrait;3.9;23870
85297;Triaize;3;22190
50606;Tribehou;2.2;20650
89422;Trichey;0.9;
60643;Tricot;3.4;20710
60644;Trie-Château;1.4;24760
60645;Trie-la-Ville;1.4;25470
65452;Trie-sur-Baïse;4.4;19820
78624;Triel-sur-Seine;3;29350
67493;Triembach-au-Val;3.6;24480
54533;Trieux;2.7;23130
83142;Trigance;3.1;14560
44210;Trignac;5.4;21210
51582;Trigny;3.3;29140
45329;Triguères;2.3;22440
77474;Trilbardou;3.2;27100
66216;Trilla;1.3;
77475;Trilport;2.7;25450
67494;Trimbach;3.9;27800
35346;Trimer;3.2;22970
45330;Trinay;1.7;26350
26355;Triors;3;24020
27662;Triqueville;3.5;25210
59603;Trith-Saint-Léger;3.7;19840
57679;Tritteling-Redlach;3.1;24970
71547;Trivy;1.4;22390
15243;Trizac;1.3;18400
17453;Trizay;3.4;23840
28395;Trizay-Coutretot-Saint-Serge;2.3;24600
28396;Trizay-lès-Bonneval;2.1;23470
14712;Troarn;5.7;23510
19270;Troche;2.9;21380
21644;Trochères;3;26390
77476;Trocy-en-Multien;2.3;26620
2749;Troësnes;2.1;23190
22383;Troguéry;4.1;21800
37262;Trogues;4;22740
23255;Trois-Fonds;1.4;20990
51583;Trois-Fontaines-l'Abbaye;3.7;24140
16388;Trois-Palis;2.8;25290
51584;Trois-Puits;5.2;29630
80625;Trois-Rivières;4.7;22670
97132;Trois-Rivières;3.1;
58297;Trois-Vèvres;3;21850
64537;Trois-Villes;3.9;22910
57680;Troisfontaines;3.4;22800
52497;Troisfontaines-la-Ville;1.6;21050
60646;Troissereux;2.8;24680
51585;Troissy;3.8;23190
62831;Troisvaux;3;22200
59604;Troisvilles;3.7;20620
70509;Tromarey;3.6;23810
57681;Tromborn;2;22510
32455;Troncens;2.6;18460
89423;Tronchoy;3.9;23990
71548;Tronchy;2.1;22860
54534;Trondes;2.6;22370
3292;Tronget;2.4;21370
58298;Tronsanges;2.2;23560
54535;Tronville;1.4;26960
55519;Tronville-en-Barrois;4.3;21360
41265;Troo;2.9;22480
60647;Trosly-Breuil;3.1;23830
2750;Trosly-Loire;1.2;20460
10386;Trouans;1.9;20900
65453;Troubat;1.3;
21645;Trouhans;3.3;22690
21646;Trouhaut;4.1;23160
66217;Trouillas;2.7;21790
65454;Trouley-Labarthe;2.2;
60648;Troussencourt;5.1;22340
55520;Troussey;3.2;22920
25572;Trouvans;4.4;
76715;Trouville;3.3;25090
27665;Trouville-la-Haule;3.2;24600
14715;Trouville-sur-Mer;4;21700
18267;Trouy;2.4;25760
9316;Troye-d'Ariège;2.9;24860
10387;Troyes;4.3;18260
55521;Troyon;2.6;21850
67495;Truchtersheim;3.1;30030
2751;Trucy;1.7;24180
58299;Trucy-l'Orgueilleux;2.2;21170
89424;Trucy-sur-Yonne;1;22120
21647;Trugny;2.7;24640
26356;Truinas;4;13860
60650;Trumilly;3.3;29360
61494;Trun;2;20310
14716;Trungy;2.9;25240
37263;Truyes;3.5;24700
97617;Tsingoni;NA;
62832;Tubersent;6.2;23360
11401;Tuchan;8.1;18770
54536;Tucquegnieux;3;21650
19271;Tudeils;3.4;21640
32456;Tudelle;2.2;
49003;Tuffalun;3;21770
72363;Tuffé Val de la Chéronne;1.7;21700
17454;Tugéras-Saint-Maurice;2.8;20170
2752;Tugny-et-Pont;1.6;21340
26357;Tulette;3;21060
19272;Tulle;2.6;21340
38517;Tullins;3.3;23390
80770;Tully;3.7;20960
2753;Tupigny;3.5;18950
69253;Tupin-et-Semons;2;27690
21648;Turcey;1.5;24230
68338;Turckheim;4.4;25610
19273;Turenne;3;23100
16389;Turgon;2.1;
10388;Turgy;1.5;
89425;Turny;3.4;22840
49358;Turquant;3.6;19990
57682;Turquestein-Blancrupt;0.1;
50609;Turqueville;3;23760
76716;Turretot;3.1;25370
4222;Turriers;0.6;20960
24559;Tursac;3.2;19310
16390;Tusson;4.3;20590
65455;Tuzaguet;2.9;23740
4033;Ubaye-Serre-Ponçon;1.2;19920
88480;Ubexy;2.6;20840
4224;Ubraye;1.6;
2A330;Ucciani;1.3;20900
7325;Ucel;4.1;23150
40320;Uchacq-et-Parentis;3.5;25390
30333;Uchaud;3.5;21440
84135;Uchaux;2.9;27420
71550;Uchizy;2.6;22870
71551;Uchon;1.7;26050
57683;Uckange;5.2;18760
68340;Ueberstrass;2.9;27690
68341;Uffheim;2.1;38920
68342;Uffholtz;3.7;26290
73303;Ugine;3.6;22420
65456;Uglas;3;23350
65457;Ugnouas;2.8;
54537;Ugny;2.6;31880
80771;Ugny-l'Équipée;2;
2754;Ugny-le-Gay;2.4;23990
55522;Ugny-sur-Meuse;3.5;20580
64538;Uhart-Cize;3.5;22010
64539;Uhart-Mixe;3.8;23040
67497;Uhlwiller;3.8;26850
67498;Uhrwiller;3.7;24800
60651;Ully-Saint-Georges;1.8;25700
28397;Umpeau;2.3;25830
9318;Unac;3.9;21050
21649;Uncey-le-Franc;2.8;
51586;Unchair;3.1;28310
68343;Ungersheim;4.3;27410
42315;Unias;3.2;24630
10389;Unienville;1.8;23500
42316;Unieux;3.2;22060
28398;Unverre;1.9;23420
9319;Unzent;1;
5173;Upaix;2.3;21970
26358;Upie;3.1;25570
66218;Ur;5.8;22560
31562;Urau;1.7;21040
2A331;Urbalacone;4.4;
66219;Urbanya;0;
67499;Urbeis;2.3;24640
68344;Urbès;3.2;22840
42317;Urbise;1.1;19350
3293;Urçay;2.5;20720
2755;Urcel;3.1;22030
90098;Urcerey;3.2;27880
36227;Urciers;2.9;19260
64540;Urcuit;2.2;24960
21650;Urcy;1.7;25760
32457;Urdens;3.4;23770
64542;Urdos;1.2;
64543;Urepel;0;18940
40321;Urgons;3.8;21580
32458;Urgosse;4.1;22460
88481;Uriménil;2.5;21920
67500;Urmatt;5.4;25580
64544;Urost;2.3;
64545;Urrugne;5.5;23800
9320;Urs;4.1;
68345;Urschenheim;2.6;26400
64546;Urt;4;24520
2B332;Urtaca;0;25510
25573;Urtière;0.9;
54538;Uruffe;4.1;21590
24560;Urval;3.3;23540
10390;Urville;0.8;
14719;Urville;3.4;23230
50610;Urville;2.6;20950
88482;Urville;1.2;
2756;Urvillers;5.2;25260
77477;Ury;2.9;28400
58300;Urzy;1.8;24410
95625;Us;2;28530
7326;Usclades-et-Rieutord;2.3;
34315;Usclas-d'Hérault;3.9;22830
34316;Usclas-du-Bosc;1.9;24390
74285;Usinens;2.1;31450
19274;Ussac;5.3;26670
9321;Ussat;1.2;22140
86275;Usseau;4.3;22940
15244;Ussel;4;22850
19275;Ussel;2.7;21320
46323;Ussel;1.1;
3294;Ussel-d'Allier;4.4;23600
63439;Usson;2.2;23540
86276;Usson-du-Poitou;4;20120
42318;Usson-en-Forez;4.4;20770
14720;Ussy;3.9;22480
77478;Ussy-sur-Marne;2.6;23830
64547;Ustaritz;5.4;23920
9322;Ustou;1.1;18700
6151;Utelle;0;22120
67501;Uttenheim;3.7;27430
67502;Uttenhoffen;4.6;24970
67503;Uttwiller;3.9;25560
4226;Uvernet-Fours;6.1;23250
71552;Uxeau;2.1;19740
88483;Uxegney;4.8;24530
39538;Uxelles;2.3;
59605;Uxem;3.6;26540
65458;Uz;2.1;
40322;Uza;3.2;23790
64548;Uzan;2.4;24730
18268;Uzay-le-Venon;1.8;22610
46324;Uzech;1.4;20070
64549;Uzein;3.7;24310
22384;Uzel;1.6;21790
25574;Uzelle;4.1;20880
88484;Uzemain;1.7;22720
7327;Uzer;4.9;21510
65459;Uzer;2.8;
19276;Uzerche;2.3;21590
30334;Uzès;4.6;20910
33537;Uzeste;4.2;22130
64550;Uzos;4.2;27860
72364;Vaas;2.8;20950
81305;Vabre;4.4;18560
15245;Vabres;3.4;23290
30335;Vabres;1.3;19150
12286;Vabres-l'Abbaye;2.7;22950
55523;Vacherauville;3.9;25540
4227;Vachères;1.8;19380
26359;Vachères-en-Quint;0;
74286;Vacheresse;2.8;26090
14721;Vacognes-Neuilly;2.6;24370
62833;Vacquerie-le-Boucq;3.5;
62834;Vacqueriette-Erquières;2.2;19800
54539;Vacqueville;1.6;21960
84136;Vacqueyras;3.4;23650
34318;Vacquières;4.1;23000
31563;Vacquiers;4.3;26760
39539;Vadans;5.5;23300
70510;Vadans;2.9;19590
55525;Vadelaincourt;4.9;
51587;Vadenay;3;24380
2757;Vadencourt;5;18780
80773;Vadencourt;4.4;
55526;Vadonville;3.7;20860
7328;Vagnas;3.8;21630
88486;Vagney;3.5;22420
57684;Vahl-Ebersing;2.9;23300
57685;Vahl-lès-Bénestroff;2.5;22830
57686;Vahl-lès-Faulquemont;3.5;21150
53267;Vaiges;2.8;21430
34319;Vailhan;0.7;18130
34320;Vailhauquès;3.6;27230
12287;Vailhourles;1.5;21890
52499;Vaillant;1.2;
10391;Vailly;2.5;25680
74287;Vailly;2.3;25560
2758;Vailly-sur-Aisne;2.4;20750
18269;Vailly-sur-Sauldre;1.2;21020
50612;Vains;2.8;24590
44163;Vair-sur-Loire;2.8;23100
25575;Vaire;4.2;24790
85298;Vairé;2.7;21990
80774;Vaire-sous-Corbie;4.6;25950
77479;Vaires-sur-Marne;2.6;26430
84137;Vaison-la-Romaine;5.3;21800
82184;Vaïssac;2.9;21640
70511;Vaite;3.5;20800
70513;Vaivre-et-Montoille;6;23240
5118;Val Buëch-Méouge;3.2;22300
35168;Val d'Anast;3.5;21890
15108;Val d'Arcomie;4.9;19760
14475;Val d'Arry;6.5;24700
49183;Val d'Erdre-Auxence;2.5;21790
87097;Val d'Issoire;1.9;19170
69024;Val d'Oingt;2.8;26650
27294;Val d'Orger;3.7;22970
4120;Val d'Oronaye;0;
56197;Val d'Oust;4;22600
54099;Val de Briey;3.4;23590
74167;Val de Chaise;3.7;26480
14672;Val de Drôme;1.7;21140
11080;Val de Lambronne;2.4;18720
51564;Val de Livre;3.6;29070
24362;Val de Louyre et Caudeau;2.2;21000
33018;Val de Virvée;5;23240
16175;Val des Vignes;2.4;21690
79063;Val en Vignes;1.5;19700
39485;Val Suran;0.7;20400
61484;Val-au-Perche;2.6;21690
73290;Val-Cenis;8.5;23220
35004;Val-Couesnon;3.6;21200
30339;Val-d'Aigoual;3.9;18040
73212;Val-d'Arc;2.3;22570
22237;Val-d'Arguenon;2.4;23360
16339;Val-d'Auge;2.8;22200
10019;Val-d'Auzon;4.2;23780
39209;Val-d'Épy;1.6;21640
72128;Val-d'Étangson;1.7;21650
73304;Val-d'Isère;9.7;23400
35347;Val-d'Izé;3.5;23150
87028;Val-d'Oire-et-Gartempe;2.8;17830
55366;Val-d'Ornain;5.1;24320
25060;Val-d'Usiers;3.4;26230
16300;Val-de-Bonnieure;3.6;22100
57270;Val-de-Bride;3.6;21540
4043;Val-de-Chalvagne;0.4;
16097;Val-de-Cognac;3.4;23410
86247;Val-de-Comporté;3.7;21320
11251;Val-de-Dagne;4.5;19000
76717;Val-de-la-Haye;3.2;25200
72382;Val-de-la-Hune;1.2;22050
33380;Val-de-Livenne;3;19200
89426;Val-de-Mercy;1.1;24410
52332;Val-de-Meuse;3.3;22100
67372;Val-de-Moder;4.4;23740
27701;Val-de-Reuil;2.7;17140
25579;Val-de-Roulans;4.9;25800
76018;Val-de-Saâne;3.5;22650
76034;Val-de-Scie;3.6;21440
9334;Val-de-Sos;3.8;20290
51571;Val-de-Vesle;5.5;27320
14576;Val-de-Vie;1.9;22730
51218;Val-de-Vière;1.6;24240
38560;Val-de-Virieu;2.7;21500
51158;Val-des-Marais;3.1;24300
5174;Val-des-Prés;3.2;22550
11131;Val-du-Faby;3.1;17010
49292;Val-du-Layon;3.5;23390
53017;Val-du-Maine;2.9;20910
79334;Val-du-Mignon;2.4;22970
54540;Val-et-Châtillon;3;18100
36229;Val-Fouzon;2.6;20210
26136;Val-Maravel;0.6;
21327;Val-Mont;3.6;21050
1426;Val-Revermont;2.4;24280
39576;Val-Sonnette;2.3;23330
21651;Val-Suzon;3.8;24270
12288;Valady;3.2;24470
27667;Valailles;2.9;23910
41266;Valaire;1.9;
14005;Valambray;3.7;23640
26360;Valaurie;2.5;24710
4228;Valavoire;0;
70514;Valay;4.1;22010
63440;Valbeleix;1.4;19110
4229;Valbelle;0.9;20950
55530;Valbois;4.2;21450
38518;Valbonnais;1.6;22910
6152;Valbonne;4.9;29220
31564;Valcabrère;2.8;23420
50613;Valcanville;3;22070
66220;Valcebollère;2.7;
63441;Valcivières;0.6;18020
52500;Valcourt;3.2;22420
28012;Vald'Yerre;2;21350
25578;Valdahon;5.9;23700
14726;Valdallière;2.9;20830
60652;Valdampierre;1.4;24700
6153;Valdeblore;7.1;20870
79140;Valdelaume;2.8;20410
81306;Valderiès;2.9;22000
6154;Valderoure;4.2;18960
68192;Valdieu-Lutran;1.4;24400
86233;Valdivienne;3.5;23360
90099;Valdoie;4.6;21030
5024;Valdoule;1.1;18530
26361;Valdrôme;0.4;16270
81307;Valdurenque;3;21800
42319;Valeille;2.8;23430
82185;Valeilles;1.4;20490
1428;Valeins;2.2;23780
39540;Valempoulières;3.2;22100
36228;Valençay;2.4;21110
16392;Valence;3.3;20120
26362;Valence;3.8;20610
82186;Valence;2.9;20040
81308;Valence-d'Albigeois;2.9;20910
77480;Valence-en-Brie;2.3;24790
86082;Valence-en-Poitou;3.2;21060
32459;Valence-sur-Baïse;3.6;20500
59606;Valenciennes;4.3;20250
38519;Valencin;2.5;28430
41142;Valencisse;2.4;26480
38520;Valencogne;1.6;24750
72366;Valennes;0.9;22790
4230;Valensole;3.2;21900
25580;Valentigney;2.9;19380
31565;Valentine;4.3;20710
94074;Valenton;3.4;17690
34321;Valergues;3.5;24940
4231;Valernes;2.4;20580
60653;Valescourt;2.5;22530
15246;Valette;2.4;20240
33538;Valeyrac;2.6;20450
67504;Valff;5.7;24730
34322;Valflaunès;3.1;27100
42320;Valfleury;1.6;23260
21178;Valforêt;1.6;26660
61497;Valframbert;3.2;24230
88488;Valfroicourt;2.5;22180
73215;Valgelon-La Rochette;3.5;23430
7329;Valgorge;0;18120
26210;Valherbasse;0.9;21310
54541;Valhey;0.7;24480
62835;Valhuon;3.3;22930
19277;Valiergues;2.5;25820
3295;Valignat;3.5;
3296;Valigny;2.6;19680
80775;Valines;2.8;22480
38522;Valjouffrey;0;21260
15247;Valjouze;0.8;
30336;Vallabrègues;2.2;22090
30337;Vallabrix;3.1;22050
89427;Vallan;2.9;23630
95627;Vallangoujard;1.6;31710
79335;Vallans;2.5;25530
10392;Vallant-Saint-Georges;2.7;24540
6155;Vallauris;3.3;22180
2B334;Valle-d'Alesani;0;
2B338;Valle-d'Orezza;0;
2B335;Valle-di-Campoloro;4.6;24310
2A336;Valle-di-Mezzana;3.2;24300
2B337;Valle-di-Rostino;5.6;21300
2B333;Vallecalle;2.9;22960
41070;Vallée-de-Ronsard;2.9;22870
2053;Vallées en Champagne;2;26580
7011;Vallées-d'Antraigues-Asperjoc;1.3;19910
31566;Vallègue;4.9;26270
74288;Valleiry;1.8;37380
18270;Vallenay;1.7;20870
10393;Vallentigny;3.4;22320
57687;Vallerange;2.7;22140
30338;Vallérargues;1.3;21100
37264;Vallères;5.3;24660
52502;Valleret;2.6;
24562;Vallereuil;2.4;24530
70516;Vallerois-le-Bois;3.1;22200
70517;Vallerois-Lorioz;3;27150
25582;Valleroy;3.5;22180
52503;Valleroy;0.7;
54542;Valleroy;3.6;23270
88489;Valleroy-aux-Saules;3.4;23470
88490;Valleroy-le-Sec;3.7;24270
89428;Vallery;1.3;24280
31567;Vallesvilles;3.7;29780
44212;Vallet;3.5;24190
27669;Valletot;3.9;22770
2B339;Vallica;0;
23257;Vallière;2.4;20150
10394;Vallières;1.3;19980
41267;Vallières-les-Grandes;4.2;22550
74289;Vallières-sur-Fier;2.7;26300
30340;Valliguières;2.4;23420
76718;Valliquerville;4.3;25830
73306;Valloire;6;22730
41055;Valloire-sur-Cisse;2.6;25210
54543;Vallois;2.8;22340
3297;Vallon-en-Sully;1.5;20790
7330;Vallon-Pont-d'Arc;3.9;21190
72367;Vallon-sur-Gée;3.4;20900
44180;Vallons-de-l'Erdre;2.3;21420
74290;Vallorcine;0;22300
5101;Vallouise-Pelvoux;4.9;21550
66221;Valmanya;0;
34323;Valmascle;0.4;
73307;Valmeinier;5.6;22330
57689;Valmestroff;2.6;27860
11402;Valmigère;0;
95628;Valmondois;1.5;29420
57690;Valmont;3.1;23020
76719;Valmont;3.6;21310
57691;Valmunster;2.8;
51588;Valmy;1.6;23220
50615;Valognes;3.2;22570
24563;Valojoulx;3;20230
25583;Valonne;1.6;24560
14570;Valorbiquet;1.7;21790
25584;Valoreille;0.6;27930
26363;Valouse;0;
43249;Valprivas;1.3;23640
91629;Valpuiseaux;1.9;28100
34324;Valras-Plage;1.9;20760
89196;Valravillon;2.1;23650
84138;Valréas;3.1;18900
1036;Valromey-sur-Séran;2.9;23820
34325;Valros;4.6;21700
9323;Vals;3.2;
52094;Vals-des-Tilles;2.3;22070
43250;Vals-le-Chastel;1.6;
7331;Vals-les-Bains;3.1;20010
43251;Vals-près-le-Puy;3.4;22760
14723;Valsemé;4.4;24680
1033;Valserhône;1.9;23780
5176;Valserres;5;20440
69254;Valsonne;1.4;22710
15248;Valuéjols;3.2;21930
7332;Valvignères;1.5;21790
63442;Valz-sous-Châteauneuf;2.5;
12289;Valzergues;4.2;23820
39290;Valzin en Petite Montagne;3.6;23600
51589;Vanault-le-Châtel;1.6;23090
51590;Vanault-les-Dames;2.6;22330
79336;Vançais;3.4;20910
72368;Vancé;2;21710
1429;Vandeins;1.7;24170
54544;Vandelainville;2.7;25260
70519;Vandelans;4.5;20530
54545;Vandeléville;3.9;22410
60654;Vandélicourt;2.6;24570
58301;Vandenesse;4.9;18910
21652;Vandenesse-en-Auxois;4.7;24250
51591;Vandeuil;3.3;25630
51592;Vandières;3.9;26150
54546;Vandières;3.6;24190
54547;Vandœuvre-lès-Nancy;6.8;18680
25586;Vandoncourt;2.8;26720
27670;Vandrimare;3.6;23790
8461;Vandy;3.8;20260
10395;Vanlay;2.1;21590
21653;Vannaire;2.7;
70520;Vanne;3.4;20320
57692;Vannecourt;2.7;
27671;Vannecrocq;3.6;22810
56260;Vannes;5.7;24070
54548;Vannes-le-Châtel;3.9;21660
45331;Vannes-sur-Cosson;1.7;23640
39543;Vannoz;3.7;27510
7333;Vanosc;1.3;21530
57693;Vantoux;2.7;30980
70521;Vantoux-et-Longevelle;3.1;23600
92075;Vanves;3.2;30770
21655;Vanvey;1.9;18880
77481;Vanvillé;1.9;28150
24564;Vanxains;2.8;20710
57694;Vany;3.1;31890
17458;Vanzac;2.7;19790
79338;Vanzay;3.5;21670
74291;Vanzy;2.5;31860
81309;Vaour;0.4;16800
38523;Varacieux;2.1;23370
83145;Varages;2.3;19780
24565;Varaignes;3.2;21480
46328;Varaire;3.1;18300
17459;Varaize;3.9;22160
1430;Varambon;2.8;23800
21656;Varanges;3.4;26920
54549;Varangéville;3.5;22690
14724;Varaville;4.5;25030
38524;Varces-Allières-et-Risset;3.6;26780
23258;Vareilles;3.7;20960
71553;Vareilles;2.2;21350
82187;Varen;3.1;17910
76720;Varengeville-sur-Mer;3.2;26970
50617;Varenguebec;2.2;20730
71554;Varenne-l'Arconce;1.9;23010
71557;Varenne-Saint-Germain;1.9;22600
24566;Varennes;3.4;23180
31568;Varennes;4;25940
37265;Varennes;4.3;23010
80776;Varennes;3.9;21290
82188;Varennes;2.1;23550
89430;Varennes;2.1;23520
45332;Varennes-Changy;1.7;23220
55527;Varennes-en-Argonne;2.8;20600
91631;Varennes-Jarcy;2.2;33490
71555;Varennes-le-Grand;3;24930
71556;Varennes-lès-Mâcon;4.9;22520
58302;Varennes-lès-Narcy;1.4;22460
43252;Varennes-Saint-Honorat;1.5;
71558;Varennes-Saint-Sauveur;1.6;22570
71559;Varennes-sous-Dun;2.7;22080
3298;Varennes-sur-Allier;3.5;20200
52504;Varennes-sur-Amance;2.3;21560
49361;Varennes-sur-Loire;3.2;20660
63443;Varennes-sur-Morge;3.8;27060
77482;Varennes-sur-Seine;3.3;21350
3299;Varennes-sur-Tèche;1.8;18280
63444;Varennes-sur-Usson;4.3;23430
58303;Varennes-Vauzelles;3.4;22480
47316;Varès;2;21570
60655;Varesnes;3.1;24480
19278;Varetz;4.7;23210
9324;Varilhes;5.2;22180
60656;Varinfroy;1.5;25650
2761;Variscourt;2.2;26000
28400;Varize;1.1;27730
57695;Varize-Vaudoncourt;5.3;27160
88493;Varmonzey;2.3;
55528;Varnéville;1.9;
76721;Varneville-Bretteville;5.3;23010
70522;Varogne;2.6;21700
21657;Varois-et-Chaignot;5.2;29760
50618;Varouville;2.4;23530
49362;Varrains;4;24070
77483;Varreddes;2.7;25970
5177;Vars;21.6;21370
70523;Vars;4.7;21760
19279;Vars-sur-Roseix;2.8;21270
57696;Varsberg;3.4;24650
17460;Varzay;4.4;22890
58304;Varzy;1.1;20090
27672;Vascœuil;4.1;23870
79339;Vasles;3.7;20320
57697;Vasperviller;1.9;24180
63445;Vassel;3.3;23630
18271;Vasselay;2.1;25570
38525;Vasselin;1.9;25520
2762;Vassens;0.6;21590
2763;Vasseny;3;22990
26364;Vassieux-en-Vercors;4.8;20290
51594;Vassimont-et-Chapelaine;0.8;
55531;Vassincourt;5.2;24970
2764;Vassogne;1.4;
76723;Vassonville;3.9;22600
89431;Vassy-sous-Pisy;1.6;
36230;Vatan;1.1;21550
54550;Vathiménil;5;23840
76724;Vatierville;5;23920
38526;Vatilieu;1.3;26080
57698;Vatimont;4.9;21900
51595;Vatry;0.1;22940
76725;Vattetot-sous-Beaumont;2;25220
76726;Vattetot-sur-Mer;2.3;23460
27673;Vatteville;2.1;22660
76727;Vatteville-la-Rue;1.5;23320
71561;Vauban;2;22140
55532;Vaubecourt;1.6;21910
88494;Vaubexy;2.4;18420
14728;Vaucelles;4.6;25550
2765;Vaucelles-et-Beffecourt;3.9;26040
51596;Vauchamps;3.9;22230
10396;Vauchassis;1.5;24560
60657;Vauchelles;3.3;21970
80777;Vauchelles-lès-Authie;3.1;20860
80778;Vauchelles-lès-Domart;3.8;23660
80779;Vauchelles-les-Quesnoy;4.7;23070
10397;Vauchonvilliers;3;21350
70524;Vauchoux;4.3;21880
51597;Vauciennes;2.8;24920
60658;Vauciennes;3;24170
58305;Vauclaix;2.7;20140
51598;Vauclerc;4.3;22520
25588;Vaucluse;1.5;
25589;Vauclusotte;0.9;
10398;Vaucogne;1.1;
70525;Vauconcourt-Nervezain;0.8;20360
55533;Vaucouleurs;3.6;20540
54551;Vaucourt;1;
77484;Vaucourtois;1.9;27560
92076;Vaucresson;2.9;41320
60659;Vaudancourt;2.3;28420
71562;Vaudebarrier;3;21970
49364;Vaudelnay;2.7;22200
51599;Vaudemange;4.9;26960
54552;Vaudémont;2.5;
10399;Vaudes;1.5;21520
51600;Vaudesincourt;3.3;25250
2766;Vaudesson;2.2;20460
89432;Vaudeurs;1.1;20700
7335;Vaudevant;4.4;21830
54553;Vaudeville;3.8;25830
88495;Vaudéville;3.3;24720
55534;Vaudeville-le-Haut;2.5;
95633;Vaudherland;3.2;23780
54554;Vaudigny;4.1;
55535;Vaudoncourt;3.5;
88496;Vaudoncourt;4.3;23750
77486;Vaudoy-en-Brie;1.9;26780
57700;Vaudreching;2.2;22690
52505;Vaudrecourt;0.7;
52506;Vaudrémont;2;
31569;Vaudreuille;4.2;24560
50621;Vaudreville;2.6;
39546;Vaudrey;4.6;23100
62836;Vaudricourt;5.2;29700
80780;Vaudricourt;3.8;21980
62837;Vaudringhem;2.5;20700
25590;Vaudrivillers;1.1;
25591;Vaufrey;0.6;20830
84140;Vaugines;3.2;22420
69255;Vaugneray;2.9;26950
91634;Vaugrigneuse;2.2;28420
91635;Vauhallan;2.5;37410
38527;Vaujany;1.8;25150
93074;Vaujours;2.4;23430
38528;Vaulnaveys-le-Bas;2.7;28710
38529;Vaulnaveys-le-Haut;2.8;29360
87198;Vaulry;2.3;19470
89433;Vault-de-Lugny;3.8;23170
62838;Vaulx;1.8;
74292;Vaulx;2.8;29530
69256;Vaulx-en-Velin;3.8;17180
38530;Vaulx-Milieu;4.5;26530
62839;Vaulx-Vraucourt;3.2;22890
3300;Vaumas;1.7;19590
4233;Vaumeilh;1.6;18090
60661;Vaumoise;4.1;23110
89434;Vaumort;1.1;23150
24567;Vaunac;3.8;23640
26365;Vaunaveys-la-Rochette;3.3;24230
61498;Vaunoise;2.4;
28401;Vaupillon;2.6;23710
10400;Vaupoisson;2.9;20980
55536;Vauquois;2.2;
95637;Vauréal;1.7;25250
12290;Vaureilles;3.8;21530
79340;Vausseroux;2.1;19040
79341;Vautebis;2.2;19220
90100;Vauthiermont;3.2;24860
53269;Vautorte;2.9;21260
13111;Vauvenargues;2.9;28040
30341;Vauvert;3.6;19990
14731;Vauville;4.2;25240
70526;Vauvillers;3.1;21330
80781;Vauvillers;4.4;22230
3301;Vaux;2.5;22840
31570;Vaux;3.4;25800
57701;Vaux;4;32590
58204;Vaux d'Amognes;3.1;21760
2769;Vaux-Andigny;2.8;19540
8462;Vaux-Champagne;3.8;23230
80782;Vaux-en-Amiénois;5;25800
69257;Vaux-en-Beaujolais;1.8;24940
1431;Vaux-en-Bugey;3.1;25240
8463;Vaux-en-Dieulet;2.8;
71563;Vaux-en-Pré;1.3;
2772;Vaux-en-Vermandois;1.3;23880
25592;Vaux-et-Chantegrue;2;34690
16394;Vaux-Lavalette;2.1;
70527;Vaux-le-Moncelot;3.9;
77487;Vaux-le-Pénil;1.7;26950
8464;Vaux-lès-Mouron;3.2;
8466;Vaux-lès-Mouzon;4.6;
55540;Vaux-lès-Palameix;1;
8465;Vaux-lès-Rubigny;4.6;
39547;Vaux-lès-Saint-Claude;3.3;23490
80783;Vaux-Marquenneville;2.4;
8467;Vaux-Montreuil;2.1;22100
16395;Vaux-Rouillac;2.7;25910
21659;Vaux-Saules;3.9;23170
14732;Vaux-sur-Aure;4;25680
52510;Vaux-sur-Blaise;3.1;21770
27674;Vaux-sur-Eure;1.3;30340
77489;Vaux-sur-Lunain;1;24120
17461;Vaux-sur-Mer;3.6;26550
52511;Vaux-sur-Saint-Urbain;2.7;
78638;Vaux-sur-Seine;1.8;29160
14733;Vaux-sur-Seulles;4.7;25240
80784;Vaux-sur-Somme;4.3;24690
86279;Vaux-sur-Vienne;2.5;22830
8468;Vaux-Villaine;2.3;20360
2768;Vauxaillon;1.6;22250
52507;Vauxbons;1.5;
2770;Vauxbuin;3.6;24970
69258;Vauxrenard;1.7;23900
2767;Vauxrezis;2.4;25570
2773;Vauxtin;3.1;
55541;Vavincourt;3.3;25930
51601;Vavray-le-Grand;2.8;23810
51602;Vavray-le-Petit;1.7;
54555;Vaxainville;1.5;
88497;Vaxoncourt;2;22790
57702;Vaxy;3.7;24530
44214;Vay;3.2;21630
9325;Vaychis;5.5;
46329;Vaylats;2.8;19870
46330;Vayrac;3.4;22160
33539;Vayres;4.7;23750
87199;Vayres;3.4;19040
91639;Vayres-sur-Essonne;2.9;26270
43254;Vazeilles-Limandre;1.7;19900
82189;Vazerac;1.6;20530
3302;Veauce;3.2;
42323;Veauche;4.7;24910
42324;Veauchette;3.9;25070
18272;Veaugues;1.8;21990
76730;Veauville-lès-Quelles;2.8;23260
9326;Vèbre;2.3;21790
15250;Vebret;3.6;20160
48193;Vebron;1.4;18770
57703;Veckersviller;2.2;23320
57704;Veckring;2.5;24890
88498;Vecoux;4.5;23810
80785;Vecquemont;4.9;25710
52512;Vecqueville;3.8;18760
84141;Vedène;4.4;22920
15251;Védrines-Saint-Loup;0.9;18310
19280;Végennes;3.1;21090
54556;Vého;2.2;27620
37266;Veigné;3.2;26460
74293;Veigy-Foncenex;1.9;44280
81310;Veilhes;1.5;27950
41268;Veilleins;2.2;24830
21660;Veilly;5.3;
19281;Veix;1.3;
54558;Velaine-sous-Amance;2.8;24540
55543;Velaines;3.9;24750
38531;Velanne;2.7;24490
21661;Velars-sur-Ouche;4.2;27330
13112;Velaux;3.5;28760
60663;Velennes;2.4;26470
80786;Velennes;3.3;22080
70528;Velesmes-Échevanne;4.3;23490
25594;Velesmes-Essarts;5.4;24840
70529;Velet;4;24480
34326;Vélieux;0.3;
24568;Vélines;2.6;19830
78640;Vélizy-Villacoublay;1.5;28610
70536;Velle-le-Châtel;6;21070
54559;Velle-sur-Moselle;2.4;27640
86280;Vellèches;1.6;21320
70531;Velleclaire;3.2;23570
70532;Vellefaux;3.3;27170
70533;Vellefrey-et-Vellefrange;3.3;20630
70534;Vellefrie;2.9;24620
70535;Velleguindry-et-Levrecey;3;22480
70537;Velleminfroy;1.9;20890
70538;Vellemoz;3.6;
84142;Velleron;4;24180
25595;Vellerot-lès-Belvoir;2.9;
25596;Vellerot-lès-Vercel;2.1;
36231;Velles;1.5;22570
52513;Velles;1.5;
90101;Vellescot;2.6;25600
25597;Vellevans;1;21300
70539;Vellexon-Queutrey-et-Vaudey;4.7;21450
70540;Velloreille-lès-Choye;4.2;
21662;Velogny;2.7;
2B340;Velone-Orneto;0;
70541;Velorcey;2.5;19300
55544;Velosnes;1.1;27490
88499;Velotte-et-Tatignécourt;3.7;22270
62840;Vélu;2.6;21920
57705;Velving;2.7;23460
51603;Vélye;2.2;23400
15252;Velzic;3.6;22560
95641;Vémars;2.4;25440
2B341;Venaco;2.4;23850
85300;Venansault;4.2;23820
6156;Venanson;0.8;19100
21663;Venarey-les-Laumes;2;20340
3303;Venas;1.7;21240
84143;Venasque;2.2;24700
6157;Vence;3.7;25120
34327;Vendargues;6.3;25340
3304;Vendat;2.7;25300
33540;Vendays-Montalivet;3.6;21840
59607;Vendegies-au-Bois;3.5;23330
59608;Vendegies-sur-Écaillon;3.2;26860
2774;Vendelles;1.5;24120
34328;Vendémian;2.1;23030
71564;Vendenesse-lès-Charolles;2.7;21570
71565;Vendenesse-sur-Arroux;1.8;23850
67506;Vendenheim;5.3;26160
14734;Vendes;3.6;25210
2775;Vendeuil;2.4;23570
60664;Vendeuil-Caply;4.4;22860
14735;Vendeuvre;2.6;22780
10401;Vendeuvre-sur-Barse;1.6;19380
59609;Vendeville;10.6;29430
2776;Vendhuile;3.2;19340
2777;Vendières;2.7;23730
62842;Vendin-le-Vieil;5.6;20460
62841;Vendin-lès-Béthune;4.6;21800
31571;Vendine;2.6;23820
36232;Vendœuvres;2.8;21780
24569;Vendoire;2.4;20280
41269;Vendôme;2.6;21030
42325;Vendranges;3.1;22550
85301;Vendrennes;3.2;22630
34329;Vendres;4.1;22350
8469;Vendresse;1.5;20310
2778;Vendresse-Beaulne;1.3;
77490;Vendrest;1.1;24520
30342;Vénéjan;1.9;26410
13113;Venelles;4.7;29240
17462;Vénérand;4.3;23050
70542;Venère;5;21300
38532;Vénérieu;3;28370
2779;Vénérolles;3.5;18840
31572;Venerque;4.7;26420
81311;Vénès;3.9;22420
18273;Venesmes;2.3;23080
76731;Vénestanville;3.4;19980
60665;Venette;4;22570
54560;Veney;1.7;
25598;Venise;5.1;23980
70545;Venisey;4.1;20530
69259;Vénissieux;4.7;17140
2780;Venizel;3.3;20970
89436;Venizy;2.7;21810
25599;Vennans;5.5;24170
45333;Vennecy;2.3;26570
25600;Vennes;3.1;35520
54561;Vennezey;2.1;
27677;Venon;2.1;24890
38533;Venon;0.9;32850
89437;Venouse;2.4;24710
89438;Venoy;2.3;24220
33541;Vensac;5;22280
63446;Vensat;2.2;24770
13114;Ventabren;3.3;33710
48152;Ventalon en Cévennes;0;15160
5178;Ventavon;1.6;22160
51604;Ventelay;3;26410
9327;Ventenac;1.4;19560
11404;Ventenac-Cabardès;3.9;22480
11405;Ventenac-en-Minervois;4;22260
4234;Venterol;0.7;21270
26367;Venterol;3.4;22000
76733;Ventes-Saint-Rémy;3;23390
43256;Venteuges;0;20280
51605;Venteuil;2.1;25770
73308;Venthon;2.7;23820
2B342;Ventiseri;1.4;22800
16396;Ventouse;2.9;18370
88500;Ventron;2.1;21910
2B343;Venzolasca;6;20280
50626;Ver;2.7;21800
28403;Ver-lès-Chartres;2.9;29090
60666;Ver-sur-Launette;2.1;28150
14739;Ver-sur-Mer;3.5;25010
33542;Vérac;3;23840
42326;Véranne;1.7;24670
11406;Véraza;0.9;
60667;Verberie;3.4;23350
52514;Verbiesles;1.9;24390
25601;Vercel-Villedieu-le-Camp;5;24720
59610;Verchain-Maugré;3.6;25140
74294;Verchaix;3.7;25530
26368;Vercheny;1.2;21510
62843;Verchin;2.6;21190
62844;Verchocq;3.1;20420
26369;Verclause;5.7;
26370;Vercoiran;3.7;20000
80787;Vercourt;3.4;
4235;Verdaches;1.6;
81312;Verdalle;2.6;21050
33543;Verdelais;4.8;21370
77492;Verdelot;1.9;24250
54562;Verdenal;1.9;21860
60668;Verderel-lès-Sauqueuse;2.6;26970
60669;Verderonne;2;29600
2B344;Verdèse;0;
64551;Verdets;4.3;22060
18274;Verdigny;3;31690
16397;Verdille;2.9;21840
2781;Verdilly;3.8;24060
24570;Verdon;1.7;
51607;Verdon;2.9;22880
21664;Verdonnet;0.9;
9328;Verdun;2.6;25280
55545;Verdun;4.2;20350
71566;Verdun-Ciel;1.9;19620
11407;Verdun-en-Lauragais;1.2;22840
82190;Verdun-sur-Garonne;2.5;22480
18275;Vereaux;2.5;19220
73309;Verel-de-Montbel;1.4;24760
73310;Verel-Pragondran;2.7;29630
37267;Véretz;4.1;26140
70546;Vereux;5.3;20500
31573;Verfeil;2.9;26750
82191;Verfeil;4.5;18220
30343;Verfeuil;3.9;22420
57706;Vergaville;3.3;21170
35350;Vergéal;3;21870
17463;Vergeroux;6.2;25660
39550;Verges;2.7;21980
76734;Vergetot;3.9;27280
43257;Vergezac;1.4;21960
30344;Vergèze;4.4;23860
63447;Vergheas;1;
80788;Vergies;2.7;21320
89439;Vergigny;3.4;22210
71567;Vergisson;2.5;31480
17464;Vergné;2;17920
32460;Vergoignan;4.2;22320
43258;Vergongheon;4.6;21500
4236;Vergons;3.3;
25602;Vergranne;5.8;22220
24571;Vergt;3;20110
24572;Vergt-de-Biron;3;18520
39551;Véria;0.8;20820
83147;Vérignon;2.2;
42327;Vérin;3;26600
17466;Vérines;5;24310
71568;Vérissey;1.7;
1432;Verjon;2.8;23640
71570;Verjux;1.5;20950
70547;Verlans;2.9;25320
82192;Verlhac-Tescou;2;22910
89440;Verlin;1;24060
62845;Verlincthun;3.5;24170
59611;Verlinghem;6.1;30870
32461;Verlus;2.5;
2785;Vermand;2.5;22790
80789;Vermandovillers;3.9;19830
62846;Vermelles;4.4;19730
89441;Vermenton;1.3;21940
35352;Vern-sur-Seiche;4.8;26480
18276;Vernais;2.1;20230
69260;Vernaison;6.1;27760
9329;Vernajoul;6.3;23270
51608;Vernancourt;1.6;
49368;Vernantes;2.8;20310
39552;Vernantois;1.8;23580
38535;Vernas;1.5;24420
43259;Vernassal;2.3;21240
9330;Vernaux;2.1;
69261;Vernay;1.6;
25604;Verne;5.4;22000
13115;Vernègues;2.9;25530
23259;Verneiges;1.6;25950
72369;Verneil-le-Chétif;1.8;22780
3305;Verneix;2.5;23170
31574;Vernet;4.5;25150
66222;Vernet-les-Bains;1.4;19910
63450;Verneugheol;1.7;18200
16398;Verneuil;2.3;
18277;Verneuil;1;
51609;Verneuil;3.8;25160
58306;Verneuil;3.6;20210
27679;Verneuil d'Avre et d'Iton;3.1;20130
3307;Verneuil-en-Bourbonnais;3;23940
60670;Verneuil-en-Halatte;3.2;27360
55546;Verneuil-Grand;0.8;27450
77493;Verneuil-l'Étang;1.5;25360
37268;Verneuil-le-Château;3.5;20070
87200;Verneuil-Moustiers;1.1;18230
55547;Verneuil-Petit;1;
2786;Verneuil-sous-Coucy;2;22440
36234;Verneuil-sur-Igneraie;1.7;21130
37269;Verneuil-sur-Indre;4.2;22740
78642;Verneuil-sur-Seine;1.6;28180
2787;Verneuil-sur-Serre;2;23410
87201;Verneuil-sur-Vienne;3.8;26710
27680;Verneusses;1.3;20080
57707;Vernéville;3;24960
72370;Vernie;4.2;21610
25605;Vernierfontaine;4;24580
63451;Vernines;3.4;23030
9332;Verniolle;5.5;23440
38536;Vernioz;2;26580
50628;Vernix;1.4;21480
49369;Vernoil-le-Fourrier;2.8;19290
25607;Vernois-lès-Belvoir;1.6;
21665;Vernois-lès-Vesvres;1;22670
70548;Vernois-sur-Mance;4.1;20470
15253;Vernols;2.4;
7336;Vernon;2.5;20460
27681;Vernon;2.5;20940
86284;Vernon;2.9;22470
10403;Vernonvilliers;1.3;
7337;Vernosc-lès-Annonay;2.5;23840
21666;Vernot;1.3;
41271;Vernou-en-Sologne;1.9;20540
77494;Vernou-la-Celle-sur-Seine;2.6;25910
37270;Vernou-sur-Brenne;2.6;25110
28404;Vernouillet;1.8;19570
78643;Vernouillet;2.2;28980
1433;Vernoux;1.7;20450
79342;Vernoux-en-Gâtine;1.7;20550
7338;Vernoux-en-Vivarais;3.2;19810
79343;Vernoux-sur-Boutonne;2.4;23150
89442;Vernoy;1.2;21550
3308;Vernusse;1.5;18530
57708;Verny;2.3;26380
2A345;Vero;0;23610
89443;Véron;2.5;24370
21667;Véronnes;4.2;25120
71571;Verosvres;1.9;20000
8470;Verpel;6.5;
80790;Verpillières;2.4;22750
10404;Verpillières-sur-Ource;1.3;20680
13116;Verquières;4.7;22940
62847;Verquigneul;3.6;22780
62848;Verquin;4.7;21110
73312;Verrens-Arvey;1.9;26390
34331;Verreries-de-Moussans;4.2;
21669;Verrey-sous-Drée;1.8;
21670;Verrey-sous-Salmaise;2.4;21290
10405;Verricourt;2.8;
49370;Verrie;2.9;24050
8471;Verrières;3.2;
10406;Verrières;2.1;25140
12291;Verrières;0.4;22470
16399;Verrières;2.5;26930
51610;Verrières;3.4;23000
61501;Verrières;3.8;21830
63452;Verrières;3;
86285;Verrières;3;23780
25609;Verrières-de-Joux;2.2;34880
49323;Verrières-en-Anjou;5.5;23980
42328;Verrières-en-Forez;1.3;22970
91645;Verrières-le-Buisson;2.8;36270
86286;Verrue;2.7;19680
79345;Verruyes;1.3;21650
71572;Vers;3.3;26070
74296;Vers;2.3;41880
39554;Vers-en-Montagne;3.7;22900
30346;Vers-Pont-du-Gard;4.9;23130
39555;Vers-sous-Sellières;3.8;21220
26372;Vers-sur-Méouge;1.5;
80791;Vers-sur-Selle;3.2;27060
78646;Versailles;2.6;33780
1434;Versailleux;3.5;25730
14737;Versainville;5;23540
71573;Versaugues;1.4;23820
52515;Verseilles-le-Bas;2;26770
52516;Verseilles-le-Haut;1.3;
2788;Versigny;2.1;22380
60671;Versigny;1.4;29330
12292;Versols-et-Lapeyre;1.8;22000
14738;Verson;6.2;25240
1435;Versonnex;2.7;38970
74297;Versonnex;1.5;27260
40323;Vert;4.9;23170
78647;Vert;2.6;29750
28405;Vert-en-Drouais;1.6;25030
91648;Vert-le-Grand;2.2;28960
91649;Vert-le-Petit;1.8;27040
77495;Vert-Saint-Denis;3;25270
51611;Vert-Toulon;3.5;24190
59612;Vertain;2.7;26580
63453;Vertaizon;3.5;23210
39556;Vertamboz;4.4;
21671;Vertault;2.9;
24573;Verteillac;2.2;20770
47317;Verteuil-d'Agenais;0.9;20180
16400;Verteuil-sur-Charente;4;20600
73313;Verthemex;1;22680
33545;Vertheuil;4;22650
63454;Vertolaye;1;22310
62849;Verton;6.2;24280
44215;Vertou;3.7;27590
38539;Vertrieu;3.6;25150
16401;Vervant;3.8;20810
17467;Vervant;2.9;21750
88502;Vervezelle;3;25980
2789;Vervins;2.8;18480
55549;Véry;1.6;
71574;Verzé;3.2;26290
11408;Verzeille;3.1;21210
51613;Verzenay;4.9;28360
51614;Verzy;4.1;26770
52517;Vesaignes-sous-Lafauche;3.3;23250
52518;Vesaignes-sur-Marne;2;23360
1436;Vesancy;2.3;45200
26373;Vesc;3;18710
90102;Vescemont;2.5;24350
57709;Vescheim;2.2;23290
39557;Vescles;1;25810
1437;Vescours;2.3;23090
2B346;Vescovato;6.9;20200
18278;Vesdun;0.9;18780
51616;Vésigneul-sur-Marne;2.4;26670
1439;Vésines;2.7;
2790;Vesles-et-Caumont;1.7;21970
2791;Veslud;3;23970
27682;Vesly;2.6;23930
50629;Vesly;2.7;21150
70550;Vesoul;5.4;19150
7339;Vesseaux;2.4;22270
30347;Vestric-et-Candiac;3.3;22380
21672;Vesvres;2.7;
52519;Vesvres-sous-Chalancey;0.3;
95651;Vétheuil;1.7;26390
74298;Vétraz-Monthoux;2.9;32820
42245;Vêtre-sur-Anzon;2.9;19230
90103;Vétrigne;3.4;29270
36235;Veuil;2.3;20390
2792;Veuilly-la-Poterie;1.2;22810
76735;Veules-les-Roses;3.4;24280
76736;Veulettes-sur-Mer;2.4;23670
38540;Veurey-Voroize;4.7;27510
21673;Veuvey-sur-Ouche;2.2;23020
21674;Veuxhaulles-sur-Aube;2.7;21410
41167;Veuzain-sur-Loire;3.2;22850
39558;Vevy;2.1;24120
88503;Vexaincourt;1.2;21190
27213;Vexin-sur-Epte;1.3;24990
5179;Veynes;5.5;20310
87202;Veyrac;4.7;24700
7340;Veyras;1.3;25760
63455;Veyre-Monton;6.6;28890
12293;Veyreau;1.5;20230
74299;Veyrier-du-Lac;4.3;44530
15254;Veyrières;1.8;19760
19283;Veyrières;2.3;
24574;Veyrignac;4;20220
24575;Veyrines-de-Domme;2.8;21120
24576;Veyrines-de-Vergt;3.9;21090
38542;Veyssilieu;2.7;28970
60672;Vez;2.3;23900
15255;Vézac;2.9;23020
24577;Vézac;5.6;22000
89445;Vézannes;4.3;
2793;Vézaponin;1.7;21920
15256;Vèze;1.6;
89446;Vézelay;2.6;22790
42268;Vézelin-sur-Loire;1.1;22200
54563;Vézelise;3.5;22830
90104;Vézelois;3.9;26290
15257;Vezels-Roussy;0;19660
30348;Vézénobres;3.2;23250
38543;Vézeronce-Curtin;2.1;23630
43261;Vézézoux;3.8;22340
86287;Vézières;2.7;22040
27683;Vézillon;2.2;23950
2794;Vézilly;2.5;27910
35353;Vezin-le-Coquet;6.6;24540
89447;Vézinnes;4.7;25150
49371;Vezins;3.2;22270
12294;Vézins-de-Lévézou;1.9;18910
72372;Vezot;2.1;
2B347;Vezzani;0;19440
12295;Viala-du-Pas-de-Jaux;0;
12296;Viala-du-Tarn;0.9;19010
48194;Vialas;1.1;18730
64552;Vialer;2.1;22620
19284;Viam;4;18850
81314;Viane;2.3;19960
21675;Vianges;2.2;
47318;Vianne;3.7;19960
10408;Viâpres-le-Petit;2.9;21520
95652;Viarmes;2.7;27920
34332;Vias;3.3;19780
46332;Viazac;3.1;21280
57711;Vibersviller;2.2;23310
76737;Vibeuf;2.4;23640
16402;Vibrac;2.9;22460
17468;Vibrac;3;20790
72373;Vibraye;1.7;22050
21676;Vic-de-Chassenay;4;25060
21677;Vic-des-Prés;4.2;
65460;Vic-en-Bigorre;3.7;20710
32462;Vic-Fezensac;3.7;20620
34333;Vic-la-Gardiole;4.3;22730
63457;Vic-le-Comte;2.6;24600
30349;Vic-le-Fesq;3.3;20940
21678;Vic-sous-Thil;2.4;24840
2795;Vic-sur-Aisne;2.2;21710
15258;Vic-sur-Cère;5.5;21750
57712;Vic-sur-Seille;4.4;21850
63456;Vichel;4.4;25040
2796;Vichel-Nanteuil;1.7;
28407;Vichères;2.3;22370
88504;Vicherey;3.8;19810
3310;Vichy;3.5;20190
2A348;Vico;7.2;23820
3311;Vicq;3.9;23180
52520;Vicq;1.8;20880
59613;Vicq;5.4;21250
78653;Vicq;2.6;33430
40324;Vicq-d'Auribat;3.2;23220
36236;Vicq-Exemplet;2;20890
87203;Vicq-sur-Breuilh;1.7;24000
86288;Vicq-sur-Gartempe;3.6;20230
50142;Vicq-sur-Mer;1.8;23080
36237;Vicq-sur-Nahon;2.2;21020
14742;Vicques;3.1;
14743;Victot-en-Auge;2.3;
61502;Vidai;3.3;
46333;Vidaillac;3.2;18640
23260;Vidaillat;1.8;18550
83148;Vidauban;3.3;21320
50634;Videcosville;2.9;22690
87204;Videix;3;17460
91654;Videlles;2.3;29070
65461;Vidou;3.5;
65462;Vidouze;3.2;19870
60673;Viefvillers;5.4;24950
62850;Vieil-Hesdin;2.5;22580
62853;Vieil-Moutier;2.3;22050
43262;Vieille-Brioude;3.3;23260
62851;Vieille-Chapelle;4.3;26780
62852;Vieille-Église;3.9;23990
78655;Vieille-Église-en-Yvelines;2.9;32800
31575;Vieille-Toulouse;4.1;46720
45334;Vieilles-Maisons-sur-Joudry;1.4;22310
15259;Vieillespesse;3.1;20940
15260;Vieillevie;3.8;
31576;Vieillevigne;6.2;25830
44216;Vieillevigne;3.7;22650
25612;Vieilley;6.1;23720
21679;Vieilmoulin;3;22140
2797;Viel-Arcy;2.5;19790
8472;Viel-Saint-Remy;1.6;23300
32463;Viella;1.4;21850
65463;Viella;5.6;
65464;Vielle-Adour;4.4;23780
65465;Vielle-Aure;8.3;21870
65466;Vielle-Louron;6;
40326;Vielle-Saint-Girons;4.3;24080
40327;Vielle-Soubiran;1.1;20920
40325;Vielle-Tursan;3.1;22790
64554;Viellenave-d'Arthez;4.2;22220
64555;Viellenave-de-Navarrenx;3.1;23650
64556;Vielleségure;3.7;23280
58307;Vielmanay;1.1;22180
81315;Vielmur-sur-Agout;3.8;22920
43263;Vielprat;2.6;
2798;Viels-Maisons;2;22860
21680;Vielverge;2.9;23540
79347;Viennay;2.9;21510
38544;Vienne;3.7;21320
95656;Vienne-en-Arthies;1.2;28380
14744;Vienne-en-Bessin;3.8;23830
45335;Vienne-en-Val;2.3;25570
51620;Vienne-la-Ville;2.4;24090
51621;Vienne-le-Château;1.9;20860
84144;Viens;0.6;21280
88505;Vienville;3.6;20950
65467;Vier-Bordes;3.5;21100
23261;Viersat;2;19070
28408;Vierville;1.6;21350
14745;Vierville-sur-Mer;2.9;25190
18279;Vierzon;1.6;19130
2799;Vierzy;1.4;21250
59614;Viesly;3.6;20680
25613;Viéthorey;3.4;
1441;Vieu-d'Izenave;1.3;23450
3312;Vieure;2;19120
34334;Vieussan;2;16530
28409;Vieuvicq;2.2;23870
53270;Vieuvy;3.3;20610
14747;Vieux;4.2;26300
81316;Vieux;3.3;20590
59615;Vieux-Berquin;5.6;24590
40328;Vieux-Boucau-les-Bains;5.5;22380
14748;Vieux-Bourg;4.1;
77496;Vieux-Champagne;1.5;26090
25614;Vieux-Charmont;4.9;23020
21681;Vieux-Château;2.5;23180
59616;Vieux-Condé;4;18350
68347;Vieux-Ferrette;3.7;32790
97133;Vieux-Fort;3.4;
97134;Vieux-Habitants;3.2;
8473;Vieux-lès-Asfeld;3.4;23330
57713;Vieux-Lixheim;4.1;24300
76738;Vieux-Manoir;3.2;25920
59617;Vieux-Mesnil;3.4;22490
60674;Vieux-Moulin;4.2;29380
88506;Vieux-Moulin;2.3;21530
61503;Vieux-Pont;2.6;22900
27686;Vieux-Port;2.1;
59618;Vieux-Reng;2.4;21470
76739;Vieux-Rouen-sur-Bresle;4.1;21600
16404;Vieux-Ruffec;1.9;20480
68348;Vieux-Thann;3.4;21900
35354;Vieux-Viel;2.9;20970
35355;Vieux-Vy-sur-Couesnon;2.7;22880
65468;Vieuzos;2.6;
21682;Viévigne;3.1;26020
52522;Viéville;3.3;24280
54564;Viéville-en-Haye;1.9;24380
21683;Viévy;3.4;19810
41273;Vievy-le-Rayé;1.8;21500
65469;Viey;5.6;
38545;Vif;2.6;26090
2800;Viffort;2.7;22760
19285;Vigeois;3.1;22280
65470;Viger;3.8;20210
23262;Vigeville;2.2;19470
2A349;Viggianello;3.6;24940
45336;Viglain;2.3;23170
80793;Vignacourt;5.1;24070
2B350;Vignale;4.4;21630
14751;Vignats;3.8;22930
31577;Vignaux;2.6;25120
65471;Vignec;8.3;22010
77498;Vignely;2.8;30280
60675;Vignemont;2.4;26760
64557;Vignes;4.4;22740
52523;Vignes-la-Côte;6.6;
55552;Vigneul-sous-Montmédy;1.2;
54565;Vigneulles;2.4;26470
55551;Vigneulles-lès-Hattonchâtel;4.4;22080
44217;Vigneux-de-Bretagne;3.3;28250
2801;Vigneux-Hocquet;4.3;20750
91657;Vigneux-sur-Seine;1.7;21390
11409;Vignevieille;0;19230
38546;Vignieu;1.7;24970
35356;Vignoc;4.1;25640
58308;Vignol;3.2;
21684;Vignoles;4.1;27450
16405;Vignolles;2.1;24000
19286;Vignols;2.7;21100
33546;Vignonet;4.4;21730
52524;Vignory;3.1;20160
55553;Vignot;3.2;22560
18280;Vignoux-sous-les-Aix;2;25220
18281;Vignoux-sur-Barangeon;2.6;23730
57715;Vigny;2.7;23820
95658;Vigny;2;30870
36238;Vigoulant;1.3;20290
31578;Vigoulet-Auzil;4.9;39860
36239;Vigoux;3.5;20870
82193;Vigueron;3.1;23410
57716;Vigy;1.9;27100
36240;Vijon;1.8;18580
54566;Vilcey-sur-Trey;2.6;
22388;Vildé-Guingalan;3.8;22230
91659;Villabé;3.6;25350
18282;Villabon;1.7;23720
24580;Villac;2.7;22060
10409;Villacerf;1.9;24370
54567;Villacourt;2.3;22080
10410;Villadin;1.9;22190
70552;Villafans;3.3;21630
68349;Village-Neuf;2.3;37170
38292;Villages du Lac de Paladru;2.1;24760
21685;Villaines-en-Duesmois;2.4;22050
72374;Villaines-la-Carelle;1.8;21210
72375;Villaines-la-Gonais;2.2;23930
53271;Villaines-la-Juhel;1.9;20980
21686;Villaines-les-Prévôtes;3.8;27410
37271;Villaines-les-Rochers;2.9;21720
95660;Villaines-sous-Bois;3.8;29830
72376;Villaines-sous-Lucé;1.2;21990
72377;Villaines-sous-Malicorne;2.7;22520
76741;Villainville;2.3;26240
11410;Villalier;3.9;21280
45337;Villamblain;0.7;25270
24581;Villamblard;0.9;20710
35357;Villamée;1.7;21500
28410;Villampuy;1.4;23100
33547;Villandraut;3.6;21090
37272;Villandry;3.7;26000
11411;Villanière;2.2;18780
2A351;Villanova;0;28130
58309;Villapourçon;1.5;19490
5181;Villar-d'Arêne;7.1;20110
11414;Villar-en-Val;3.8;
5182;Villar-Loubière;3.9;
11415;Villar-Saint-Anselme;2.4;20720
5183;Villar-Saint-Pancrace;5.7;23020
23263;Villard;1.8;22050
74301;Villard;2.7;29100
38547;Villard-Bonnot;3.2;24600
73314;Villard-d'Héry;2.5;28560
38548;Villard-de-Lans;6.3;24730
73315;Villard-Léger;2.7;24160
38549;Villard-Notre-Dame;0;
38550;Villard-Reculas;7.1;
38551;Villard-Reymond;0;
38552;Villard-Saint-Christophe;3.5;25040
39560;Villard-Saint-Sauveur;4;26210
73316;Villard-Sallet;3.2;26000
73317;Villard-sur-Doron;4.6;22860
11412;Villardebelle;0;
11413;Villardonnel;3.6;20220
39561;Villards-d'Héria;3.6;23130
73318;Villarembert;3.3;22510
70553;Villargent;3.2;18900
21687;Villargoix;2;21360
73320;Villargondran;4;24180
31579;Villariès;4.4;27090
73322;Villarodin-Bourget;3.8;24190
73323;Villaroger;2.8;24470
73324;Villaroux;3.5;28930
24582;Villars;4.5;21310
28411;Villars;2.4;23390
42330;Villars;5.4;23540
84145;Villars;3.2;23110
4240;Villars-Colmars;6.4;20320
52525;Villars-en-Azois;0.7;
17469;Villars-en-Pons;3.9;21720
21689;Villars-et-Villenotte;3.1;31110
21688;Villars-Fontaine;2.5;31980
70554;Villars-le-Pautel;3;18380
90105;Villars-le-Sec;1.3;28530
25615;Villars-lès-Blamont;0.8;26590
17470;Villars-les-Bois;2.5;22950
1443;Villars-les-Dombes;2.9;24480
25616;Villars-Saint-Georges;5.1;25520
52526;Villars-Santenoge;2.8;
25617;Villars-sous-Dampjoux;2.6;24450
25618;Villars-sous-Écot;1.8;23940
6158;Villars-sur-Var;7.2;21560
11416;Villarzel-Cabardès;2.7;20930
11417;Villarzel-du-Razès;1.9;
11418;Villasavary;2.3;21270
31580;Villate;4.3;25530
31581;Villaudric;3.9;24530
11419;Villautou;2.2;
41274;Villavard;3.2;23000
74303;Villaz;4.6;32720
60676;Ville;3.4;24190
67507;Villé;3.1;23010
54568;Ville-au-Montois;1.9;23070
54569;Ville-au-Val;4.1;23600
92077;Ville-d'Avray;3.1;38490
55555;Ville-devant-Belrain;5;
55556;Ville-devant-Chaumont;3.5;
2B352;Ville-di-Paraso;0;22260
2B353;Ville-di-Pietrabugno;2.6;28720
51622;Ville-Dommange;4.4;29730
52528;Ville-en-Blaisois;3.7;21060
74304;Ville-en-Sallaz;2.6;33530
51623;Ville-en-Selve;3.7;35640
51624;Ville-en-Tardenois;2.8;26570
54571;Ville-en-Vermois;6.2;29130
55557;Ville-en-Woëvre;4.7;22940
54572;Ville-Houdlémont;1.7;27630
74305;Ville-la-Grand;2.2;27930
58311;Ville-Langy;2.6;20500
80795;Ville-le-Marclet;4.4;21930
77516;Ville-Saint-Jacques;2.9;26590
2817;Ville-Savoye;2.3;
38556;Ville-sous-Anjou;2.7;26090
10426;Ville-sous-la-Ferté;0.5;19330
80807;Ville-sur-Ancre;4.1;21880
10427;Ville-sur-Arce;2.9;28090
55567;Ville-sur-Cousances;4.1;21890
88508;Ville-sur-Illon;1.9;23190
69265;Ville-sur-Jarnioux;2.6;29320
8483;Ville-sur-Lumes;4.7;23690
8484;Ville-sur-Retourne;3.5;
55568;Ville-sur-Saulx;2.4;23610
10428;Ville-sur-Terre;2.7;22600
51640;Ville-sur-Tourbe;1.4;19330
54581;Ville-sur-Yron;2.1;24660
41276;Villebarou;3.6;24320
50637;Villebaudon;2.5;19980
11420;Villebazy;1.5;20080
77500;Villebéon;0.9;24860
49374;Villebernier;3.2;21070
21690;Villeberny;0.9;19550
21691;Villebichot;1.8;26430
89449;Villeblevin;1;23520
1444;Villebois;2.3;22700
16408;Villebois-Lavalette;2.2;21760
26374;Villebois-les-Pins;0;
28414;Villebon;1.2;
91661;Villebon-sur-Yvette;3.2;29190
89450;Villebougis;1.8;24520
37274;Villebourg;3;22570
41277;Villebout;1.6;21740
47319;Villebramar;0.9;
3314;Villebret;3.8;24770
82194;Villebrumier;3;22620
18283;Villecelin;1.5;
77501;Villecerf;2.9;26150
54570;Villecey-sur-Mad;3.1;26310
41278;Villechauve;3.3;23750
69263;Villechenève;2.6;22900
10412;Villechétif;4.3;27500
89451;Villechétive;0.9;23430
89452;Villecien;2.6;22570
55554;Villécloye;1.1;23130
12298;Villecomtal;1.3;21810
32464;Villecomtal-sur-Arros;3.6;20340
21692;Villecomte;3.3;26840
91662;Villeconin;2.4;30030
80794;Villecourt;2.5;
94075;Villecresnes;3.2;27830
83149;Villecroze;5.5;22120
11421;Villedaigne;3.7;17280
15262;Villedieu;3.8;23280
21693;Villedieu;2.9;
84146;Villedieu;4.8;22910
41279;Villedieu-le-Château;2;22540
61505;Villedieu-lès-Bailleul;2.3;23280
50639;Villedieu-les-Poêles-Rouffigny;3.4;20490
36241;Villedieu-sur-Indre;2.1;21650
37275;Villedômain;2.2;
37276;Villedômer;4.1;23540
17472;Villedoux;4.5;24290
11422;Villedubert;3.4;24050
16409;Villefagnan;3.3;18980
89453;Villefargeau;3.1;25960
87206;Villefavard;2.3;18380
21694;Villeferry;2.2;
11423;Villefloure;1.2;21200
79348;Villefollet;2.6;21600
38553;Villefontaine;3.9;19690
11424;Villefort;1.2;
48198;Villefort;4.6;20380
81317;Villefranche-d'Albigeois;4;22070
3315;Villefranche-d'Allier;2.9;20340
32465;Villefranche-d'Astarac;3.4;22970
66223;Villefranche-de-Conflent;3;14680
31582;Villefranche-de-Lauragais;5.9;23580
24584;Villefranche-de-Lonchat;3;20130
12299;Villefranche-de-Panat;3.2;21330
12300;Villefranche-de-Rouergue;3.5;20820
24585;Villefranche-du-Périgord;3.4;17800
47320;Villefranche-du-Queyran;3;19590
26375;Villefranche-le-Château;2.2;
41280;Villefranche-sur-Cher;2.9;22900
6159;Villefranche-sur-Mer;4.8;26690
69264;Villefranche-sur-Saône;3.7;19640
41281;Villefrancœur;1;24600
64558;Villefranque;3;25430
65472;Villefranque;2.5;
11425;Villegailhenc;3.3;21610
27689;Villegats;1.9;28540
71577;Villegaudin;2.1;24160
18284;Villegenon;1.5;21030
11426;Villegly;2.6;20520
36242;Villegongis;2.4;22460
33548;Villegouge;2.9;23370
36243;Villegouin;1.5;20570
52529;Villegusien-le-Lac;1.4;23390
41282;Villeherviers;3.1;23750
16412;Villejoubert;3.8;23100
94076;Villejuif;2.1;21950
91666;Villejust;3.6;29140
84147;Villelaure;3.4;25630
37277;Villeloin-Coulangé;0.7;20340
65473;Villelongue;7.9;22200
11427;Villelongue-d'Aude;2.4;20260
66224;Villelongue-de-la-Salanque;4.4;21060
66225;Villelongue-dels-Monts;2.8;22990
10414;Villeloup;2;26970
82195;Villemade;2.8;23050
11428;Villemagne;1.4;20370
34335;Villemagne-l'Argentière;3.8;22070
79349;Villemain;2.2;18290
45338;Villemandeur;2.8;22510
89456;Villemanoche;0.8;21160
41283;Villemardy;2;24280
77504;Villemaréchal;1.6;27010
77505;Villemareuil;2.3;26350
31583;Villematier;3.1;24590
28330;Villemaury;1.5;22310
65474;Villembits;3.5;
60677;Villembray;2.1;24830
77506;Villemer;2;26520
10416;Villemereuil;1.3;24240
28415;Villemeux-sur-Eure;2.1;25500
38554;Villemoirieu;2.9;28030
10417;Villemoiron-en-Othe;2.2;23060
91667;Villemoisson-sur-Orge;2.4;30300
66226;Villemolaque;2;21200
93077;Villemomble;3.6;23920
42331;Villemontais;1.8;23680
2804;Villemontoire;2.9;23690
10418;Villemorien;3.2;22620
17473;Villemorin;1.7;20120
86291;Villemort;2.8;
1445;Villemotier;3;23580
11429;Villemoustaussou;3.4;23540
45339;Villemoutiers;1.6;22300
10419;Villemoyenne;2.1;23220
65475;Villemur;3.7;
31584;Villemur-sur-Tarn;2.7;21150
45340;Villemurlin;1.9;20800
4241;Villemus;4.1;22410
10420;Villenauxe-la-Grande;1.7;21160
77507;Villenauxe-la-Petite;1.5;23050
40330;Villenave;4.3;19310
33550;Villenave-d'Ornon;9.1;23780
33549;Villenave-de-Rions;3.7;22370
65476;Villenave-près-Béarn;2.7;
65477;Villenave-près-Marsac;2.8;22020
89458;Villenavotte;2.6;23850
1446;Villeneuve;3.2;26440
4242;Villeneuve;2.7;22910
9335;Villeneuve;3;
12301;Villeneuve;3.3;22720
33551;Villeneuve;3.6;21190
63458;Villeneuve;2.4;20640
10422;Villeneuve-au-Chemin;3.8;21620
43264;Villeneuve-d'Allier;1.3;19920
25621;Villeneuve-d'Amont;3.5;24180
59009;Villeneuve-d'Ascq;5.4;22000
39565;Villeneuve-d'Aval;4.6;
6160;Villeneuve-d'Entraunes;1;
9336;Villeneuve-d'Olmes;2.7;19990
7341;Villeneuve-de-Berg;2.7;21920
47321;Villeneuve-de-Duras;2.2;19630
66227;Villeneuve-de-la-Raho;5.6;24500
38555;Villeneuve-de-Marc;2.8;24290
40331;Villeneuve-de-Marsan;3.7;21330
31585;Villeneuve-de-Rivière;3.5;24650
9338;Villeneuve-du-Latou;3.5;20890
9339;Villeneuve-du-Paréage;4.6;23460
71579;Villeneuve-en-Montagne;1.4;23750
72137;Villeneuve-en-Perseigne;3.1;23240
44021;Villeneuve-en-Retz;3.1;22550
41284;Villeneuve-Frouville;1.8;
89461;Villeneuve-l'Archevêque;1.8;18120
11430;Villeneuve-la-Comptal;3.4;22920
17474;Villeneuve-la-Comtesse;1.6;19470
89459;Villeneuve-la-Dondagre;1.4;23660
92078;Villeneuve-la-Garenne;2.6;18570
89460;Villeneuve-la-Guyard;1.8;22350
51625;Villeneuve-la-Lionne;0.2;24540
66228;Villeneuve-la-Rivière;4.4;21980
77508;Villeneuve-le-Comte;2.6;28520
94077;Villeneuve-le-Roi;3.2;22380
31586;Villeneuve-Lécussan;1.8;22880
30351;Villeneuve-lès-Avignon;4.1;27590
34336;Villeneuve-lès-Béziers;4.1;20500
77509;Villeneuve-les-Bordes;1.4;25220
31587;Villeneuve-lès-Bouloc;3.6;26490
63459;Villeneuve-les-Cerfs;2.2;23200
11431;Villeneuve-les-Corbières;4.3;16280
89462;Villeneuve-les-Genêts;2.3;20040
81318;Villeneuve-lès-Lavaur;2.6;22860
34337;Villeneuve-lès-Maguelone;4.5;24010
11432;Villeneuve-lès-Montréal;2.6;22670
60678;Villeneuve-les-Sablons;1;26020
6161;Villeneuve-Loubet;4.7;26260
11433;Villeneuve-Minervois;2.6;20160
51627;Villeneuve-Renneville-Chevigny;3.5;25040
77510;Villeneuve-Saint-Denis;3.2;29270
94078;Villeneuve-Saint-Georges;3.5;16960
2805;Villeneuve-Saint-Germain;3.9;20500
89463;Villeneuve-Saint-Salves;2.7;26030
51628;Villeneuve-Saint-Vistre-et-Villevotte;2.2;27700
21696;Villeneuve-sous-Charigny;3.3;
77511;Villeneuve-sous-Dammartin;1.8;21480
39567;Villeneuve-sous-Pymont;4.4;26580
2360;Villeneuve-sur-Aisne;3.4;23040
3316;Villeneuve-sur-Allier;2.8;22210
91671;Villeneuve-sur-Auvers;2.6;29220
77512;Villeneuve-sur-Bellot;0.8;23060
18285;Villeneuve-sur-Cher;1.4;23630
45341;Villeneuve-sur-Conie;1.4;25490
2806;Villeneuve-sur-Fère;3;21030
47323;Villeneuve-sur-Lot;3.4;19420
60680;Villeneuve-sur-Verberie;2.7;28300
81319;Villeneuve-sur-Vère;2.6;23660
89464;Villeneuve-sur-Yonne;0.9;20950
31588;Villeneuve-Tolosane;4.2;24100
34338;Villeneuvette;2.6;
78672;Villennes-sur-Seine;3.9;38200
31589;Villenouvelle;5.5;24570
77513;Villenoy;3.2;24730
36244;Villentrois-Faverolles-en-Berry;3.1;19680
41285;Villeny;2.2;23200
53272;Villepail;2.7;20240
77514;Villeparisis;1.5;22650
70559;Villeparois;4.6;25060
26376;Villeperdrix;2.5;
37278;Villeperdue;2.7;21700
89465;Villeperrot;2;22140
11434;Villepinte;2.7;20090
93078;Villepinte;2.1;19060
41286;Villeporcher;3.7;22910
44218;Villepot;2.3;22530
78674;Villepreux;2.3;29190
2807;Villequier-Aumont;2.5;24870
18286;Villequiers;1.4;22560
57717;Viller;2.7;20400
41287;Villerable;2.8;25810
41288;Villerbon;1.6;25680
47324;Villeréal;4;20950
45342;Villereau;1.4;25460
59619;Villereau;3.3;25370
42332;Villerest;2.8;24840
2808;Villeret;2;21140
10424;Villeret;3.6;
1447;Villereversure;2.7;23600
41289;Villermain;1.1;22940
41290;Villeromain;2.9;25170
95675;Villeron;1.9;25940
11435;Villerouge-Termenès;4.1;14680
77515;Villeroy;2.3;27460
80796;Villeroy;3.1;20910
89466;Villeroy;2.5;25450
55559;Villeroy-sur-Méholle;3;
42333;Villers;1.9;22030
88507;Villers;3.5;24960
2809;Villers-Agron-Aiguizy;2.5;
51629;Villers-Allerand;4;31870
62854;Villers-au-Bois;3.3;26960
62855;Villers-au-Flos;2.5;21440
59620;Villers-au-Tertre;2.9;25120
51630;Villers-aux-Bois;4.3;24950
80797;Villers-aux-Érables;4.9;21840
51631;Villers-aux-Nœuds;5.6;31890
55560;Villers-aux-Vents;3.4;22750
14752;Villers-Bocage;4.3;21880
80798;Villers-Bocage;4.6;27000
70560;Villers-Bouton;2;23310
80799;Villers-Bretonneux;5.2;24000
62856;Villers-Brûlin;3.2;22390
25622;Villers-Buzon;4.8;25650
80800;Villers-Campsart;4.3;23370
14753;Villers-Canivet;3.5;23020
80801;Villers-Carbonnel;3;22390
62857;Villers-Châtel;2.8;30370
70366;Villers-Chemin-et-Mont-lès-Étrelles;3.8;22960
25623;Villers-Chief;2.8;24580
2810;Villers-Cotterêts;2.8;20260
55561;Villers-devant-Dun;3;
8476;Villers-devant-le-Thour;3.2;23040
8477;Villers-devant-Mouzon;3.2;
76743;Villers-Écalles;2.5;24790
51632;Villers-en-Argonne;2.2;23650
95676;Villers-en-Arthies;1.5;28540
59622;Villers-en-Cauchies;2.7;22070
54573;Villers-en-Haye;1.8;23740
27690;Villers-en-Vexin;2.2;24630
39569;Villers-Farlay;6.2;21790
80802;Villers-Faucon;2.8;21680
51633;Villers-Franqueux;4.1;28210
25624;Villers-Grélot;3.7;21740
59623;Villers-Guislain;3.2;20710
2812;Villers-Hélon;1.4;24660
62859;Villers-l'Hôpital;2.9;21000
54574;Villers-la-Chèvre;3.1;33370
25625;Villers-la-Combe;2.1;
21698;Villers-la-Faye;4;25320
54575;Villers-la-Montagne;3.7;31890
70562;Villers-la-Ville;3.2;22700
51634;Villers-le-Château;1.1;28550
25321;Villers-le-Lac;3.7;36430
54576;Villers-le-Rond;2.6;27730
2813;Villers-le-Sec;3.9;21030
51635;Villers-le-Sec;6.2;21760
55562;Villers-le-Sec;1.6;24700
70563;Villers-le-Sec;3.7;26930
8478;Villers-le-Tilleul;0.6;22810
8479;Villers-le-Tourneur;2.7;22240
39570;Villers-les-Bois;3.1;22950
62858;Villers-lès-Cagnicourt;2.7;23570
2814;Villers-lès-Guise;3.7;21620
70564;Villers-lès-Luxeuil;2.5;22820
55563;Villers-lès-Mangiennes;3.3;
54577;Villers-lès-Moivrons;3.2;23080
54578;Villers-lès-Nancy;3.4;26760
21699;Villers-les-Pots;2.5;24160
80803;Villers-lès-Roye;4;23170
51636;Villers-Marmery;4.5;27590
59624;Villers-Outréaux;3.3;19050
70565;Villers-Pater;3;
21700;Villers-Patras;2.7;
59625;Villers-Plouich;2.9;24350
59626;Villers-Pol;4.1;26780
39571;Villers-Robert;4.1;21380
21701;Villers-Rotin;3.5;22640
60681;Villers-Saint-Barthélemy;1.5;25750
2815;Villers-Saint-Christophe;2;23520
60682;Villers-Saint-Frambourg-Ognon;2.5;33370
60683;Villers-Saint-Genest;1.8;27290
25626;Villers-Saint-Martin;6.2;24580
60684;Villers-Saint-Paul;3.9;19930
60685;Villers-Saint-Sépulcre;1.3;24410
8480;Villers-Semeuse;5.5;21750
62860;Villers-Sir-Simon;3.7;21980
59627;Villers-Sire-Nicole;1.9;22460
80804;Villers-sous-Ailly;2.6;23650
25627;Villers-sous-Chalamont;2.4;22710
76744;Villers-sous-Foucarmont;3.5;20860
55565;Villers-sous-Pareid;3.3;
54579;Villers-sous-Prény;3.5;23630
60686;Villers-sous-Saint-Leu;2.8;27650
57718;Villers-Stoncourt;3.7;23670
60687;Villers-sur-Auchy;2.4;23560
80806;Villers-sur-Authie;4.5;20990
8481;Villers-sur-Bar;2.2;25090
60688;Villers-sur-Bonnières;3.6;26530
60689;Villers-sur-Coudun;3.4;31330
2816;Villers-sur-Fère;2.9;21820
8482;Villers-sur-le-Mont;2.9;
27691;Villers-sur-le-Roule;2.3;24750
14754;Villers-sur-Mer;4.2;23210
55566;Villers-sur-Meuse;3.2;21090
57719;Villers-sur-Nied;2.5;
70566;Villers-sur-Port;3.5;24150
70567;Villers-sur-Saulnot;2.6;21640
80805;Villers-Tournelle;3.2;25940
70568;Villers-Vaudey;0.3;
60691;Villers-Vermont;1.5;20810
60692;Villers-Vicomte;5.1;23460
39568;Villerserine;4.3;
70561;Villersexel;4.1;21250
54580;Villerupt;2.4;22230
14755;Villerville;3.8;25140
10425;Villery;2.2;23420
1448;Villes;1.5;30500
84148;Villes-sur-Auzon;1.7;20610
60693;Villeselve;2.3;21080
51638;Villeseneux;1.5;23450
46335;Villesèque;4;23880
11436;Villesèque-des-Corbières;1.6;16910
11437;Villesèquelande;3.5;22280
11438;Villesiscle;2.8;21360
34339;Villespassans;2.8;18120
11439;Villespy;2.7;20760
93079;Villetaneuse;4;16640
34340;Villetelle;4.7;26660
89467;Villethierry;1.1;24130
47325;Villeton;2.5;21530
24586;Villetoureix;2.9;20950
11440;Villetritouls;3.8;
41291;Villetrun;1.9;24750
54582;Villette;2.1;24600
78677;Villette;2.2;30750
38557;Villette-d'Anthon;1.8;29300
38558;Villette-de-Vienne;3.1;29440
39572;Villette-lès-Arbois;3.8;22760
39573;Villette-lès-Dole;4;22900
1449;Villette-sur-Ain;3.3;26020
10429;Villette-sur-Aube;4.1;21640
27692;Villettes;1.2;24370
69266;Villeurbanne;3.8;21540
89468;Villevallier;2.1;21420
77517;Villevaudé;4;28000
51641;Villevenard;0.7;26230
34341;Villeveyrac;2.5;22720
30352;Villevieille;2.7;25330
39574;Villevieux;4.6;23560
7342;Villevocance;1.3;22310
45343;Villevoques;1.4;24520
41292;Villexanton;1.7;26720
17476;Villexavier;2.8;24160
54583;Villey-le-Sec;3.2;28380
54584;Villey-Saint-Étienne;2.9;26920
21702;Villey-sur-Tille;4.8;25300
27694;Villez-sous-Bailleul;2.2;27600
27695;Villez-sur-le-Neubourg;2.8;25060
69267;Villié-Morgon;3;24700
36246;Villiers;3.9;21520
86292;Villiers;4.8;23690
95678;Villiers-Adam;3.8;30090
37279;Villiers-au-Bouin;2.2;20880
51642;Villiers-aux-Corneilles;2.1;23740
53273;Villiers-Charlemagne;3.9;23910
17477;Villiers-Couture;1.5;17990
77518;Villiers-en-Bière;2.3;32110
79350;Villiers-en-Bois;1.5;23150
27696;Villiers-en-Désœuvre;1.5;26580
52534;Villiers-en-Lieu;2.1;22020
21703;Villiers-en-Morvan;1.5;
79351;Villiers-en-Plaine;1.8;23830
50641;Villiers-Fossard;2.7;23480
10430;Villiers-Herbisse;1.6;
91679;Villiers-le-Bâcle;3.3;34170
95680;Villiers-le-Bel;2;16190
10431;Villiers-le-Bois;1.1;
21704;Villiers-le-Duc;1;
78681;Villiers-le-Mahieu;2;31130
28417;Villiers-le-Morhier;2.7;26880
16413;Villiers-le-Roux;2.5;18910
52535;Villiers-le-Sec;4;23890
58310;Villiers-le-Sec;1.5;
95682;Villiers-le-Sec;4.6;24880
52536;Villiers-lès-Aprey;0.5;
89470;Villiers-les-Hauts;4.5;22860
89471;Villiers-Louis;2.4;23050
89472;Villiers-Saint-Benoît;1.9;20610
2818;Villiers-Saint-Denis;1.3;24860
78683;Villiers-Saint-Frédéric;2;31450
77519;Villiers-Saint-Georges;1;21690
28418;Villiers-Saint-Orien;1.4;25770
77520;Villiers-sous-Grez;2.9;28330
61507;Villiers-sous-Mortagne;4;22340
10432;Villiers-sous-Praslin;2.4;
79352;Villiers-sur-Chizé;2.2;20080
41294;Villiers-sur-Loir;2.1;26850
94079;Villiers-sur-Marne;3.9;24020
77521;Villiers-sur-Morin;2.4;28030
91685;Villiers-sur-Orge;2.5;28900
77522;Villiers-sur-Seine;2.3;22840
52538;Villiers-sur-Suize;1.7;24450
58312;Villiers-sur-Yonne;3.3;22560
89474;Villiers-Vineux;2;23180
41293;Villiersfaux;2.8;23380
1450;Villieu-Loyes-Mollon;2.6;26810
57720;Villing;1.8;26560
16414;Villognon;3.9;20460
89475;Villon;0.6;21430
88509;Villoncourt;3.1;
14758;Villons-les-Buissons;4.6;32390
45344;Villorceau;1.6;24180
63460;Villossanges;3.6;18890
88510;Villotte;2.7;20850
55569;Villotte-devant-Louppy;1.7;21850
21705;Villotte-Saint-Seine;2.6;
55570;Villotte-sur-Aire;5;22960
21706;Villotte-sur-Ource;2.3;22400
88511;Villouxel;2.5;
77523;Villuis;1.6;25120
8485;Villy;3.6;24850
89477;Villy;2.4;26610
14760;Villy-Bocage;3.9;23830
21707;Villy-en-Auxois;1.8;20080
10433;Villy-en-Trodes;2.4;24350
10434;Villy-le-Bois;1.3;
74306;Villy-le-Bouveret;1.7;37060
10435;Villy-le-Maréchal;1.1;27290
21708;Villy-le-Moutier;2.7;26630
74307;Villy-le-Pelloux;6.3;35960
14759;Villy-lez-Falaise;4.9;25400
76745;Villy-sur-Yères;3.3;22270
70569;Vilory;1;
55571;Vilosnes-Haraumont;2;18750
57721;Vilsberg;2.4;23520
53249;Vimartin-sur-Orthe;2.7;20670
12303;Vimenet;4;21510
88512;Viménil;1.7;22700
73326;Vimines;1.6;28540
14761;Vimont;3.2;22700
45345;Vimory;2.1;24290
61508;Vimoutiers;2;19640
77524;Vimpelles;1.2;25120
62861;Vimy;4.8;24440
77525;Vinantes;2.1;27000
11441;Vinassan;4.9;23920
17478;Vinax;2.2;
38559;Vinay;2.6;22630
51643;Vinay;2.9;28200
66230;Vinça;2.8;20510
51644;Vincelles;3.7;22820
71580;Vincelles;2.7;22280
89478;Vincelles;2.3;23630
89479;Vincelottes;1.5;24150
94080;Vincennes;3.6;34880
39577;Vincent-Froideville;4;23690
88513;Vincey;2.7;20840
62862;Vincly;2.7;17200
77526;Vincy-Manœuvre;1.5;26540
2819;Vincy-Reuil-et-Magny;3.9;
71581;Vindecy;1;20880
16415;Vindelle;2.9;24140
51645;Vindey;4.6;21960
81320;Vindrac-Alayrac;2.3;20790
69157;Vindry-sur-Turdine;3;25190
10436;Vinets;3.1;23130
36247;Vineuil;2.7;23110
41295;Vineuil;4.5;24530
60695;Vineuil-Saint-Firmin;3.7;33730
7343;Vinezac;3.1;23910
66231;Vingrau;3.1;18180
76746;Vinnemerville;1.6;21980
89480;Vinneuf;1;23550
18287;Vinon;2.4;23070
83150;Vinon-sur-Verdon;4.7;24320
83151;Vins-sur-Caramy;1.3;20800
26377;Vinsobres;3.9;23190
63461;Vinzelles;3;22490
71583;Vinzelles;4.8;27350
74308;Vinzier;2.6;28860
7344;Vinzieux;2.4;25120
88514;Viocourt;4.1;22090
64559;Viodos-Abense-de-Bas;3.2;21960
62863;Violaines;4.5;23050
42334;Violay;1.2;22060
84149;Violès;2.8;22350
52539;Violot;1.8;
34342;Viols-en-Laval;3.4;26290
34343;Viols-le-Fort;3.6;23330
88515;Vioménil;1.6;19120
7345;Vion;3.2;22190
72378;Vion;1.9;22480
73327;Vions;3.7;22470
32466;Viozan;2.5;
3317;Viplaix;0.6;18970
9340;Vira;1.4;21380
66232;Vira;0.4;
81322;Virac;2.9;20090
50643;Virandeville;3.7;25690
15263;Virargues;2.6;19670
47326;Virazeil;2.4;22370
71584;Viré;2.6;25290
14762;Vire Normandie;3.7;21350
72379;Viré-en-Champagne;3.5;20680
46336;Vire-sur-Lot;3;24280
89481;Vireaux;5.1;17060
54585;Virecourt;2.6;24700
33552;Virelade;4.2;23950
8486;Vireux-Molhain;3.8;18260
8487;Vireux-Wallerand;3.8;22360
71585;Virey-le-Grand;3.1;25060
10437;Virey-sous-Bar;2.3;20400
51646;Virginy;1.1;
1451;Viriat;4.3;25470
42335;Viricelles;3.8;23620
1452;Virieu-le-Grand;3.6;20600
42336;Virigneux;3.3;23290
1454;Virignin;3.5;24130
38561;Viriville;2.6;20970
63462;Virlet;6.2;20070
57723;Virming;2.5;22200
78686;Viroflay;1.7;36100
17479;Virollet;3.3;21520
80808;Vironchaux;2.2;20320
27697;Vironvay;3.5;30170
33553;Virsac;4.4;22160
17480;Virson;3.9;23200
76747;Virville;4.2;26550
39579;Viry;2.8;27390
71586;Viry;2.5;22090
74309;Viry;2.2;40950
91687;Viry-Châtillon;3.3;21860
2820;Viry-Noureuil;3;23370
62864;Vis-en-Artois;4;23960
84150;Visan;2.8;22330
63463;Viscomtat;2.5;22190
65478;Viscos;5.6;
21709;Viserny;4.8;24240
65479;Visker;2.5;27470
80809;Vismes;2.4;22500
70571;Visoncourt;1.7;
43013;Vissac-Auteyrac;1.7;22260
30353;Vissec;0;
35359;Visseiche;3.7;21300
81323;Viterbe;2.7;24160
54586;Viterne;1.3;24120
27698;Vitot;2.3;24400
15264;Vitrac;2.3;21720
24587;Vitrac;5.2;22490
63464;Vitrac;2.4;21890
16416;Vitrac-Saint-Vincent;1.9;21650
19287;Vitrac-sur-Montane;7.4;19600
61510;Vitrai-sous-Laigle;2.3;23500
28419;Vitray-en-Beauce;1.4;23190
35360;Vitré;3.5;23060
39581;Vitreux;4.2;23120
54587;Vitrey;2.8;26330
70572;Vitrey-sur-Mance;3.9;19980
54588;Vitrimont;4.6;24690
5184;Vitrolles;2.7;20500
13117;Vitrolles;3.3;22090
84151;Vitrolles-en-Lubéron;1.4;24720
45346;Vitry-aux-Loges;1.6;24790
62865;Vitry-en-Artois;4.1;21590
71588;Vitry-en-Charollais;2.3;23540
52540;Vitry-en-Montagne;1.8;
51647;Vitry-en-Perthois;4.3;23820
51648;Vitry-la-Ville;1.4;24030
58313;Vitry-Laché;1.6;20380
10438;Vitry-le-Croisé;0.9;24550
51649;Vitry-le-François;3.8;17890
52541;Vitry-lès-Nogent;2.2;22730
71589;Vitry-sur-Loire;1.2;21520
57724;Vitry-sur-Orne;3.8;23400
94081;Vitry-sur-Seine;2.9;19490
55572;Vittarville;4.1;
21710;Vitteaux;2.7;20930
76748;Vittefleur;2.7;21720
88516;Vittel;4;24530
57725;Vittersbourg;2;20380
57726;Vittoncourt;3.2;25260
54589;Vittonville;2.5;25980
80810;Vitz-sur-Authie;2.3;19540
74311;Viuz-en-Sallaz;2.8;31760
74310;Viuz-la-Chiésaz;4.3;30330
2821;Vivaise;2.3;23470
42337;Vivans;1.9;21460
2B354;Vivario;0.6;22980
64560;Viven;3;25460
63465;Viverols;3.5;21940
66233;Vivès;2.2;21520
52542;Vivey;3.2;
8488;Vivier-au-Court;4.6;20150
2822;Vivières;1.5;25300
7346;Viviers;3;21970
57727;Viviers;3.7;26190
89482;Viviers;4.3;25460
73328;Viviers-du-Lac;5.6;27320
88517;Viviers-le-Gras;4.3;22410
81324;Viviers-lès-Lavaur;2.6;25780
81325;Viviers-lès-Montagnes;3.2;23600
88518;Viviers-lès-Offroicourt;1.7;
10439;Viviers-sur-Artaut;1.4;25410
54590;Viviers-sur-Chiers;3;26900
9341;Viviès;1.9;14940
12305;Viviez;3.7;19270
72380;Vivoin;2.5;23060
86293;Vivonne;5;22530
49378;Vivy;3.9;21380
21711;Vix;4.3;22580
85303;Vix;2.2;21760
38562;Vizille;2.9;22530
7347;Vocance;0.8;20080
63466;Vodable;1.6;22810
68350;Vœgtlinshoffen;2.7;29160
57749;Vœlfling-lès-Bouzonville;2.1;27370
67508;Vœllerdingen;3.8;23910
16418;Vœuil-et-Giget;2.9;26510
68351;Vogelgrun;2.9;26600
73329;Voglans;6.9;26030
7348;Vogüé;3.6;21210
2823;Voharies;3.3;
55573;Void-Vacon;6.1;22830
10440;Voigny;3.3;23980
51650;Voilemont;1.7;
25629;Voillans;5.1;24140
52543;Voillecomte;1.5;21910
57728;Voimhaut;3.8;26180
54591;Voinémont;2.8;25800
63467;Voingt;2.8;
77527;Voinsles;2.3;27280
25630;Voires;3.4;
38563;Voiron;3.9;23110
27699;Voiscreville;1.9;25300
28421;Voise;1.9;24050
77528;Voisenon;2.6;29720
52544;Voisey;3.5;19780
52545;Voisines;0.3;
89483;Voisines;2.2;24690
78688;Voisins-le-Bretonneux;3.8;35470
38564;Voissant;2;23050
17481;Voissay;3;21260
39582;Voiteur;3.6;24100
72381;Voivres-lès-le-Mans;2.8;23300
59628;Volckerinckhove;2.2;23960
71590;Volesvres;3.3;24320
68352;Volgelsheim;3;23130
67509;Volksberg;1.2;20940
63468;Vollore-Montagne;2.5;20830
63469;Vollore-Ville;1.9;20380
57730;Volmerange-lès-Boulay;3.5;24940
57731;Volmerange-les-Mines;2.4;34130
57732;Volmunster;1.4;23100
21712;Volnay;5.2;36780
70574;Volon;2.2;
4244;Volonne;4.4;22980
2B355;Volpajola;4.3;21000
57733;Volstroff;2.5;28960
26378;Volvent;1.1;
63470;Volvic;3.8;24990
4245;Volx;4.2;23570
88521;Vomécourt;3.3;21120
88522;Vomécourt-sur-Madon;4.7;
52546;Voncourt;1.7;
8489;Voncq;4.6;19230
21713;Vonges;2.2;24110
1456;Vongnes;3.8;
1457;Vonnas;1.7;22000
70575;Voray-sur-l'Ognon;5.5;24360
38565;Voreppe;4.2;26480
43267;Vorey;2.3;20280
2824;Vorges;2.1;26020
25631;Vorges-les-Pins;3.8;25790
18288;Vorly;2.6;22360
18289;Vornay;1.2;23210
39583;Vosbles-Valfin;2.3;22440
21714;Vosne-Romanée;3.4;30050
10441;Vosnon;3.2;20990
37280;Vou;3.9;23980
51652;Vouarces;2.2;
21715;Voudenay;2.8;21050
10442;Voué;2.4;23560
52547;Vouécourt;3.5;24930
70576;Vougécourt;3.1;20040
21716;Vougeot;3.5;28010
10443;Vougrey;2;
42338;Vougy;3;23760
74312;Vougy;2.7;28010
16419;Vouharte;3.7;22690
17482;Vouhé;4.8;22270
79354;Vouhé;1.3;20920
70577;Vouhenans;3.5;22410
79355;Vouillé;3.9;26430
86294;Vouillé;3.9;23240
85304;Vouillé-les-Marais;1.8;20820
51654;Vouillers;0.8;22840
36248;Vouillon;1.9;22790
25632;Voujeaucourt;5;23980
21717;Voulaines-les-Templiers;0.6;18900
77529;Voulangis;1.2;29750
86295;Voulême;3.9;22660
16420;Voulgézac;2.8;24450
79242;Voulmentin;2.5;21270
86296;Voulon;3.1;23190
2826;Voulpaix;2.7;20680
77530;Voulton;1.5;24160
77531;Voulx;1.2;22730
86297;Vouneuil-sous-Biard;4.8;25280
86298;Vouneuil-sur-Vienne;2.8;22710
38566;Vourey;4.7;26840
69268;Vourles;4.2;32340
3319;Voussac;1.5;21690
89485;Voutenay-sur-Cure;2.4;23950
19288;Voutezac;2.6;23310
16421;Vouthon;3.4;20930
55574;Vouthon-Bas;2.6;
55575;Vouthon-Haut;2.5;
53276;Voutré;2.9;20610
85305;Vouvant;2.3;22020
37281;Vouvray;4.6;26470
72383;Vouvray-sur-Huisne;1.9;21880
88523;Vouxey;4.2;21050
86299;Vouzailles;4.8;22570
16422;Vouzan;2.3;22490
18290;Vouzeron;2.9;24880
8490;Vouziers;3.8;20220
41296;Vouzon;3.7;24090
51655;Vouzy;2.5;25290
74313;Vovray-en-Bornes;1.4;36590
2827;Voyenne;3.1;21300
80811;Voyennes;2.6;21530
57734;Voyer;2.1;22480
80812;Vraignes-en-Vermandois;1.9;24400
80813;Vraignes-lès-Hornoy;4;
52548;Vraincourt;3.3;
27700;Vraiville;2.4;25020
51656;Vraux;2.7;26890
88524;Vrécourt;2.8;21830
59629;Vred;5.2;24320
70578;Vregille;3;26100
2828;Vregny;3.9;
80814;Vrély;3.9;23290
39584;Vriange;3.1;23690
8491;Vrigne aux Bois;4.1;20590
8492;Vrigne-Meuse;4.3;24050
45347;Vrigny;0.8;23570
51657;Vrigny;4.5;33210
60697;Vrocourt;3;
51658;Vroil;4.7;19040
80815;Vron;3.8;21980
54592;Vroncourt;3.6;25180
52549;Vroncourt-la-Côte;1.5;
88525;Vroville;3.8;23540
57736;Vry;1.8;25690
44220;Vue;3.1;23690
25633;Vuillafans;3.2;22610
25634;Vuillecin;3;31570
2829;Vuillery;2.9;
10444;Vulaines;2.5;21220
77532;Vulaines-lès-Provins;2.9;
77533;Vulaines-sur-Seine;2.7;30280
74314;Vulbens;1.8;37180
57737;Vulmont;3.7;
39585;Vulvoz;0.3;
70580;Vy-le-Ferroux;4.6;22560
70583;Vy-lès-Filain;1.5;21300
70581;Vy-lès-Lure;2.6;21400
70582;Vy-lès-Rupt;2.5;
70579;Vyans-le-Val;3;25140
25635;Vyt-lès-Belvoir;2.9;23410
62866;Waben;5.9;24270
60698;Wacquemoulin;2.3;22550
62867;Wacquinghen;6.3;27350
8494;Wadelincourt;4.7;23460
8496;Wagnon;2.9;18840
59630;Wahagnies;3.6;23630
68353;Wahlbach;1.8;35070
67510;Wahlenheim;6.3;26360
62868;Wail;3.7;21920
62869;Wailly;4.3;26800
62870;Wailly-Beaucamp;6;24440
68354;Walbach;3.5;29180
67511;Walbourg;5;26670
67513;Waldersbach;3.5;21320
67514;Waldhambach;1.6;22960
57738;Waldhouse;0.5;24440
68355;Waldighofen;4;31550
67515;Waldolwisheim;4.1;26560
57739;Waldweistroff;2.9;23700
57740;Waldwisse;1.9;24990
68356;Walheim;3.4;28060
59631;Walincourt-Selvigny;3;19850
59632;Wallers;4.3;19980
59633;Wallers-en-Fagne;1.2;23110
59634;Wallon-Cappel;4.8;25130
57741;Walschbronn;0.5;23500
57742;Walscheid;2.4;23420
57743;Waltembourg;5.4;26140
68357;Waltenheim;2.3;37930
67516;Waltenheim-sur-Zorn;4.7;25760
55577;Waly;3.7;
59635;Wambaix;3.8;25370
62871;Wambercourt;2.6;20140
60699;Wambez;2.8;23390
59636;Wambrechies;7.1;26900
62872;Wamin;2.8;18980
76749;Wanchy-Capval;2.1;20610
62873;Wancourt;4.4;24990
59637;Wandignies-Hamage;4;25680
67517;Wangen;4.5;26840
67122;Wangenbourg-Engenthal;1.1;25280
59638;Wannehain;2.7;26830
62874;Wanquetin;3.5;24920
8497;Warcq;4.3;23540
55578;Warcq;4.1;22100
62875;Wardrecques;4.8;22430
51659;Wargemoulin-Hurlus;0;
80819;Wargnies;4;
59639;Wargnies-le-Grand;4.5;26400
59640;Wargnies-le-Petit;4.2;25710
59641;Warhem;3.3;24720
59642;Warlaing;3.2;26570
62876;Warlencourt-Eaucourt;3.5;27350
62877;Warlincourt-lès-Pas;1.7;21060
80820;Warloy-Baillon;4.9;22290
60700;Warluis;4.6;26350
62878;Warlus;4.1;27430
80821;Warlus;3.1;19730
62879;Warluzel;2.2;20770
51660;Warmeriville;5.9;25590
8498;Warnécourt;3.1;29910
59643;Warneton;3;23690
80822;Warsy;4.1;21290
80823;Warvillers;4.2;23880
8499;Wasigny;3;18390
59645;Wasnes-au-Bac;2.6;22960
59646;Wasquehal;4.3;25910
67520;Wasselonne;3.8;23380
68358;Wasserbourg;1.2;24910
2830;Wassigny;3.5;18450
52550;Wassy;1.6;20040
2831;Watigny;5.3;21450
55579;Watronville;3.2;
59647;Watten;2.5;19280
59648;Wattignies;4.1;21990
59649;Wattignies-la-Victoire;3.7;24550
59650;Wattrelos;4.6;19450
68359;Wattwiller;2.8;28510
60701;Wavignies;4.5;21570
54593;Waville;2.8;24110
62882;Wavrans-sur-l'Aa;2.6;21600
62883;Wavrans-sur-Ternoise;3.6;21430
59651;Wavrechain-sous-Denain;5.2;17520
59652;Wavrechain-sous-Faulx;3.2;22760
55580;Wavrille;3.8;
59653;Wavrin;5.4;23980
59654;Waziers;4.9;16770
68360;Weckolsheim;3.1;25260
68361;Wegscheid;2.4;24520
67521;Weinbourg;3.6;24440
67522;Weislingen;1.8;22720
67523;Weitbruch;3.3;26510
67524;Weiterswiller;3.4;24330
60702;Welles-Pérennes;3.1;23010
59655;Wemaers-Cappel;3.7;25860
68362;Wentzwiller;2.8;38400
68363;Werentzhouse;3.7;33680
59656;Wervicq-Sud;3.9;23810
59657;West-Cappel;3.2;24010
68364;Westhalten;3;27740
67525;Westhoffen;4;25820
67526;Westhouse;3.6;26990
67527;Westhouse-Marmoutier;5.1;25070
62885;Westrehem;2.1;22420
68365;Wettolsheim;5;28760
67528;Weyer;2.6;23240
67529;Weyersheim;3.3;26910
68366;Wickerschwihr;3.7;28650
67530;Wickersheim-Wilshausen;3.5;27190
62886;Wicquinghem;2;20280
59658;Wicres;5;27320
62887;Widehem;3.1;22670
68367;Widensolen;3.3;26740
2832;Wiège-Faty;2.9;20090
80824;Wiencourt-l'Équipée;4.7;23200
62888;Wierre-au-Bois;3.7;24110
62889;Wierre-Effroy;3.4;25460
57745;Wiesviller;2.8;24130
59659;Wignehies;3.5;17480
8500;Wignicourt;1.5;
68368;Wihr-au-Val;4;26640
68370;Wildenstein;2.4;20040
67531;Wildersbach;4.2;23730
62890;Willeman;3.2;21160
59660;Willems;4;25680
62891;Willencourt;2.3;21270
68371;Willer;4.7;32010
68372;Willer-sur-Thur;2.5;22860
55581;Willeroncourt;2;23240
62892;Willerval;4.8;26090
57746;Willerwald;4.1;24160
67532;Willgottheim;3.6;26600
8501;Williers;0.8;
59661;Willies;2.3;17550
67534;Wilwisheim;3.6;26040
62893;Wimereux;4.4;24310
62894;Wimille;6.8;21560
67535;Wimmenau;3.2;24950
2833;Wimy;3.5;20240
67536;Windstein;2.3;27240
67537;Wingen;1.1;24110
67538;Wingen-sur-Moder;2.9;23570
67539;Wingersheim les Quatre Bans;3.4;27750
62895;Wingles;5.4;19250
68373;Winkel;1.3;28680
59662;Winnezeele;3.4;23340
57747;Wintersbourg;2.1;25290
67540;Wintershouse;4.9;27540
67541;Wintzenbach;2.8;28820
68374;Wintzenheim;4.3;24700
67542;Wintzenheim-Kochersberg;3.4;26590
62896;Wirwignes;4.3;23100
80825;Wiry-au-Mont;2.7;18630
67543;Wisches;5.6;23310
88526;Wisembach;3.3;20900
55582;Wiseppe;3;
62897;Wismes;1.9;20710
62898;Wisques;3.2;28620
62899;Wissant;2.6;24960
67544;Wissembourg;3;23000
2834;Wissignicourt;2;23840
91689;Wissous;3.4;29510
51662;Witry-lès-Reims;4.7;24990
68375;Wittelsheim;2.9;23360
68376;Wittenheim;2.5;22170
62900;Witternesse;3.6;23310
67545;Witternheim;3.4;24830
68377;Wittersdorf;3.8;29180
67546;Wittersheim;4.8;28180
62901;Wittes;4.4;22290
67547;Wittisheim;3.9;24710
57748;Wittring;1.2;23530
67548;Wiwersheim;3.4;29960
62902;Wizernes;4.1;20170
55583;Woël;4.2;22380
57750;Wœlfling-lès-Sarreguemines;2.5;24850
67550;Wœrth;4.6;23800
80826;Woignarue;3.8;22610
55584;Woimbey;4.5;17940
80827;Woincourt;4.6;19810
57751;Woippy;4.1;17410
80828;Woirel;3.5;
68378;Wolfersdorf;1.7;24860
68379;Wolfgantzen;2.9;25300
67551;Wolfisheim;7;26060
67552;Wolfskirchen;3.8;23500
67553;Wolschheim;4.7;26170
68380;Wolschwiller;1.9;35840
67554;Wolxheim;3.8;29470
59663;Wormhout;3.3;23380
57752;Woustviller;3.9;23050
68381;Wuenheim;2.8;26430
57753;Wuisse;3.2;
59664;Wulverdinghe;2.1;22570
95690;Wy-dit-Joli-Village;1.4;31810
59665;Wylder;3.5;22410
88527;Xaffévillers;3.6;19390
47327;Xaintrailles;2.9;22430
79357;Xaintray;1.9;22080
16423;Xambes;3.5;19350
54594;Xammes;3.3;22280
88528;Xamontarupt;2.7;24820
57754;Xanrey;2.8;22510
85306;Xanton-Chassenon;3;22190
88529;Xaronval;4;22370
54595;Xermaménil;5.5;24630
88530;Xertigny;1.8;20540
54596;Xeuilley;2.6;24940
54597;Xirocourt;5.5;23430
55586;Xivray-et-Marvoisin;1.2;20430
54598;Xivry-Circourt;3.5;23090
57755;Xocourt;3.3;24280
88531;Xonrupt-Longemer;4;24300
54599;Xonville;0.6;21360
57756;Xouaxange;2.8;21250
54600;Xousse;1.1;22440
54601;Xures;0.5;
80829;Y;2.8;
76750;Yainville;3.4;22570
40332;Ychoux;2.9;22660
15265;Ydes;4;20860
76751;Yébleron;2.6;22020
77534;Yèbles;1.4;27590
73330;Yenne;3;22750
28423;Yermenonville;3.1;29500
91691;Yerres;2.6;28170
76752;Yerville;3.4;21500
45348;Yèvre-la-Ville;1.5;24690
28424;Yèvres;2.3;23170
10445;Yèvres-le-Petit;3.3;
22389;Yffiniac;4.6;23230
40333;Ygos-Saint-Saturnin;2.8;21440
3320;Ygrande;3.5;19610
76753;Ymare;3.6;27890
28425;Ymeray;2.4;26690
28426;Ymonville;2.4;23910
15266;Yolet;2.6;24180
8502;Yoncq;1.9;
80836;Yonval;4.7;24820
63471;Youx;3.2;20470
76754;Yport;2.7;22180
76755;Ypreville-Biville;3.1;23180
76756;Yquebeuf;3.4;29490
50647;Yquelon;5.5;24770
63472;Yronde-et-Buron;3.8;25940
89486;Yrouerre;5.4;22760
63473;Yssac-la-Tourette;3.8;25860
19289;Yssandon;2.3;22960
43268;Yssingeaux;3.5;23020
15267;Ytrac;4.4;24530
62909;Ytres;1.9;20560
57757;Yutz;4.1;24410
76757;Yvecrique;3.6;23580
8503;Yvernaumont;4.3;23010
86300;Yversay;4;25300
17483;Yves;6.4;24750
76758;Yvetot;4.4;21300
50648;Yvetot-Bocage;3.1;24260
22390;Yvias;3;21820
16424;Yviers;1.1;19720
22391;Yvignac-la-Tour;3.2;21780
76759;Yville-sur-Seine;2.7;23770
74315;Yvoire;1.4;37020
41297;Yvoy-le-Marron;2.9;23840
33554;Yvrac;5.2;25960
16425;Yvrac-et-Malleyrand;3.2;20490
72386;Yvré-l'Évêque;3.1;26250
72385;Yvré-le-Pôlin;2.3;22900
80832;Yvrench;2.8;18100
80833;Yvrencheux;2.6;22070
80834;Yzengremer;4.6;22130
49381;Yzernay;1.6;22690
69269;Yzeron;1.7;25190
3321;Yzeure;4.1;23540
37282;Yzeures-sur-Creuse;3.5;20710
80835;Yzeux;5.3;29140
40334;Yzosse;5.2;24620
68382;Zaessingue;1.7;35710
2B356;Zalana;0;20020
57759;Zarbeling;3.2;
59666;Zegerscappel;2.9;23390
67555;Zehnacker;4.6;25400
67556;Zeinheim;4.8;28450
68383;Zellenberg;4.3;28440
67557;Zellwiller;5.3;26200
59667;Zermezeele;2.9;23600
2A357;Zérubia;0;
57760;Zetting;1.9;23180
2A358;Zévaco;1.4;
2A359;Zicavo;3.3;18510
2A360;Zigliara;3.6;25850
2B361;Zilia;1.9;19450
57761;Zilling;3.1;24720
68384;Zillisheim;2.5;29650
68385;Zimmerbach;3.3;29310
68386;Zimmersheim;2.8;36610
57762;Zimming;1.1;21350
88532;Zincourt;1.1;
67558;Zinswiller;3.3;24190
67559;Zittersheim;2.2;23240
57763;Zommange;3.6;
2A362;Zonza;5.1;22550
62903;Zoteux;2.6;22250
62904;Zouafques;3.5;22070
57764;Zoufftgen;1.7;35390
2A363;Zoza;0.9;
2B364;Zuani;0;
62905;Zudausques;3.1;25470
62906;Zutkerque;2.4;21200
59668;Zuydcoote;2.9;24280
59669;Zuytpeene;3.9;22120
