Code,Population
45277,442
97230,11454
97219,1479
97208,640
97225,3961
97220,11604
97205,4537
97209,75506
97201,1682
97233,1718
97224,16258
97216,2948
97218,4388
97213,39400
97206,6161
97223,10322
97234,1746
97229,19478
97231,6507
97110,1306
97105,9417
97121,5762
97116,16228
97119,8212
97106,6127
97112,4617
67121,803
59477,4428
59379,741
57640,472
85269,428
60206,922
76384,8541
64498,402
89462,312
52423,609
14202,246
27390,1118
14125,1830
67178,284
66102,35
52344,29
33288,276
38324,686
47323,22350
52124,76
79263,615
87035,512
2227,126
97131,1463
97102,4412
97109,7307
97122,5607
97120,15040
97113,27757
97124,10177
97115,18628
97118,24665
97103,30924
97114,7565
97128,23973
97129,17700
97134,7077
97111,3710
97126,2610
97101,51055
97133,1674
97104,5096
97117,23014
97107,17684
97130,873
97132,7415
97108,3123
97419,6557
97423,7221
97422,82579
97403,7176
97410,38604
97408,36568
97401,11536
97415,108088
97409,58885
97413,36163
97404,14464
97420,25551
97414,54941
97407,33969
97418,37093
97421,7268
97424,5040
97417,5082
97406,6936
97411,155634
97416,85038
97309,27723
97353,9579
97360,10306
97302,62675
97356,2189
97306,10957
97314,150
97361,1577
97357,9668
97312,2756
97307,36512
97301,1658
97313,3626
97303,1662
97308,4915
97305,19899
97304,24824
97311,54429
97210,15778
97203,2852
97217,8486
97226,4306
97214,6566
97202,3912
97227,9410
97207,18105
97215,987
97212,9610
97228,14756
35287,2768
40134,2906
24075,323
11319,69
41112,241
89059,698
32233,1213
21348,97
9014,195
43201,245
30320,180
76319,9768
80549,620
57014,365
14066,2437
37171,1168
47068,1133
81125,318
65217,59
62577,71
27407,290
27188,1549
67310,1111
55362,175
10325,4840
45214,246
7126,1257
8491,3518
38474,11646
11269,2713
35155,702
45247,3740
22254,1078
31141,234
55574,42
71242,510
80269,104
57486,121
63461,373
54460,157
43241,1289
54128,700
67095,1579
42225,3839
57002,67
65013,58
27033,307
52156,407
55514,554
67460,1768
44031,809
55099,115
62624,5994
27667,413
64161,1024
23021,769
59588,8247
2460,203
36175,281
39203,110
82118,92
64360,207
46003,699
23064,652
76524,152
64474,160
77295,1362
64490,543
26345,2077
76210,444
1408,673
40054,279
16031,413
95301,293
51264,503
25627,293
74190,719
60317,704
58055,741
38174,1083
28039,1705
11178,1255
60121,160
68007,2199
2063,378
72334,2195
14403,749
78402,3923
39141,255
62112,553
67558,712
16095,124
31540,329
57287,2349
80442,1111
41121,33
80236,555
23202,224
55556,49
62573,3691
38406,165
74238,1492
60648,314
87105,865
86217,279
9292,42
59627,1009
88224,374
52128,155
30341,11671
57471,298
43262,1236
34126,2389
50174,194
27323,285
84039,6426
26133,183
23232,215
31465,22
14042,1154
33174,1130
80469,154
24242,259
16244,2246
68336,484
80458,442
41236,88
18119,205
31351,6060
90045,702
32419,103
43022,268
55013,466
15016,614
21428,144
62735,2493
56083,15910
4069,112
38550,76
45097,1237
54584,1024
76481,6172
88394,47
14714,745
57402,116
14483,200
31369,24
31134,82
83122,236
52090,87
68374,8059
40161,85
37001,1116
33104,4907
22377,813
67279,237
60056,63
5065,2295
1194,6247
35262,368
4132,167
25431,368
2513,141
63399,85
58247,547
59399,1106
84022,252
58240,81
2118,129
91578,272
62145,450
72119,1069
10046,97
78576,1689
71040,5955
16181,549
80619,686
68386,1083
6044,8202
36217,100
44202,1824
17041,1859
3093,1225
30284,4840
88227,78
27273,364
47288,519
24277,285
73076,269
31498,38
89207,29
33339,1494
35243,2438
62546,336
66117,153
67230,2412
27198,6078
32254,357
65391,58
72362,170
69384,34752
13206,38476
40147,367
47101,1293
88076,405
42212,1037
89321,735
77416,265
54248,94
82148,719
47008,110
65145,50
3063,1023
65085,98
59008,9963
70112,166
84134,708
71009,695
33220,1335
7282,444
66214,1166
38089,225
14283,215
8268,69
54383,1135
13061,229
62748,2349
4203,443
71319,763
71580,467
22345,844
24052,121
30306,585
25125,317
55327,236
16399,310
58087,652
71270,35177
64097,626
41168,206
24477,191
70138,121
2352,572
11102,533
18022,334
68370,155
59364,922
45136,561
40012,262
78358,23093
97358,159
52431,151
88189,133
43104,182
7176,164
67507,1799
73155,2150
1125,601
6085,19782
84082,1884
38243,254
11258,2093
82030,488
68204,1058
60347,278
61217,57
59508,14075
17388,274
21198,241
63247,672
76560,1021
21590,1268
1058,804
74275,1903
59191,606
45255,428
5066,7
6012,11936
13111,1058
64365,450
57254,1120
21431,158
79014,2575
57655,1133
49336,884
50048,562
36198,405
50139,4137
72135,599
47229,203
14684,243
49182,896
27363,254
86211,801
42207,35646
76065,410
3178,280
71213,570
28257,96
17376,2150
56107,8418
34054,109
39291,255
88441,126
52103,134
57076,551
51592,303
51152,521
23148,245
62114,164
10198,116
19281,80
71131,
51646,82
18248,443
25275,176
64407,5428
71330,752
16103,128
77128,2064
40251,412
10162,269
67139,485
62530,544
17247,877
95023,618
85024,2256
40042,347
57457,141
37149,496
26204,134
32044,299
31282,9173
88445,2319
32070,204
89483,523
91111,3342
34016,624
17044,1169
54318,5580
41246,479
55467,692
68227,1288
38075,3065
4214,127
61145,4113
70052,123
60404,1487
50285,321
64090,120
46175,973
17301,90
22283,877
61116,1976
23091,187
2229,78
2573,53
2657,200
16312,771
81200,451
49369,1366
71126,607
61044,417
33063,267991
37084,543
31292,75
67364,975
71293,412
82049,1042
79141,209
17407,5034
53201,7479
36060,705
91629,617
55110,209
24006,203
59218,1233
76681,29003
92033,17743
43136,226
24081,671
61171,114
24337,143
32378,515
54505,718
55460,138
77078,1480
2359,1280
62494,44
89065,51
18014,159
74169,5964
18228,214
55482,98
68009,857
24528,125
14061,8629
8207,226
24151,99
64332,168
25438,961
32264,217
32466,92
38132,74
34282,1394
62067,536
88508,517
72295,509
30179,3122
62428,528
64176,151
2267,287
52350,68
15091,84
42215,1246
67248,1781
88446,227
8315,65
10410,108
44208,996
88052,88
8480,3615
32406,355
25286,125
11227,42
72222,252
50535,921
33512,342
8025,1094
14110,129
40217,7586
62357,62
31466,794
89098,235
60554,471
68240,1203
35087,961
52316,68
86124,1192
85011,1824
76439,346
2601,173
21116,135
3288,434
33031,131
2112,554
60110,231
65449,87
9175,102
51182,95
7015,529
49326,935
63165,786
35157,621
62823,171
74173,2893
17362,302
58122,424
80094,517
17484,1780
14622,118
31171,273
28149,543
33480,1344
76599,3633
55439,105
58190,87
75111,138170
51218,131
62786,299
32307,2566
14484,256
49308,2216
7012,346
76062,256
62079,83
48098,99
35010,1756
12191,350
8364,121
85226,13074
80512,840
35265,2619
56254,1400
34072,26
4158,368
71561,242
80625,1482
50549,397
50372,176
42137,860
65189,264
14744,265
76572,130
76684,1268
12234,645
31448,505
16053,119
25103,682
77329,702
60549,235
36239,472
71554,110
69086,2361
59431,7764
36199,1101
32028,104
33293,3628
57661,168
57245,602
25001,250
11290,119
74209,1381
57177,2770
22205,467
84001,2960
82142,1866
80824,249
81252,169
43017,294
27248,193
46009,709
61242,231
57020,300
7039,255
10299,498
2581,309
76046,683
29299,323
52395,57
76505,94
88088,675
42049,690
33460,588
2221,161
24158,427
61170,203
12185,1623
17313,388
59617,641
55389,253
14243,1574
38207,165
70413,1846
68326,142
50533,180
10131,339
25572,100
79223,58
31525,584
25162,214
80420,170
6051,96
27310,394
27180,2167
74123,7545
75103,32179
28283,279
51529,464
87080,197
71147,247
57312,481
84096,813
2A018,165
49008,913
12038,164
62150,529
87082,1171
33413,2304
8415,315
31052,1647
10105,22
57268,125
7148,146
49241,2664
29278,1774
80582,1013
54082,179
25463,3912
70256,687
65112,158
29023,3272
65143,106
80034,614
38225,2936
57371,532
62725,121
34333,3428
37246,226
70118,180
44210,8397
9313,169
70178,549
70102,296
50417,1811
60108,302
89145,403
39373,174
3021,232
57224,3916
25039,982
32065,235
59517,737
46236,156
55572,92
2070,431
76095,8316
27544,191
42125,136
63151,1369
27419,744
16298,345
64366,109
67192,963
46136,279
21136,27
83086,10118
52250,2915
53077,3174
78672,5952
39066,184
40237,808
72005,895
30091,1617
90049,869
3251,422
33301,599
10055,247
60593,153
27368,362
65184,181
78397,7276
35356,2329
57674,169
62647,740
57614,647
59180,1436
35353,6471
5102,82
2595,139
63016,862
63424,611
62337,227
1421,739
35161,1890
14488,9212
21014,63
2A189,1289
64121,197
65288,61
86257,379
63420,785
5078,302
25243,850
27281,234
14300,
46284,418
8296,110
50120,407
25326,562
83119,3582
34237,2336
8365,1317
57416,683
72006,1902
72350,3067
9235,888
41241,1334
10015,398
57488,559
54258,147
66134,1118
54558,286
48074,242
2820,1651
47115,246
82040,270
22024,245
36178,276
33326,223
50493,1534
41208,115
15261,787
50352,339
70045,428
10305,90
45294,151
77046,350
68222,1178
38133,5520
24128,165
2B121,395
72246,188
89245,870
24143,709
40044,1041
7254,879
68215,928
28235,413
1057,513
2610,726
2B316,1024
2320,232
52352,62
23044,89
28180,498
45284,23147
25009,168
22240,1160
61444,111
25574,194
57447,10286
55583,209
50276,604
46049,245
48105,372
41198,2789
17418,606
38503,2470
28255,159
2B059,123
27325,199
89209,510
14715,4619
59608,1123
48064,371
35308,4492
44021,5120
54134,248
8444,134
66095,480
88274,82
42086,525
23239,612
76728,1245
54557,2312
66124,1762
25115,269
63304,110
89460,3455
91085,3882
9290,175
22280,1167
41108,123
70514,638
52538,255
32348,563
59169,205
65007,1340
43027,45
61055,570
42142,324
24154,353
76287,1079
51455,214
65433,2988
14396,1060
71105,8227
71234,353
21070,133
29170,4239
42325,390
15126,77
8395,152
36045,2293
89084,288
35122,2021
21239,763
89283,578
22267,409
18118,1303
32337,72
28027,1234
86174,5964
21401,321
36176,562
57286,288
67138,570
54176,1053
76008,618
10345,373
1159,3411
77402,335
68287,4238
12082,210
69027,12503
33254,527
56208,308
90058,539
39511,65
38387,498
57505,1138
89131,222
54430,4780
17228,3157
71035,201
74117,985
50198,501
6023,2377
14006,1079
25309,1216
26091,43
83066,2075
6025,1446
61413,134
91619,294
59570,869
65164,91
22085,292
77480,1007
86034,620
17353,2299
53111,468
50151,2067
40016,277
51398,188
58079,3544
33357,1810
60104,4222
77308,717
28029,330
37024,945
25054,534
81261,1269
56084,930
60025,1857
17171,788
2B013,27
59473,300
88187,48
22333,781
45036,860
10212,108
38017,1726
1107,143
40125,1398
42105,254
2B147,110
40133,7183
78455,7713
31326,132
21369,346
59565,640
71411,150
95424,22457
17231,102
9042,965
76553,304
25184,274
86113,2989
28351,420
21028,815
5081,54
21323,155
8010,132
85139,464
39545,168
62308,461
14603,512
60019,408
34161,3990
29061,6501
72333,428
23110,51
82125,6663
92032,24070
86269,189
29079,1181
70146,158
29289,134
41267,943
50292,2761
31149,40882
50579,1459
24341,1102
14623,
25282,
28276,
24286,511
14104,201
50152,227
30224,693
77008,1176
57456,635
70417,291
64463,639
64530,348
38484,2091
56120,2031
70529,369
95120,2252
74030,320
67543,2050
3281,387
28234,507
69136,3218
88236,125
17096,67
47217,899
63460,359
76155,378
45120,171
45260,241
82031,1186
26312,1228
89032,75
28290,282
91477,37471
45099,501
14711,925
59397,615
77228,256
55018,33
12124,318
54421,305
26145,698
7157,1366
67552,332
29257,2087
79007,608
30026,1053
40103,653
14308,378
15114,508
15008,284
15106,169
67159,210
21395,92
14735,800
58068,192
91136,2615
94001,5988
44104,859
77004,336
17482,674
60221,732
61443,631
57110,429
50169,112
31056,8713
21010,125
2B166,650
63290,419
67306,683
27382,356
3059,388
22299,1560
1214,164
68088,1047
42026,1710
82176,993
63463,501
35229,1312
52529,1000
80811,595
43005,152
6072,132
76605,473
62593,87
12140,1008
63436,80
55107,46
45037,492
11017,72
28014,646
9250,80
2B082,34
57092,617
51288,233
92025,91053
25628,
56049,
76425,302
40317,3556
21485,2497
11242,178
52371,141
71537,138
34073,2503
1411,262
17126,316
25333,356
80449,65
42068,411
1241,1426
42148,512
9210,415
47180,641
38382,17986
67474,3121
88151,1077
49120,1449
1203,1293
77396,106
58010,637
37266,6865
29237,1893
78172,36958
35035,618
33419,79
89310,159
9206,541
26207,649
42182,3231
39254,124
32069,85
74171,1770
33247,134
76699,451
32169,148
69055,1503
57098,221
2126,463
37096,645
10020,509
21498,51
76025,349
61389,1006
60513,3332
62426,187
43123,425
85054,1098
70575,854
23147,100
14524,307
50551,2114
55512,272
1342,544
27434,65
47103,220
43133,146
89298,582
60652,941
69268,3332
62274,6139
16318,355
83007,2192
18076,415
88358,1947
2B037,7642
80516,190
54565,235
88431,145
70218,127
62366,296
86156,243
39297,1139
43025,2954
8156,465
81144,4590
12265,538
2071,631
62789,251
52475,54
7195,63
72101,664
30041,1234
43121,226
50556,685
77278,412
57635,372
51199,412
29142,424
64239,141
25018,602
16382,740
58159,191
49247,2501
76437,577
62071,408
77385,2294
82022,396
31059,108
81181,182
54155,400
89374,63
2B156,24
48072,195
68315,7012
35086,610
95651,849
19161,427
63126,1300
45280,1038
32046,182
78620,1172
71140,38
87166,865
72157,693
80161,222
66070,227
10417,201
39214,140
60112,335
37094,571
93032,42313
54579,332
2209,654
27107,1252
57115,99
19250,681
63440,149
62460,272
43098,117
60241,318
24328,1180
51254,237
7302,824
70334,1528
24410,511
80788,174
25432,2189
43111,873
24551,2876
60130,1125
89335,434
59459,5054
2A282,160
54574,580
13085,5798
79306,178
64383,142
25611,493
90084,322
51603,228
86078,2522
39050,159
54215,6444
52289,318
74045,245
32181,248
14059,367
60240,236
9019,574
52453,125
68072,1385
9005,137
54293,86
16364,66
85267,990
2736,162
7199,1319
21015,86
63435,200
81262,239
24030,731
62363,400
34093,
63201,1163
43169,58
38536,1521
40334,386
41110,821
10194,93
57755,99
50435,620
71010,789
48157,97
24200,555
68352,2720
71037,85
88253,663
39492,212
14134,187
18286,437
50166,321
33255,247
7028,544
30101,638
64417,3184
7144,43
17161,3150
33008,602
61319,251
61266,84
19125,857
89384,672
25195,1486
84017,3106
51028,956
19193,188
76697,788
59539,989
33493,349
69161,484
31258,252
64466,271
64532,73
18001,326
7042,7661
85297,1071
65035,504
47062,420
54313,224
44133,3059
33125,2332
82183,214
49007,159022
37240,640
80361,69
8060,292
80669,346
85229,642
88245,285
9115,119
12150,461
53036,1058
51032,405
59466,3016
7242,125
39039,236
79009,429
35090,2819
13093,357
42280,408
2422,754
33052,1174
80626,284
7109,328
46030,350
26380,545
45226,1348
2A094,75
76041,1331
55416,195
31340,303
71383,550
52386,518
65215,38
31293,3251
27142,294
25597,253
33474,3746
46185,1637
63389,109
2306,526
60665,2758
86237,717
56041,2885
2B255,53
70152,605
73176,734
60682,726
76018,1454
29295,483
33322,7292
19182,773
38492,724
49228,5448
73170,520
62315,342
54453,164
86133,3444
30277,553
17023,372
28272,152
57006,963
53016,1222
14168,206
80124,725
67293,721
80340,181
64105,259
3058,220
16102,18532
35292,1553
54309,407
31071,470
7286,510
45183,120
71163,95
37049,1265
52429,582
50496,401
36009,1215
64549,1326
88424,2234
2376,189
54300,6630
80730,1096
69212,486
91411,1975
51236,134
25329,32
51627,326
56005,2271
12048,322
27606,466
87194,372
10132,256
15259,271
8208,136
76656,745
70229,253
28299,165
22096,461
89361,256
88017,159
63146,937
80232,215
78653,389
30296,166
7030,204
80548,337
2A212,452
36020,74
55262,239
45297,1034
1112,480
74134,1227
71425,286
31255,324
2A308,363
14107,151
2B339,29
60671,349
31070,426
81218,3548
45179,3101
65299,235
59429,2901
64100,3414
63131,1182
27249,1056
26235,13756
9331,682
31452,52
2600,341
40085,440
21550,111
14248,244
11052,365
27666,557
51451,79
76322,25789
95154,282
9217,150
57498,2650
24293,265
28140,5715
8030,58
57276,322
49334,345
52116,46
59045,158
62675,292
15026,177
46068,185
13059,3847
60635,1041
73097,704
38256,1846
54028,2650
87152,1625
40084,736
86016,2226
57613,322
55535,79
29211,687
21334,476
18175,603
14353,451
27140,391
64347,221
21004,257
18027,628
38542,328
2B113,54
53040,616
52476,75
57015,524
39378,772
26278,281
55253,695
2211,357
58199,163
51434,755
62719,293
61502,72
72156,928
9320,27
69163,3679
44109,327734
15183,119
62403,1196
59630,2613
59410,21105
48193,225
72124,4868
59290,361
51644,333
88231,465
77319,137
12268,423
62679,333
3007,383
80593,263
42035,211
6031,1268
43175,165
2423,455
51551,188
81045,379
95682,205
58166,226
54219,81
63347,471
53097,8252
72241,2939
46196,90
62606,1409
57325,847
63413,737
30305,3648
33020,136
72375,510
28306,174
68124,369
47071,256
70486,107
63155,512
80224,127
69174,626
39172,258
66084,1347
21462,961
2B136,155
11089,413
73229,545
21624,143
28068,429
57396,794
24586,891
72071,5641
57239,422
15217,91
46169,234
53029,1285
8223,124
7329,412
68174,1633
17089,1019
57136,597
80043,246
2446,118
65247,99
46013,211
37046,418
39058,143
38405,1254
80335,235
88436,71
54576,109
2383,1412
52094,180
29173,2409
59348,1462
70169,201
38190,1245
24032,372
60677,247
59070,
35064,1114
34122,590
27633,491
93045,23843
61324,1160
45324,2484
16401,147
32126,162
65055,349
27522,440
62365,208
89087,289
57696,973
53225,507
8219,119
41286,146
22150,986
2223,304
74164,6507
76670,868
88071,44
10424,66
7226,90
1206,260
76275,1766
61476,277
60412,672
39423,96
62402,308
30136,1343
76562,843
58204,539
86042,887
44218,680
24068,1965
76314,604
84052,1234
78236,576
8081,4889
27660,252
64109,2013
17225,2180
77055,5196
71272,225
76307,1338
81010,471
29123,812
72239,582
61077,844
33089,516
2088,80
30220,266
3110,995
64424,547
32062,165
34202,8431
17099,697
21633,196
16048,136
39171,1204
50177,368
27701,13245
95598,18008
24176,36
68283,775
50149,1249
2B303,812
21324,52
14179,160
62699,675
90096,286
46032,371
64086,1128
60489,1224
59366,783
57141,88
48155,456
71085,217
67265,527
9315,102
2B304,138
70257,764
59177,815
44188,9400
70269,30
60507,427
57417,71
25590,77
66206,95
54124,50
3016,150
18167,289
65169,95
65448,76
60155,3978
16105,606
13057,564
88160,32251
22350,210
85005,1027
25405,940
32302,202
31427,919
16037,145
65297,39
24504,279
14658,4207
32342,44
57173,97
77408,523
2A056,102
41205,173
24415,202
55069,221
62646,566
77447,1742
44094,3409
34084,1622
64059,1105
81179,272
80296,1128
24373,346
3252,689
45185,307
48081,373
73290,2112
80163,740
31230,4906
62299,238
45089,9083
63083,950
9129,114
2759,355
30350,3863
65024,103
3256,214
95277,27707
63163,921
43089,3585
51445,194
95543,236
33093,809
45348,652
71352,90
71060,222
47254,302
79140,818
71084,530
30221,5529
7107,1199
14097,297
21363,316
38064,3259
64189,5951
78640,23011
59405,490
64171,274
72172,1460
27694,312
86262,584
15086,57
43107,84
76632,353
4102,229
42273,378
71484,1204
6156,195
6114,5896
8373,263
25470,159
75112,138024
46088,830
32230,45
59172,20665
81192,831
61095,525
62524,1528
80432,192
1382,357
70476,78
2384,57
14303,931
59175,289
24537,258
79050,592
76159,2909
17471,200
17442,396
77370,825
32055,111
77154,1280
76648,2298
38228,465
56144,3379
62471,1062
86014,1730
91526,112
19203,1798
74108,1078
10136,111
68087,472
19167,42
50079,406
2748,952
48036,126
74208,10856
71160,303
1095,820
74265,758
54388,71
50588,691
91099,3146
78220,6831
77335,3784
24085,149
74199,423
33503,550
86153,834
80112,247
80251,363
83064,5835
26375,20
33439,1639
11002,201
71113,88
29166,550
71514,436
85012,2367
50479,109
87135,974
1225,406
47081,719
67093,322
50077,1027
54245,53
41003,572
65234,108
78104,764
16180,248
50422,216
77082,810
67268,2702
68341,1142
42012,700
78486,6480
3071,268
5127,167
13095,1273
69001,398
52114,1482
19131,545
69035,409
8349,570
26154,218
8325,28
17217,297
43062,876
80032,136
54440,107
66185,364
32428,53
33316,923
55428,133
61463,1684
64212,165
3095,13316
60623,926
1060,576
40102,1283
1156,934
34233,211
24445,137
82180,518
35281,13800
9192,142
9032,1285
72279,181
62078,1220
11343,108
25613,86
53080,103
76510,228
54199,398
53103,2166
50237,1302
87150,839
79312,110
30347,1354
25209,113
6163,1775
21097,31
27455,170
89287,4834
15201,217
40263,405
64160,6760
22016,429
71523,1175
11056,185
21064,95
81171,1558
21344,228
88027,135
83118,37113
44223,3685
6124,61
2747,80
13081,12576
59629,1302
88491,128
62608,171
88525,135
11265,34
33412,1365
6081,97
51118,1647
65343,240
57351,1408
91425,9772
86270,164
68202,200
21291,370
17219,6163
18229,610
62108,12951
76514,1028
45315,5124
67214,988
79244,368
47010,223
24210,806
30168,628
42192,437
30104,782
33487,1067
28220,6945
63417,2529
80418,84
14378,295
10232,325
21474,414
21296,162
62350,1108
61445,658
22371,1156
15211,279
80174,75
30263,3737
4181,50
11396,614
51523,268
21471,12
24271,520
27624,841
44141,1303
4025,384
44117,3413
8240,161
55489,279
59344,2474
62122,351
69125,1066
72300,2681
38080,738
52353,3550
30053,701
22228,1479
58218,1734
40231,1232
62141,907
22216,760
51214,136
30105,177
49131,711
61479,157
51062,82
76152,731
60613,331
5052,882
17142,6315
83071,10584
71564,729
9223,583
64400,1120
67542,532
81051,1239
57054,173
23165,565
40144,237
1038,777
78090,2234
23249,219
66107,773
79274,325
17111,843
34043,378
44073,6585
6118,4056
15054,933
17260,378
78569,904
79059,734
77241,2036
86290,1512
85070,3428
25626,225
25090,78
33053,240
45203,6670
2A031,522
45121,455
60063,813
11169,100
54497,46
10228,219
25318,1937
56012,1944
50647,1240
84087,29706
35063,479
10279,45
15113,172
46130,235
80301,270
7173,49
34142,7251
7048,328
38425,6889
59639,1125
77294,20456
31267,52
51122,116
28396,323
79101,2345
57310,186
2289,399
48058,131
75119,178691
91457,4268
31543,118
25546,54
17405,209
74295,280
68329,1323
68376,15553
67018,681
81291,553
52131,89
47102,750
2069,104
57109,876
12266,534
53253,515
51066,316
33409,
88350,70
52145,119
33391,319
16113,7765
67475,238
17194,3458
12067,96
57534,1790
31119,234
64408,75
76034,2530
65304,2242
47001,32801
7165,538
3046,994
2715,42
28237,205
22179,1611
21223,1515
50400,3228
64558,3069
67540,869
35204,3911
65103,130
65074,111
62322,111
27050,639
46263,704
10440,141
91549,35438
40209,6533
67535,1070
61162,157
91064,4686
16350,784
25556,47
8230,394
85125,373
2B097,49
12231,639
32111,46
65090,72
15156,683
89278,559
35319,2184
2079,132
62200,1263
16166,5682
63196,721
58183,88
85053,
95110,262
32125,136
37272,1143
59424,1286
17175,653
10272,163
57018,118
84112,689
17255,794
28268,18
18197,9899
27313,588
79128,999
23073,400
24148,314
89022,135
9071,211
14211,384
88180,125
33035,734
32091,337
58004,365
50058,1600
55049,412
40121,271
33352,4487
47245,85
31502,368
32120,445
16316,386
86200,544
27446,451
36076,268
12095,212
72039,3703
45029,1734
29243,475
89433,271
68145,6199
93013,15925
26141,225
27475,168
33477,771
17202,575
8140,1048
25534,197
40240,483
43256,341
55134,156
63359,83
52470,377
57197,503
1393,582
59295,21912
67416,462
66220,34
70506,385
71434,335
60454,961
2056,168
41030,225
23215,150
80688,2987
68205,2015
37053,109
2380,28
17413,1436
95176,27292
25517,250
54109,889
54119,88
63003,6517
34288,972
24190,277
79133,1167
18154,177
27284,12410
2B317,52
57251,356
71450,101
36174,355
50129,78258
34098,156
35055,10670
32073,213
2B102,81
27177,536
77352,2050
90104,1029
19134,741
33212,140
60086,2135
57379,259
66216,77
57477,1578
49023,23989
7099,591
1386,1152
42276,402
51337,266
33505,1589
64162,107
52051,79
77129,576
87095,743
80657,311
88170,738
51605,462
76218,115
89299,61
9234,124
30017,219
8417,270
30355,1056
41273,470
1277,122
18090,408
2B030,174
15219,310
40250,684
1250,2008
29181,3103
16034,150
31462,2363
40149,378
52009,108
21417,105
50553,324
72112,486
41049,925
2667,202
62667,8768
57108,309
72002,200
64362,385
11110,117
16131,518
43057,50
80050,461
42242,1996
33328,608
57564,550
26035,494
45243,311
31297,2206
1299,559
77143,5446
40011,348
48121,226
67538,1530
14654,7100
62895,8720
26358,1556
55525,74
86183,1613
17108,418
24263,307
42228,1453
55002,101
63431,164
80108,64
57004,76
74006,2253
63300,18820
73248,7524
67504,1357
8145,2134
26136,55
53003,2619
2B083,166
24510,388
52363,95
45164,659
38138,3536
31335,28
40211,814
9289,1381
7134,1045
15140,2181
92007,44572
32439,164
2B169,961
13207,35173
32205,103
68267,1894
70367,185
77257,3627
60337,805
32147,3146
12022,122
11100,38
80186,1969
77184,584
66198,478
62541,119
59425,298
5072,256
27408,607
82089,1218
32267,110
4024,123
28218,15921
21321,76
43229,608
64272,147
7264,2346
16405,170
38467,1508
58309,410
7137,44
51548,342
69120,589
56074,1921
39176,509
53236,162
79137,933
49160,3071
69135,1946
64134,376
82195,834
43203,481
37089,699
10084,1053
38078,541
5057,276
42018,465
15050,160
81213,91
57365,481
74096,5376
80706,1809
87146,1150
28053,242
3050,169
39173,1287
51293,508
18163,247
17157,158
33483,4881
38179,7376
66072,443
59108,689
60631,1090
76346,305
63007,162
55047,160
54409,192
59654,7266
26246,141
43084,1653
14130,184
7225,1348
25092,74
60234,2514
77030,777
67236,537
57433,11580
2A253,66
56069,2310
21712,224
21253,126
28231,150
72292,222
70580,163
31146,9
30151,545
28078,181
54592,273
59330,2518
51240,112
47096,205
80519,505
2411,198
11230,28
26115,688
9267,156
1267,965
42032,1731
43108,426
88371,1202
54073,925
78034,1020
57179,1828
12251,286
71194,829
9155,50
51171,1500
86055,354
35089,448
51616,240
50045,640
33527,9180
11123,140
25563,114
48032,221
21467,127
33202,1554
71217,135
65435,293
6026,1450
26277,189
74147,1105
77489,229
5075,500
74051,734
3014,144
67080,1737
29041,1856
21502,619
45028,8024
31288,320
71440,369
59658,581
76213,397
91069,369
74161,2058
70407,277
30216,832
36093,2797
84043,8913
21650,143
22236,738
2B281,1182
7041,2248
79162,2728
12080,353
57075,296
40164,301
45206,308
85059,2600
70148,111
62046,733
60646,1374
29060,2836
60256,1326
70096,626
55075,159
65282,374
62658,114
25588,115
34096,548
24196,516
23029,226
27507,3829
2295,839
69045,1273
62412,1270
62731,285
87137,146
2377,131
37208,14999
58303,9146
2036,72
41060,679
39229,224
41269,15758
79301,589
54522,119
88256,256
6107,67
33178,367
63277,56
88381,189
31240,655
68211,374
62011,621
25203,172
17097,840
21481,2385
90047,605
10142,1763
95257,4570
60452,472
86180,2975
55267,271
29182,1050
21645,621
74099,801
43264,280
61271,92
61213,263
70504,345
61347,171
45157,423
21608,103
24498,820
88232,208
8489,210
22027,
69122,2070
67510,649
37256,294
15085,478
80066,278
57570,421
3078,232
18047,606
57190,419
55313,65
2A108,231
88353,100
60364,718
2440,141
79126,425
95388,6184
51373,88
71258,519
1433,290
4191,7
38489,132
50474,515
5079,923
51210,1482
72031,542
57548,613
14677,249
77400,1888
67365,13946
77406,966
59119,582
50609,129
62806,150
28085,38324
59599,98772
39335,567
9342,259
47236,98
86072,435
23047,241
85065,3726
64199,146
14215,2267
55171,270
62120,460
84066,286
74221,565
63386,499
41250,484
12062,344
38114,1535
87156,2606
18199,250
67438,878
3265,641
59101,369
24088,331
95582,26924
13114,5839
79157,1288
25539,5854
54271,109
58260,1227
39245,373
60487,313
2B095,123
43120,1293
62591,210
67559,232
72278,760
85245,166
21112,414
46108,403
30290,1887
33458,1020
54353,875
1335,409
47127,832
14136,90
3166,317
38004,1255
2A099,282
49306,1705
2B275,72
35359,881
54107,69
21165,62
23254,252
88208,117
26045,1779
60297,180
80060,126
14504,797
54382,9361
80330,226
83070,6646
89319,479
57438,353
57743,227
67055,1379
42041,665
59254,919
65041,123
55458,368
57116,101
7064,2803
71380,830
33013,8687
70216,447
48198,618
54218,49
40308,885
55183,40
81103,115
39463,234
69267,2148
59337,703
50130,436
62618,1271
77448,616
51042,372
39076,211
82120,303
36032,670
54137,522
8433,54
67451,1382
27373,99
74178,811
32118,135
22189,563
77404,1781
65135,73
57725,334
57611,196
46289,165
33297,1962
60013,1345
48055,189
50002,4286
8164,346
25173,147
62756,1708
62253,76
59292,3222
14355,1212
39348,427
27385,1417
11144,1158
50590,430
52290,124
24009,264
62454,2485
65225,109
9128,340
46237,371
59328,27090
87167,593
70566,203
70581,704
45337,278
85095,2208
21585,1031
59078,599
28059,1785
62061,295
41292,198
25271,1842
17343,143
31395,26079
38279,1129
65003,142
30209,3982
10096,472
71493,350
11060,49
95331,196
21006,160
73106,305
30197,292
83079,1535
78168,4321
38480,2186
57762,710
41209,744
31088,3037
46335,409
79149,157
16308,1032
67359,1418
31248,6585
36091,653
2299,522
72314,356
63421,171
65233,299
52468,94
89471,451
32020,269
59661,128
34214,1233
87114,11342
42282,243
28390,316
4222,345
21583,61
5097,316
27010,172
21614,386
72382,1521
38031,19
80485,1148
76747,340
31147,672
68183,191
65049,241
18110,958
32038,210
1359,264
48132,1385
50426,399
70368,139
28223,1566
48083,151
80373,2397
41081,216
30165,1243
65209,87
69173,980
11430,1448
62220,423
67052,2459
63473,396
39269,235
86187,468
87089,1690
25072,20
40253,614
10026,34
72327,264
3156,1620
80144,495
25371,218
80320,152
68043,4184
40189,77
17141,477
89004,232
69118,2746
7258,221
66141,11615
31196,236
1140,825
58121,3648
40057,236
79239,1648
18234,446
60689,1421
31586,544
31013,381
55586,118
62442,512
27220,358
14555,451
19207,1153
62202,669
62571,3342
27512,326
4184,140
46029,1957
65053,41
59267,279
65298,82
83143,4335
12023,117
19068,716
60251,305
91521,31189
76235,1967
83041,727
72302,178
77177,1316
61117,2494
62513,188
14078,354
38182,3083
18081,375
46210,75
2B194,25
34260,859
54063,178
24160,579
47300,1182
62362,239
55038,37
60128,222
17256,325
58209,152
2281,241
40145,583
35343,1234
39232,484
60484,293
63448,775
33307,1717
47302,657
89392,248
8085,224
41245,388
7073,518
47035,285
5126,511
17131,2287
95456,549
59572,1796
89061,264
57089,4966
58145,1251
9301,400
49171,116
19095,137
8472,302
35215,1286
31430,633
30170,905
76758,11438
80149,514
54599,108
90056,1451
27227,651
51184,390
6137,1241
61048,125
24199,360
80223,115
67501,596
63344,148
16300,1332
52282,344
50401,757
80028,152
74035,571
27102,1071
2735,16
47195,6992
88503,146
76587,681
31264,551
9202,311
36216,61
95213,603
40008,92
77088,2170
38060,141
63186,228
69204,21212
73211,904
77474,700
21460,62
14276,333
72345,339
86254,1011
12012,753
42301,716
28271,137
71551,105
60222,505
31332,233
24192,95
29134,829
83105,51
46162,200
14605,268
89044,105
26072,1343
23002,1019
30191,1190
51537,177
32341,246
76009,354
17094,6653
28041,283
24157,845
25132,141
6076,50
65405,79
55050,0
76300,412
26344,405
73003,3780
57104,1157
57444,372
25621,213
89112,155
15247,26
80343,151
47020,188
80570,3936
11126,512
25427,405
3244,130
2399,604
30241,2055
33138,8678
24385,221
10298,1089
69052,4410
78444,871
71310,4976
16246,266
58088,3688
24454,653
55064,119
29227,1470
88297,181
27665,758
26232,576
14519,107
46094,290
16307,312
55299,116
1184,748
77526,271
80494,197
21593,79
15229,84
72339,636
2B313,2062
86004,370
36248,220
10003,3236
39444,48
3274,318
60009,1767
22056,1784
26082,101
29285,518
27336,450
77206,188
65004,391
22175,1662
16079,370
88450,185
54399,250
21547,225
58270,349
30345,364
78545,21268
52490,720
57123,3291
25178,119
54262,199
67418,2025
11147,6
51036,482
16146,2105
59223,506
31244,366
31566,509
53074,834
10425,277
70193,229
67299,874
51598,497
31480,2576
79139,54
41199,1218
17038,699
62765,14382
88496,146
14036,187
59028,7083
51111,146
41290,216
64315,1030
50597,957
23228,189
84018,573
71214,418
14467,327
57485,105
2142,246
37271,1051
53221,393
2331,106
19289,696
60459,200
74130,541
48019,200
7201,2311
33513,119
81170,1381
62117,920
33534,833
18029,289
88068,842
71437,324
42145,1110
32287,83
21648,187
63278,745
70542,215
39155,67
47163,613
62100,2014
51413,884
87126,3603
54243,220
54033,141
8384,123
51233,61
16408,717
24004,307
85041,
61310,
29111,1282
16075,234
18237,473
55159,376
90003,611
52399,117
42209,384
51466,206
24220,699
10237,579
80638,111
34009,1796
30084,597
61093,1243
25439,252
60185,1092
2254,126
29045,2188
17214,511
67220,376
72072,256
89452,335
80511,120
21689,166
22036,211
17177,121
25375,667
45272,3467
29046,14068
44209,10600
46148,1899
40277,749
25204,3335
14707,1153
39473,91
95151,297
47230,393
52505,32
71557,684
66060,246
85110,914
33264,1063
66147,100
25253,370
16281,4025
62302,230
65329,212
30196,474
38116,35
26055,154
10320,231
25618,332
74269,2321
62396,13
72078,353
80355,104
65475,67
60497,213
52422,241
73041,306
65334,217
5106,318
7014,380
4179,112
24526,729
76498,22208
44044,1061
18290,578
57132,2296
62376,2525
82098,1282
21522,487
59493,220
21060,1571
54259,214
60213,906
2B025,80
63337,63
67167,1195
78621,34689
34208,380
2468,2229
14332,662
64209,423
89477,97
76024,158
52415,127
39548,
27315,271
14755,620
60120,1146
26086,669
91121,527
67063,686
34164,1014
45198,303
29190,4521
9147,178
37052,1122
23032,686
88044,612
21090,58
11378,221
64440,372
17425,2585
80627,897
26222,40
2268,654
42027,451
2230,174
58181,128
32393,135
37178,585
10216,2015
54504,683
61105,170
62015,261
68100,331
60617,271
59346,2978
42289,1979
62424,288
7273,212
71339,371
77109,1607
21326,100
23106,359
36231,975
17338,1883
57236,87
36212,164
88512,233
34310,3124
54079,4659
48169,212
73273,472
67441,335
9041,203
63272,2872
88378,99
88015,219
41014,172
55260,62
3062,335
11233,750
88136,1521
83112,11658
65037,87
13027,16545
16384,583
60175,36301
9297,29
34337,10872
14147,137
68259,481
61202,457
60655,367
9003,372
47077,845
25514,305
89190,181
82008,895
24336,491
50064,173
18136,308
47064,249
34319,142
23212,126
21302,110
81032,1093
57739,522
6005,174
81288,2965
10382,1094
84046,453
7036,488
30019,2925
54332,1492
16082,662
54113,1568
50370,609
86054,358
80139,45
23089,721
77061,2742
72386,4181
44086,1074
41148,1293
8062,129
24434,142
76205,225
40091,700
77270,977
62416,214
24458,279
66159,81
17263,573
57314,490
24097,346
81243,125
24474,144
77071,821
22289,210
72098,506
33441,1171
59470,2031
64318,194
51265,564
63446,569
67548,922
91463,1042
54336,932
51609,836
61020,219
73146,803
73079,901
71407,232
34151,6988
89385,75
51622,407
31143,266
2B045,65
34332,5952
2A032,4411
57342,90
42050,138
49180,6564
52194,1974
42124,314
61402,292
29141,336
9226,36
35104,1438
69096,10030
77218,123
33462,496
49135,2212
1047,1401
79354,356
11383,354
26093,517
39031,198
57466,702
16097,3471
19227,1330
79357,238
59400,9808
67217,396
54560,49
76305,8916
68179,887
36054,239
4035,299
51557,453
80300,163
45108,2231
46089,950
25052,79
78208,26365
54180,68
59301,4479
31578,1040
2B126,91
26370,130
80233,150
62326,228
47129,272
70554,175
92046,30557
55563,72
24101,291
74249,2613
62610,618
39539,306
79278,253
17199,155
34334,267
73193,84
23129,52
64518,1167
52158,291
21594,194
88222,223
64416,1042
82159,558
59531,343
8048,389
19200,87
58268,187
14289,566
16216,805
21237,93
60172,3915
51343,622
16256,250
61307,229
62006,320
60365,423
51657,234
33262,4576
59663,5584
57012,5802
55104,94
60299,548
52014,187
62832,578
63349,2048
26025,217
27266,300
45228,1171
17222,3176
88135,856
72076,255
80325,54
8284,846
76577,622
78317,793
70302,71
62068,330
59585,3669
7146,592
59135,2198
51506,5441
65139,62
80159,300
65463,83
39295,142
18153,269
67394,274
58212,331
35181,1524
65340,1910
76637,826
85239,1234
42256,5116
11033,1343
72238,75
27397,1708
54308,151
7217,858
55010,2569
62887,244
80444,679
32159,529
36144,294
16217,1085
71373,1748
51003,289
16406,821
80155,556
26271,3569
55405,251
9232,54
71240,399
55581,109
40096,100
76464,2377
76578,255
63067,169
50633,119
60539,1559
70190,186
89270,137
10201,53
53148,226
54118,625
70477,758
45126,2873
61188,
17184,604
21557,113
79241,558
11107,73
32029,692
81054,978
33280,537
1136,984
62149,260
60233,1437
81164,536
55132,1621
1371,1340
77011,482
33398,168
64186,222
62503,293
39056,1528
92004,93941
31232,9062
64379,172
21635,104
66093,2256
10189,55
38466,1532
81247,224
32366,70
7077,272
71250,1155
64551,300
11035,270
58272,113
50060,423
8473,294
95426,3038
18282,559
68348,2866
83133,1750
54585,487
10012,290
84065,3921
83051,1118
71589,428
68277,999
51545,467
8317,116
62871,259
34212,190
5152,118
67062,341
17241,1705
59243,1214
8389,325
39487,1815
74121,1327
33172,260
16326,136
50150,223
89242,776
72087,468
80017,419
77198,230
4233,270
32390,230
74142,979
91109,1186
60515,365
55292,185
62049,548
38298,6718
76241,116
30232,443
65080,528
24025,246
72011,881
9093,143
25193,1776
54277,375
4167,301
57454,1196
41180,1556
68042,5282
63257,857
14272,108
2497,1146
42335,449
4018,1072
38418,243
3266,276
51573,10771
41254,169
63329,122
66065,9511
58057,1073
82146,54
36002,114
60564,272
72114,241
32291,107
45045,304
51522,365
80031,759
17016,773
80271,1099
68256,10314
63416,96
95462,327
62663,307
89239,1630
60098,170
81202,1033
3013,4074
57191,666
55523,193
49267,9720
15043,71
56112,840
50648,1212
19243,847
59625,390
54241,67
2A181,657
57121,228
67389,4732
47286,85
30087,190
10247,115
38563,21847
33494,1260
76743,1698
59250,2179
8182,61
67495,4398
55493,181
27689,360
25263,267
47249,431
57252,476
60123,469
87053,249
81236,304
6080,109
62473,8650
79084,461
27437,352
2B034,835
63378,968
30332,116
41096,320
67551,4217
57645,1024
57675,119
58237,30
67131,5878
21507,
76028,186
55158,753
33193,1542
25120,381
73085,1531
19236,480
67049,1461
63426,684
84093,894
33384,386
9110,100
73122,461
59142,646
34053,110
55229,270
76289,1736
83097,5642
95652,5558
10199,350
27193,1416
80642,304
15015,159
43141,1158
80776,222
18176,415
27394,464
2717,601
2342,127
33465,1240
63287,351
2B150,1224
67129,601
88145,210
5025,187
21531,505
25224,823
24542,67
85238,3550
12055,95
19174,126
7255,1465
21056,921
62057,5309
74312,1659
65368,40
45231,120
9004,123
38040,154
62904,592
77036,131
25533,
82137,557
27256,642
73191,2261
62872,253
80580,261
66008,10616
54381,50
80387,321
46157,126
25500,103
37080,212
59586,7202
90101,257
16230,2403
14552,482
29087,765
76540,117662
80192,172
68241,723
48070,736
17125,455
16046,1013
60400,265
14032,278
40058,233
62423,1724
62166,582
21706,110
21625,81
71118,6267
47221,591
53230,258
25171,102
5010,828
62400,5064
77134,151
67484,523
54269,313
31347,167
24480,337
77215,8825
88437,100
77269,1828
39140,39
50562,1648
67027,169
56198,1526
51515,325
57658,1013
59441,660
67132,955
39016,1149
81037,1289
2280,395
72093,893
6155,29259
18241,1269
2316,130
88194,120
32270,91
16072,505
69140,2261
80505,255
17026,410
16317,427
43167,189
60406,947
27164,823
67151,5312
60410,247
38341,1090
7272,375
24531,215
78231,157
15067,34
29010,1723
70308,192
81214,114
76141,1329
3305,574
2529,185
76343,194
2B342,2629
22052,385
16392,192
70006,1426
59057,574
10444,226
31432,37
88324,363
2574,1354
36023,261
76561,8443
88301,288
4209,7850
38336,2035
81111,74
70582,84
65295,900
3174,904
48068,158
77016,1570
7045,536
6039,997
86256,1240
59665,298
50214,295
67529,3512
50269,218
76411,236
49347,4589
5145,1110
65172,48
2307,2027
54470,60
32396,240
60414,14257
76247,559
52403,75
9227,182
45075,11017
60556,215
19055,272
80836,243
67130,10790
55474,229
11254,2136
55507,203
81316,230
22041,248
88294,266
64005,526
71530,486
88241,421
65182,125
9123,104
43009,24
70160,298
24230,145
86241,462
50613,389
39449,263
25278,554
85104,927
26291,82
8313,150
80805,160
39003,46
2B267,46
46144,271
88501,72
35106,1566
47091,2463
45107,291
40041,121
31469,123
5172,296
27501,256
95510,603
22213,3416
8021,148
31568,255
7313,1095
54110,531
79179,5121
65044,283
51027,314
24269,628
61230,2811
51619,102
95594,1044
73150,3836
51321,89
73092,161
18041,205
88517,181
69070,1360
68290,1001
28129,798
28240,501
62750,830
54539,230
66006,164
13209,77406
57760,875
60081,467
18139,645
8154,84
19052,52
8176,63
37061,461
16329,720
27187,350
77381,650
33073,1527
62734,665
9197,21
87153,290
70539,487
72037,128
63394,197
10092,129
18072,226
60290,385
65464,479
38439,3470
38458,610
41204,1764
87130,158
64140,8968
21191,839
17095,221
35128,1738
38191,1244
35212,1159
10310,201
51530,691
5061,41293
78681,888
77460,340
2673,441
62857,127
12214,517
46017,143
59319,3259
71362,321
21679,139
76234,791
39489,463
65371,235
46241,203
76284,335
3280,180
52082,153
52179,17
72178,201
39026,188
47135,395
63267,517
80573,372
23096,12955
70204,145
5019,153
86163,3723
40315,758
80011,3003
44206,1970
31424,21079
88357,653
67428,512
38068,1557
39345,387
28385,423
46239,207
42048,1423
24567,247
32296,2238
47092,403
72191,3187
12027,222
70305,93
62171,147
2693,226
71006,196
45207,350
95166,476
74239,1561
27109,398
47122,167
52123,1244
71027,716
14644,639
60031,265
34168,75
85289,2147
2568,176
60490,365
27258,501
80812,130
74037,1983
13211,59883
48088,130
47294,219
16282,523
69138,456
64420,241
83047,19556
2226,1808
89010,205
42088,732
59156,2855
24374,357
81134,58
69241,2686
2455,178
46205,319
29301,405
67002,407
88438,401
42300,646
27228,303
16379,1593
15058,145
71162,1094
83025,1463
29208,1268
64267,73
58138,337
2042,369
7132,1450
7050,992
53052,282
12158,319
7087,467
6105,7292
17120,1997
70220,427
28379,471
55575,73
54225,185
84125,81
21121,73
60259,871
2B205,897
91617,4333
71465,269
37022,2717
54520,383
2698,101
9134,38
45101,266
52372,75
73072,31
49311,1307
2B188,583
44006,1890
52465,137
45077,623
55001,280
62188,2834
41104,2290
36169,496
62654,789
9164,479
27608,449
51105,1624
31246,871
28342,271
51365,966
51202,685
88425,182
7192,237
41145,793
73224,925
71369,404
51007,941
19126,190
26105,75
33379,314
69084,1382
64245,520
41235,945
60526,1041
88212,372
42217,520
52358,97
87085,129937
25226,202
23079,1577
35302,1126
65278,39
21375,199
27554,3282
68235,1176
38090,295
76355,941
81248,905
40153,225
77451,638
50502,19471
32448,495
30233,678
85276,747
25425,453
9261,6008
62087,1018
15242,95
57637,314
47085,255
11228,157
11261,719
21155,37
2032,231
34165,2877
43045,442
52184,56
52253,193
26341,782
70277,379
67369,246
52272,114
55449,280
70089,43
88039,327
49283,3836
66051,265
62696,238
77483,2167
29146,3371
42299,3509
31038,675
38270,1836
38296,983
80276,276
62456,738
28284,279
33231,285
49092,21999
86099,1137
65240,394
39191,78
83074,226
7233,230
66196,3512
31096,194
2608,432
16100,781
21677,107
38512,810
60639,1258
12270,4026
25483,45
18143,343
35042,692
51553,263
36240,300
6060,2185
2520,751
17394,915
30195,30
32405,172
88488,228
86289,657
31126,441
21584,2216
64386,1255
79152,303
44015,10376
25536,196
43083,154
40063,872
12247,328
36048,270
25356,4254
91122,9548
74094,7762
62599,225
72340,1244
62476,1040
90089,1487
21290,974
80221,304
87025,861
80748,198
27011,1207
22031,673
89225,49
71463,608
69076,2687
77372,4215
52029,130
24534,1280
81242,277
59201,620
30302,2233
38365,849
52393,54
60567,1174
33395,1638
18135,227
78300,418
71415,144
83073,11310
83094,3125
26056,670
80759,318
69266,163684
25417,835
46301,531
53023,558
6037,332
60126,515
62528,6799
5071,391
27592,225
69206,4677
51533,87
11304,2978
68189,950
34092,992
84004,5981
59322,3403
37006,2795
32135,125
80655,427
31002,242
11077,497
57041,2418
60245,2097
72083,351
72020,690
59478,1108
85039,3987
27210,441
59076,343
51636,579
87097,1076
58048,115
55415,87
31170,210
54013,87
11352,55
94074,14406
62853,391
95641,3124
57638,2435
51083,80
25397,2180
2B077,701
24340,4374
2728,266
55199,97
3012,313
51203,216
77513,5127
21276,116
83026,2020
59081,529
22246,2116
77079,6497
89303,240
74184,1090
85210,2311
80798,1545
74216,1116
74016,2375
42287,1081
24117,554
47142,735
63470,4883
46087,642
65446,550
26065,752
16013,287
22276,267
88335,145
1075,1505
5103,790
32220,133
28380,1959
30060,4079
54010,505
62701,464
58047,588
53043,591
53165,344
67547,2085
52240,188
89267,161
51448,549
1429,732
71267,845
50599,1654
77484,277
54297,300
24034,288
4040,64
4150,201
66014,2777
52512,502
40244,1476
89150,457
85265,917
30081,980
65124,51
27312,298
16162,186
62194,5369
71503,125
89353,419
17204,300
28278,1452
8421,93
88124,1091
89419,2571
39008,428
38487,2248
2004,189
52548,81
90039,3417
22349,1478
2624,276
9052,163
72355,111
58192,208
12105,1128
46254,148
42097,4630
71419,1977
39338,505
51392,212
51145,221
27690,311
57669,2408
22091,443
25216,270
1445,612
56011,1493
11150,476
12291,357
65136,32
79057,1440
21532,1303
78230,609
31048,3583
27629,1752
21429,268
24420,239
9037,45
26107,523
62527,253
40165,373
11427,321
38047,158
65460,4845
8006,272
67054,577
30133,8588
38556,1175
40155,1552
87083,525
4112,22718
32260,
30038,335
26307,2874
10287,1387
38552,397
53261,139
2A127,106
21562,198
79300,1404
52388,148
34138,335
89002,69
77259,3152
38566,1688
19228,63
54385,1073
2027,209
17178,74
57295,111
79235,1422
34205,315
16374,10087
35049,5672
25580,10501
95268,41791
36106,155
25043,1985
5089,90
68244,420
79120,774
57319,515
74210,1905
79079,8573
36001,1321
89088,472
43144,115
58070,60
59317,7921
57234,603
84076,1450
17015,716
43014,50
56249,2428
62533,140
34075,435
25006,88
80410,4378
55404,304
16251,242
32047,110
34284,1706
89251,358
70055,482
50300,157
64062,2228
63183,58
60118,518
15158,95
54285,35
71341,247
7172,2385
27111,203
16415,1045
47232,549
36153,348
64190,237
28031,438
76206,341
51305,155
88021,273
24142,1244
16207,521
28024,1742
81317,1224
89099,2206
8201,102
29068,2585
71284,123
89133,395
10300,255
92023,58576
60638,667
53130,49400
15122,2174
31075,1241
16277,631
14465,520
65087,153
68162,4383
17279,677
12149,133
39249,79
62181,1503
42265,888
47152,421
70260,689
11092,101
51341,38
56236,806
21297,727
86092,2959
11406,35
26002,1942
7194,495
2297,125
64117,146
62490,341
63342,243
12036,628
62540,1678
6064,4358
71540,2678
56262,2608
57463,122572
19147,638
66137,555
67183,895
28056,1704
31382,116
9341,150
11381,125
70109,336
28151,168
7040,243
68372,1773
10224,1749
15027,717
2B192,138
11367,904
44159,1251
57059,58
25445,116
56261,1495
81199,151
25584,128
79170,2941
35146,604
88336,72
21210,514
89331,280
19140,628
24495,104
70039,394
24043,151
68323,848
2569,438
43236,1456
62224,2785
46201,1816
43265,1450
55165,421
43166,374
79103,2387
16287,4357
27563,877
21285,504
9068,44
1198,262
64442,316
4200,678
54487,66
76196,2668
35297,4653
56008,5086
76693,656
65271,355
58184,107
40282,5043
27232,343
16211,554
50175,194
2186,1296
61076,145
58033,308
89086,4900
11303,491
30166,2597
10233,1431
40110,767
27103,4026
77281,495
11249,93
24156,1151
74088,1340
22311,882
52359,141
54174,4474
82178,810
38093,433
46228,733
74205,1299
83049,13271
34192,6133
24549,443
58232,1255
91137,356
5022,229
54024,370
2361,4490
73081,686
90099,5175
55403,60
59174,327
2A019,53
81104,1571
39283,621
68135,2972
57700,499
62371,2072
49063,6659
7051,652
69056,2055
30128,4046
56098,23263
61214,7663
63472,642
27320,331
13034,1773
15173,113
17438,296
36115,132
48002,559
29175,2160
54543,121
25339,253
78311,33983
33393,5955
32113,95
51251,172
70021,175
87078,733
14087,125
51460,189
2452,232
70527,78
14019,220
33268,2845
8125,409
16341,3196
22180,1992
2B170,109
35295,505
62627,848
59155,20787
62104,427
23230,164
27138,353
93005,87599
24102,4468
39485,777
34315,439
38294,696
7108,125
25316,239
25515,488
18212,587
54500,193
71196,616
65412,157
1456,75
37137,141
37143,1378
2271,134
6113,1380
39275,667
39111,37
49339,1467
53176,517
43091,321
27524,841
72233,70
71306,17064
64434,51
30312,2025
32383,137
2052,131
2110,2248
2A142,674
21146,122
2B184,96
31581,1653
56128,1598
76424,236
82174,282
76598,474
51375,398
74070,3068
23262,164
10258,273
76583,305
38479,2099
2349,65
9306,3085
73307,593
50397,207
55543,874
23169,663
82138,165
73296,1919
64156,479
59657,644
1158,1082
60239,592
2084,248
84118,3004
52133,71
32087,144
2419,269
52062,178
64513,1375
31253,2930
71093,641
9066,633
14278,1258
69020,720
76581,380
95149,3332
16232,2107
42297,623
23207,162
22160,985
54566,145
26064,6833
80334,100
17296,1058
24511,202
77511,595
55570,207
10318,158
36135,277
60281,515
78140,1331
39010,90
57542,943
80743,190
38048,1114
40031,1251
90025,345
71097,517
54529,28
10160,36
26369,68
12051,312
72275,1510
48046,58
45008,1997
25036,2256
47225,2078
52349,291
27571,334
67483,213
27457,675
2526,98
74252,641
44079,3267
18055,888
56096,2516
80822,139
65243,433
60558,448
30030,337
79309,365
74281,37928
61193,271
82038,1445
70276,181
75104,27332
40192,31592
74229,3869
40076,418
25190,1615
60424,294
60315,478
51571,1019
29069,8268
62653,422
63167,383
1437,221
55072,105
50148,562
44135,4173
56259,1678
21490,154
37258,307
40139,626
36038,136
3103,1007
76038,401
54547,29942
74228,383
71474,146
4067,65
41284,63
54274,9356
88246,491
63006,167
66069,3524
27591,592
59002,4108
86221,1235
29065,949
6142,300
83093,2527
24254,187
31215,464
54240,53
58170,128
85096,5515
12063,2223
59032,7080
60518,203
33394,1608
34293,1108
80230,281
55365,139
74180,2474
80553,349
54445,106
89141,119
50528,296
14656,996
81132,871
21208,167
18287,302
62053,684
26047,96
59603,6019
84051,1055
50326,238
53054,6502
44088,3095
31545,211
3150,205
14068,3840
73215,4207
55014,375
50584,375
28103,5607
70285,10621
51094,188
10245,825
51320,316
52132,151
86120,1214
27071,219
46061,172
61123,209
54206,348
73120,640
22259,3955
45114,210
60451,1571
66009,2815
62581,285
19175,107
24121,69
81096,421
89363,97
51312,936
76737,624
22155,2173
53185,2273
47059,261
97412,39207
80499,290
37265,250
66071,2160
56032,1991
55265,139
42079,707
40249,498
7017,767
31338,805
25452,484
81151,140
54191,108
1376,4332
59279,20715
30117,2680
59104,3123
50095,1707
11428,236
63128,967
80217,69
62028,676
86059,551
8295,185
89341,446
6024,165
57289,2766
88188,1662
10098,293
80740,288
9188,1238
2631,428
8099,125
94022,45946
7083,437
72004,569
85138,1229
24397,304
62281,378
18019,450
89100,1760
24054,578
57685,140
70142,194
40195,602
36160,237
7327,421
2404,167
87145,232
50462,345
1318,775
69203,986
28187,696
44029,7252
14502,83
53007,2906
12120,2141
42096,690
80329,163
41105,878
66003,3529
84092,18386
59197,2416
33183,1599
54111,2729
65442,240
15138,1770
84071,1915
35219,3859
50403,1514
77116,1354
57364,328
12241,1793
67497,665
70023,148
54179,291
7020,476
4017,102
41226,3041
76088,528
64288,584
81176,110
21065,119
76391,2372
61026,193
65472,74
76678,826
62877,177
14045,253
46070,660
61450,80
35025,1010
58096,460
76706,729
67250,765
52541,205
62509,378
60576,439
81326,417
31311,1254
19208,196
2578,80
90087,1041
66139,46
47161,120
33261,1151
67348,12587
2458,821
21602,32
55088,153
88080,301
58186,57
24554,549
74074,757
33356,409
64377,854
29179,3732
26153,116
70271,357
24482,274
19082,1121
38422,5587
2390,251
88361,1283
36022,381
89318,619
17390,113
86273,859
30052,689
17443,1897
52227,194
51023,279
54291,306
57650,1765
26137,181
55484,47
80682,209
59389,2689
80630,2282
59471,2100
77191,1109
91441,564
27646,469
33401,146
60463,21907
27014,887
7047,91
59312,710
71480,613
56066,3960
1323,996
76105,654
38127,173
29001,1065
91613,211
5033,39
65204,26
77267,347
30055,670
68229,164
80434,184
27154,566
34111,3724
88248,176
38062,827
56204,675
27678,1052
27414,783
23066,197
33209,272
5134,343
50529,98
62345,92
36133,201
45092,1506
13015,15381
70185,181
25365,321
59276,4635
62489,3481
54237,116
9264,1290
83069,55858
50030,542
38378,3778
76124,414
34081,2814
35244,277
14648,453
32409,74
10333,12806
14026,1167
66105,274
33069,25081
2476,637
38532,968
63425,1619
16383,802
79077,735
39190,1314
65034,23
45031,1440
24077,407
77195,655
10205,67
62617,11590
42294,968
29259,6941
62082,308
61098,492
62818,154
72058,6911
35288,47439
55166,1240
57150,737
44148,702
76702,842
24329,1428
57017,2188
28253,1163
52167,233
55022,119
52211,1369
40022,394
54147,112
89028,58
54467,185
77144,437
61277,276
60082,787
71098,216
2296,1157
52543,522
2150,63
10441,240
39533,204
32282,719
14454,1788
2514,674
62184,284
12193,289
49109,1603
35141,674
55435,756
2401,189
76132,479
70221,273
76482,3242
25011,719
30013,436
87168,1085
1080,665
9328,209
74304,899
65178,43
59048,494
82194,1348
2A363,66
29297,2402
31451,9762
52095,191
29263,1182
11425,1718
56203,637
9311,20
73166,49
21047,72
83144,23719
8212,515
22328,435
10006,2785
59094,6931
4126,394
54078,56
55519,1302
88087,3198
65357,174
79104,521
14587,2482
45146,7284
48104,571
64052,105
38301,167
31526,8511
68197,517
35237,1027
8228,154
11255,1485
74192,985
1044,713
21610,355
71188,66
90035,824
48051,684
24107,395
55025,260
77261,1274
69193,1286
14121,252
33537,462
88205,264
57597,2384
67432,585
39002,61
57391,57
51234,647
19262,143
33551,407
14672,899
42248,1169
79270,7595
64483,14857
74107,155
51478,413
29189,13434
13049,2097
91573,11993
68175,1881
28214,3191
90044,222
11259,956
47037,247
44091,1524
59591,817
24563,285
87005,1045
30018,563
95492,102
51073,221
67282,4185
57599,326
71462,532
32317,63
87057,375
4216,268
62564,457
67396,202
91639,978
36015,51
89304,666
27222,199
33074,196
62255,815
8236,293
38208,172
78307,1007
70074,238
54415,3919
51517,134
73119,116
73288,2130
64037,1226
11156,104
17051,2125
55142,120
45058,177
71446,193
28156,888
8046,162
65252,862
90065,1115
21571,225
62340,877
21552,36
95052,10232
39367,2456
62241,309
74106,872
71409,317
6103,1818
38463,1711
62746,5029
14706,257
2621,401
62752,1041
76516,396
44012,3536
57419,904
78588,950
61221,417
60653,295
60669,483
39096,473
93006,43086
40028,237
2372,343
29204,2251
32340,297
91534,4437
46217,
27073,1238
41137,539
60472,109
17445,331
57421,149
64040,1032
23052,448
65130,649
59420,61
38507,8031
62227,186
50580,485
55495,227
80249,308
91340,7373
33203,4045
38155,1915
59594,1106
50143,887
54266,403
37277,580
72134,528
77072,644
46051,343
89094,708
16040,325
41155,1264
91363,8618
38403,318
4113,466
31385,192
29101,3702
80435,45
50484,5770
17132,654
12008,930
12137,877
55077,258
5117,106
54548,506
15139,69
25495,2158
59005,3545
8047,102
64083,219
25494,754
60479,805
95445,756
29171,3904
63013,1023
2B124,182
65115,304
58130,93
60152,252
47267,274
29104,330
26163,46
32271,282
65419,81
10338,173
46311,1328
55101,305
49260,2028
51138,36
1415,508
72257,2382
42130,555
43195,202
27117,1056
56253,699
64504,2763
18169,235
22383,227
72357,744
2381,8469
26252,10477
1142,4778
60378,375
78020,951
39380,40
81102,333
12168,1026
10041,52
27214,863
27311,1062
52397,72
64234,262
24425,354
2831,350
57244,485
49216,572
81183,198
48141,112
26013,73
52164,198
76705,2596
9208,112
94069,14506
72205,1841
77482,3748
79089,163
70310,7877
80338,1723
57053,106
57519,154
2B193,595
19005,4081
63263,3609
2298,1436
43015,48
59351,525
77063,1235
68033,469
14430,136
30167,792
24483,143
59054,1045
50391,2605
29116,158
61323,129
50603,787
15112,90
16014,145
80673,181
37003,12937
91386,16433
25372,281
80122,493
3208,432
59509,5956
2269,148
37098,698
41025,1343
57335,213
2B248,52
35253,4203
27290,1220
16206,2088
82113,1273
38415,1505
45065,217
67092,642
25501,38
69153,1412
46303,145
3008,378
95555,21336
66199,105
30160,259
35199,293
72035,1972
62300,2619
33159,1662
79216,2252
55266,57
67127,1479
38468,4606
38008,35
27486,656
53133,719
40273,6238
88328,547
14318,773
61120,77
67162,358
45102,364
39466,116
89053,434
21256,305
57423,66
4138,274
77019,359
35340,1350
41119,359
76753,1245
42322,1140
12296,529
87092,499
53150,923
14171,153
2456,311
68119,772
54305,2355
60644,1875
68345,808
21678,188
2A209,2044
36130,106
8449,702
77146,2018
39219,651
67261,2324
9117,104
2830,927
33165,3543
22110,575
52183,36
76662,112
14710,112
3175,291
29095,1571
41157,1518
80166,705
23150,150
7110,1811
33533,2881
60460,213
33170,746
76608,2020
24069,379
95394,9983
58178,153
47175,2342
8251,61
14209,510
33331,455
53147,12883
33208,1007
29213,1897
84006,68
40293,1093
40175,467
63020,373
8279,61
80781,233
62487,1242
73281,821
26106,1240
2718,112
2B302,102
23137,521
16380,431
35140,593
71193,482
46037,93
2614,290
49367,5771
27545,122
21132,374
54426,472
63396,1164
5080,75
43150,576
8297,300
33098,510
25457,113
29287,991
50182,302
40190,395
61365,441
60602,53
60067,996
68005,1580
66099,311
60570,1637
60701,1341
81124,2464
74101,819
27229,49360
29137,2130
38252,352
88349,1569
78010,1390
60688,130
33323,981
59631,2081
54541,158
22271,376
67116,574
23087,509
67153,383
64252,867
80495,521
23075,1096
58007,343
26368,443
53206,231
1046,889
71526,331
22055,7041
6119,98
73008,32406
26068,200
44165,2423
58271,189
78571,4965
45004,13582
59137,781
77163,395
52197,1296
66007,130
56050,892
79276,1062
18220,362
80719,47
45088,278
77467,208
54422,65
52038,62
17360,3412
59010,258
33370,582
21152,81
63302,3311
53132,269
22188,1123
71376,272
77341,369
58157,294
76532,747
16249,342
86086,919
41260,430
71057,128
3307,239
64213,2155
18028,1168
22232,2155
57101,1179
68305,1443
39246,436
54321,2377
79080,2656
9018,92
51473,91
21403,75
72015,111
60568,349
31234,463
14288,951
64001,202
87100,249
39053,218
21162,483
88383,7388
49328,26241
70116,596
5118,1354
19244,76
73058,1202
70480,159
52425,180
30075,4408
46173,856
17474,743
39532,34
27118,670
66228,1360
26250,3681
53196,349
21003,1718
47104,271
10401,2225
88073,198
2B202,22
1229,1257
71273,278
17230,3180
23173,139
70082,124
49194,5761
42176,2120
28045,226
7035,633
72310,2007
4190,120
53059,412
80823,121
60161,71
70563,519
52269,7421
71096,198
68270,3905
71505,80
35206,8359
68224,104978
21280,162
2466,125
70253,294
31544,228
18179,966
60598,1079
9022,238
59102,436
65045,267
42070,941
69094,6472
11055,250
30180,556
31181,2603
82116,199
62024,973
13005,47529
24544,414
76369,545
15205,105
74250,7865
5178,540
24147,1127
47239,855
80364,695
70366,124
46151,116
62165,223
62284,1706
34034,43
25410,1303
17485,1108
2A154,100
10102,162
22111,394
64264,55
41233,862
40067,628
32086,75
19071,235
41026,159
59411,2075
50454,409
37077,4015
18133,1486
31562,118
80045,154
76645,159
61262,126
14381,58
3189,692
22050,14764
41010,971
21592,234
52419,117
25328,773
65346,148
91508,261
59341,432
54416,172
88382,63
72189,2039
47284,288
23088,113
3270,140
49068,1829
14536,2527
87096,842
56224,396
42025,195
27327,220
62459,247
53151,1053
80266,282
19046,114
60334,827
83132,2504
19274,4322
25109,326
54103,217
39388,199
14759,274
58196,353
32076,596
39518,71
42224,2921
57288,2888
81145,4939
16340,1023
25544,195
47291,643
2A323,414
15116,131
73243,1721
19146,2281
18152,111
88295,234
26124,5468
73285,2459
27603,333
60612,15157
42059,5543
55446,83
38246,1179
38063,430
35133,4609
67536,177
19195,377
76075,440
51416,505
84086,1285
86006,550
86137,6839
81085,48
82091,126
30273,1531
50565,2778
21072,209
46233,107
16199,3255
89314,180
69167,585
12064,243
68293,75
74157,1780
34060,454
2133,410
8360,187
32416,358
34328,1149
14320,286
65104,311
33548,1325
7158,107
54279,1051
88509,101
8334,42
88380,210
41004,266
24479,1166
77094,291
27002,478
10289,960
39202,142
64531,47
76200,544
28030,279
52163,382
16174,560
61012,196
86064,596
74195,422
67276,1959
71192,1750
51582,619
71356,946
21205,221
65222,133
9310,38
89405,462
61459,295
7053,547
55236,930
88265,23
69033,2989
53142,280
88130,234
35173,7541
17164,2330
8198,503
67209,273
45113,261
53198,227
2096,187
79032,750
62338,2947
14084,398
88037,843
22046,6556
62481,140
78329,805
72283,337
44151,7013
2146,88
76349,1870
26241,148
76736,267
57316,742
57584,618
79117,667
62686,349
57167,376
56085,104
2317,194
10230,654
89307,752
86288,658
68362,780
12103,286
88426,1306
85162,2036
55093,264
80168,1035
67395,388
58191,107
39101,1460
31190,248
60430,1035
57738,347
8306,51
30326,2083
11321,85
77175,3321
38410,1486
58006,240
64065,4658
14200,2261
87190,890
14534,415
47262,424
65099,152
57507,279
80148,397
21605,2151
54080,1013
59208,302
3152,226
10388,43
87056,242
30288,1312
80774,288
24357,332
29159,917
25207,630
33224,102
64367,891
9203,164
28304,451
38037,1007
16285,395
77242,547
59512,98286
79242,1129
10087,45
25595,95
31485,133
51349,186
58203,64
53179,359
61148,286
4202,131
24281,178
60002,879
19086,323
57047,1016
73023,676
42268,811
31161,1468
44027,2605
10182,102
55426,361
64358,273
6127,1337
22243,559
38316,6302
2587,353
51282,1907
68040,1986
81264,84
42101,128
57495,115
54299,231
64099,96
2174,859
54166,29
40029,328
55153,187
26263,107
66143,99
12278,188
24145,1743
45301,390
2138,175
64166,170
61394,831
80795,461
51121,252
32031,170
67098,1472
73270,4217
8256,92
42047,311
22060,648
76048,280
46045,1136
40168,2698
14619,124
10375,341
14738,4059
90014,484
95483,504
72352,139
80535,144
65208,22
2689,41
39307,326
87157,865
25159,1232
38397,7165
90032,3519
8106,72
85084,6851
54002,240
73234,190
8305,211
7088,123
92048,46334
91657,31466
45210,725
64139,962
63248,867
21466,39
34256,2148
62195,1595
40181,1086
38285,143
79042,169
62890,183
21054,20352
26162,884
21263,1708
62621,1756
76296,2548
1111,134
88257,184
77052,384
34008,618
79289,1384
68049,424
51338,617
89079,651
51509,293
23062,554
60158,249
86065,1034
59462,4847
43002,1498
38564,246
27330,122
73088,137
69287,6984
71382,697
32107,6473
21459,228
62127,367
8250,190
19216,234
52525,58
50298,648
80156,370
48123,165
53078,869
4073,399
3009,146
27184,121
1022,1139
56007,14207
45158,340
32283,280
1157,2533
18107,115
57366,142
65476,70
66162,698
31536,245
13083,4261
52348,601
76552,7004
77067,11222
65436,296
77393,2860
83040,78
21371,803
59255,571
2625,146
68016,947
2035,273
2B229,334
66138,1927
70416,197
90083,147
74057,1208
26021,151
9241,379
58244,221
62569,655
65430,49
10384,194
88137,85
9106,360
78558,350
14570,2439
76492,452
51080,191
38565,9922
25343,167
2051,380
45333,2047
7150,541
2241,87
34292,357
21211,127
36062,476
24134,854
32224,220
83013,227
47258,305
11316,219
83128,787
42045,39
78372,16756
89383,107
57563,330
88214,72
26010,4169
2B224,652
17463,1279
86299,566
2159,313
87159,362
64334,210
83068,4587
33019,9596
80372,121
88226,128
68380,431
91645,15057
32034,63
26268,118
59130,1169
62700,213
51507,4146
3081,327
31098,1142
29205,1157
51150,85
64560,169
39491,2130
2691,52813
35164,749
95127,70906
52322,130
77033,221
67154,3490
47003,482
35117,1613
42293,1141
18151,316
14498,234
57601,1334
80253,5751
21150,261
71287,301
72212,697
16036,290
63142,248
52357,168
60468,301
54227,1380
59066,163
35230,394
8222,1794
65266,35
81061,210
17174,872
53108,557
60203,412
88267,461
69043,9382
60142,3084
6101,165
64263,136
21336,668
72195,1841
71278,166
52264,69
60165,554
14342,3543
42156,1344
19148,1567
91568,1543
11420,140
53082,631
35051,18761
24094,442
94011,18270
71329,424
56161,3175
36222,227
40178,715
76446,1278
52315,320
39479,245
71102,681
37054,3499
68191,746
65421,37
9187,352
47097,1015
35264,2022
59134,1209
41172,226
10124,275
2B338,25
43210,228
51299,975
89264,719
58189,464
82074,130
17213,165
34091,60
67179,671
88004,140
62785,929
76298,454
76547,800
69290,49229
65465,315
60320,250
62841,2374
39585,25
30132,4783
25079,461
12145,22044
70129,142
2294,208
77099,3149
8036,93
76010,382
11152,139
53237,440
21666,97
36242,101
74286,939
33121,196
30239,525
66192,102
9107,657
47157,17328
11045,151
59204,479
2347,425
40307,1179
12227,188
22148,249
63161,317
72361,511
2A197,96
62238,83
58267,650
91115,3788
39385,536
31551,601
29267,703
95493,152
43030,464
78007,1075
60359,203
2A349,908
2329,404
46219,347
1346,843
48119,267
76350,399
58082,275
17102,1265
44173,2100
36003,884
39085,91
57602,2327
54452,73
8246,72
57271,680
10234,255
64312,301
37169,872
17107,1583
11151,560
65181,173
70239,205
10154,70
31402,916
89064,51
85157,843
55115,47
61415,320
62709,253
65157,28
27295,452
62097,1003
80215,214
72230,1037
58216,134
86175,302
14737,520
57166,97
29126,210
38205,2751
26172,685
70447,2398
63084,1729
2B039,183
36056,969
25608,179
2318,1355
31208,302
10043,111
32146,295
5029,964
33397,4915
30049,359
71237,515
10040,160
38315,3602
8410,174
14709,341
89163,559
24066,224
72316,713
24314,
52187,153
21549,83
38056,93
41295,8064
44152,3063
56153,2929
4240,257
60506,648
24162,401
54346,256
45286,9562
26305,1091
80142,341
4136,345
83084,596
65373,177
36078,349
78567,942
39248,41
32134,369
23119,45
61308,195
50076,3487
62372,155
31039,90
77133,223
7133,283
55261,129
77523,272
18071,35
5183,1433
16422,818
31450,573
27261,444
73298,945
57499,1364
47290,567
69031,1382
44107,2017
57146,824
62879,218
74080,1623
58223,628
8332,33
19041,437
85080,1779
54469,465
38485,11739
58049,89
66091,62
88305,171
4032,139
24319,444
88092,586
50491,416
68094,906
7212,212
80085,40
14609,504
2B187,123
27500,1648
76111,641
72126,286
86087,183
57616,3554
64281,142
76151,244
64021,727
64251,227
24392,536
12009,47
57081,115
42195,997
12208,7941
1090,373
34344,8440
76623,119
16381,164
34306,246
16171,653
24022,202
73142,813
34324,4432
31195,28
82033,14343
53107,2440
85078,733
1398,1469
25493,933
2237,1472
73024,724
40068,624
45027,419
65101,752
64225,624
66148,4018
8090,2680
77342,126
80620,7090
9229,495
56078,12338
69053,533
52360,168
59241,505
76067,663
80040,170
76726,328
62089,410
68209,853
89418,4261
25490,367
52297,279
54054,1561
5009,102
88043,122
29119,1551
8167,72
2752,282
61035,258
81101,1302
52306,452
87155,170
50483,1030
60629,196
85140,1485
10022,196
26058,19992
60438,185
76375,282
51235,247
81174,614
57372,1359
57361,599
9294,94
1426,2488
18052,984
80171,548
77222,4448
31235,59
80018,253
8422,139
7120,70
81255,516
55256,143
78413,381
32001,720
52321,183
67068,281
62669,298
28226,941
29150,6749
17298,964
62733,285
23015,804
18039,296
78650,15554
33317,1184
60548,604
33485,1883
59272,4887
47028,812
5136,718
66136,121616
16065,591
10058,217
10433,245
54256,324
60514,251
2B033,46867
14630,784
55310,115
30187,317
60049,100
30317,1819
2737,543
27451,298
88089,547
68008,586
51379,569
33022,3140
88298,58
10023,211
72137,2174
71121,322
84101,437
91093,624
2A061,117
38448,1478
82071,36
18249,403
91374,237
78362,22332
57724,2884
71502,1612
83018,3125
52017,671
25589,74
51454,177674
14079,1621
71464,176
82062,1471
11063,618
68201,3594
34327,7262
4065,655
77180,1248
91081,690
50519,606
12269,124
49011,405
61422,625
63024,158
21388,607
76148,302
57748,736
51579,169
95491,8518
70453,80
2707,179
16055,825
54105,538
66224,3335
64233,1360
30147,1561
43035,92
21647,124
52217,83
88192,108
17206,283
24002,1765
71206,258
32129,119
2775,923
61357,174
8339,303
2B217,50
1293,153
57272,95
67223,1288
54555,83
39420,209
77007,361
32367,64
70418,520
65200,99
52534,1469
54148,626
72227,33
79295,729
39091,80
58071,136
25013,234
57127,147
28058,362
62905,1084
26338,1882
8111,774
25415,363
11436,386
57095,561
45302,17316
80489,5680
69265,828
43036,403
39560,585
22257,417
84095,865
17010,4240
13112,8941
14297,635
7167,1031
16054,175
2613,605
56239,1679
68330,360
70065,75
56225,210
43070,176
38188,1424
80481,463
50234,63
1364,762
34225,3078
45178,1392
19020,114
69116,4012
54455,157
77486,872
46054,371
42065,1468
48003,265
31140,209
35162,3346
29185,3554
36117,401
80546,604
7349,4854
94078,36221
52390,62
35060,1050
83056,2762
61234,1062
32368,541
60312,113
15094,785
69121,3182
62339,109
43109,86
29051,8606
91225,3105
72369,584
2218,649
76249,880
76345,274
56075,6208
32252,1129
73304,1567
72095,8121
74200,3256
24377,152
9030,561
38521,66
32160,9537
74014,1764
68208,636
55369,809
65431,97
76005,3265
16121,438
35201,927
15221,1395
73131,298
31352,210
70174,150
9034,51
71566,1811
45038,411
23205,144
6109,921
24478,188
45118,321
18194,950
62193,67571
63050,3412
76528,583
77127,2005
27474,1127
10213,164
32052,129
80015,66
25441,68
9213,232
60228,473
40185,342
7249,104
30261,284
2584,114
23018,221
35016,2210
27340,704
5135,65
69131,3546
36191,497
24322,29055
22044,1869
62534,3579
25435,179
63404,553
71095,419
39555,223
23243,146
38376,847
66157,23
62288,2181
59520,1431
58254,565
2813,262
11130,238
76320,292
61304,276
52486,62
45001,188
7259,1577
68257,987
7174,516
66184,49
25295,334
31374,1032
70061,83
70553,117
35150,3530
57214,397
55326,107
63219,719
17166,1308
22042,489
91399,184
11189,122
56238,376
32281,106
67256,3457
79313,620
54276,785
70158,109
47192,76
25599,248
60397,66
54477,162
35047,19683
37067,1907
62401,4396
55096,110
8074,58
44179,5523
50423,230
26166,6614
24195,106
16378,593
60411,765
22352,282
73145,466
54307,146
31315,969
28202,318
53019,119
10262,376
73179,12067
11184,90
65293,95
1389,1963
79281,1319
38348,4805
24060,62
14402,92
40132,1430
62867,259
38134,920
64387,604
63365,459
60197,987
60174,225
4218,206
10373,381
2B273,41
46159,247
50451,140
22277,2317
80172,546
28061,3230
82026,641
37184,305
2734,257
2445,266
60527,140
2B366,104
35326,2592
14344,382
66041,973
76374,1121
71360,1898
55150,508
65381,33
11223,22
33550,42545
81143,764
70038,314
68036,2499
70225,97
30131,1125
25492,97
65171,30
65167,25
45256,257
79176,846
84126,769
95607,27593
79205,
27627,285
25537,286
2257,424
21147,33
67480,1793
41043,1700
27553,421
71451,91
32350,42
46200,292
5157,160
52519,49
51659,45
37069,227
8463,53
80280,132
25461,300
71571,423
35088,3567
80498,628
61508,2978
21033,175
59601,2604
29131,487
62727,1478
60600,654
10060,3219
24311,3057
2085,991
84002,1064
76023,291
21544,53
39086,235
62208,66
61358,230
2039,176
65453,75
70306,482
50429,730
57546,772
26225,701
16127,100
6159,5008
67006,229
51357,636
28007,2721
35362,1202
34067,1605
85097,3225
32190,528
46125,345
67249,220
13035,7119
28196,3210
31420,2786
13118,3825
26258,827
55442,236
26111,96
70122,1585
80051,253
64141,382
57100,173
80039,1346
38265,1711
2745,110
32221,216
88261,628
48168,184
95523,399
55456,224
52514,306
70135,32
11059,154
17060,230
82073,976
52438,116
52205,673
19115,290
10178,251
64274,364
76370,406
55252,144
75108,35317
32381,381
25110,1032
32424,256
35290,618
91243,2350
13012,585
63053,267
59046,845
81206,602
31487,218
45195,570
74025,1472
62906,1820
51376,161
5101,1138
56168,2285
63240,465
33418,382
58165,177
3067,130
14740,1179
62189,132
35207,6269
72075,998
64119,698
57238,191
32223,56
59560,13261
64433,330
24164,1201
76488,540
57526,385
76312,5723
3108,364
7244,255
51367,988
29167,2024
23160,258
35294,2247
38363,923
47141,284
30046,991
22268,595
80360,2045
22325,3224
51658,103
71172,88
90098,257
3161,900
87160,484
21491,77
31107,5563
18245,472
33552,1124
76387,386
57668,1258
85112,2802
40184,7673
89482,106
64401,81
67290,927
33095,1429
42044,12314
78238,2447
74095,325
10222,423
54220,74
81009,61
10004,208
27023,710
76122,499
39007,149
38429,285
25012,172
83083,1453
33097,2415
77300,669
81156,3518
36185,355
60654,254
32312,648
51527,248
22335,235
78071,597
65390,435
84083,2569
65482,424
87203,1313
41265,309
19284,85
17064,3058
27663,171
84109,168
88341,486
72136,307
50563,284
93059,
1354,14432
54086,359
21258,203
10177,165
44038,3070
89344,1439
27386,1272
51395,89
80225,186
71519,182
1007,2841
17433,229
78407,659
67494,566
10351,342
18252,294
69188,900
50498,822
25499,116
41149,3646
81220,5867
58061,128
33432,224
87120,531
72354,165
25108,319
21493,577
64423,184
39274,287
36188,171
4001,1399
19062,1171
62264,1311
50452,652
21076,880
10423,405
28359,4058
2540,1189
77345,656
11180,66
17325,499
89136,861
38567,453
62847,1978
57084,300
56140,3704
95157,137
57009,102
62451,482
2B201,198
1037,311
71148,838
25383,308
21609,494
66057,527
38185,156140
70290,190
26094,934
29020,5816
52204,59
56054,4008
57478,81
59546,1144
81157,311
91552,11623
23008,3018
80385,465
2A272,3742
34152,674
65415,268
10173,505
66027,713
79105,445
61129,350
47147,674
48053,187
60021,498
64205,237
51386,150
42071,6845
33102,363
81050,362
80668,164
78283,300
93033,7320
14589,966
41031,2715
71151,79
52246,594
91044,4904
47025,551
2B219,81
25202,291
87112,644
15254,121
10271,604
57309,487
23226,163
16272,582
62316,224
2B020,588
25111,366
64006,471
10037,412
62271,826
39192,73
42121,173
1272,1565
67182,1822
38454,2127
21615,247
89187,83
8293,133
17179,1740
80676,152
93050,39800
54084,965
74298,10949
64452,261
67423,604
39047,494
22103,991
71396,496
54178,192
65323,67
62276,5867
76459,323
80646,79
12163,204
54449,1057
42161,571
42327,666
81105,13129
69172,815
21716,150
89074,2128
25041,370
54121,201
60584,4638
87033,782
65269,161
61480,227
57413,3572
88199,77
27339,827
62126,9189
89182,183
42197,1065
47024,1712
67247,1022
57665,1043
54094,171
25156,1174
46020,238
1400,134
71050,344
32083,1041
40248,1945
50192,131
80342,443
57711,381
47250,177
87142,545
2505,209
63032,10728
35114,268
76396,346
62783,325
74032,1450
54246,66
34246,2200
24045,251
2387,999
52500,596
48187,83
14001,1166
75118,183127
70510,138
70077,223
71358,101
62435,106
46023,504
47193,195
32014,132
77382,5547
28275,687
21662,33
70226,306
30311,1988
5154,150
33133,74
60435,506
89211,61
92072,22303
50444,2525
35355,1286
61464,4168
69279,6144
67180,36391
13003,2852
74131,2262
62745,173
19107,1645
79145,378
77363,1530
57556,3016
63237,406
63204,1151
70319,137
35193,2080
25362,300
89284,178
86097,334
62445,828
2305,2836
57199,693
52480,326
17427,211
17134,442
32425,1197
37079,1819
25042,251
34257,202
45023,108
74138,1504
86233,2715
36236,330
80333,1363
21042,154
45251,282
95500,31970
2338,236
2774,123
60179,159
50240,567
3169,303
22136,9987
53002,610
1375,796
55145,613
57491,7311
17308,2780
32461,124
55053,349
55217,117
59538,410
38424,180
59283,599
39225,186
24396,1580
86026,559
4172,725
62415,465
87193,59
65066,40
3055,938
9082,458
57241,159
14328,1354
15155,81
62854,607
67017,304
87081,1109
14446,86
59456,6092
57385,1255
71460,505
76527,445
77023,387
6032,4482
31416,723
80702,1409
35214,657
25467,2195
63181,553
18174,291
95675,1766
22074,658
11135,13
33333,3465
62907,7973
41188,113
19094,1153
27110,628
57360,1224
38337,6549
25194,116
55376,73
68302,748
5131,75
79135,884
88082,737
24223,2931
3200,1475
60604,262
74013,2495
19189,41
38009,1031
79189,1684
57392,516
51503,100
3039,386
89204,666
26085,2917
57045,114
2666,917
10082,232
17448,1188
67200,1029
72056,1282
25451,177
70540,78
51417,365
38442,1003
26078,965
68172,1822
51611,281
12050,451
59286,15074
65372,671
94077,21000
67317,646
59240,131
48152,253
55065,118
45271,962
51130,232
49302,439
62004,7873
83115,14118
54112,729
71048,168
53187,232
17316,388
2184,329
90053,2947
47197,256
56241,1036
2465,530
85013,1555
68034,300
68035,331
16321,44
49140,1453
61292,667
58036,410
2684,3199
10044,31
72307,237
57134,1880
82097,1579
67277,768
21524,93
3187,590
61297,710
17019,1314
17156,112
17236,1520
31024,480
23084,143
81223,63
37193,1139
33500,474
8121,134
87109,367
33389,3175
80803,288
60211,598
70303,152
64070,353
18203,95
29266,3148
59334,1608
54286,1554
33223,217
60405,1117
81187,217
51480,135
21514,90
39575,94
51635,109
40046,15836
50315,257
73140,289
86222,4385
42060,560
31142,235
66114,1586
31443,309
8496,106
50138,569
46122,90
35149,1841
88319,3134
81287,256
39083,333
21222,124
22314,399
10276,343
11408,456
13078,8573
3031,296
76304,404
15006,727
86226,2880
41048,230
77187,576
24473,346
73258,698
68318,2487
87022,119
80428,137
40078,402
29238,855
76517,3103
18144,456
42267,1686
57255,572
88247,1133
29292,311
72141,879
59359,5952
3284,291
21670,303
21665,151
12107,322
77081,739
19261,776
68001,1112
59186,94
74091,349
33198,1631
40191,594
59084,2008
29115,321
61333,192
27259,89
61209,382
41051,1100
89148,265
11373,70
60188,2042
5123,1685
54447,68
47144,554
63354,1192
79158,119
68011,1262
21157,24
43173,83
27126,1085
15134,842
49067,336
26073,246
92009,28909
2509,157
21407,250
11028,365
7279,1978
18146,292
39166,213
79208,1105
38399,4843
3096,94
32467,148
58263,165
58291,165
52311,220
16359,1011
23051,79
56058,3499
81046,1547
57302,235
42236,548
27053,196
10248,386
2308,519
76125,1611
54502,254
22070,7111
69220,2017
57628,4364
7141,236
35339,634
62334,850
56092,852
39386,87
60207,283
22187,14425
67013,268
85189,2213
18044,393
70516,226
61002,638
44192,2929
21505,719
86123,3024
2570,169
14325,3323
70535,161
1197,387
76534,1209
9065,246
56099,403
40157,1719
57704,659
62829,422
50364,725
10391,329
26165,9329
63221,113
26057,9921
59238,1685
33345,393
76178,4795
62275,296
70571,36
67028,5973
54405,518
25197,630
9252,83
15074,728
57277,141
21204,85
32193,237
32290,1171
12122,119
62358,233
39221,33
32145,45
31183,311
51351,108
58037,603
76485,285
61208,603
24335,2520
36102,105
37213,1067
63065,174
12060,121
14298,129
26292,195
59133,1105
11296,599
65258,5811
79209,318
31493,127
90102,717
65088,42
37018,8477
24100,541
15245,244
72338,797
62380,360
21254,200
71472,201
7058,989
14043,67
21202,140
17226,991
33030,2058
73282,1107
68169,505
25348,625
90048,135
77234,647
86225,1281
80793,2263
89445,52
89244,84
27233,701
52474,32
33351,1628
26020,244
41278,256
94079,33162
17473,130
80579,789
71269,1885
10042,193
25299,108
41087,342
86119,309
13052,2775
40287,4741
95611,53
55017,109
60436,84
27533,495
89246,332
76695,272
26336,590
88364,146
68333,325
8429,529
46235,175
51186,49
57631,20143
35121,2145
70469,208
72125,296
2364,244
57480,21718
25136,529
4242,4360
45229,2559
59624,2117
41211,2710
69019,14016
80414,115
15075,70
4234,236
62586,443
50481,926
48117,130
16198,741
33325,924
64542,71
21561,463
36214,291
21354,55
12078,163
9257,649
38027,2016
7066,3183
13117,36758
13088,5246
4012,90
76603,476
62354,893
47253,658
4047,750
72150,1267
62132,5093
77303,235
86012,129
41139,1013
28312,136
71176,7353
70008,149
65006,294
49193,3920
16120,1516
25386,127
89003,2709
2356,227
38130,4873
52291,59
54551,64
72120,223
66047,23
31189,214
19136,2389
49176,5390
71276,140
52494,213
18265,785
50297,993
57340,1339
44022,2884
77110,291
59017,26998
66020,816
68226,4738
23115,236
38396,830
25050,512
70478,874
24491,538
39055,60
65016,189
43041,4244
24056,246
14445,81
2B244,41
21494,80
17424,386
50618,216
46092,224
27632,586
88264,66
1298,159
2326,483
35119,938
66128,28
8424,132
60036,404
58114,94
52006,348
87050,10195
10372,420
72103,623
78437,689
90079,315
57673,52
35023,4662
5077,307
26175,231
8191,1055
64060,2045
39331,902
71161,345
59501,1261
66145,3101
82093,678
51510,118
15014,26214
54418,183
54337,122
35108,1028
14242,2093
38198,1135
44087,7689
63369,117
70533,108
39286,2351
1344,6160
67174,1113
31308,46
26231,2613
22364,2865
68282,273
11355,403
45262,135
7267,269
72166,286
18185,207
24037,27110
77525,381
42039,457
21591,901
21421,236
27245,292
1151,1129
67059,378
56094,7204
82107,51
63101,71
70017,224
34052,3514
36209,261
12217,734
25133,2042
60699,158
88451,2205
47189,137
81071,80
54017,75
14024,609
30174,1397
91247,492
21382,197
68097,1288
2165,1568
8304,76
3017,185
27137,218
16264,313
59160,4532
5012,648
30116,1047
39193,1036
65165,165
42159,1585
1169,701
61362,518
58120,233
72341,597
45134,1459
51020,50
74105,6796
88352,187
55247,45
72022,1217
81234,81
52201,72
62373,982
70031,631
86116,793
55196,129
81031,907
65401,568
79293,1105
18096,2046
33414,392
7129,2327
47181,271
49358,566
65379,13
8392,176
16280,2015
46189,484
37234,484
60072,308
11149,71
29298,573
15251,118
28336,94
24404,180
51476,768
32431,42
21560,267
51479,244
95051,9849
25446,191
57767,1515
62753,6459
66232,29
59505,741
61146,380
68163,5834
46095,963
57377,239
3257,776
34082,2001
14586,148
50184,1639
76231,15474
18020,845
65137,99
10192,128
36180,811
83121,4019
18024,105
12260,188
18009,280
25454,2156
65153,104
41007,753
31348,37
66054,65
86184,961
10200,94
63449,327
43186,410
1077,184
44197,1658
61265,156
17293,747
70259,359
89466,384
55276,226
41044,1132
51521,231
54474,184
46206,121
52027,73
14457,130
60578,1060
45276,508
4159,88
36044,42963
64412,81
82101,1253
69260,5210
2A279,113
8116,1037
12267,562
16176,318
12001,1116
59129,2257
41229,1473
30206,4348
89315,157
14251,576
65318,237
80439,165
55204,293
9058,206
59061,272
47319,109
71175,371
55436,27
24355,448
7328,636
73208,1071
86118,366
81002,2505
28229,10629
42009,532
69026,533
71410,825
49064,411
69141,6282
62865,4849
50168,2784
51075,1477
70329,68
81135,91
70387,646
72249,823
22163,671
81139,1673
38020,189
41102,365
32437,203
43213,2358
52012,28
85227,1917
81063,1603
86106,106
7156,889
60041,2330
72342,164
7316,2341
51167,157
21455,204
95144,68
44155,3500
19093,943
33084,1897
70309,460
49214,7808
2066,191
89337,1024
76626,408
22380,682
81090,244
70358,264
39189,2587
65192,340
67524,515
68383,321
22300,425
2005,417
31344,736
39250,193
32308,96
2B182,235
71574,875
76321,1725
25347,
25471,142
17451,550
8369,130
55386,219
29209,3968
88400,259
26372,42
35192,237
17048,345
61438,153
34244,3623
52061,293
56155,2085
73096,1056
63324,211
54192,361
8322,321
1416,1030
32427,58
64393,4446
62862,146
11145,4246
7113,328
86074,922
82181,210
66085,435
50188,1119
60037,508
2243,3049
42253,1170
18171,239
55281,84
81292,552
71255,173
58302,901
44028,4051
34312,1350
64012,131
38010,719
22028,845
29022,2494
77312,2669
82140,450
64188,1043
60563,638
76315,1048
32035,255
2362,238
51116,298
79243,273
21694,22
2696,71
17329,400
66062,182
65140,34
80523,1285
85006,2108
12104,454
65376,201
3298,3549
16138,3861
58095,4932
37157,309
62140,490
57598,1981
27576,628
22169,191
62633,251
16348,1284
22204,1229
32262,394
22168,7336
25336,558
66101,2199
51518,605
84025,1686
31087,311
39517,543
45060,761
48179,115
39317,350
23111,234
19111,103
89475,112
68350,479
81290,175
41166,392
77083,27451
37035,281
10294,56
84080,13301
32017,131
64391,284
61483,2699
14652,72
31457,801
64104,568
88097,41
60192,215
16234,662
79095,562
14576,502
45342,407
38271,910
11120,522
18158,850
80016,9521
16224,730
3283,1027
2B344,42
32256,3457
51310,204
25150,296
88169,222
56076,1411
54031,264
1073,1064
80777,132
21169,170
95212,156
24291,2762
63223,547
6158,780
45316,767
55133,79
1043,5198
61352,182
26220,6816
72243,1607
89437,288
1155,142
55109,224
86093,162
25426,324
8310,78
25161,23
10321,3692
63286,274
88259,288
9296,160
89336,273
70548,134
57204,532
67048,462
56127,3163
60288,478
22387,1299
70233,126
10167,86
45261,1441
62355,604
57307,251
32059,106
58062,1770
21134,248
76748,642
16158,308
77373,39096
28415,1780
61350,164
58127,187
15200,157
45250,239
83063,1862
9077,191
44103,7282
4109,327
28353,411
46165,489
2575,1587
2B343,1874
24442,2080
47183,226
66126,364
58101,180
70568,58
40275,625
62817,1616
27488,208
24055,785
82163,54
67420,1228
17022,977
71336,3214
50436,1243
71426,511
2A114,1772
14050,193
30082,4386
22020,2943
7293,1034
52105,285
61061,1455
25331,232
82121,62945
86294,3697
70013,80
37273,5606
10204,137
60486,576
87037,263
55580,47
76523,172
65466,80
28293,1171
31359,61
29014,425
10065,91
22146,443
11311,262
62712,1123
3321,12897
51645,105
22063,551
71586,261
67335,945
18045,388
33484,1878
5133,1494
3217,738
31371,400
72073,1173
43096,875
60248,210
56166,5755
62448,1891
29241,7550
47303,224
43010,1219
17258,321
63208,340
62083,7331
2328,535
68117,856
28330,1283
50464,590
68238,985
62475,238
5176,289
44116,3045
62899,835
21251,315
18149,533
2772,142
47084,255
15001,773
49036,785
22131,840
62868,261
16086,836
95566,2689
72077,421
85291,1275
70143,109
63450,225
62662,867
17198,320
51005,166
90054,569
72219,756
70555,167
76136,663
84058,468
21171,11108
77203,1352
10138,126
84147,3398
35225,790
59326,1164
71216,194
76503,1276
2770,763
62182,237
6066,1627
9103,980
2428,65
77366,291
59270,473
21184,66
59522,1923
34123,14055
53109,629
80026,31
26257,431
50205,301
17280,823
54156,460
31198,129
29047,1896
1041,774
70154,372
59006,619
45012,179
51224,165
66056,1213
59294,307
89409,66
79336,222
58308,59
21103,2425
27478,953
41077,115
19010,2881
60272,626
22278,44364
26067,59
51647,863
71134,660
93051,72978
65411,69
71567,222
13210,60317
88016,200
55218,40
76130,260
89171,298
2B340,101
62672,675
62088,354
40233,3134
23074,186
69218,1056
29196,2268
79337,860
59148,357
9145,250
55167,585
55138,122
58243,114
33156,273
16222,341
81196,828
55387,243
62772,521
64047,237
67321,333
67491,243
58075,216
61303,533
49261,8429
49009,441
88117,74
3126,1186
40246,1213
10024,167
50087,2165
70298,129
35284,2847
57453,297
64048,131
51465,160
39344,332
33137,227
72276,1927
85101,535
26122,193
74174,619
71238,992
40235,693
74150,1768
68029,1039
8362,7444
71485,253
29281,1002
55378,242
51526,377
94021,19826
59422,620
57384,579
38273,476
26103,496
74162,1082
37274,303
32105,387
95539,15063
65022,116
2371,1569
80207,305
32104,164
9163,82
39561,397
14607,148
26206,2960
71314,196
63063,8953
25022,1489
2A004,76320
82104,178
25089,107
28404,12310
50324,107
8210,110
12154,663
76302,2818
9237,27
64311,145
40259,409
60087,367
28355,290
2B105,90
62351,6087
30032,15692
3035,192
3218,262
82128,111
4004,544
38135,1277
52433,89
39032,348
71559,519
31259,2030
48075,895
62665,216
88516,4780
52337,70
70235,136
65409,271
68020,1630
86204,2139
73300,2909
51472,1015
68299,299
45174,263
27298,322
10367,677
55383,232
60470,887
57713,249
12016,824
10297,5249
71171,296
55127,49
18097,1891
57395,206
6027,53354
72096,1605
14678,659
25349,623
80310,663
40331,2508
13040,10337
83053,2406
74183,2530
52008,799
21294,443
19003,236
11322,1051
64429,102
63276,2104
76074,50
60014,155
59409,2516
81310,143
70559,194
64229,125
38005,971
40151,427
30022,147
44072,7224
31127,3
3129,298
51633,298
14659,1474
2525,544
85192,983
62144,478
6099,1798
69062,800
51079,825
51589,160
7340,1505
2511,317
14681,138
74122,684
18209,430
39402,392
32274,188
80187,699
55363,87
53267,1178
81150,419
19265,333
67322,1079
7274,203
38395,2433
60053,563
70362,118
88138,78
21317,4302
49132,1600
70444,165
64002,156
46105,811
1068,747
72018,93
39454,94
57524,127
86081,1405
79348,203
72121,319
47160,171
50311,220
88177,517
62834,245
55500,823
47095,864
12097,247
3276,107
50072,214
73110,755
22040,532
38508,838
57281,225
14601,178
45156,596
21306,216
57230,192
63327,2110
73315,433
80062,1396
57010,176
89286,817
62232,879
68265,802
91471,16498
81314,528
31553,1136
77220,268
70030,42
33511,354
62512,565
90004,607
17163,510
54419,69
44178,2698
8336,228
8173,1683
57726,390
61199,336
88478,82
57367,208
91679,1031
50447,488
11069,46080
55026,126
21159,97
28264,136
6043,827
11043,226
80417,1640
25462,18067
80205,865
52005,23
66045,723
26016,420
81325,2008
28157,150
7268,979
35309,818
49055,2415
70083,401
71205,678
14277,2055
26378,37
80413,94
92050,97783
65265,357
61369,1023
72379,204
34193,193
60385,641
60209,544
11400,98
38264,143
72331,587
35077,363
77053,19003
1379,756
10402,241
76544,223
50144,531
21684,907
27548,1195
28094,1688
43046,2542
88466,121
31137,168
79088,1679
54298,155
88008,144
45148,1659
37229,238
63160,944
12182,303
70125,171
21410,28
67118,7157
89076,767
43001,170
34280,625
3238,503
80226,270
15052,155
31220,393
39162,243
16241,211
12255,757
60017,1134
47238,1546
2291,408
19144,251
85306,743
85049,1824
9006,57
52336,129
65374,226
60426,239
34290,775
50038,441
77216,1432
8381,806
44062,1890
39356,217
67231,222
71535,493
80019,843
97222,21553
37028,733
43103,112
64074,45
55346,261
32039,122
39557,181
15095,350
9158,252
11334,127
66181,157
68354,936
79096,1222
62306,396
27202,460
49053,340
32019,529
67043,18558
67490,623
68382,375
50034,613
66106,3006
66083,52
66067,716
1099,1632
7318,203
79148,2024
17028,9746
73017,979
31413,545
70409,103
59211,893
89014,615
87075,7995
55012,427
33509,612
85284,4654
4084,469
53193,583
14557,1092
56197,2807
21630,217
55465,97
60132,176
2482,56
95387,62
9230,61
72107,340
71043,85
86126,647
45246,114
7289,1663
45287,
77386,633
76217,28496
64486,79
54200,159
58155,509
63462,270
7154,120
26315,437
24437,1038
38206,1029
68158,522
35310,1565
82006,65
54484,177
14590,136
77380,317
34037,3619
91038,1223
89279,587
19142,132
6131,47
74172,1528
46006,400
41100,175
48054,44
55194,57
15202,716
21339,496
14466,361
78590,511
42179,842
76597,708
6123,32172
85022,1319
71430,387
56211,792
83077,2277
47233,3171
43164,476
51012,70
31269,1682
76710,102
24090,619
21120,197
36047,509
7061,422
40116,271
39035,323
27194,248
72229,444
55264,256
36208,778
29070,520
58162,96
62019,3902
86136,393
54435,374
85231,846
76672,943
21260,152
51420,74
38209,242
80544,184
3271,854
2B180,80
15231,592
6053,147
62795,118
16283,571
78517,27724
10126,124
80228,1958
51149,462
57497,266
31414,86
62444,215
4042,143
33481,234
4111,1410
51319,101
48097,216
77150,476
76428,18
8041,210
28377,1758
36029,214
41070,531
10392,408
51303,549
8190,6364
2B074,384
50431,1062
65429,194
52091,87
50350,543
53204,396
91186,563
63273,1506
32100,157
84030,3479
64519,4418
77391,496
88049,107
19091,313
95253,507
80678,755
23132,370
52380,381
67525,1720
54521,2016
72051,3341
57644,1722
35271,1541
47227,179
8149,129
32288,137
53163,750
8137,423
64282,1267
32141,122
25304,3508
82005,1562
57155,3006
59236,276
60026,562
77136,184
46266,511
10282,1394
60634,438
62681,663
71392,491
63203,1160
23224,71
18223,2546
2053,599
43145,51
80531,106
89170,115
11299,637
14741,139
5036,1234
3236,3579
21413,410
77337,16053
34007,476
8003,1692
54104,262
30111,445
92051,59538
51463,156
63310,171
61348,349
51102,514
79063,2020
56133,1195
84024,946
52421,402
79153,157
4086,295
10029,150
62547,73
21156,48
39513,247
88186,49
83117,1735
76186,507
50353,23
51292,121
69208,2246
10050,193
70004,311
85113,4883
53051,636
32449,293
40162,561
17269,698
25199,341
62737,5948
1232,2264
55117,1406
2464,377
2753,341
2258,378
82088,644
27036,545
16005,1594
23003,144
70166,141
38476,883
27046,141
70421,2949
59080,2861
46191,1122
31426,825
64158,171
16404,106
66121,1383
16096,414
51406,151
60508,3275
39013,3114
63451,430
31409,2449
63379,544
89080,667
85051,8557
17262,1186
84106,2656
7247,871
42262,1827
32352,113
59090,9747
39126,389
45062,1448
80754,380
11393,494
17278,759
65316,108
32401,95
2551,116
42038,743
27018,1004
76573,502
70156,100
19202,2081
14635,191
22294,307
36165,1023
27355,2609
67500,1505
59519,1722
5026,265
2508,140
38030,1790
46262,612
67367,1309
77226,2507
88463,1439
42113,243
81225,1061
17423,65
70164,66
25121,268
74012,37628
60703,921
18170,664
39500,2390
10426,906
33112,133
95409,1261
27697,334
62788,685
62282,178
60167,592
44222,1261
77087,191
80351,250
3188,211
38496,1234
14203,185
16107,558
76278,816
67215,502
42178,918
57549,735
88116,3027
44110,9570
85100,2205
81099,16162
79019,178
45096,530
58279,173
93071,52535
81300,113
64148,847
13106,11995
39325,579
59486,2672
80115,283
32049,78
28239,1024
40230,3021
14748,104
70063,207
66061,95
40089,839
1457,3255
92064,29855
32130,212
62170,2398
43183,103
21415,186
72364,1371
68170,585
6079,21640
45268,596
26148,1904
67222,3995
9273,679
89373,647
76318,763
40314,1359
2B171,33
54303,361
74116,2180
88473,80
87066,1058
14512,71
55380,48
2363,357
21511,137
81245,137
63343,268
2633,62
29293,7148
59391,911
25310,101
89237,493
31533,2364
24365,242
53169,404
8171,93
44170,961
66161,1264
59007,888
2189,359
8159,119
28265,252
25046,79
52146,173
62755,3353
72181,146249
89355,138
91145,72
27535,399
11238,128
50026,79
51534,212
14455,272
71208,212
33040,1308
62848,3445
2656,365
64370,564
27282,652
42055,143
59029,1599
87018,674
73077,568
52522,324
50112,435
53177,297
42186,15242
80624,280
22239,1421
45042,1853
85191,54849
77476,233
73130,2099
64343,690
55028,102
76245,1620
35061,717
23113,288
64297,171
2190,526
17373,2396
52518,103
35098,1424
31054,193
87118,1365
11281,1266
46293,490
59226,1433
35327,4152
38259,999
21464,5235
88099,1376
38098,733
30308,842
59574,11766
86253,548
55433,371
90103,636
60491,1877
85155,5273
24279,61
31094,2963
7311,143
80828,46
55425,128
2451,122
95139,320
76604,179
7240,2416
41230,1829
27146,387
54280,6392
95447,240
51247,127
2A115,151
16157,153
6006,2346
68344,427
30293,324
35260,566
9194,3172
33283,221
28360,921
85103,2221
59018,1594
62531,947
19145,405
26266,22
71388,505
11146,405
15230,195
19009,125
67509,353
57643,201
2272,75
7143,833
86198,735
6120,1289
19153,3721
36070,1301
59463,1007
64200,187
30057,1817
11038,63
73196,784
37140,276
9038,383
18260,86
27440,630
7124,45
54090,4106
38460,425
88183,341
72343,603
64499,4742
8229,150
2599,250
60176,14351
18073,198
31122,94
58009,123
33479,251
94053,4628
38023,203
85261,291
30200,908
43051,2501
7222,214
2188,140
25163,88
31283,248
30270,1508
43056,403
37191,218
64328,1029
7184,499
86246,816
8372,55
57029,213
62317,476
65249,99
60148,399
54224,133
46031,137
29114,342
27239,430
57473,63
14698,392
11022,1115
59579,1405
21521,1015
10286,203
24453,361
51596,338
33245,842
2B234,20
71032,708
62296,237
58241,306
68243,143
23101,387
13094,2489
6139,91
42216,692
77077,1064
81254,385
62263,5683
38095,2518
42272,1712
24573,547
32033,97
31249,1254
67144,333
60377,285
91469,943
76325,446
2435,84
74170,852
10352,1801
10083,360
2B111,54
57664,60
47036,372
22065,1751
36137,351
22178,1306
28148,360
54023,254
87110,2550
78688,10624
55322,59
95028,1904
6161,17548
80529,183
4070,17979
11315,1957
70490,122
55087,93
2279,534
9209,992
39493,247
76596,1496
89063,840
5110,270
7076,2898
11198,1061
24248,283
4236,118
45079,139
25241,129
37083,1905
51632,213
58234,155
15135,112
70121,790
27613,366
63166,257
58158,301
2432,192
33043,329
14160,170
9327,234
77420,3832
45241,536
31363,215
59053,3249
69036,1131
17367,151
88285,421
62691,880
68280,401
35127,4175
16255,143
72008,5445
57702,169
50190,161
31418,1081
89228,1326
95452,903
11441,2662
28163,217
66168,3388
93039,8696
16185,144
57035,115
71568,53
15118,667
3230,523
45046,1147
21331,350
4051,76
38547,7509
85232,1101
76158,305
95563,16138
62029,469
8083,366
12300,11271
42002,175
69389,53567
30186,2212
23251,119
72012,479
30008,1002
33274,3659
34148,4789
10099,534
45245,1125
37009,419
63398,82
65229,55
67450,838
2B134,3231
5037,545
65072,1858
70369,49
53258,895
11239,85
76555,789
62893,6256
4219,247
85040,1100
16215,150
64441,246
70042,93
14362,152
77426,334
33111,1134
21693,71
9035,196
67081,762
37264,1345
43228,92
58093,120
45288,386
92026,82902
3076,212
2180,742
33088,621
39431,323
28015,6419
79355,3566
19162,1270
62408,1439
65131,249
34086,610
64295,103
25127,2900
23034,32
19188,410
54242,283
89469,940
58020,245
67009,373
1249,10395
39130,764
22265,1794
12286,1205
60210,281
76253,841
53035,595
41032,2726
56106,917
80783,79
55045,536
6038,3815
34149,778
76472,701
65029,501
1191,162
71117,1144
51505,550
21470,53
74240,1180
77057,600
9039,331
50126,126
66090,47
2405,503
37056,562
22186,3988
62629,154
85001,2845
51260,74
73011,19978
39128,1606
44132,12800
56195,746
24174,134
46084,313
8103,218
51280,21
27189,405
64107,66
53153,627
22104,563
9171,59
77377,2369
30266,889
71146,274
69207,3124
32402,108
8271,108
60163,392
34230,150
82080,1132
23143,498
21027,1310
62289,682
56207,1197
38391,238
27614,169
19004,725
61332,301
68298,4851
63132,1290
77126,1772
47320,415
67444,112
30044,78
8188,954
78163,373
82081,163
25350,742
53001,1852
50062,100
15147,475
41182,278
33289,1579
79122,531
2B220,164
45016,845
57440,143
73213,9332
2B153,116
29144,751
6035,996
89191,36
21079,122
31567,462
2449,64
62855,245
66094,3228
12015,228
65212,301
81154,76
62106,212
74194,870
65175,38
16303,409
89113,663
1406,186
63141,1914
69130,223
41150,3386
37155,643
38106,339
70214,121
21683,364
71046,102
32207,346
62587,9743
55195,138
61498,97
83142,232
3094,3205
53113,624
57176,1658
11415,113
24152,906
44082,5693
54345,345
8312,168
10379,433
91630,1576
31046,9
80718,1344
5111,288
55254,119
67213,628
59043,14732
48166,282
37194,1759
83140,5207
62589,1022
28323,284
41225,582
32201,337
95211,2243
73254,133
50428,550
62330,1242
74050,712
87091,383
25003,321
37012,534
28168,3530
53098,420
22269,245
18253,454
12284,350
4095,99
47108,241
31236,74
59634,808
82064,129
70180,600
21366,219
31225,185
54344,208
62770,2999
32096,1665
55239,0
14345,303
54571,599
57283,9278
65012,90
4228,39
65366,827
53269,607
43231,156
60450,4127
34102,358
76007,708
80586,174
51587,233
67229,180
44078,334
33364,369
45100,547
47295,321
24212,744
7153,262
69175,1995
76401,2546
59532,287
70136,473
62240,2258
19084,263
77434,350
27161,1078
67388,5418
65360,275
82130,172
40276,332
82013,3824
77204,201
30336,1375
88272,68
92012,119019
62582,679
33285,477
37075,460
24202,150
2B221,19
38152,1515
73252,257
3234,408
70113,133
65286,13266
52162,206
21311,67
52376,86
62641,227
41238,1962
31486,1807
78209,872
27448,5027
59568,486
86276,1217
59602,1386
21287,153
9293,819
79226,276
70520,123
74213,9291
38509,8111
33055,450
43170,457
71016,1103
30256,801
15255,1325
32204,363
86147,603
52141,292
21501,1533
63059,221
24513,307
54114,315
41001,187
60573,331
9009,262
10148,404
16062,109
83050,40826
56141,1775
51425,370
35259,1153
91080,1331
26200,100
74001,1583
73240,855
62840,130
52539,63
34099,47
40229,1775
26240,162
94052,32455
60205,48
14528,397
66078,207
41214,652
76092,606
68103,516
31108,259
47012,332
33153,286
12088,215
53214,153
30120,1102
21441,267
52119,338
70292,1558
41116,181
58210,313
29226,1453
6130,3658
33002,786
76550,1216
67449,2251
24135,687
26337,1892
88477,99
66195,7942
8481,234
1385,915
67160,1039
71444,1271
31033,10456
22071,701
14682,473
51219,194
76602,604
63098,226
8065,49
70040,240
60084,201
62763,826
2A285,65
38203,466
63360,144
34287,303
89152,708
10328,387
79230,802
44201,7539
33358,483
65348,41
33420,118
79213,2049
68210,339
29246,220
43012,6164
34005,319
59128,2728
88279,52
80369,244
58275,267
50369,845
8482,101
7170,310
66146,94
71031,54
59291,14152
76108,14539
26273,1084
59358,1228
89371,66
70355,313
89041,279
37082,469
2496,90
76227,729
73177,240
34031,5838
2687,328
65254,156
64079,112
64046,398
48085,108
56029,1277
22214,3147
85277,1615
55559,52
35317,625
88086,475
24140,1585
32149,1175
59147,43
59338,611
62020,624
47316,655
12301,1948
22156,645
23157,96
37222,745
45344,1084
91687,30838
41140,716
24428,544
18087,3524
43227,798
15269,136
77279,1774
16301,219
64275,667
2137,126
5179,3214
69145,938
88403,181
79215,353
17356,313
36063,7600
48029,156
26005,1980
24383,177
41249,999
56119,3530
33025,451
38525,458
62638,1213
35167,2688
51198,675
71249,986
68355,1558
21085,145
95019,15023
5100,863
11417,100
77091,459
33516,182
59419,1491
67373,329
53218,773
14343,73
52332,1801
46156,1183
33236,7909
18246,1088
84114,222
10360,1010
67278,525
18145,1626
35194,1043
54185,59
31111,325
2330,463
6057,2585
56114,978
77212,156
62384,632
77265,1036
25314,236
46251,3429
54378,486
2450,357
76406,409
70084,645
95091,6593
43199,1015
17083,651
10329,541
61414,877
44194,8555
51591,187
80750,145
80736,235
89012,85
27384,474
79034,1903
26377,1034
57425,595
13004,51811
80475,217
64215,113
82001,582
80129,528
14194,627
13029,1667
48124,98
57300,295
42314,273
23257,705
61021,92
16187,2115
51327,171
52327,467
51387,288
21430,81
40286,1123
74044,941
43172,232
76209,451
86266,123
38392,603
55459,230
2057,1281
43147,590
37158,740
43047,346
67099,273
2408,24220
2812,193
15196,1527
7196,261
31592,2273
76096,661
31144,689
22109,252
67122,1327
51396,141
22324,1308
44005,7440
63097,76
42091,721
2B352,205
76441,607
11066,110
14602,262
89196,1779
46083,1165
60237,84
17400,647
7343,1378
39413,334
84150,1857
28127,1259
77012,265
16403,129
33519,11073
22306,594
65150,513
62223,293
17054,200
76700,1564
79342,592
51639,41
85132,759
95214,57
80412,624
25273,195
18219,511
73068,621
3138,3138
25436,59
21681,107
34296,1001
76341,8289
52463,40
13033,5757
37032,277
48061,2100
32103,172
52373,34
47143,2307
10259,373
59556,260
34143,2169
57462,410
23246,340
64211,380
68109,678
59187,269
72199,258
22372,2259
28161,482
62856,368
70463,138
25065,56
95610,283
14357,906
61290,125
68041,1971
65106,191
15265,1641
59099,1769
44169,7883
62869,1062
88243,485
43049,506
37241,1305
76274,27
18267,4055
57040,313
21093,150
68249,3429
63034,1586
30175,179
26350,66
78403,2242
53075,302
38248,530
33100,1227
23092,625
9262,367
7198,1139
70343,287
52271,213
21588,74
80069,200
11286,1123
58273,1409
33263,307
76169,1300
71246,248
12238,424
57742,1459
74224,11348
14439,101
58044,785
65129,750
58285,171
1246,2172
67363,815
35169,1450
36246,177
24426,158
82011,940
35195,2420
52346,349
32336,165
55566,284
31593,75
15213,186
67075,479
3167,273
67385,233
34001,1850
45119,2354
61423,625
45303,606
63315,1866
38320,1787
63168,606
37095,343
28025,
31411,975
58025,160
27078,259
62659,104
21353,1177
8160,189
62245,770
2469,483
30247,296
32143,252
31116,11271
57560,621
63250,908
23054,195
56199,722
45219,178
26245,10
74046,506
3038,530
55408,171
51403,542
10357,3223
84041,488
2388,218
21095,58
24508,213
77251,14017
31331,296
38456,491
51169,100
71228,228
34074,2410
11307,222
91579,3089
89236,1268
87060,672
78668,665
78608,137
94019,18710
11193,292
11196,182
31118,7003
71524,178
2132,188
54404,216
36121,166
88035,143
71439,759
44013,3322
17008,2350
55306,124
49364,1122
74119,9267
58017,231
81015,66
88078,2923
2427,140
79005,3306
60581,5810
8331,673
76372,381
3183,472
21480,237
24395,384
34331,84
76609,350
33501,3548
32127,668
60376,178
86245,1706
31120,802
83087,5215
69235,2001
35070,1664
3034,507
21217,142
57070,242
75109,57271
37170,1048
86058,723
90105,176
71008,143
34116,9092
17190,3000
80572,382
38495,634
87205,2310
65301,269
39305,518
62826,4224
4235,61
95074,892
1372,428
39530,809
12177,1026
14692,1800
10190,551
59483,135
1130,2388
57609,177
57318,227
1215,138
12277,504
63254,2203
64126,1102
3087,580
17346,1495
32300,269
86203,586
15003,594
56089,2188
36193,262
54410,501
62204,1943
36173,524
63271,1491
27201,245
70363,633
49377,5644
19104,124
78206,4279
82153,236
27251,551
18159,748
27135,440
54600,115
44039,1182
36036,152
30014,1039
6063,65
35137,2205
78520,1570
22001,589
89167,1007
38272,412
25258,2257
62169,260
86244,1293
16423,257
51097,176
31583,1133
66077,100
81142,878
60432,834
55400,40
1096,1078
62002,208
15089,434
80341,380
27433,191
45020,984
8464,77
76066,156
11341,118
85256,1253
12093,195
62152,254
86297,6290
71468,836
43205,4239
81180,263
7142,330
74036,395
59320,1712
82044,1725
14563,446
65355,73
11011,487
71232,201
24168,412
55536,23
87045,1003
58296,131
23255,141
38504,2011
56214,2004
80297,42
48077,50
3222,103
38033,635
65450,30
76691,241
77062,461
55073,661
71295,1485
89230,443
19165,133
70315,390
2560,239
70120,3647
19053,268
59185,1869
60616,2784
54443,40
1391,306
66201,42
69085,1597
3084,2006
39004,46
38344,8595
44124,868
72146,3202
31393,172
89120,141
26090,25
46183,173
57595,48
1404,135
25535,234
64091,515
22030,899
72154,14947
55338,148
64455,161
78606,37
86132,297
10052,224
92036,50979
8183,1037
89200,390
27605,223
35361,1065
77493,3223
69243,10893
45199,516
31100,2494
69044,5383
77498,322
27400,347
27043,673
10172,148
63401,239
62012,255
2274,164
34002,1371
47237,496
86176,112
58187,535
51306,110
16397,385
26309,264
41016,1118
82025,4036
17354,679
16365,95
9088,20
51618,181
28001,2434
74102,1466
82075,4214
16190,193
95024,265
23210,222
59448,463
39261,134
34197,1137
80033,311
25623,148
65205,54
26081,633
87034,603
45263,298
16148,974
67386,232
72088,314
57539,40
2769,924
6008,52
4231,245
18244,77
35300,1354
61189,488
17057,903
10263,475
14409,2231
2037,1348
50587,18
11020,33
62521,224
10283,128
53265,768
59633,284
35342,355
56171,1542
34308,460
51470,5
62497,7060
84120,118
30096,897
85177,1358
76571,661
55517,530
80184,526
9165,236
42010,1701
33375,381
59132,983
28339,368
64338,178
8150,169
87031,302
60345,196
21565,544
60659,159
2008,306
57320,173
4063,1317
50564,1271
76616,1555
31542,207
63062,244
58195,267
39302,120
23234,149
1027,3077
59434,1406
9021,113
3029,817
19211,974
30318,219
3083,573
76614,1515
67065,1344
14287,2050
8100,73
2755,534
10158,503
63039,322
14231,453
26189,116
87029,612
80502,97
76192,2527
58297,241
80528,9
83045,886
17017,765
60265,962
38428,32
73117,701
87068,524
89447,158
78470,875
19049,754
42234,3665
88144,61
52059,120
62611,481
31381,2587
39163,117
68274,216
10009,90
71223,542
64120,561
76692,275
51268,190
71458,68
10215,260
64276,256
10434,57
14244,279
54091,430
78465,2489
10130,100
74041,284
79258,421
65161,280
36204,313
27123,490
8396,126
39167,367
1219,171
90100,232
47199,334
34187,488
18201,747
6090,8240
26247,523
64510,976
26190,89
53186,2152
67465,2342
80119,389
77378,3864
40269,1246
21069,107
64491,206
59428,4012
27425,2276
1064,1119
37232,1867
60113,209
18048,387
53123,1327
33437,2165
38261,4340
1189,1115
60341,2043
68045,556
92014,21019
46339,378
83029,3823
25565,262
70003,71
10010,47
60005,821
60004,408
58119,79
57660,10956
17334,
61461,125
80808,503
89215,172
23071,185
53276,893
21192,684
70046,356
39502,274
54062,637
27578,575
58215,1635
14621,536
94075,11647
62684,2257
4180,67
21166,14244
59350,238246
36050,452
80158,41
1424,1852
80613,608
90091,654
88296,52
78591,2264
7276,262
78189,1719
4140,135
51113,123
30215,417
73053,656
31040,31
59475,2178
63173,199
25434,4419
27640,200
1244,8247
3028,363
21411,591
74056,8705
23120,175
29192,1755
77530,295
62711,2987
31031,596
80468,170
32359,156
32351,103
30301,301
25252,130
31068,32
59413,552
26199,27
38328,943
11165,296
31242,23
47013,331
36053,520
40131,673
1051,103
88327,1905
59374,461
31271,2283
3164,304
44003,11600
40101,470
25532,3195
76399,180
8462,148
68304,1528
65408,546
5114,242
50183,348
35311,610
17318,688
8478,240
27335,1065
38464,2148
89354,1536
2628,219
64372,90
33094,245
70336,137
16231,323
54438,54
80191,169
66222,1498
55528,49
37225,3216
80104,137
22238,529
5174,593
71510,611
24460,485
44023,3153
47172,589
3171,244
77469,1253
2B053,19
73013,350
60628,1225
24213,178
28175,178
83134,1945
91685,4545
14754,2440
70301,50
80801,294
34167,247
36132,67
39068,315
31117,4524
1179,1910
39486,128
33015,2056
41053,512
54268,139
37117,865
50521,153
9240,297
21440,206
34265,858
36195,548
74186,830
33163,430
62776,198
2089,1130
64082,143
84116,868
76207,193
21632,1176
68187,334
53200,1189
7079,1151
39400,147
74020,1564
55067,99
12043,2192
1392,630
71487,155
32309,103
12066,1158
51423,1654
51298,431
59500,380
55351,2052
64346,206
11085,1021
65423,127
26143,973
77009,145
65039,43
67516,655
2024,45
33392,838
16134,1035
27322,1409
31128,869
4021,139
27044,871
80716,1279
50281,880
51043,2495
68261,219
50312,146
89399,1536
72053,1156
64289,1000
27593,1714
23058,102
41215,99
57261,1266
64469,294
55509,277
51155,615
30099,265
74072,181
81166,102
76195,196
53104,1354
32392,87
38019,1501
77514,26946
73207,424
39122,122
1108,1360
25227,293
4129,54
17341,186
32018,211
38407,1072
80464,859
2478,253
33148,98
24565,358
64336,163
46315,162
31055,168
14225,5122
70186,73
54265,2066
77296,18511
78406,295
2627,136
22093,17241
63452,74
70342,127
68343,2449
38352,2168
33161,756
59131,7839
11433,979
29193,1522
10304,177
23247,1718
31349,880
95370,3594
62825,907
43185,3283
14145,564
46268,910
21135,311
45149,319
14753,720
67212,3850
38153,422
39471,738
32299,100
66023,951
22094,1611
25311,191
42046,2064
70132,667
25569,565
64152,2007
70280,928
11362,205
52493,29
95306,31779
16023,647
50310,188
33059,313
9244,718
24308,778
80633,563
63291,2630
76393,45
70157,347
57066,509
79172,1047
51483,552
50541,1486
31515,439
95199,16065
55518,146
79350,127
27460,204
84011,397
48044,75
17073,1321
55060,366
57130,69
29234,3043
14237,626
42298,371
13022,6661
2517,306
25157,1310
39445,277
57737,31
51443,114
58077,378
31442,575
24063,160
25503,108
33028,1218
17182,577
54483,7359
26156,1009
33206,502
6104,12037
10066,430
54122,730
2375,165
22318,334
62697,318
65121,371
36114,306
45281,952
53127,2247
41243,785
40206,321
9055,108
24505,377
79307,2271
77152,23559
67271,663
1170,1048
55488,141
57282,387
33425,1580
58277,189
57730,548
68071,307
7075,156
8076,966
54151,1032
17025,694
63239,731
13110,10946
76404,1292
86027,1910
26118,1531
54485,307
10353,909
52328,44
80314,190
10181,232
79154,357
29148,946
68195,6851
1076,129
56023,7052
74271,538
62493,232
80766,435
3101,8622
57362,197
81190,467
62065,17435
1352,572
61490,295
69143,7812
21687,147
65400,258
25148,549
31439,786
7208,134
1174,174
41161,2272
38372,716
14269,237
57222,1411
25335,148
80248,417
47282,223
2A191,120
9275,366
53262,1063
46137,1311
5144,113
1213,1441
52228,64
55462,371
70356,308
16118,135
76373,321
31172,42
45187,2996
21023,1342
51205,
24441,147
90018,353
43032,1724
1259,709
66028,10465
91294,808
63030,352
80400,386
65386,99
46188,287
64394,80
21013,451
35248,468
76328,371
9126,82
70318,450
37019,478
2A117,93
30322,269
77343,378
17420,2465
65011,132
25388,24672
12298,430
28060,271
24083,231
27176,216
28302,1110
10166,401
30086,671
80061,207
31229,805
67488,186
50231,707
76511,162
64216,1223
35057,1537
17477,109
32408,116
59589,2914
87099,328
10085,60
67513,118
37111,1503
61418,386
76435,808
31582,5072
57220,135
31194,191
16081,175
67089,2558
1370,1810
24309,3687
50475,988
14374,136
42076,914
68353,508
9083,23
5011,415
87116,1059
71454,174
57712,1317
56206,12470
74111,191
45152,217
59612,535
76115,596
83038,476
2802,204
76187,167
86271,720
28126,202
87063,1345
61269,472
32152,363
47256,103
70086,75
18182,216
53136,1240
50510,606
14491,198
80423,378
73171,4024
58135,94
80809,474
11374,29
46277,195
63086,361
25323,438
36113,956
2653,450
58065,795
18122,229
55102,522
62761,216
78299,2599
3135,399
80618,1025
39567,317
94043,24110
61062,88
40193,79
32180,560
34155,2495
14275,528
64285,200
71378,1609
41192,300
39300,16618
16356,45
1301,2741
85248,419
69284,3308
47165,1326
27456,813
38044,1594
4053,532
58228,583
6146,147
40200,798
21378,108
12061,565
54314,3904
72248,801
77141,1187
21281,169
51536,1824
62846,4729
19232,83
38245,273
33290,1510
31023,313
42136,781
60273,518
65089,78
67337,409
81095,75
50021,78
67397,2723
31069,27604
82057,714
38148,3173
35170,618
44100,2388
80374,270
12232,282
12135,435
60106,2467
72091,134
17129,421
38473,1193
21575,322
11308,454
16197,118
62434,135
68006,1205
23216,150
79250,407
76757,623
2030,238
3224,284
21175,181
2078,166
32234,331
58265,101
46310,131
79025,1114
77282,341
1013,138
67448,2056
77139,7330
64471,376
62205,1301
2160,495
62260,333
80035,69
57545,2027
45180,91
51249,394
55329,183
81074,1626
34211,947
60439,5319
47089,170
54393,517
2675,127
54513,663
17112,759
77506,759
27686,47
76611,297
29062,1111
40271,1241
58250,1646
77162,1122
64305,536
17053,1375
67040,1055
89017,219
25416,182
91156,2204
71441,290
61411,311
86128,2483
37280,247
95316,269
89408,269
15120,3449
74100,764
21212,315
29058,10436
16087,147
29078,2025
56237,1885
34320,2722
17153,2224
25369,147
14426,175
72023,2273
64196,118
52452,105
23107,145
69016,120
70572,287
10376,157
46317,497
6093,254
42023,2886
14046,1885
21265,701
51324,113
63385,450
42315,469
59044,5545
58042,146
30230,562
30300,553
18092,1023
65238,227
25085,461
36066,478
9095,163
25384,77
52069,123
51648,359
73164,1111
45312,466
58219,212
52520,161
65026,91
62550,1090
74152,1358
60114,143
11235,72
77307,15687
4077,163
7248,275
26098,170
41186,300
85111,1502
36163,639
21671,50
59056,845
30211,4211
91468,3225
18043,189
77262,491
53229,1732
68131,190
2B207,3671
83010,207
15252,401
5124,471
61181,1766
54519,597
1296,397
32048,92
27001,337
71028,105
1450,3849
55317,156
2A090,818
78123,20825
31559,8
78152,1723
15061,235
33270,196
51493,96
68056,8259
47079,526
71274,392
28221,138
57260,3346
54018,270
71247,343
2430,1264
13025,2376
39411,1551
60144,159
25429,1334
31495,1265
65138,829
32258,227
66207,806
62081,434
21068,130
90093,929
44180,6692
37076,372
32196,162
11138,658
52444,337
54499,104
90031,341
12111,492
64118,49
90097,1310
17282,212
19277,157
57028,1381
89132,157
64255,589
68184,286
76735,510
18016,401
52320,93
76680,168
39119,86
88395,358
2324,280
89164,92
18285,402
14207,645
31222,43
30150,270
91103,26658
72188,159
29140,3959
89147,236
17187,479
69271,11208
78269,1492
27644,578
37242,1541
47053,370
63193,8709
86076,2869
64007,1044
68269,4685
54158,150
76252,1068
72106,901
51093,433
7069,690
60091,429
77039,1206
43023,227
77186,15583
40114,364
16009,381
15060,55
63407,284
86149,355
62491,5044
89386,121
64477,1527
34014,1405
85074,231
76451,20165
38103,336
28263,256
59482,6805
51176,147
85082,2983
57345,386
13070,6605
89327,386
30248,457
69137,528
37113,872
40172,268
35175,1021
57269,8083
25332,589
81186,257
2A021,75
71015,915
12216,1449
4108,2020
64273,870
54275,220
58041,168
25055,354
64204,215
19238,244
59161,716
50421,258
38557,5268
62191,734
60358,1014
12030,375
54214,717
45014,511
35062,2451
59310,867
61130,458
89027,196
88417,359
28064,2077
31179,297
51626,117
59435,2651
70456,149
73153,1346
21186,608
41222,354
17320,417
95119,329
54163,268
40228,1642
88161,382
80136,1184
67016,745
76521,147
28391,2640
2A270,351
39136,31
77277,1898
70078,103
58066,84
55146,188
88084,446
71583,758
24380,507
73063,706
70081,267
2A300,1204
51348,116
28285,313
88529,107
31447,29
59412,276
2217,990
60333,1512
83044,339
65081,140
76414,1589
72363,1680
91174,54471
54392,327
76272,873
57527,448
52219,17
63147,308
57322,482
66166,401
51022,168
28274,246
27558,166
57754,110
70386,171
25485,205
28164,739
9099,350
33189,441
69111,685
53243,1785
55251,88
88237,343
89219,141
24471,648
86296,463
2518,279
60322,302
50272,1666
76675,1102
60035,232
24231,107
25507,87
77297,334
33072,251
5158,126
87003,902
22171,4602
4193,215
21126,637
67176,3834
17273,965
46304,146
21495,157
24071,386
12167,771
52449,1111
59491,12199
27208,140
71007,169
7118,146
11310,238
30249,1058
59461,286
23056,336
26015,74
33309,476
3275,1698
79331,125
70360,69
80349,125
24576,244
51220,145
77534,980
21380,56
63409,245
17119,1295
25244,84
63136,386
33490,1846
54498,5165
89296,123
54173,191
60291,1749
81129,238
27275,6746
25126,467
71150,3198
39227,203
64197,189
28200,396
64430,10881
91041,1052
22184,1578
74153,1819
49205,1060
12235,216
2B143,1166
60592,672
70079,495
30217,8117
38224,94
21503,132
33417,3091
63031,473
89412,186
55246,158
25176,317
19088,46
54528,15768
94044,27406
65245,261
60319,591
76548,787
47285,835
12274,116
22272,2169
76383,90
30072,469
70576,168
60433,958
40020,633
63245,3957
79087,541
11103,1132
54595,539
71562,211
54594,174
57347,168
57273,360
77455,2021
31251,150
2093,1162
90067,391
39468,128
2730,272
84102,1333
14640,245
64136,112
39360,176
37105,272
62038,4389
79121,388
62080,3779
31510,142
11305,62
16155,91
65061,41
35075,810
54217,191
63261,883
39522,110
2407,216
11202,4562
9169,117
27428,4199
28169,238
4177,53
62215,17909
21288,166
76179,1381
57654,719
40122,1001
63100,301
71210,347
50365,491
19029,279
2425,190
35037,6391
42246,1140
9225,16473
62258,318
65174,104
25564,995
50304,197
33324,4490
34259,5676
27206,455
35085,6411
57641,319
77056,150
28065,115
52394,199
52196,102
5160,78
38538,4900
12070,526
81116,2002
86164,673
62243,111
61018,71
54482,9913
56017,2757
40187,1299
80179,223
60637,462
10057,57
70422,143
9056,485
52450,128
54186,1120
64356,104
25524,875
4099,92
31294,78
11240,528
51377,45
60664,447
80675,149
30024,456
45034,2194
4088,5222
17124,445
27075,369
70181,138
87154,11415
23069,389
97362,5006
62102,280
17140,3199
35080,2645
66111,163
16413,171
2536,88
18279,25068
1185,4857
2275,307
61086,96
32272,163
63088,85
58258,475
10284,154
23252,158
89189,545
25032,449
71109,366
46033,532
48009,2296
26017,17
62465,219
78350,7990
9081,295
18012,448
27430,389
31453,134
35345,918
41262,1140
21303,17
85118,2303
51516,47
95058,2684
34028,5804
43206,398
2182,136
36071,998
59653,7758
22084,2541
38167,579
40232,219
29222,404
14098,6182
21516,77
62450,215
33239,504
58294,125
35082,1426
76045,361
73132,734
86231,
2609,24
33296,1041
2A065,1150
60493,519
61227,136
76723,412
88109,652
80362,296
77356,49
42158,209
8307,78
33027,274
25070,383
27215,388
89248,36
63345,4066
30141,6835
61447,1321
49113,533
39156,234
11252,356
76457,954
40055,1618
47044,308
88434,206
32253,530
6128,3203
88379,364
55211,61
81055,398
2485,100
69040,6311
10366,62
44174,2396
54249,262
2260,609
27059,321
45017,342
61301,210
35046,542
32310,104
7149,291
11253,829
70103,163
15098,84
54251,136
32066,254
74081,17795
12115,348
77050,526
10340,2437
10403,59
70076,425
60674,593
16016,815
21700,94
2104,96
38478,993
25308,462
27204,261
25529,1385
77268,9060
6122,4453
60469,392
37263,2442
51164,130
5068,465
73135,1087
46320,342
30002,782
66202,201
76167,1678
66119,321
34186,521
35315,1580
30192,440
9300,168
26080,48
15033,218
76436,602
39062,57
25469,461
28387,962
33158,244
4170,74
90088,987
2233,127
63189,351
1260,336
39107,136
57256,817
76731,172
62267,391
7213,167
30045,387
63464,336
64262,284
27099,814
26024,335
32157,180
82047,50
51193,2343
65392,436
56157,1978
87051,728
64192,116
91095,2108
45292,836
18031,566
18160,1403
71374,156
52536,47
80193,158
32183,235
38390,538
80826,732
69069,12084
30204,363
60030,554
89075,733
11266,5852
36028,103
90068,1440
46010,383
46299,114
61289,50
3125,123
77423,661
15084,302
33167,18300
39279,608
55008,153
19132,132
33207,6374
2827,312
76663,997
18074,194
38102,654
8225,208
27502,2199
34238,47
30171,1176
62167,236
8184,87
52042,112
2310,249
90012,1309
62382,659
72190,284
77339,1797
57368,3199
67351,1616
22181,716
53173,171
51201,133
44020,20530
37166,753
79031,1765
89173,459
17321,340
70114,200
25232,96
29089,897
14448,65
64071,213
27141,63
50378,637
62066,33
67303,686
14119,2066
4192,1329
33349,2217
22302,908
16163,1142
2483,507
32027,1401
57082,338
39480,277
85014,1184
55274,269
73061,441
65335,513
90043,593
31564,151
14364,448
1032,3535
76727,1103
65457,87
64103,202
21277,911
61272,29
39201,285
63194,417
32319,1430
82092,274
71431,372
80106,161
72143,1949
12192,193
14358,86
17045,994
83078,306
5028,173
2B298,1694
27074,293
76508,454
34144,832
27082,2044
2074,601
42106,235
33434,2051
27432,706
8197,36
64203,325
39306,1025
80658,139
71263,6446
59013,1631
47208,192
72320,2774
35115,20307
10266,42
21427,173
18231,729
27348,1689
18103,1234
42238,303
21383,1744
14122,159
15267,4339
57186,963
1152,784
35276,651
63169,19
39426,197
8418,218
11331,63
21508,460
25502,599
29177,4029
30156,8346
34278,60
80004,501
88061,281
25093,74
54043,1441
62030,297
39375,129
64168,664
80302,171
1147,554
17167,755
64426,269
42078,252
59485,1803
81321,91
46336,348
55048,50
60672,285
22332,526
2062,131
15188,1171
49121,444
38559,4438
61401,106
33431,291
73147,236
39351,144
71144,194
11317,96
9151,60
72182,1555
9150,217
54340,333
26157,789
38375,99
39377,176
50607,405
61036,212
76291,1193
11405,644
63268,302
39409,135
51095,83
30339,1412
61056,167
72306,1313
41217,791
85208,2419
2758,2050
72200,3697
60133,542
70499,105
95658,1137
61092,672
76324,830
38400,3620
2454,403
62237,572
14252,245
27534,892
62488,787
80455,87
60512,148
31557,30168
88172,237
11312,97
4043,81
89177,90
55447,365
51450,466
79345,900
11282,54
44057,2243
80482,142
54072,258
70406,84
23080,111
51567,513
91016,4428
56071,814
1347,2203
7315,385
76454,94
35325,153
80643,572
58213,473
81066,286
93063,37152
21113,203
2041,777
76238,2601
84122,5792
65078,383
33329,277
66079,204
14676,987
46276,202
2743,158
34253,33
16205,555
76242,218
40094,824
30280,372
61398,62
62390,1470
6011,3874
76594,1356
91332,1562
14495,587
89105,426
62838,89
8151,283
76453,1065
31328,349
40039,124
7295,1115
67454,366
77457,1336
80762,334
1330,
79047,446
30159,719
33488,331
69229,774
62256,159
3191,264
41088,231
22210,2932
67447,34708
34128,1668
50487,5018
14716,209
64351,145
60691,123
86103,1653
78073,16586
60089,382
39474,
58287,180
57200,421
25048,3582
2B328,96
38333,358
25117,90
71066,112
47187,323
1062,1028
33201,840
11216,361
2B195,139
88058,89
51258,209
62484,309
50268,242
70144,24
14747,727
76483,253
39342,123
85193,672
21247,715
30127,1129
33108,3344
2252,72
25458,207
28072,388
31129,13
67375,1282
10210,466
52011,95
51163,257
8066,65
60255,323
61499,148
35124,2584
42296,535
39110,65
9143,39
50567,927
54524,103
89365,515
19064,72
80027,33
51051,266
2443,202
60445,293
39314,65
22099,1077
2208,256
41035,594
80378,75
50455,959
1387,260
57131,296
1252,841
2353,275
7251,200
33152,122
61222,765
1079,831
76388,472
42281,132
60044,1628
66113,189
62708,33
42331,1042
50577,297
76285,554
59648,15525
16027,134
14245,327
22088,245
27612,344
17151,910
62836,1138
59123,1737
70494,357
63410,143
88472,108
33396,180
71449,149
63038,1442
63205,467
74189,1622
24205,667
14575,386
25066,75
40299,196
80235,1174
59069,778
52067,69
22285,258
88497,507
2B251,3880
62063,1840
62155,637
60494,1786
59158,3436
57339,360
13051,9915
80397,101
68285,370
60294,82
71393,508
43106,145
27550,315
49373,7748
34024,2737
3025,1382
72194,275
57183,193
42117,117
85129,3701
42247,281
72297,530
21337,1382
35153,398
42037,696
57383,155
57562,907
87040,1542
34321,2238
50374,27
8350,241
71517,247
69074,1571
85197,3857
40037,1913
85307,
47196,237
70327,135
38111,7836
42062,1150
89054,773
86013,107
18116,264
64432,91
21154,5443
39343,17
37154,4874
27405,102
21479,79
38323,1194
34218,374
62307,223
43126,763
77504,1055
79114,1578
24172,1134
57765,1015
49381,1855
61472,308
63333,248
15220,145
2679,152
57464,1020
69285,4119
51314,234
38232,671
17248,911
78138,10861
57019,10875
15028,393
6092,1408
42094,8367
80379,791
71398,1090
12002,929
43260,22
67424,239
86044,560
71224,86
46106,248
70344,345
47049,2348
31532,89
8073,94
68161,506
27462,158
60524,2524
59082,1716
45041,108
89470,124
47054,1842
17203,797
21001,416
22172,3104
88276,354
37103,159
63358,374
81003,964
67146,615
11044,104
64261,397
88303,173
5092,804
8170,223
47056,917
26330,2251
35135,2300
44090,1586
3115,336
55180,135
78647,852
44014,3976
41109,721
89066,988
28331,922
59194,1291
61216,182
72016,1445
42174,1318
80623,391
38433,1162
41258,1152
88416,131
67358,807
53168,1247
62702,355
35320,513
54075,112
25265,1280
54140,85
27199,527
36033,387
15059,117
55471,82
67221,353
70339,1625
25217,629
90020,244
80311,142
51154,228
65291,167
38163,456
2283,278
27699,117
65310,232
5027,205
77271,141
60534,647
21576,152
6102,156
67377,983
55036,86
26302,538
70155,765
70307,116
38314,7350
28282,429
35022,677
47272,180
82016,221
27326,325
80022,233
64390,156
14012,184
12031,327
46129,312
52113,243
2593,1100
74193,1048
74129,219
66082,494
9295,96
76627,1627
25322,405
17319,113
43254,268
28021,1684
67446,407
70243,305
7084,1054
25630,77
1282,263
2757,505
64447,133
12071,335
62236,354
63336,198
71417,1046
34247,5218
64539,213
2463,83
25601,1762
46288,196
68371,295
9178,36
2639,339
5073,345
22035,1054
89379,137
58023,160
2087,31
52195,35
71218,571
2618,683
40117,2398
65468,51
77417,244
79074,171
89253,187
10195,268
50389,439
59401,2231
61187,160
78501,3382
59332,1812
68014,353
1290,1387
44161,3860
83148,12608
27685,648
24040,397
19171,175
83138,2972
27321,151
71387,243
18025,602
88495,199
31260,98
5085,461
39406,293
33109,2695
51542,192
67360,1164
82039,570
14347,1006
2788,470
18208,400
67137,5780
60427,187
37050,12720
14196,222
3120,653
53124,1381
68295,3004
12086,333
63055,1032
59365,6294
77458,4952
89411,1021
40328,1685
55312,155
32106,947
31471,385
58292,164
45314,464
63305,844
59170,5338
71507,170
9140,126
17264,5811
50629,728
60636,4463
37066,566
29152,654
22362,2294
60286,2786
77102,155
63001,2665
62047,141
39477,257
24113,82
73322,499
86249,122
33450,248
54491,365
93053,45510
72123,61
73055,2098
62467,182
2B225,102
26346,245
23116,540
39009,574
71254,164
24104,652
65110,93
57195,572
12041,284
15076,178
49082,949
35210,11703
54518,1120
34021,309
77266,815
35126,9412
28113,1363
24585,674
81289,2637
55527,636
79076,2054
51421,106
46267,624
2B190,190
54157,4581
40115,275
65102,23
66066,602
79203,341
47060,1127
21465,81
50402,3249
11064,389
78530,387
76129,217
40305,198
78084,616
45103,1548
51014,285
74155,809
32102,201
63184,273
59003,350
44037,3129
80732,623
36018,6164
32170,145
2832,179
68334,7762
70398,69
54570,344
64039,246
3317,293
57697,322
29273,2454
86041,10289
72377,1032
76335,75
76185,159
80038,125
81235,748
3090,328
89124,1183
72163,494
50008,435
78013,550
34220,262
64489,350
94016,31103
55450,51
48012,313
2086,979
56006,1569
8067,1078
15130,137
32050,104
40043,809
86096,690
76507,783
77194,443
14027,4777
61197,153
82045,357
83090,14568
80503,182
10207,134
62207,521
52295,87
52440,371
22262,2739
16373,182
14554,1850
2B137,21
73020,456
80800,138
17393,1801
51538,110
36140,1159
27168,170
12089,5020
80617,244
70507,287
21195,210
1434,497
32002,75
11153,264
87140,1656
51614,961
72186,876
27681,25290
82144,785
73320,790
79352,156
95101,954
79161,617
76667,354
26167,614
89320,46
6106,552
33199,22153
31008,267
67058,379
68260,1173
79024,1927
5151,1114
86009,1058
71320,308
39037,174
85268,1549
11080,180
51229,117
64280,442
55579,103
51172,6534
67071,454
59580,4332
33251,683
60173,803
38529,4006
67086,388
17408,924
63468,312
55555,33
28388,1119
46160,447
54223,188
1350,2584
88411,87
70473,1920
73220,404
50029,1161
7238,332
91659,5830
58074,353
2642,157
31243,73
88448,168
31084,1135
65325,45
50221,71
29261,223
19106,393
44185,3311
73129,1195
25523,648
53017,952
6089,2527
37199,458
65156,225
21581,141
60138,1043
73029,5306
8430,40
30169,6297
62381,127
18085,252
71522,1750
57063,210
33363,4769
19286,536
84090,664
50197,2047
22004,4889
52502,59
31153,415
14102,952
83021,2637
10288,266
27100,1236
38357,2754
10033,4665
14250,299
17034,475
33118,2195
37218,576
19158,172
56164,6790
29054,677
57242,3031
32037,122
8031,40
77430,6479
38423,6078
42210,480
45202,1003
67225,106
62422,526
72356,399
66064,435
2B199,222
74033,1472
28389,334
8077,53
57156,1194
89446,476
45166,280
8257,152
37196,1598
69219,2111
46133,266
70088,99
27347,775
64507,156
75120,185140
2793,113
15179,248
27216,472
38494,895
44056,4023
90008,4678
9222,23
27263,1224
31580,1233
71080,82
55419,149
1451,7102
78049,1727
65477,110
64004,120
65331,3265
34171,189
61126,480
25075,410
6036,425
35148,136
53274,
63303,39
40017,386
46216,651
63187,521
86017,1085
43221,394
77125,1500
68212,518
80598,1196
7136,111
69294,3133
72043,325
26349,353
21038,7581
65469,17
59390,3999
81306,827
25255,353
70234,217
87180,564
78389,1731
57355,774
35034,1271
9118,168
50641,646
29277,2325
24582,470
59375,4507
62183,753
4162,267
35136,8649
47257,620
27081,190
52109,6
69231,2616
59215,937
55188,43
50425,1082
61373,251
14547,152
11375,30
53049,682
71245,332
38528,1398
81021,5527
64398,408
52540,33
15234,344
6067,1609
11330,538
85089,5454
80527,298
53129,350
21283,76
2B003,27
21214,166
12223,1581
9049,173
37167,2252
62158,578
32084,54
46002,95
47179,2122
46273,868
27105,3995
30257,1984
76588,521
63200,949
14435,198
85223,3611
72270,179
59480,865
8343,1106
37278,1126
19269,1256
47047,170
27453,1784
62393,1067
76751,1278
4092,121
59289,1451
56248,5211
76536,1245
46060,231
89404,508
71215,2566
7239,112
60553,277
67341,430
65107,117
21144,35
84053,1690
70436,110
42129,1868
22229,1064
6150,3045
62324,629
64290,591
25094,118
63292,135
70268,219
50236,4029
56018,1066
15022,158
2038,62
68022,1560
36241,2583
43223,1154
59656,5426
81128,1540
60540,639
55040,257
55497,321
67051,300
53009,674
24282,131
33082,1336
63233,972
42061,523
2A359,203
8397,56
2B238,211
77507,453
50006,151
86108,392
70297,63
56111,1370
62389,32
72251,387
30107,605
24150,570
59622,1151
64165,293
34317,210
72017,231
18277,34
71323,146
55367,133
47271,359
43218,1288
27655,726
50098,619
32316,117
15184,763
15077,70
16044,206
44083,2459
54260,894
64319,187
34105,243
14274,2810
2196,289
50158,256
40079,136
6033,13803
60681,474
14453,368
81123,89
46120,356
63455,3721
11131,580
23242,194
7105,104
9299,421
67020,810
60587,1449
11143,107
77302,1891
55384,130
22282,3371
44058,517
78133,5847
38199,2178
64330,229
30058,230
66030,226
28009,72
22202,754
80427,347
57652,657
29005,1369
62213,819
21535,1385
2278,38
2155,201
56226,537
55357,109
62116,162
88344,190
46101,464
16351,
53233,338
57106,3721
57168,670
62386,6644
51625,269
89051,551
66050,4922
64438,553
69017,765
18240,620
69089,15604
59444,945
43207,253
69171,2566
31367,79
69272,4540
76367,2814
53061,459
11142,185
7339,2069
39057,102
52243,107
73265,775
65100,5399
29125,846
27528,3624
40214,492
2521,1305
23083,260
2720,2065
14150,1411
22231,351
84021,86
73139,255
78261,689
18217,169
24472,1030
21249,689
17145,480
85262,3653
31199,185
71127,50
49057,329
90078,193
69236,600
71581,244
38307,524
89203,187
2131,1947
65358,69
6004,77637
39228,1112
38059,2497
15224,121
2818,997
62138,715
18023,1598
57038,7356
72202,214
49291,373
79246,580
52443,33
23099,317
24463,546
52170,167
24111,75
2120,193
79163,582
28260,105
33180,207
73267,307
18115,771
2829,43
55125,764
16346,241
21461,1409
66025,1182
88510,116
38511,3116
62615,280
45309,677
6034,1666
69164,304
51133,63
27683,231
11163,46
62283,124
24525,211
77494,2630
41242,4184
69087,3098
61425,117
6084,11015
43268,7415
16165,398
87188,449
2740,220
14522,391
43068,32
54055,331
14511,60
16372,150
57566,2280
42167,400
8259,64
65239,147
51491,94
46306,94
31521,335
7078,3205
55345,103
14533,102
37128,1318
97402,13012
76533,1734
91390,3477
7312,516
40061,1061
54154,454
80125,80
84033,113
57583,111
51166,68
55271,349
42334,1218
76240,1084
2488,161
5166,1298
80214,313
40296,4056
67539,2342
8346,1396
39080,57
83154,870
51430,99
12042,182
64240,189
27435,248
74294,830
26075,23
32063,159
89226,185
62566,670
19217,184
63383,247
2655,155
58016,141
53112,338
64454,170
33237,902
56053,6651
49278,3685
2438,249
24529,204
32324,80
36080,77
17361,109
66103,599
55350,74
74313,550
81068,206
33499,330
62278,622
80513,184
24163,166
62777,153
8004,251
7100,508
62209,168
77495,9291
29024,7412
11127,71
67537,445
81215,661
3250,373
11413,515
19248,1388
70060,281
39285,323
31513,398
38067,1822
59382,1402
62062,46
74232,496
10101,170
25486,466
41207,1153
71181,148
11003,196
76730,124
62892,660
30316,247
74291,351
91272,22544
57714,438
67241,167
14452,601
53055,599
61100,289
80347,163
15005,412
64013,168
71220,480
51244,238
24518,261
57593,1058
76708,692
71427,53
70199,118
13031,4133
70352,37
60542,995
62728,691
86037,455
63314,534
1067,257
13071,22537
55557,131
63011,220
71344,70
2796,93
90029,1942
2784,155
63411,460
26221,55
29113,2387
23206,670
35038,612
91533,1819
91284,1197
72158,815
14281,765
61050,583
14758,848
67477,623
68316,731
62077,355
48181,56
80092,815
63301,718
21587,246
11348,79
18086,555
22011,1054
31507,1816
37206,1824
47030,216
50570,399
23263,381
6129,290
36232,1086
22207,2237
64250,1075
11347,98
24321,811
71074,569
27302,1310
27562,4512
48031,88
51248,2173
32058,32
60177,435
22369,809
52200,70
76554,341
43208,36
83065,2687
58014,70
40194,1242
27594,253
18165,1126
51393,300
72353,215
21220,144
1380,580
39390,308
79190,487
35188,6810
17452,4650
30163,188
11015,248
60500,4009
77405,1976
80234,737
38322,102
7309,1534
64145,503
2654,83
89042,163
95229,9858
76586,666
7193,306
62419,189
1084,989
68084,1527
2531,141
2B185,1780
42072,
42198,912
51441,103
65418,294
27224,438
10076,260
36097,328
60157,10564
21235,46
70404,524
46016,396
34125,111
38445,784
10361,257
22053,675
52207,86
88152,238
4137,54
69050,2252
90009,4966
27527,205
40003,261
2213,306
55004,80
2B290,261
74127,1550
64283,206
72132,8740
32036,689
1228,669
84081,9019
26374,22
29199,5014
69151,1500
64508,125
21061,64
29106,1882
21691,403
94003,22200
47146,1431
81011,1033
2709,380
16295,1341
72210,295
81256,85
49026,2811
51101,693
63388,736
2590,174
89297,103
2A158,37
52034,127
18105,470
27089,1014
5119,664
30122,789
62863,3839
59559,1967
57008,222
73090,273
21472,184
45320,372
73228,1046
2386,224
1351,1637
10127,49
47200,113
68281,458
24366,888
33422,9616
70505,159
80169,59
62216,211
21638,1113
35095,5829
21115,357
61087,159
82150,872
3227,399
21618,528
7281,7580
65253,54
23199,352
41164,2631
31218,109
33062,805
91338,6517
26244,114
1428,128
3113,496
76694,138
59038,1458
85141,685
39501,1106
71282,1283
73255,847
67172,2351
27173,121
26176,1246
46334,1535
2B054,181
38383,2619
1016,462
39289,319
3045,850
7325,2019
61345,1866
38419,184
55035,141
7224,211
36090,116
62896,768
19038,1481
60066,214
63159,137
40298,405
26125,1431
39157,42
8377,152
57610,317
86005,612
52222,30
85064,2613
8244,76
17249,173
76030,520
76139,221
95489,768
27541,161
9198,224
60136,467
85296,1226
50222,809
62186,12146
2B135,330
28419,346
81160,347
3128,2536
39116,151
65002,856
91075,81
57576,869
7301,968
72179,1854
26084,4281
59304,425
38526,373
76732,230
62474,1122
15021,665
91159,1550
81198,351
65163,39
80291,287
94056,2724
25625,49
17208,1052
63134,70
36095,117
30054,301
10208,302
51031,289
42073,755
50409,1897
80557,594
32021,73
25479,389
55116,46
25077,91
52506,81
76738,772
31384,1791
40333,1334
89060,453
47100,5476
24133,1278
72161,933
2524,684
29013,224
65437,134
71328,666
54234,2971
11326,75
19099,225
80317,206
74262,1273
1304,2843
38516,6424
32251,66
24106,542
52235,238
45155,13459
21611,1027
70130,295
26329,188
89481,97
39540,213
24217,496
28286,625
21259,269
76541,1560
26096,1910
80241,1081
77178,524
59144,917
86063,240
21349,482
18236,133
77428,837
39199,1186
46195,357
30137,139
31209,168
52244,761
1117,155
41067,2831
45329,1259
33155,171
7200,67
11221,309
8022,353
78344,639
67045,3342
62378,195
10168,79
88486,3843
83017,2373
37138,886
1031,3525
71452,116
49215,3746
50463,530
56180,743
31353,87
71042,449
35180,776
40004,2277
58313,103
34023,7139
32362,151
10116,307
2A118,210
53156,247
15166,336
16186,690
1124,703
76477,490
62713,1328
16007,491
56210,467
28310,248
2B068,25
39160,898
16425,559
25424,1587
80044,393
91507,324
34006,301
61375,1169
78239,2184
25242,137
47014,209
40112,92
40242,104
81076,702
33336,1061
21190,425
33001,2048
28327,194
65447,1362
37127,326
2B306,115
10141,708
47198,315
17398,167
77015,113
78255,4505
49220,3687
71333,1220
3235,963
55407,131
55475,71
47248,563
88122,390
51631,342
58217,186
17462,771
57162,1096
38117,615
19149,201
64361,183
10416,236
35001,6874
64224,625
57424,224
80371,96
2B246,187
49058,897
2309,704
54317,131
23063,151
2571,660
25466,816
37150,1488
63259,331
70145,536
52242,952
14731,201
26161,40
57381,285
65261,46
87016,296
69194,7435
2A258,62
73154,3495
73138,506
6100,239
89033,386
64515,225
77048,2774
55289,52
69270,4548
45055,528
2234,84
17266,722
54056,151
57573,127
76628,924
57011,606
10432,66
66081,144
14398,544
1373,1023
32322,205
63149,734
8375,175
2787,249
78217,7031
87141,676
41106,4504
26011,2733
30143,213
71227,490
19231,176
17002,131
53164,352
31073,766
59353,301
73216,479
68363,633
47082,219
33433,10027
25245,1207
7056,925
15078,149
61091,963
27153,397
77100,4207
61068,199
15250,516
42102,887
9216,59
32292,376
14070,203
42255,268
52001,290
38354,420
2286,847
80547,202
76223,566
52284,87
91179,4801
21387,211
45167,1778
4166,1610
58015,118
68142,349
53178,222
13067,2762
18121,96
21080,677
81304,202
8209,445
2173,11596
64354,133
86265,409
71115,83
36075,71
70165,571
16349,519
34013,1672
71357,220
45296,777
62469,575
44212,9495
50109,1852
21556,258
63178,15115
29077,1979
30015,139
32061,171
51153,1064
40069,428
76413,405
10056,243
57299,934
2048,130
26342,328
49129,4749
29034,641
71529,273
70562,151
60338,5415
49130,655
57278,61
85071,3735
4120,87
36092,253
80694,351
31278,310
97352,277
25395,1622
30126,776
77027,1129
21138,600
27054,544
2115,195
73190,258
27399,57
10302,92
33250,316
35235,1100
77066,272
11333,109
37133,482
31197,339
63172,55
4118,131
76330,682
42034,103
2006,259
57719,81
21604,132
28206,648
14520,841
21705,65
32460,324
30327,43
71248,690
31410,4922
9076,222
40062,506
71026,334
56003,5835
7347,613
81038,2423
84097,591
31167,641
2163,2594
57308,152
6098,116
79343,249
19180,702
50290,355
54283,274
19283,83
15017,129
73028,360
27294,986
46186,357
27254,849
73034,1989
60350,1469
21439,96
34241,947
27167,652
55468,97
60502,113
30265,264
27279,3062
10226,115
18037,971
69183,307
19257,275
13099,885
61034,212
60116,2838
21596,370
65272,76
41237,1142
52234,41
60111,150
24370,1784
21589,99
7006,159
82135,1388
64265,100
44019,1097
2801,262
69254,1005
59242,687
2B226,62
2287,1072
64292,257
57147,338
74068,544
76365,202
18091,256
41113,179
16145,661
31506,14646
70515,63
71024,499
80197,30
50351,70
21330,375
30011,8908
89292,248
27212,116
67082,1215
82054,373
88106,957
77103,226
17292,523
70321,1372
41089,204
56190,1955
54429,299
47312,731
55437,123
36143,450
32081,108
63381,1708
2219,194
3004,214
74144,942
71456,1905
45237,128
51458,59
76462,4662
52411,1301
30253,1218
88012,1113
14103,409
35227,3543
71277,704
7019,12416
88527,131
47289,479
53090,194
80173,513
61149,319
59394,405
61138,184
65445,225
40127,608
65134,17
51511,112
60574,618
55554,241
80086,1042
14762,17457
2107,104
31027,193
17450,258
89265,572
54306,340
84005,190
25605,486
31314,386
24138,7832
25541,371
93055,61929
50050,131
1430,675
36014,229
48160,125
65267,501
61151,367
39168,44
57612,229
54572,772
41224,183
80622,1273
47223,194
21271,274
80137,707
30029,1608
68129,1314
71044,321
27158,805
60698,283
43197,337
50025,10143
16061,4125
60249,193
3106,1280
27536,537
32311,336
40283,3402
28398,1203
37108,703
86293,4550
13013,2009
10219,57
76184,106
28400,184
57701,792
35103,429
80131,3234
64482,642
71570,504
69047,1023
4123,1112
76377,3716
32323,98
40142,1102
5146,140
17110,1074
2762,172
19166,93
79347,1062
34298,5608
76363,559
12157,1717
67253,651
6152,11939
32450,117
47009,260
91600,7418
88515,153
88330,185
36205,96
18068,31
70019,153
87111,1607
2303,724
55361,139
52174,40
77069,2162
34022,7829
15034,139
65132,45
33273,8056
32446,281
54204,85
30334,8519
87185,1774
46085,238
18271,1579
60632,750
17050,523
76347,325
64123,1338
60620,450
2B012,53
24098,3126
32122,335
57301,281
43008,156
73259,525
25373,47
63052,1028
22255,885
67228,784
35116,2509
66074,386
76054,510
11370,3369
17191,426
22308,663
17345,294
34323,52
29055,3315
14302,158
16315,102
69385,47777
45072,1590
65042,568
61192,
19072,2733
14089,376
35032,4804
10021,160
89422,42
4197,3558
10145,215
62631,471
62791,49
34219,479
8379,245
68046,408
62430,147
67244,169
76257,176
72144,344
60535,329
88413,19251
31343,64
39220,392
82127,748
34271,228
64451,94
85087,209
89089,129
64218,303
35008,630
51500,114
8179,590
81094,90
50617,321
56223,1429
56176,6262
52300,150
33496,2767
14226,330
28057,530
35091,592
2682,116
58052,56
91184,276
16284,117
26290,384
95078,2120
80281,159
2013,391
84020,1198
82151,400
32465,169
51228,85
61370,150
26138,1144
50317,265
2512,273
38126,4215
8479,217
28357,1120
39046,73
91293,904
31584,6345
45154,2084
14720,869
17375,1210
64481,219
55120,770
11054,268
51270,221
50210,350
27354,426
50267,2278
67111,418
24251,535
64219,257
62268,4829
53191,248
28102,765
47138,1589
66209,25
7072,1635
76394,637
72317,493
65454,100
46323,94
13109,2391
1074,2533
11001,532
35333,1731
81277,632
22097,761
13010,4266
15101,537
30129,727
80784,268
42222,5829
33075,20020
64019,219
31341,6760
2392,328
44052,8219
21365,72
62464,3371
67091,314
60068,3111
46116,67
76015,513
64368,264
9152,17
41288,849
76070,564
95254,526
66012,3231
37065,581
84009,1760
70567,124
57437,681
60569,189
23045,794
57233,82
8420,1213
27077,903
67381,319
3309,475
54184,8670
24306,138
67285,1494
74086,733
18080,143
46256,201
2333,160
68023,928
78077,747
82139,111
87195,126
18210,591
73019,959
1294,940
76458,131
66189,5698
32275,35
45039,696
35179,4408
24274,829
5170,2292
21405,815
42318,1455
2127,199
2018,2472
66116,218
2B365,99
8440,126
64271,550
31123,84
13050,10024
70072,87
62455,118
16377,105
69077,1212
21347,363
66217,2324
17364,425
17139,373
78474,925
37114,174
61492,122
7321,356
59423,1417
19151,945
39063,223
46008,214
29220,8484
90080,432
40174,84
71478,77
31085,249
3149,397
42339,212
17331,1282
71158,1576
2B052,22
80799,4647
27625,343
71061,488
29003,3727
63232,578
38038,636
55577,58
81212,123
23258,331
61049,108
52303,95
62292,836
62881,355
78642,16280
70184,716
31124,398
9048,84
60520,217
35273,2096
89281,281
8024,1082
16083,336
17072,1338
1303,1803
65481,127
50518,301
9086,336
4066,575
76460,503
63260,192
48177,308
73109,757
6003,665
45022,447
34100,74
86236,836
43137,8823
52104,1003
30048,198
68130,1069
54525,633
81167,108
35198,724
74290,453
8132,187
11439,419
14053,165
66218,382
45129,1370
32128,204
62218,331
2626,346
42275,6471
35191,2208
72325,814
31505,306
2015,78
82154,217
47314,409
16342,305
54428,824
2A324,453
28333,150
54517,200
38066,176
40332,2338
39310,472
56026,2242
33048,301
60657,246
64181,332
51070,234
21149,136
38483,1638
60356,631
74292,1086
30212,2278
76479,152
17150,537
2B291,38
19122,166
39211,248
80057,70
47182,232
58108,72
42202,679
19069,154
81044,307
5016,304
65014,41
2677,232
25505,1051
40126,1894
74065,555
60498,521
88333,122
59427,593
30237,702
22203,4103
28188,860
53085,192
86066,31003
63028,400
31550,514
36237,677
37237,1342
95309,225
59535,1598
35257,5088
77441,2126
24527,1005
40322,180
54427,90
76749,326
63113,146351
62252,2590
55172,60
87023,178
27623,489
28130,1003
62161,788
62198,352
62882,1203
22331,189
63350,1395
39321,164
3132,559
66001,64
67379,886
17252,317
67123,465
59296,353
8202,504
59596,536
13119,6873
47007,163
33115,269
93064,47180
80709,279
27381,174
52033,117
95488,10130
65187,99
87161,4366
76724,130
14393,360
61268,126
28177,765
29214,677
35236,9542
46170,932
9027,80
1314,1842
15064,82
41085,1093
57175,253
2670,148
24364,640
62154,659
32008,73
38561,1713
54153,55
2043,62
57049,4684
53184,158
41101,1133
80794,46
66037,13227
88376,294
53143,506
94059,21112
55071,165
65084,282
88066,64
77357,849
81259,220
24349,335
1399,2941
57037,268
45018,948
62418,308
58056,282
72164,63
88355,1224
60040,645
51050,137
46069,179
89194,115
27366,209
76512,35
52260,124
61279,617
17291,6765
33515,409
8436,407
24089,
88526,427
55175,175
25238,161
47032,6530
53120,464
61286,108
8013,382
34199,7797
1002,270
47126,96
3181,295
17197,3602
59260,4133
80629,107
79056,759
72180,4996
8431,92
50200,824
89176,135
89102,2137
36213,245
74160,1000
89463,256
8038,341
64425,531
11263,262
3210,378
62801,2663
14146,170
21185,527
63085,1140
58076,85
91587,6733
3102,2959
63334,556
73050,572
88127,57
42157,824
71405,177
15129,161
67077,610
78464,985
85149,407
31537,195
89227,1200
57380,104
76415,316
36124,225
31302,308
62692,403
39447,308
67368,1620
71059,3538
54171,1110
67407,1615
65398,242
64266,231
2B058,305
24324,577
82027,1473
58295,975
1149,1104
8069,133
19097,137
10013,133
88507,188
52147,94
33050,654
33359,279
80024,543
85106,1377
95258,347
2510,135
32142,136
29143,1021
51414,148
34130,1815
19177,177
61101,182
89382,1476
50450,342
54047,275
25420,167
86085,266
21451,78
28123,443
64525,848
62632,384
19092,
70262,148
18130,305
21002,265
51630,311
39379,544
72104,581
33421,445
26087,1305
65218,577
41132,303
40092,265
95252,37754
73186,463
79299,2395
11204,33
76236,367
21478,290
70296,291
2B292,55
1407,1008
86229,354
57553,610
21504,109
27677,389
46163,296
60306,149
70041,398
88487,3885
2632,53
43160,202
71271,148
26149,1037
48034,2074
33006,887
48091,44
50363,1489
15102,116
15151,140
88293,213
37136,533
59011,10847
26209,26
29083,263
77058,27498
38420,246
38282,875
71361,56
39512,58
27332,821
33408,394
42093,1355
67003,473
21096,110
51290,276
57589,2301
76016,134
54441,221
28033,810
70066,181
59567,416
81023,203
94058,35260
87178,2901
39452,540
76556,1105
87189,157
59184,660
56135,1633
73175,85
42040,42
3193,194
14377,585
45224,4987
8134,75
80621,679
12136,967
38166,449
85298,1960
80463,725
64487,197
26152,27
23197,355
59001,441
62321,4628
71457,120
31163,2608
61399,70
19276,2814
95427,15105
57716,1522
15159,274
33191,526
35187,1366
11297,160
37072,8144
26214,76
70489,759
67349,508
2A098,737
90086,213
78285,533
65426,141
80127,783
60296,132
60650,522
86178,2631
32202,294
30001,540
77238,4221
59440,657
45070,45
26177,714
84141,11974
46135,44
77026,384
74064,1250
10150,246
52161,72
74040,3267
62462,152
63122,62
25551,136
21257,66
18204,274
88229,87
34172,310240
23090,398
60396,604
70350,66
42229,211
58083,1327
60184,203
62054,617
9168,181
62894,3866
63433,80
61252,131
28315,26
34133,53
54549,3536
2003,1004
8037,909
46202,577
76502,524
37051,809
26357,1994
55039,0
11401,791
62710,185
37245,2200
54556,112
41080,1408
51559,3938
44136,1321
26331,569
42036,527
41078,787
77047,1743
2486,107
26382,636
39415,1056
7207,1138
43072,143
55206,125
57568,1305
18196,77
40026,421
13014,13832
28369,751
52134,207
28350,1005
21702,264
63229,1253
64475,169
1175,815
64460,409
71479,1734
2A008,1833
72380,892
32459,1147
55506,28
47185,2654
25296,817
76631,1308
10408,119
2313,420
16153,1195
54602,144
73222,6734
63108,695
73094,346
42320,739
42087,1334
23149,825
47235,473
47297,142
85156,2385
8448,958
59438,816
8321,168
38381,2143
52177,731
23195,1087
2592,191
56045,697
62568,730
61141,436
89285,279
64326,130
79144,382
40225,187
23055,29
54221,248
86077,1210
52063,83
18233,1408
28207,240
78327,4065
32371,86
62374,151
87047,1856
76455,538
43217,565
14487,756
82136,1720
2797,166
27057,298
2643,790
54536,2441
54563,1346
38360,395
63294,284
60236,225
4124,401
78036,665
23100,498
62303,221
27056,9765
77453,1124
36037,310
5044,122
38013,3615
88423,1389
46193,445
14354,1916
57415,1720
32082,329
55353,75
80097,124
70414,839
42290,592
11275,210
39298,59
89458,162
82157,117
59136,6764
28279,4021
32356,124
80430,178
17332,416
70244,120
74311,4681
88225,2311
17062,231
80368,4306
50156,62
2710,706
46124,292
21051,93
63467,58
11280,1118
57352,466
39328,438
37130,2105
21655,243
55139,0
89288,150
68356,889
2023,96
82051,840
1286,962
4217,744
94038,31188
55186,2080
47019,1034
51175,205
27470,1155
54284,1101
42029,1540
83152,639
2B055,107
48163,121
86018,344
16038,307
31423,348
22143,1771
24289,1390
77289,345
71366,363
70002,216
68089,1569
46211,352
45264,183
58131,2505
43071,457
58013,89
57671,133
43253,192
51568,327
74196,463
12257,760
64527,1472
26102,132
36202,3537
15069,235
1432,346
57531,724
30144,473
19070,303
79175,480
12171,577
85016,2421
60596,225
2B087,2149
65052,86
42260,889
58154,113
11210,1173
24188,556
57196,418
5163,159
88280,117
50388,1233
22309,
25547,3721
76567,175
77153,11907
17196,542
25116,253
53128,324
25633,669
56087,630
10064,2672
33507,333
85234,8868
62447,4480
8398,79
71294,1211
64548,165
52428,66
64144,151
4036,965
2185,389
73326,2372
34269,131
49114,142
65290,171
50083,638
2A139,2134
51547,141
14366,19645
58129,164
43053,201
25229,387
27410,589
45171,524
42283,1206
31530,236
61363,60
22033,353
33467,267
40188,487
30297,207
66151,76
71354,551
91273,760
89424,132
14334,313
62091,98
44131,18745
40327,226
46034,298
21241,316
63418,605
28301,445
25061,108
60357,548
45044,154
32156,212
2B321,16
90057,745
27241,167
71076,45102
38355,117
62414,206
87162,209
38340,2055
27465,404
57386,335
66112,254
21177,187
54005,113
51185,277
67534,772
72370,346
59484,5949
32109,207
2663,239
55290,49
27391,1607
62090,139
25248,537
9195,26
65251,1846
63072,1156
60496,159
31456,57
38446,581
83067,4496
10427,206
80459,98
86264,729
10301,177
76465,528
69191,6327
77445,31148
58046,1653
72036,323
53197,949
65361,106
84143,1082
65319,126
3259,320
67417,301
62105,503
19259,228
67415,466
76295,1108
54216,119
58246,678
63029,264
83036,8121
72192,103
32110,391
84023,104
2B274,92
32023,86
14431,9766
9085,428
48087,246
55143,129
10437,588
89255,1078
52121,20827
91035,368
33260,1208
9322,281
23097,291
64198,1765
47216,701
5006,2288
28104,915
62052,424
27617,528
28410,296
21341,97
71501,141
37214,17029
95341,389
77208,1299
71292,1348
3219,227
63405,560
77306,499
78076,301
48080,2836
79338,234
26179,2816
82035,346
64545,10661
63218,197
70569,68
51560,107
55571,260
88283,80
72045,757
85008,7191
17069,213
8342,234
40290,104
15132,31
60367,329
89175,134
84054,20244
26188,1043
87073,388
12006,335
87021,2667
51107,345
39092,200
41019,110
86107,487
16418,1591
67029,347
31165,6539
7263,122
69106,1332
54077,1042
61052,187
58168,440
71017,87
17216,1004
79198,258
29230,1645
85004,3115
27055,331
70147,213
32013,22428
34050,2091
72298,
54451,3863
29135,4075
37038,737
16286,2919
4226,499
37162,460
60528,115
2A247,11198
27616,1941
12029,206
95203,26211
38036,96
31336,628
5024,204
13091,6097
7231,2920
81039,1938
33117,220
2238,1812
28316,132
59387,1943
51595,143
2746,685
89247,223
28314,152
9087,51
86001,698
11167,130
89431,61
60595,431
45204,883
50410,4280
52019,78
34049,212
80764,308
17148,438
69065,1001
62174,1324
17441,1148
12110,370
71145,569
71072,142
95287,709
70126,206
58078,51
6075,5377
39165,58
6001,104
86194,89916
63154,416
60346,9082
22286,495
50582,3026
90077,308
77137,245
45137,697
10017,108
28199,2464
2B257,162
1015,710
57481,2711
83031,5140
17310,1272
46257,153
7090,1235
35156,592
36085,234
63116,2138
44216,4150
60678,1196
62570,11619
23264,52
23227,211
8486,1504
2240,183
60154,1630
42112,410
90076,1196
60050,388
59548,686
80588,368
2232,366
70534,122
48131,126
80126,927
85199,529
83061,59719
56010,6367
56246,2121
15149,256
58099,154
38128,421
24137,768
12076,
28035,1000
88203,350
84094,585
76317,428
32255,141
89402,211
31065,3087
50296,238
57198,187
65155,50
67263,1490
38269,4963
47087,160
28292,785
72149,589
64143,159
62644,493
2402,38
60232,435
27039,545
7346,3633
35189,3827
60398,2439
76014,1395
10364,68
79254,431
6091,2123
39529,70
22360,8450
53121,1314
53235,226
22366,409
41118,238
31317,479
34264,208
31345,2838
81222,3561
62143,46
38444,114
52377,273
8143,83
88255,88
43194,697
17192,878
42279,15764
30243,7310
30245,798
33034,453
50399,176
65438,76
71185,325
30193,629
29094,665
18198,374
25284,5873
11268,87
54208,297
80135,249
40093,215
56093,714
80146,197
57226,3184
64557,463
37068,707
39389,599
32456,56
46255,324
70448,153
59521,409
5053,539
9069,47
76019,405
64057,1837
64528,165
62333,354
32211,201
24584,998
60476,201
50575,856
14427,282
52043,46
10161,49
25279,118
76266,729
85120,1519
55212,70
17084,687
33532,477
60351,115
24062,172
51342,233
23072,229
76058,218
62522,252
76087,698
3001,2915
90071,1180
69217,741
52275,74
77358,1373
51318,583
57623,692
71203,58
53222,354
72057,69
49353,16333
58193,1445
87079,793
17240,3222
81043,715
60431,500
49048,3225
4205,1379
78616,1434
30246,97
82123,1789
51581,252
68199,475
24226,1443
51428,481
80568,362
34159,3301
74054,681
18038,567
70282,1049
55573,1599
64049,240
67304,611
80120,540
80001,22395
34059,326
42052,3766
76039,1190
46046,471
34110,752
14165,207
63156,54
1023,78
21180,159
59635,381
67380,209
77070,1576
13208,84683
76294,373
40176,105
14311,1105
62131,286
62650,770
55076,187
60075,143
5104,338
39218,431
78551,45931
62291,2805
43061,875
76193,383
77197,173
19169,296
31357,302
42304,6621
62630,256
4210,95
52437,25
11224,30
80384,178
85116,498
94034,29528
14086,307
67032,197
14574,1756
80376,627
24414,270
78559,449
60012,3434
35107,2034
67273,444
8488,2732
17254,206
10406,1923
51492,1456
50509,685
36073,205
14660,125
21572,407
67022,222
76040,321
53093,286
14338,1834
44002,4156
64092,358
70550,15078
2B063,57
4096,1146
60224,180
71112,229
8138,248
35250,2433
55216,73
8300,
45153,696
87121,475
42132,648
25477,436
26360,732
11288,1611
69227,3942
38421,37695
13102,6730
82187,640
57408,799
8357,754
11424,88
62377,941
80747,139
66208,2126
81131,2305
50247,196
51597,319
36041,135
79124,125
16188,339
7338,1982
16242,1354
83116,17896
49378,2582
58097,88
57292,15
77217,2948
87187,6830
11388,48
33475,414
39238,110
55328,279
38514,198
71582,648
27207,568
10347,216
35314,1018
77239,1630
60478,375
88115,1509
10315,39
2441,203
52066,58
89181,136
15024,78
57137,833
11083,56
53139,408
12220,325
26060,151
80219,65
23131,654
67550,1656
55498,426
8033,94
70383,443
9279,47
71544,170
10075,110
86051,215
14475,2496
80603,322
52035,167
50619,321
16239,142
55398,1036
62095,222
15225,215
40083,115
88213,126
2B261,530
35059,4738
31274,178
11201,819
71029,315
25324,163
57061,1095
67148,156
61448,423
50489,535
55007,245
38267,825
58053,305
14015,819
32132,6247
89262,155
61152,101
25402,23
2A204,90
22137,1497
74060,121
42214,1096
80717,976
54106,64
62799,942
77462,778
27476,396
80671,223
51112,464
81100,398
17276,71
74255,2325
38069,1582
62620,1381
39465,204
59269,1413
21332,1006
54577,144
16140,
54039,4089
8354,813
21036,80
32043,149
85105,525
80312,278
54231,183
55547,113
22145,812
80726,269
89130,1245
62607,59
86048,1274
54097,92
28012,3609
33390,423
88085,192
14369,271
52369,70
22340,1201
68054,402
14093,238
52497,431
39364,485
52231,97
72224,528
24109,103
39565,96
47137,1330
10175,155
30007,46125
62356,791
55059,177
81319,528
69230,338
16270,398
32026,104
68188,586
40035,598
19235,232
23043,94
83111,2165
39282,76
70299,331
47005,490
72070,249
45270,1982
79131,338
62111,277
52302,185
91482,580
38159,543
64341,127
6083,30604
71202,1841
63348,195
43092,335
2602,1637
26097,611
72280,2285
10355,81
72054,3666
34062,164
80189,60
14106,661
79008,822
27598,1224
69181,236
69066,4306
8166,233
65128,132
16060,436
55163,74
37205,1403
85161,2571
77418,848
52135,84
45006,1203
57465,2277
68303,229
43251,3395
64128,154
73149,286
50430,34
56082,395
30064,163
54042,304
84091,5718
76565,1219
85233,
14598,300
2541,424
2385,170
55054,63
33319,448
79129,1757
9215,110
41097,2268
72042,2127
74226,597
38459,964
55494,407
63060,109
50468,758
18280,708
63148,2748
10250,213
64291,343
66129,1980
31322,64
78605,1219
21667,386
70536,125
37085,792
55366,952
85038,2938
86125,547
35067,1744
25087,179
60117,305
52406,195
2A014,79
9239,139
37122,38423
67267,20826
88266,844
86089,377
5058,186
25281,270
26352,260
83098,10933
48112,158
2116,131
21100,36
67411,5457
59514,3980
22212,1140
71453,234
65452,1006
82168,317
59329,4883
72274,218
13107,5780
11027,805
38308,300
51569,514
76403,203
74165,708
21384,87
79210,1091
77492,620
21400,41
21398,364
11133,54
2410,239
5038,298
80332,382
95002,1108
35033,3411
28296,254
72152,407
80244,168
46117,650
63215,758
21182,93
79092,348
76509,1849
69238,3785
67398,383
77089,913
11414,23
25088,85
80183,278
2671,276
59207,4202
14082,187
8454,83
33542,883
60695,1380
16024,564
67343,5857
27072,741
51660,2749
57237,304
43232,330
60379,616
26019,271
71014,13172
7022,1296
71461,61
15079,356
33213,4386
31191,109
50013,370
22003,973
82095,214
84044,1177
48191,94
71424,209
77338,580
76356,111
55192,35
41008,672
6019,1668
68107,406
14437,10331
43119,805
71470,363
63073,427
77325,353
52523,61
81035,223
68218,3694
81049,356
54434,267
23139,558
39535,437
12166,97
2B334,124
76250,1207
57404,234
17093,4366
62616,186
25196,1363
1209,912
7007,1048
8358,264
31398,105
80729,178
57016,405
39247,73
88046,131
32266,151
42115,1227
45330,208
74007,2792
87127,590
9157,2454
30016,252
49224,1028
57211,1193
66233,190
84034,5667
1009,348
18004,1142
54159,9424
15209,120
38156,1028
78439,128
43060,67
2253,361
59115,704
22321,1523
51277,277
30067,441
33244,403
60656,265
70128,380
22039,578
49054,2801
70312,836
6112,4209
64344,380
70323,174
76501,128
53071,482
27157,1320
48128,623
95102,432
5109,518
60355,1116
76057,12022
64207,429
31522,66
70491,471
8023,64
3319,494
2064,3659
36087,294
70195,272
19016,311
38260,520
34262,267
11292,188
10420,2605
2B347,269
29254,4773
60204,297
21425,4639
27342,193
40255,472
7002,553
67361,484
60189,949
45076,219
76526,197
34112,236
72315,828
81088,619
21651,213
10405,61
17154,740
21696,82
72335,1085
26135,122
10170,463
54301,133
18183,147
73114,799
30039,2348
47109,302
30090,277
59233,342
32095,598
10019,356
69054,369
60530,210
46313,473
64068,1982
77374,2136
16291,7408
63112,637
61342,1430
89013,3114
88269,304
10421,146
17081,370
45135,291
54065,1081
40148,76
42245,564
79086,1885
52319,64
63212,1426
42288,669
72201,221
24416,180
70071,62
40105,424
39427,64
1263,3799
71534,107
2A040,419
84019,14024
1320,3956
58102,1525
8092,192
15020,84
31204,70
88415,3818
68361,315
23057,545
57313,136
66038,6616
16213,314
63139,656
48111,231
1192,2299
11421,599
59089,1445
3225,424
3241,354
44123,1010
68026,1326
18034,273
60387,1409
58185,538
79180,
51502,101
61300,366
52365,361
55177,45
57311,523
67300,9318
68024,147
30223,4456
43239,839
3216,162
23204,158
2183,197
83092,4838
29165,3718
84056,5201
59065,810
66130,1390
27656,1274
33128,634
89478,913
39207,89
1040,475
27431,511
41156,508
80722,504
43215,204
28401,466
71515,103
63015,215
59464,2126
76118,245
31076,461
10285,61
74126,1076
29059,1043
10054,130
18018,2909
61486,4813
61028,449
71331,99
18284,217
28334,2086
62695,253
50003,3020
54559,327
56136,763
15051,184
24260,879
56230,469
50044,333
88518,26
8242,399
77468,22810
87020,1631
87084,171
63002,97
38266,448
95011,388
45124,169
77093,400
10396,502
35177,5033
19223,
61341,1663
81081,1313
31139,205
88006,300
17128,721
40306,645
25634,687
78618,530
68180,928
46149,721
91602,503
24262,325
32097,112
39187,277
14054,207
54244,111
32418,278
57561,707
50390,159
28120,463
16039,465
64116,255
70105,144
54088,196
8298,1535
15143,109
49030,929
79174,5752
21094,382
6013,601
76400,2169
78146,30598
71317,185
17229,237
74002,2664
79304,760
18224,307
90052,2907
12189,369
68300,5666
15262,535
14335,285
10445,55
14232,177
38247,3510
51549,106
14496,58
34304,948
89308,216
31511,268
76456,785
41158,2442
22343,3821
22176,6933
2077,
44061,3307
90033,5623
71297,749
44085,945
46302,127
70237,110
64428,140
2192,364
14124,548
18030,998
31449,137
32191,141
16389,80
3053,1131
80318,3221
82160,260
53116,716
68098,651
10129,312
37282,1348
78516,970
18075,1021
59316,3326
50278,258
77327,8867
28040,310
50578,80
2750,541
38386,2392
31233,1017
50299,189
51339,565
16352,233
50592,2217
60566,202
32174,223
62048,10051
56234,2344
43094,77
54350,704
10156,707
44096,4724
9334,599
77347,864
27278,1996
27609,335
15260,102
67187,582
80583,277
82126,1379
72111,489
74299,2320
60625,518
72299,2483
50239,1775
1011,415
37030,810
12153,436
2319,518
2327,166
8272,55
76076,260
31014,90
2162,301
38549,25
60409,2155
80229,374
68075,836
85285,765
76658,689
70521,176
77401,706
73314,270
69002,235
59670,1387
80695,469
48086,208
54233,31
1396,1021
14261,319
72127,1826
84013,314
70485,224
34340,1768
73064,5630
63434,542
8416,185
82185,242
7065,289
43247,62
78015,13834
34176,3009
62094,379
51060,153
39315,365
31090,366
67298,560
67257,696
10335,228
35185,269
62588,1912
3086,285
25053,95
62742,289
26301,4193
81098,712
63400,1063
39330,133
32194,213
33192,26952
44063,3883
54250,729
67280,790
54461,69
46220,769
21316,345
62622,261
31066,4310
14327,23470
59039,757
67258,192
26306,330
39258,644
89083,1868
77263,229
67346,548
62814,96
2B016,591
12174,3559
32072,55
71549,200
57449,582
11361,835
48016,608
47017,405
67140,798
81313,225
48089,484
58298,392
71355,276
78506,808
60225,844
37173,672
57656,387
74211,3245
10209,2267
92073,48956
30037,2606
27269,189
70175,132
38221,132
34027,2264
23198,134
3064,160
54190,105
21194,982
51217,2890
29117,5709
54508,235
30095,620
38235,445
31306,123
71230,6528
63392,631
57201,714
64337,152
60559,855
43267,1488
28216,230
33457,663
42218,173136
74004,397
50277,638
66053,2756
65116,309
46212,73
85067,1009
2B036,97
1268,239
89019,150
63364,703
25004,1071
88370,75
71538,423
80550,121
58293,404
53273,1109
61273,51
46181,94
21404,389
76050,994
28421,245
55521,230
5161,892
62452,1389
40324,243
88521,267
28373,3045
31373,171
22327,1625
51532,564
43234,1652
55520,467
68273,653
26092,768
2340,5183
2157,827
2442,85
7191,2239
51487,356
1014,3555
33362,1314
30051,1278
88030,148
3272,271
41006,421
57544,601
18148,2632
19114,162
39494,383
8104,55
57753,62
39020,100
85214,2717
57264,417
2416,409
71303,489
41196,80
24105,142
45160,654
80443,1622
19190,188
63153,72
72214,12
89302,217
55268,638
31067,46
62242,76
51256,316
79334,1092
26256,131
31281,1335
89168,164
86248,531
25325,236
87123,141
7037,135
4127,343
60166,1050
2334,2890
60244,143
54035,377
82028,798
10143,141
3196,198
60477,1367
3185,33147
33461,376
74305,9514
3155,1821
54468,104
80707,80
9256,52
31042,2076
74154,2614
11384,126
49301,25797
36008,240
57422,880
86068,1194
33009,11092
76520,594
31490,8662
80559,146
74288,5264
33427,263
38414,42
31503,1027
23187,178
61457,494
7218,356
30108,151
58278,1486
73289,445
77344,2496
38050,655
76281,2074
60550,227
26328,55
11132,1306
78291,2052
16223,2000
64439,1672
34180,1634
29284,2429
26041,1475
40297,215
39054,91
79326,1400
10264,104
65416,89
64421,1290
23182,159
34139,1486
35002,1768
62367,774
94054,24658
25368,1447
12219,367
3042,524
65443,18
1288,2916
63256,155
22363,1245
62246,146
67201,303
85098,2011
64177,645
68078,1729
1402,670
28108,213
63226,3111
11218,78
57382,627
24042,731
15083,2040
60131,100
7265,1357
40274,1367
4050,29
88390,104
8205,67
19051,164
70401,155
17274,8877
38039,3334
76721,327
3292,925
76407,310
29091,1999
28160,941
70162,492
80697,36
25474,104
51286,230
17381,211
25186,1055
79302,1306
69252,712
55395,60
78391,383
70232,132
67476,744
88198,544
11344,712
42326,951
67074,626
2A132,146
56212,2645
10180,90
3043,1217
85021,
14293,268
79130,2967
34277,185
10313,320
62409,205
50172,341
24575,236
33087,419
61082,86
79022,180
68203,1396
9132,235
52550,2771
14341,11937
18264,77
57627,426
47171,451
17351,2136
2270,153
31417,8977
23030,2364
76582,240
52401,361
26033,942
93048,111934
21578,296
7297,513
7151,243
50523,2896
90062,282
59259,505
71124,211
16018,686
91319,654
80691,344
35017,675
38304,1475
2B265,531
68151,1022
29232,64385
18161,228
51590,376
3304,2292
77114,4075
14005,1682
32079,1187
71082,200
66211,187
60603,897
80288,379
19120,248
65127,1298
2128,1411
59113,1340
33281,78090
59117,1095
44149,4115
54145,935
58028,114
32075,225
63428,286
88500,805
61408,349
35030,696
3204,616
71081,2637
58152,1432
89223,666
89229,480
30304,229
72115,966
38268,250
44041,6539
64235,320
62510,30063
52547,210
62265,1124
80746,1085
1239,650
91689,7151
21106,959
8283,119
68268,689
76644,803
47033,392
53091,468
80287,244
70222,105
17275,796
51082,95
62341,401
1397,1022
67104,581
30309,347
2723,95
21292,5093
52172,265
40021,988
38412,4490
59544,10947
57262,604
65117,43
19089,181
2579,131
59098,4978
62764,4494
5162,1369
44036,12260
14204,168
81030,112
3022,983
60194,239
95369,3012
57653,35
57446,56
76719,849
11105,659
25390,1923
7008,1519
8255,220
76085,347
64461,1077
84151,217
24184,170
14132,202
64355,139
60366,359
76255,6499
39577,381
16390,240
39120,120
68126,3410
74235,646
2A345,640
26113,4844
77316,12810
84003,10143
61229,135
28074,239
63456,327
76575,29518
94042,20525
28185,1335
31245,177
64268,267
10193,298
72066,421
65186,41
70009,100
85198,1394
52364,102
1088,951
21250,84
2A028,135
56188,1444
25182,104
3098,4259
34087,3616
71036,67
32380,142
37276,1290
25317,279
83062,26476
69112,6623
34268,698
31012,93
27635,144
16076,873
86261,2394
15018,140
7122,1911
59356,2155
38297,1864
8110,174
27151,1701
64270,1028
4149,2798
88372,5886
38140,8609
88273,459
24514,240
2B164,25
16420,244
29011,3727
63262,2897
43095,143
36186,232
67347,1774
78320,742
40261,3089
50321,469
71002,1233
10119,161
64492,290
48144,303
4104,385
44162,50973
88095,1723
74109,931
34194,4039
14096,262
64329,1271
57330,1268
86109,239
12186,212
63058,607
6022,557
34135,3414
55516,548
85251,642
18195,190
31479,59
47281,242
77240,2230
71327,327
25607,50
3104,1109
78314,4060
21043,198
25481,338
21312,26
89291,324
87165,146
60107,3183
46286,171
55155,365
66088,5556
76395,503
74029,423
59141,579
86172,170
45122,1466
22381,354
66221,34
38026,1146
91226,6986
57393,186
23213,196
32022,186
22092,268
54168,319
76717,689
59234,5424
24053,10759
8187,314
2358,304
89380,450
28335,828
19119,152
22305,446
17036,794
88320,778
46079,97
73116,473
61024,630
33535,5290
37259,426
50111,1005
64249,1306
64480,193
74112,8925
51125,45
10035,738
39052,78
34107,319
36111,187
27008,1567
73182,2311
42001,481
89252,172
32242,1511
66100,153
87076,242
30331,1829
42141,555
2636,187
73039,505
60328,294
54564,141
45306,784
21711,94
63207,801
38173,260
9233,43
43076,131
14713,557
16236,2359
81298,495
88435,518
8199,753
41276,2584
27238,1097
8469,486
7237,817
48079,114
37161,812
45339,471
68228,461
76408,1054
63035,1328
62706,2687
41213,96
36170,102
10115,2013
31185,118
84078,3833
36083,121
27134,210
14694,529
46319,181
38334,1312
63296,739
72129,929
45078,249
25320,1273
21319,907
60546,139
11328,231
54349,172
28210,229
2125,175
68340,333
30154,368
50288,1275
54561,37
31164,206
63012,912
57246,204
49299,3106
30356,2799
6021,740
2083,736
10072,32
47194,324
30287,746
21041,186
71199,175
40097,498
80063,937
2122,55
39573,806
42154,484
22139,75
25472,32
48194,447
34339,185
7275,118
14055,376
58107,151
46232,955
68196,286
38129,374
56033,3232
78125,840
12209,709
3091,428
80324,143
25513,50
62590,62
69240,635
22375,670
88485,134
18256,337
24562,260
68140,1259
34188,163
14223,94
82129,140
77182,4743
82119,663
3263,201
46036,121
67072,640
32404,587
16233,950
9054,355
21527,284
31200,80
76181,136
64324,1735
55174,65
84014,1130
2B159,81
66039,129
87086,1001
27590,228
2207,224
27454,465
57683,7021
46226,236
11407,290
59479,3145
45189,247
30035,250
44186,7201
66032,60
43138,402
55024,168
51525,2044
72196,725
29272,3431
80143,109
45278,1054
43140,691
76653,379
56205,903
88307,91
63118,413
39070,88
27442,193
73226,1713
2798,1192
67060,650
27464,946
61275,1429
14116,119
42208,1885
91377,51729
29172,2282
2B318,623
18190,818
70051,49
76052,220
51158,549
11392,292
57202,1136
32320,159
16393,2841
37071,130
45321,684
33443,149
69275,29877
32012,1134
54136,2389
1017,419
14732,286
76338,200
61032,314
76208,625
45331,592
79259,1328
40030,50
38377,3628
33114,2372
29228,650
89048,334
10295,321
85018,4035
70295,185
24076,416
59068,3159
39169,579
41160,311
58027,119
80084,197
71003,804
48147,644
95250,10570
18206,1581
72272,337
80486,590
67295,593
4139,525
26282,233
80563,102
46192,269
45009,1157
57763,43
37176,1160
21178,331
74019,3807
60279,233
55285,142
39460,184
49269,2828
10103,157
32377,198
59495,2338
43258,1797
66210,8243
73057,442
88028,631
31050,662
47034,630
18083,779
59217,328
77225,352
78162,540
40129,1018
57348,787
19075,381
32225,100
32189,105
16050,247
80775,655
14390,208
47055,514
21672,29
40047,254
50604,719
10077,90
57439,613
80052,243
35052,505
29098,2221
60295,438
57633,1178
63437,140
51300,96
81175,396
72048,558
63340,268
25558,1498
22002,1180
17369,2355
67115,2284
53270,112
42252,
28176,666
17311,1521
83059,3389
54412,37
7235,209
68335,451
16194,109
22098,1444
73309,341
87176,692
11012,2124
66125,360
7307,437
51055,6975
42077,320
77118,13353
23200,157
95270,522
38530,2472
76545,1798
53057,505
78472,325
28251,1059
51391,2081
72001,1695
2103,1315
74279,879
48063,218
26108,8658
61006,13527
59474,1000
42083,524
30135,3875
77424,257
67522,525
35226,2087
48153,89
64230,5676
48110,87
62535,149
50476,209
80411,492
28105,547
28329,143
86131,898
12037,613
57472,146
21483,285
77509,610
80810,136
4046,693
73202,471
59205,9039
59623,684
40252,633
31419,163
67344,309
5086,104
64180,214
59219,725
85123,302
32138,146
59637,1301
3254,4884
88118,716
72128,530
80245,287
3105,364
65118,30
26215,395
83080,909
77029,185
71281,301
17437,77
64509,172
74062,1537
24224,708
31290,32
25306,121
57692,67
17117,135
64534,168
70028,144
54066,374
88179,40
71433,457
30073,1695
30218,243
94065,5611
21433,381
11309,89
50121,245
2109,464
58282,335
45040,1870
63033,312
67478,1897
2A331,65
85090,6385
48073,108
85207,434
34010,2979
16354,112
59573,142
71438,505
39237,58
31318,194
38136,600
24179,820
73128,4740
50208,164
6009,105
18200,253
25526,1501
77018,6980
64374,1194
79285,1869
88258,786
79058,735
46082,410
57615,960
13048,4547
79001,1047
71279,594
26191,2592
52171,243
27417,650
16208,398
71305,870
18036,490
89259,101
89456,667
54015,254
40182,868
95094,314
73160,1038
4022,413
42131,317
85247,1150
57680,1267
30036,3286
27472,261
24555,636
67196,2604
94048,4781
23017,167
51098,135
70151,38
29100,401
62603,1095
74254,595
61180,108
40221,342
34118,502
80737,162
33489,358
10346,51
33350,1247
27005,1234
33204,569
45208,14825
47031,5846
44182,5714
70371,189
33478,3167
30235,798
64201,225
60473,346
61497,1678
12128,229
16261,506
8413,254
88147,411
1367,679
21442,597
2754,187
28046,497
8075,157
73054,7270
65479,362
25214,510
31433,9782
72021,594
25235,328
2097,272
80002,263
39456,348
38015,1799
59164,238
50482,181
9284,199
25622,312
51360,286
1338,1227
2105,183
70467,2814
3024,274
54239,137
88480,170
36224,1112
56182,1037
67246,1172
79150,843
12039,258
8098,53
70187,248
31436,429
53126,1001
88455,100
27049,4414
26043,141
24302,289
47046,581
83012,2984
42064,759
28406,1238
54312,506
37002,1746
69034,43597
60109,244
27659,127
33173,176
50342,798
7202,166
67544,7566
30242,160
19060,643
38330,106
54471,76
64457,183
37202,540
39132,30
40065,9184
5017,2628
9339,739
77532,80
62739,310
36016,923
22260,597
61029,827
44113,4292
1274,628
35139,5225
21533,83
35154,1758
12228,314
60401,770
18207,6463
31110,641
38012,2876
17186,1113
38169,22020
77211,1009
42151,427
35247,1059
86154,243
29276,1143
32442,352
3201,282
36042,714
28417,1351
71212,1394
68150,502
21701,124
55323,66
7204,2277
16143,714
2B320,288
8239,1224
62563,8217
39336,111
30059,2578
89039,75
80763,332
48050,457
73067,1221
67452,1853
34272,3293
8088,140
59107,4189
81075,482
29176,1781
46218,184
79207,616
59336,1346
9084,99
57263,674
64437,226
62614,577
58221,157
11061,327
29201,2074
49069,
5168,741
62196,582
62439,407
53180,667
15057,197
8318,354
57572,2070
10146,80
54087,145
3195,2368
74197,1771
44217,6692
33047,1846
21125,214
47051,2382
40098,345
2B230,115
2744,81
88126,1364
28084,654
14610,2160
27673,175
57492,442
67422,573
9212,100
14282,220
10032,252
57354,146
50574,252
78415,589
45310,1709
46296,442
44026,20921
10435,197
6018,10511
55553,1269
17209,267
34078,1745
32099,72
76001,1153
44195,9543
9072,45
31576,344
33508,637
81263,400
17385,6633
34254,1135
60029,2898
22317,270
18064,233
85117,602
14535,627
2421,83
27436,423
27530,75
85294,3136
14077,828
88260,140
55453,59
39100,95
27426,1289
80306,136
35238,230890
4068,838
73299,335
76543,613
74114,526
82019,757
25635,179
24466,336
59138,689
18270,687
39104,638
2A312,364
62584,1317
66108,4417
89268,781
88250,415
27582,1792
21637,208
54516,17
80665,139
52517,116
70211,72
71022,627
52308,405
70293,68
73151,3974
77473,458
70470,162
32199,177
50235,285
17068,234
55258,639
79349,153
14230,111
95303,207
23041,266
57142,408
58229,309
12305,1210
60537,3871
66179,1045
41012,210
77413,3902
80246,346
41151,3611
6047,103
18205,9647
78030,1963
62311,1979
14516,2089
76283,222
55505,3172
69105,1076
43211,2688
21207,79
35131,4730
17339,1299
61010,133
26262,330
64382,325
32360,134
54032,192
67426,374
76113,429
21435,293
82084,171
94017,78072
39146,598
15172,84
32064,408
19123,8239
8070,378
71174,162
66158,165
38329,79
19108,80
32144,72
67345,3992
52206,154
47308,228
74175,293
12092,515
50046,442
34129,17351
11287,91
1066,98
76026,2412
46172,925
55584,133
79265,1247
65060,66
49218,15726
9057,303
65322,250
2B051,61
91079,550
10220,1528
32092,105
56218,763
14037,578
76473,826
39547,678
27191,2490
7074,158
2664,122
8437,182
2817,84
57192,1206
55288,1358
62499,291
2B233,148
24206,106
18007,66
7223,142
57033,516
16360,407
38124,2375
67302,1995
61440,826
73189,222
57607,786
67517,639
51564,586
61361,178
11021,479
35111,732
68312,319
51119,510
78674,11931
42319,675
71021,274
28267,538
1210,241
42266,655
85099,1156
80278,201
62828,55
66118,324
51363,275
60332,687
74168,1062
48165,193
23130,522
85145,999
57761,279
15257,132
59377,1841
57663,8120
2690,67
85179,1246
65397,156
78575,7747
79253,684
76232,626
22114,874
11226,86
61317,180
70545,135
37153,4833
76624,3665
31500,548
17330,1365
28230,408
57305,456
30098,522
33085,3181
27196,1322
3289,520
27693,1267
54363,276
10007,108
11188,1995
58143,151
26155,1178
11187,57
10074,499
31051,475
27101,470
37189,1011
80760,353
88459,42
69289,4616
89338,2849
33113,143
11386,440
51109,206
57346,605
29093,1407
11129,1774
48150,185
81121,288
71111,296
61088,41
58029,84
84085,376
61030,269
55140,23
60226,411
93007,62376
52347,201
60622,481
60589,3335
21457,94
28289,229
95040,871
21539,67
52526,82
82056,211
45322,201
2731,155
26340,237
46250,75
57338,504
52087,228
29030,3584
81069,879
35221,2833
57258,113
46055,1049
88432,153
51100,95
18079,417
17043,770
14385,164
25548,131
60605,351
38254,502
80030,212
65191,132
19226,105
17396,2026
34178,3000
67205,4570
16250,207
79316,424
16093,1543
70437,16
64073,265
85303,1835
6149,10602
54367,2300
25007,105
77244,730
33090,5756
79335,840
86144,319
82177,154
33080,6909
2589,367
77315,3945
82191,402
14719,779
62290,370
21373,798
39470,3740
60545,560
91333,4271
62293,241
87072,516
2A041,3344
2346,630
47027,2977
58280,594
54322,5134
39458,234
78003,3913
7303,274
16183,167
95183,7311
76097,103
77392,1038
32210,794
80354,211
73311,88
62774,4668
55341,109
22288,372
81087,354
39021,587
77207,166
70311,6663
2542,80
58124,738
89434,342
15002,224
21600,133
21030,89
52053,65
26192,267
24394,144
14360,204
27555,243
22215,11507
74082,3832
33446,163
66171,12068
11101,54
67266,681
3006,594
64327,196
27108,1191
76177,260
27516,1321
16066,482
10117,123
64488,449
41146,986
95141,32
67414,1471
59305,1638
57267,789
84070,1969
78615,1023
51439,540
16200,473
76180,190
86029,819
54064,320
70496,31
45273,3065
50054,198
24422,130
58059,4705
49163,2798
32117,862
62332,496
80195,147
85288,8492
89420,1083
43007,620
52426,129
85301,1799
59122,31134
30325,1222
44125,2685
45311,654
21426,226
5098,510
70238,127
59550,3182
57693,823
22296,664
56055,2074
60149,2036
14310,812
34058,6883
17411,1121
2B005,30
14379,353
26186,73
54020,440
22128,434
8289,580
83146,1668
51281,618
16396,122
78361,43526
50532,4507
64294,144
33119,26834
35347,2620
60686,2284
48116,557
28128,433
2462,221
3261,179
43142,629
8016,196
70320,94
72228,1950
35211,1772
17253,1378
12065,462
70287,48
62072,213
39006,412
14627,396
38453,1897
74191,2658
16269,872
67461,323
16338,303
63423,648
30121,313
54355,89
53094,2294
46338,72
31378,66
51040,235
36228,2228
1236,1039
35041,988
66225,1976
59547,871
73303,7154
84123,1343
89115,178
68138,2122
89290,54
72348,136
38120,745
16110,814
31263,3303
2826,348
22264,2629
80533,2540
22067,2601
45275,497
3023,8943
72376,645
54135,1416
61435,261
44199,1959
33355,1470
39043,1481
23112,711
68232,525
33366,12626
87104,450
46318,240
26185,611
86083,1155
4101,143
77013,362
25382,610
12045,412
28080,263
47078,1358
60422,207
19253,192
50596,310
70053,75
70274,47
10005,245
65455,440
21710,1054
28182,319
28096,1321
30260,1106
14047,12659
77112,255
45087,3065
54396,208
28081,293
68002,372
71565,552
14700,692
63269,879
80607,206
42075,1342
59408,1663
89398,374
56109,1264
8391,922
16414,336
16238,
6040,62
8094,54
2B280,99
76036,695
87041,2034
89479,285
78367,4141
77291,992
82103,101
62051,4625
95008,854
59600,936
57445,700
44204,11004
81073,182
55540,57
29252,997
72313,206
31133,88
21473,1402
58286,530
2022,396
25124,285
51212,165
64016,332
31441,153
26129,1097
77425,746
24418,901
4230,3137
2490,122
88156,157
59035,2232
11112,83
57443,6539
28022,1175
55111,430
19002,352
83048,3855
84138,9224
63130,262
51456,58
26131,151
2304,2796
9015,719
54302,730
17337,4067
51134,244
80390,409
26121,1134
81029,186
42204,1459
5129,153
14195,291
23109,206
56036,7206
2480,320
16289,298
46247,148
45019,654
88275,245
45257,527
60305,345
35270,384
31473,447
62233,1073
69234,1725
37156,11335
89092,199
33525,1342
39499,186
3294,166
12109,98
95298,589
55089,86
91244,1596
9231,169
70338,224
8419,1344
11029,60
21209,1883
34169,4135
88342,178
88200,58
76535,477
14064,222
11358,23
73087,6954
67545,508
73327,425
2391,229
38172,1673
64142,889
71155,506
21114,152
11391,20
13047,44292
22244,520
28303,96
77340,591
54183,76
24272,495
13113,8418
88091,373
51629,933
68252,1651
15232,217
61133,731
67520,5780
36021,792
77104,714
7300,480
14111,456
50085,1261
71198,412
57209,5109
50571,34
12054,366
38049,326
85055,1124
77332,302
10378,64
8363,5716
58259,139
59492,579
72221,361
11185,554
62328,861
44143,43556
30353,68
23141,687
16011,587
18040,354
7123,158
69176,4660
33252,957
25476,140
77044,935
80569,327
21432,261
4006,812
79220,593
62837,494
12160,333
3282,340
10184,120
62021,365
71308,35
42183,8039
63238,225
64309,214
25208,204
50031,2223
71469,378
2795,1608
63080,1422
33377,83
71129,308
50291,119
70304,115
35228,7167
9078,70
65173,184
60551,277
34307,2840
54202,365
68165,238
68253,2054
70374,95
80450,118
2012,79
34325,1685
70075,195
8216,334
61153,2193
1180,889
24096,767
16363,530
19011,1205
43191,243
59062,169
3260,220
2B260,145
79351,1806
81275,191
4045,1219
59140,467
88492,74
50015,
31517,2277
65244,530
83039,141
60216,185
15046,218
35240,9839
15081,112
45266,200
70215,271
80631,127
88125,59
48021,167
40019,1146
32208,3670
70538,87
21225,139
65313,722
3092,644
46005,330
57434,464
39103,295
89011,112
17326,288
32232,50
21245,328
30252,194
25107,200
31524,129
24232,85
46072,312
47113,150
80600,636
42081,1469
4133,238
74103,2097
77286,236
2B333,169
80081,80
9092,66
40152,1043
8247,126
63441,227
28172,718
59646,20726
51128,53
76004,520
11006,87
81013,383
40040,400
80150,220
80804,167
62501,243
33347,305
52258,306
30349,592
50124,172
27047,335
67008,1447
7023,389
24488,373
84032,527
44205,2638
46180,625
12035,170
28219,430
59167,177
80670,530
59253,7354
81272,230
72368,283
79012,1257
2123,296
16030,1080
5181,300
74225,16442
23020,355
34064,460
64459,178
82070,68
39099,445
71290,400
70032,47
18113,173
9247,208
4091,89
30145,1685
68198,315
57397,109
61040,1024
77524,512
27067,1626
59229,514
85047,22943
64132,4592
47326,1715
66155,83
22021,1153
57051,369
69102,752
51464,332
2623,94
88419,134
72326,216
77309,1756
18094,317
49262,638
23098,95
59309,3957
10011,176
80663,379
57031,934
62670,642
29155,860
62304,338
59079,6796
34294,1022
58173,159
63115,212
16366,2083
44069,16804
77478,1058
17244,700
32338,190
21279,26
64106,505
83102,2380
62743,
2251,28
2B319,847
64084,130
8367,2270
15004,468
74293,4141
76629,282
77038,437
51253,214
60318,680
61412,672
50405,237
81184,33
42221,568
2481,435
21528,135
7333,907
71189,1667
64353,1058
5140,346
73256,298
77043,322
11136,885
69067,1183
71149,1213
63356,340
62093,241
16177,135
54172,297
50525,342
22193,1635
72113,751
32421,146
30254,2014
57225,143
14162,1286
55481,300
34215,953
1329,166
34301,45337
32349,102
40285,625
84146,507
58149,2006
84037,2050
50238,456
62778,83
38513,249
11024,720
27334,117
10269,160
4106,385
78644,5994
27422,861
63370,360
2A141,111
57533,869
67556,234
56251,8500
73253,611
16368,896
6068,367
8327,2249
60020,273
54187,107
63094,470
51267,188
80542,569
76499,1211
51641,193
1005,1906
43220,159
66016,4496
30076,849
39184,194
80770,549
62261,5129
43031,126
74218,7864
86213,2533
86150,274
78188,438
16128,206
11426,1247
32004,134
56024,2306
90015,249
10249,398
10386,200
69115,4750
19239,294
71221,3598
1280,151
64526,1583
34083,318
78171,1279
2203,1308
50097,125
25280,181
74018,2097
12152,130
2068,85
10341,331
85056,393
56139,375
17336,2843
2350,140
40051,833
80753,124
34046,52
49167,4663
49355,3101
42030,547
36210,301
67204,11742
74066,249
11042,264
16068,598
16320,942
76011,143
88402,350
86230,172
66017,6109
62107,330
43073,136
70207,3158
88059,390
38481,1135
61251,162
40109,437
42127,7233
1339,1590
64130,1297
1238,2843
73074,326
54164,74
1165,1597
21118,33
35145,1423
24256,3187
57511,993
29085,742
11078,207
86250,250
60135,1669
18242,2951
2B179,57
27540,648
31097,472
71120,3638
7013,1308
14304,859
89359,407
1026,971
51370,187
11016,83
46057,623
45116,946
52405,1140
63214,3826
4121,611
16212,358
57001,320
79294,169
25293,1359
33472,369
17359,1261
62429,272
64206,118
60183,231
44158,7780
54230,58
42120,1794
47093,338
57502,325
12254,2333
13032,8479
72218,305
2605,186
31390,2648
26279,56
21089,432
3237,434
2228,361
60458,301
59575,397
68324,693
77310,295
76398,783
39209,322
14412,74
17415,25363
56186,4876
12017,225
25379,67
2B148,6923
76189,189
2502,1207
15063,321
80438,527
80153,140
4097,376
45209,294
57025,480
26101,137
83022,24
2716,287
58113,89
50495,70
2B341,644
62099,5559
62073,1429
46142,172
41039,687
32257,67
16168,847
82169,2281
36230,1994
33037,2488
19018,160
31132,59
29215,2984
41050,910
7096,366
33168,594
65219,96
63419,558
28183,663
28313,203
70399,205
31528,143
13019,10240
66178,2311
73032,2176
83027,5739
24036,177
39081,383
37185,1711
18104,129
54143,388
28109,326
33196,181
11090,598
16063,157
45053,4911
29207,4548
84089,19548
68076,1062
88048,952
69030,821
11067,1873
74185,2362
60275,216
57618,617
59263,1070
32213,2233
34047,714
5165,242
68104,341
65235,3999
46244,92
10118,99
35289,1081
62040,9431
27337,353
10409,598
31176,191
52488,276
51402,274
7009,1192
13214,60505
28144,204
80666,28
61243,1391
76380,302
79070,415
16402,307
80614,313
81122,67
60115,830
11231,96
88406,130
82010,235
34184,662
33157,741
11034,884
58171,269
56184,8133
11270,139
10404,108
47107,333
70183,58
80080,149
43127,887
28394,1418
77085,4130
67056,795
81211,478
31205,3198
35322,1117
57181,100
2B155,54
33272,1247
23004,551
78147,442
88421,103
16169,583
76351,166687
85083,1636
11076,12151
80651,233
87009,133
34066,233
8192,95
44127,2810
78383,20629
1245,938
21127,493
19206,102
17165,391
80446,749
14674,115
40245,1990
60052,104
55144,384
78118,3360
62811,1146
32218,72
80010,2648
76449,494
74085,1109
27132,807
25257,263
47150,376
28349,283
16071,603
72084,1293
17432,381
5177,588
42306,506
31324,2387
4023,199
77157,334
69154,2958
76329,3008
64179,140
52305,556
27070,1686
56034,4194
18172,1619
49086,3871
35076,4709
73241,1248
32365,460
1358,422
50137,626
88077,567
27069,704
60006,1153
73230,143
80321,154
57350,1430
76392,1234
2172,238
2420,790
59313,1446
50118,322
76634,881
83020,42
24384,31
55347,324
28018,1480
2B256,32
56137,3356
77248,763
70049,68
8096,719
44126,4760
45085,1894
19201,591
10257,30
35110,1074
15154,1197
13097,14145
57690,3041
3019,1649
8044,140
10291,184
60313,2466
82145,384
26193,442
37253,176
24292,496
15107,162
60103,4029
78005,22241
6059,2144
39217,567
54463,258
59652,440
21305,172
14680,171
87059,1529
70272,188
60461,213
23167,349
80292,126
24304,989
34258,1722
50589,268
6071,587
16337,892
54129,1555
88163,747
25609,464
10324,175
26116,6008
82172,295
25444,150
71286,281
63120,799
60561,247
65332,189
88175,469
67141,599
26026,72
25554,127
76053,116
67427,332
2193,62
51177,209
60007,3058
59664,334
42003,1865
15066,113
11091,1084
59199,670
24560,116
63117,125
35202,1002
49029,1337
76419,150
35332,1117
11172,609
73123,381
62272,286
78278,570
74253,1016
17380,3840
21659,170
83030,1941
44203,1975
28337,2797
68186,317
45033,384
82094,1443
31512,886
24334,209
74233,2439
51117,322
60208,121
8008,814
37034,319
31504,225
8057,240
25200,1296
9319,122
62069,302
53053,492
84010,929
80359,286
34252,259
54586,738
24547,6218
55411,86
79020,892
39011,423
66188,260
54142,147
83091,6084
22323,839
62831,293
27570,99
23042,121
62683,210
24139,2380
57027,126
2B177,73
31247,1298
26310,158
28034,905
88007,46
9146,57
80147,341
2761,217
78120,1916
55245,172
27064,664
76279,329
19191,695
91312,10833
38100,2389
46223,178
85295,3416
67506,6137
88326,357
26294,599
18129,231
62178,21424
78460,1131
9280,700
76233,157
71546,394
57091,961
17383,349
54379,93
41083,561
15104,297
48173,226
56091,2584
41120,1272
77353,483
14751,284
76064,490
21538,115
19073,4341
11387,108
78062,7704
10418,203
31434,78
78193,1008
10374,143
18189,490
56264,418
54544,144
1233,137
62908,1551
57567,147
25354,157
17465,611
35346,205
65154,45
7186,8538
74241,3457
91275,2630
42108,1053
16173,173
67102,322
54573,157
19117,705
10327,125
66073,163
69169,658
32286,695
19270,534
63234,927
54007,532
83124,2941
7018,59
89142,887
77533,2730
39090,183
32237,461
33291,165
21680,495
3303,217
71552,486
63047,1727
7308,2220
12202,23981
27521,145
80393,303
41261,129
66169,99
51057,75
1269,3416
28010,310
35056,824
62567,649
81163,10085
17389,589
3258,1774
48013,930
80819,78
44001,2073
31459,942
36196,91
65441,97
89240,305
79267,310
54093,167
17003,4677
63051,629
9303,340
80029,820
11205,121
9338,154
35102,502
54070,196
86038,224
54444,235
64222,75
45269,3766
68289,2519
76504,133
64536,898
2A249,3996
76162,264
40095,699
11048,747
76033,449
11353,2014
68225,1518
62794,594
23036,1040
11134,48
39133,73
78562,1468
27028,331
1343,1890
54596,959
31494,178
42308,778
57088,319
5122,904
51353,45
89050,909
77285,19527
71349,47
37023,239
94002,45531
29074,994
12085,319
41189,445
57414,1150
57757,17391
59414,4495
19074,50
51570,105
21298,104
52366,73
2312,1103
38045,2377
23159,140
28088,12830
85243,2993
10387,62088
85020,4089
9017,134
25512,2599
41095,1063
81036,1225
86167,921
44084,8552
54211,211
2606,93
8309,51
62626,2273
76621,1153
59662,1261
67073,4294
71019,139
42104,857
66156,85
24074,546
21104,45
67061,3754
60643,1392
42099,3872
81312,1024
37152,2070
80188,570
73159,870
85184,311
19063,3044
62645,5780
8120,46
14141,166
31239,1614
19173,303
45011,208
13026,18455
65020,248
40053,326
7269,1075
61159,69
8203,272
47057,1346
39397,1554
34055,224
59604,805
28348,4116
38046,1028
95371,6022
82009,41
55356,103
3202,602
77331,406
51160,1308
88022,191
31212,1893
85209,616
55296,460
10073,134
65023,12
26112,206
27052,366
48182,60
83043,1870
79308,659
85019,6240
65185,445
5182,31
27243,736
52400,155
65380,148
63096,361
53105,249
2504,1606
63306,631
39508,737
69024,4117
62656,919
42165,2911
59311,541
47247,260
67177,633
79238,565
23183,93
71488,96
76047,144
58139,126
24183,328
35338,1281
17366,444
67199,78
19083,110
32370,1062
47191,807
31272,58
67185,619
1092,1698
2417,125
65142,220
35352,8207
39029,393
58301,287
76157,14402
25385,121
62175,156
77086,1400
73033,542
55508,362
55046,136
70324,610
18006,250
51555,149
74146,1592
27395,87
21343,95
50615,6969
31355,1861
62364,2362
81279,254
80540,237
16252,149
62717,516
57750,700
72109,534
36244,886
70552,195
2A133,154
26365,625
70498,438
14175,302
32244,155
10086,239
12239,340
67555,254
31360,498
76671,172
51069,107
80474,395
57741,384
38431,3016
18089,436
19059,376
23237,51
62736,3981
15097,109
73184,554
77049,874
76493,406
80724,2739
18232,237
44196,1690
39018,580
87181,792
49123,1806
45043,1036
59212,6525
60395,13897
62787,324
29296,1503
24214,830
40330,312
8435,901
51054,1259
26238,217
54058,80
19045,196
51170,109
46161,239
57636,335
90036,272
39333,2107
37187,352
54352,841
62124,436
59251,389
50229,111
60231,465
73001,255
59645,604
62115,485
60393,600
33057,959
17091,2021
38309,2173
36031,4356
11212,595
34196,151
76385,1511
31538,209
63231,1647
2549,848
8095,167
68231,1895
77034,763
63064,81
80605,196
24023,321
81308,1277
54334,551
2337,198
51004,121
2A278,135
31169,6924
50606,525
36064,756
37197,512
63138,719
25058,1305
26071,1196
1422,1425
27019,162
38346,427
8499,262
39537,472
72260,3481
32227,758
88524,341
59449,8396
11423,156
70189,246
23028,118
39584,163
52455,257
63164,10335
81237,170
39239,41
17349,3063
74237,903
22073,386
28098,1842
52298,72
25215,101
52457,173
55011,236
31589,1487
7127,1120
76491,649
61043,1097
76342,704
7140,798
76487,312
67383,217
37147,550
57149,207
7138,2264
2789,2549
77518,242
38283,108
7209,52
1078,1632
91473,141
9281,123
33046,1131
82122,147
8119,468
50327,195
7348,1040
57662,94
27586,170
80833,130
74053,1270
66044,280
62352,116
78518,116
85302,5653
21360,115
17348,699
57520,40
50243,458
29132,790
66153,44
94041,65064
76123,1101
64468,121
38241,14
9246,542
76303,748
87163,151
86207,1566
54413,145
37040,256
27365,1975
67270,364
55079,704
85273,2000
64259,758
72217,2463
17143,708
10363,551
24180,294
64506,152
11283,75
52432,1373
59265,2264
50052,148
35350,806
52130,180
71116,166
24222,2702
23151,420
51617,602
72256,804
44018,8343
57306,15806
57171,1166
51016,227
33553,1304
75101,15114
62457,6945
23024,525
62446,853
63014,10459
24569,135
47328,492
85136,123
28319,647
76463,639
14280,269
86295,390
62657,545
53146,1902
62635,210
18193,204
39151,139
88356,307
71590,665
17080,983
38216,57
77519,1160
71173,327
26371,
31102,236
30208,49
29180,872
65108,882
52461,363
51289,429
32400,161
61267,208
30010,3391
2406,126
54207,85
91148,132
23093,1558
38113,596
56025,200
89328,368
34136,1580
31019,36
67005,857
67329,1225
27213,6015
34239,6427
81109,439
76002,584
51355,43
33277,214
30004,3331
47072,106
87007,202
42053,1724
8324,124
15119,1796
67173,1216
62671,307
41141,337
50022,132
43016,858
28190,459
46018,145
82124,4400
52424,64
17162,237
45026,960
50294,1348
21022,542
56255,2572
85050,2135
71533,570
39435,624
52355,168
87200,118
60663,227
27034,614
1072,3328
59593,788
2557,124
31316,474
52256,74
23014,108
46242,187
32057,126
57603,1263
9243,99
31508,46
40270,442
80198,376
47324,1261
89326,1072
86007,1148
84148,1306
88354,178
80327,162
85250,2496
66015,1483
62747,618
57113,987
26359,38
57218,1276
57501,49
58230,70
80185,272
2B287,118
48170,196
7189,331
23186,148
80114,349
49338,1329
23061,728
14646,462
31554,245
59549,327
46131,155
80290,398
27155,103
38426,689
25496,98
14127,562
37163,3776
21559,701
32389,434
65294,210
88228,181
37093,528
91495,325
16412,381
86148,713
60361,573
39394,70
9335,42
77461,297
9023,113
37221,638
31211,785
25172,247
2B178,62
62634,1291
30198,228
15186,230
88009,3234
1204,732
17340,1486
32246,198
87058,98
64269,5340
76360,636
14240,488
80832,296
32187,129
76299,397
77440,1178
2374,822
10429,253
2418,223
71353,558
32007,217
94067,21071
49020,5732
86110,228
7344,538
78396,6332
68321,4072
55181,3375
31173,296
63295,1619
2738,13045
57296,1073
41179,201
11435,165
21412,1363
89111,298
89234,126
57043,1601
17379,214
54189,572
28136,162
71204,1411
59266,4148
62413,12247
19118,823
25060,2132
55546,198
6056,124
21308,186
41174,166
23046,83
30271,734
76752,2731
68342,1614
9190,114
18111,175
71143,462
70397,84
18063,151
76574,644
27304,150
77496,192
71190,2168
21240,281
63090,485
51291,1419
87088,1121
3114,254
51307,223
45169,10062
56159,1866
65230,256
80611,998
13215,79161
2A091,172
38364,423
2220,443
58148,606
7070,2410
60369,1895
88038,31
46307,644
77283,877
61039,125
77379,11632
2A011,52
30310,303
76163,702
52189,347
35246,1378
53096,5499
80767,234
27604,161
39467,151
95134,5036
41159,1259
89395,439
3048,1316
23053,206
55502,2403
61433,285
37190,159
73219,688
61013,138
11019,61
80005,83
34103,1060
42261,947
64138,2872
62815,163
32056,42
46221,554
88036,79
54004,172
73330,3026
48156,858
70133,238
11324,520
60482,3583
71381,75
22234,1144
30183,637
91161,20443
56115,1855
80543,122
63056,372
71157,1869
86102,621
53031,489
60252,519
9283,397
1001,860
67234,1487
61432,568
54116,2111
46224,3617
27511,759
54414,646
41055,2385
1029,734
38263,358
64111,107
88367,5018
19178,1010
70381,355
14530,2074
32077,93
2129,20
1138,3453
72366,303
74003,1139
94018,28830
38070,1289
40136,144
53117,493
64050,96
60371,151
25560,2994
32369,382
56179,4037
22194,3639
9096,41
39183,610
18051,132
61237,312
74203,55
27003,1733
57021,1490
37090,107
62251,505
2528,208
65378,72
80377,399
9121,788
10164,694
12187,278
17135,225
93030,11700
40321,244
2564,825
8146,89
59558,1672
90046,473
16345,199
60608,105
58018,41
68214,368
26126,89
39368,5032
70531,100
77045,738
32321,263
59026,1143
67503,154
32200,358
19266,107
32420,65
8378,112
31579,921
21686,140
1231,2018
38290,863
21187,122
14167,7243
3278,222
50228,1072
15123,153
68055,1042
1187,801
56079,1396
76568,660
38277,519
30342,1260
17181,308
3212,1528
47050,127
69119,938
59092,4113
54198,299
10344,903
22115,464
73274,383
56056,210
19215,115
80293,348
65017,289
74301,947
69064,3957
61330,180
69261,124
3197,1435
91666,2558
10267,313
62775,315
31327,201
16090,3550
14241,632
54034,215
44214,2120
89276,873
17335,278
21119,44
11350,50
81228,465
8124,338
38065,2133
34305,137
89351,477
52065,72
52097,48
65424,104
76480,431
71435,226
60304,253
62504,269
39017,1182
59196,1280
26226,358
85260,880
52040,45
6088,357737
19031,47095
19212,91
50624,459
52085,25
61429,754
32454,71
85128,9417
17006,283
55421,72
70016,168
70351,244
36103,1324
14538,1774
45307,1151
23253,166
8113,462
47086,1208
23265,44
33491,391
72267,890
62164,1156
37268,124
40212,1073
10229,98
12155,318
81137,84
17377,147
66011,4560
52021,275
70227,454
15212,366
24577,533
71164,137
59415,228
52168,62
77236,344
30338,132
38524,8542
60274,356
79066,1784
39241,386
76636,2322
59288,2281
32273,157
24300,341
65148,136
41090,255
71013,285
38099,742
69168,1551
39059,1738
17315,1422
17013,367
9282,4808
71087,167
62405,454
34228,82
67362,635
86287,340
29049,3427
12032,611
54494,104
30354,249
7220,102
18066,926
12180,69
29016,1067
80560,217
2477,935
59660,2941
89154,836
3122,235
57500,34
59605,1518
8466,74
70107,427
54170,69
77106,994
21409,411
51037,339
10186,528
38398,969
34012,1002
62222,174
4049,5107
84038,4362
86235,1290
63258,736
39376,76
1202,7411
62903,588
70561,1431
38553,19445
32051,105
42173,378
81231,389
19221,106
57586,215
2B227,32
68073,449
55438,170
2A326,120
89155,719
51135,90
14040,240
33061,1065
64422,10684
54581,293
71256,561
80735,162
71504,81
71483,421
52050,1342
81224,98
69233,1247
27095,668
76613,633
8386,345
9309,162
88100,49
3286,1166
14425,158
8162,339
67143,635
43042,674
55220,95
68313,774
43040,6527
46281,207
33007,1357
55178,192
70022,152
71556,588
51147,322
65051,204
28117,255
54486,324
66018,60
47114,409
77323,1469
7334,2662
41018,47219
38548,4328
43129,167
8220,311
71058,184
79268,1064
91114,25643
76676,490
78057,1747
68278,14380
10273,21
69132,861
38074,397
67434,2731
67050,29
49352,1305
2262,208
29162,3692
62134,112
80648,125
2471,130
39266,362
63105,238
89183,61
16067,447
89188,200
60060,730
5113,423
78601,1678
59578,1602
11177,30
81265,79
69298,3177
82147,357
34221,509
30269,2586
63339,125
59067,3525
28211,577
2A322,89
11041,1355
51190,77
31182,5784
18033,64186
43190,3432
10025,178
67233,1255
47167,1433
72153,566
82036,131
65114,79
72046,1552
11354,30
10436,191
86205,204
49102,348
83108,2817
22153,738
25403,2244
63445,295
6042,703
91200,11415
2616,176
92035,30197
79116,1131
21418,57
76655,3851
70093,657
31296,430
71321,190
1199,2260
91047,1448
38170,3404
81267,619
71077,464
88110,217
25035,2533
8144,102
62678,720
59418,1599
67530,391
65307,350
66175,3059
1258,1196
50092,677
25063,1225
49027,2110
37270,2870
26130,22
76513,587
88481,1323
76557,1446
64503,99
65470,141
33380,1792
45061,2332
14117,3725
41203,500
57165,695
10414,130
31372,476
68110,805
30313,853
47278,454
54526,9117
50543,1338
51489,31
84015,308
2164,323
8484,73
2136,123
87014,2709
3056,399
41178,57
12184,116
38335,1050
2660,45
53250,383
71412,1147
62842,8536
36100,245
31021,130
1042,286
77022,1261
2099,212
32238,82
45143,29
36126,446
25552,113
29053,1911
29206,2281
88511,83
34134,3302
86252,648
35004,4072
85159,2389
46258,172
17434,6897
4148,255
7190,227
31319,129
60676,741
27203,450
89407,897
19271,268
21009,174
24284,137
55221,231
27622,1754
39572,352
68028,2069
55381,143
48151,62
80165,182
44066,7062
57721,348
33342,834
44074,4160
34303,40
39554,235
16008,315
38011,1154
17061,137
65179,36
48026,252
80258,78
66109,251
40208,381
38462,612
29186,1646
60223,3664
55083,149
24587,863
78550,1847
30109,510
10069,100
33498,8208
11416,276
65232,68
3065,563
36110,224
29029,1130
42085,856
26272,353
12230,391
81165,226
25620,
3139,308
24517,78
55148,121
46073,420
57617,283
56129,1476
83149,1514
52198,61
10191,1009
76171,147
6007,3401
80128,154
31203,9805
31064,30
65279,210
2444,110
93015,5175
8288,91
58197,172
65274,133
70525,217
10369,218
16012,495
10169,225
79298,1983
30149,955
59363,899
33523,2079
62511,140
80806,468
57592,328
25160,777
2B245,44
49018,11712
85252,597
87071,810
70523,176
62819,1072
1328,640
88026,1018
31227,867
60293,376
19275,9187
6132,430
40198,165
54464,100
31007,57
59607,482
42107,325
47274,412
66068,128
62201,2582
12261,126
35026,97
42008,106
22057,412
30123,3659
7182,1195
59523,2840
72244,2877
74043,6343
55526,245
64411,220
64298,109
46086,653
32399,82
45317,1334
59016,2077
71104,197
9184,52
71091,189
1134,1847
39049,396
59015,3125
67392,842
48175,174
65308,113
43163,1195
18101,293
65456,274
21234,66
38107,1729
2017,274
86082,4325
3068,119
38318,6213
57733,2044
73206,689
5060,169
53021,953
2539,659
2412,96
12172,555
41181,774
70337,52
68367,1215
71219,580
93079,12530
72040,155
69281,1992
41027,143
61169,14432
77395,125
31188,5906
34234,119
38291,1036
68213,331
77276,3345
5064,120
1310,244
65414,81
52354,79
67315,645
95271,514
70361,178
12225,1565
11440,34
12246,514
29290,689
25005,87
63430,11637
57695,508
90041,1393
8233,42
59545,1191
23166,197
72367,774
8403,1900
10390,103
91228,66919
66142,57
8374,130
35222,2002
36149,785
12221,387
29035,1133
69080,1994
79236,637
37244,273
14337,324
83104,4223
2A211,572
32154,109
51161,747
79160,172
56070,2365
49201,2079
32250,75
67087,1418
63390,387
21193,389
76269,165
15204,1542
41036,435
91198,1557
24171,541
23233,119
38319,805
71455,148
34011,107
36011,172
32285,567
55197,162
83072,9849
72324,502
59151,1541
61023,609
64277,537
25174,247
24244,191
85280,3518
6010,2974
43067,273
91421,24022
64243,234
27291,118
4128,217
47061,823
68111,807
26201,39
36116,117
10071,52
77147,681
62861,4270
85255,2329
95170,564
72223,2556
38149,1659
30047,6070
68185,1632
76564,181
9172,30
30219,83
64098,64
84144,626
8274,87
22319,447
77411,549
3116,195
70208,277
86114,1250
61376,812
64257,322
39235,1160
88056,88
11214,444
58163,179
7310,896
58256,375
60544,184
72385,1717
81058,247
22256,1118
57160,12254
70502,81
77318,1400
44046,2594
89295,1247
53067,431
52047,102
74087,2403
52467,58
32343,164
41167,3333
30298,513
2B183,90
66115,1353
62404,201
71184,641
1061,1123
12147,149
79280,895
73292,326
43154,531
60599,281
15185,241
67053,314
35186,1101
39175,68
67147,482
39570,226
39223,182
8097,417
10165,339
63313,102
51563,106
53174,848
76478,180
55232,112
85142,1009
11007,117
64540,3047
29274,5178
4220,361
81020,255
76734,435
68167,717
77076,749
34206,548
51284,311
8136,358
77130,542
65228,122
39164,667
62270,6766
16114,169
60073,592
15056,872
54348,221
70149,701
26123,27
39079,216
22322,397
80272,129
26234,882
33453,211
1143,10464
16133,206
83145,1177
45252,8856
34004,240
6140,3212
67326,1721
88308,267
80628,753
81169,93
8232,413
47026,241
49235,373
19194,1386
53125,1094
63195,6528
1153,2328
81278,188
2A262,53
68234,857
21542,464
65120,329
73200,560
25106,66
68085,405
80014,69
61491,2955
1369,952
89062,377
16028,4726
62594,299
95218,18436
61099,246
35197,1712
17042,448
14556,1664
59036,4012
33294,527
21286,96
91556,401
69382,29981
88050,293
81106,650
77002,830
25367,4612
11302,277
34104,133
81083,258
68322,1379
89416,418
32331,1202
61360,87
62839,1099
59569,16076
64376,957
76610,1562
3170,129
61493,67
89038,109
21613,155
28352,1587
73323,355
12175,158
17284,1811
62323,1267
46028,1058
2565,293
47305,381
8370,503
17271,326
47212,309
22198,3848
7219,311
40154,362
43013,302
37224,873
29255,942
5095,310
60257,440
89376,133
10018,886
64220,481
40278,975
2195,882
53087,235
37119,1606
16052,223
34276,4979
37142,557
89165,123
17033,504
86090,224
62850,351
30231,366
46114,376
15256,65
64406,611
61295,156
16003,891
10381,1028
47067,395
88011,1617
44189,2484
23128,120
50347,250
3290,1643
26088,6523
50024,176
51013,103
64034,329
89144,779
17285,1188
30043,588
47132,219
81060,9872
62230,907
2487,625
34018,982
23142,279
62003,576
31025,1048
82050,1226
30125,5381
64003,222
34250,302
33303,839
24490,1139
61259,67
51056,222
5001,374
32153,152
26284,409
71296,742
28365,423
15237,162
80331,314
59372,498
48048,65
70011,304
11244,87
23259,119
82052,1148
9326,113
53192,320
53239,
12151,226
69225,575
10241,54
67319,388
60380,1581
6115,85
81253,478
8269,80
7337,2725
8234,138
31303,3392
62597,289
15164,561
4058,298
57487,5265
27032,1322
68284,666
78416,322
60536,134
70250,491
51115,620
14639,250
12146,2295
24303,234
25078,1053
18268,414
15032,59
53195,472
80484,374
2823,70
62139,4859
60077,356
63087,63
60015,1124
64155,102
6049,109
5107,476
72312,220
61053,232
38289,217
15124,521
60390,344
72373,2523
40281,10092
70286,115
39583,185
8344,133
18177,49
37005,485
78107,2151
59214,1134
14011,
21673,204
76489,520
60360,6785
8196,88
54130,175
70330,344
61142,167
62816,215
4152,3945
53249,1100
84074,2283
71324,599
60034,1147
24535,256
87170,366
51276,147
59146,3078
55320,69
3223,442
33332,887
63017,183
67546,747
35203,362
25223,343
28347,937
41126,1150
41231,1180
18070,192
2538,86
1337,1359
54387,169
80711,1772
24278,83
40303,374
76683,392
59315,902
43189,518
89266,247
62160,40539
86139,2544
32060,207
30034,8035
14461,593
40258,251
14724,1022
31399,3067
86272,2765
24050,354
77272,880
57086,224
16147,
39520,520
32464,831
33018,3793
33555,5696
76043,1116
64321,246
38558,2025
57590,259
73152,240
47240,261
34045,560
89400,289
63444,317
7121,182
81324,268
65364,22
82108,1504
21351,1171
58064,499
26379,949
8340,176
77388,798
39437,275
40001,6211
52362,138
50135,225
48059,303
73040,341
68328,184
12169,2012
27620,480
42231,1225
38071,3335
8277,126
13082,4693
3119,384
1129,326
2686,370
16267,107
18062,256
17168,4148
42307,958
1365,1143
16137,283
76622,284
51431,1264
60331,456
69276,10304
16353,844
69263,922
24035,1298
27372,662
1281,5082
36119,545
43114,1806
82087,2865
11036,166
89093,645
32403,60
62852,1511
67511,928
72102,80
31160,2643
76495,6029
32139,101
86091,380
25098,187
59557,2499
12188,311
24361,438
53161,3192
54138,2802
66227,4470
80047,540
3088,314
51656,460
38255,127
89159,382
57064,313
41091,1254
36129,616
38343,1753
52285,70
67485,1607
40070,425
45293,1161
22005,1024
25380,1375
76110,436
28201,1988
45212,1262
88322,493
48190,214
57275,925
40143,308
2B210,109
41274,122
91037,332
21717,270
73027,392
64183,683
70258,1960
2A240,104
50217,592
43180,95
2A066,64
62407,944
52142,79
81119,521
59239,5745
41054,351
80162,704
80637,268
52199,50
17288,309
83099,8602
36238,97
31078,148
1104,433
31151,901
41287,485
57182,92
2566,1109
69297,5596
90007,289
65056,473
41163,127
34121,256
62392,408
45091,306
50142,1093
27418,124
76689,378
24221,154
57207,5224
7055,3143
29012,168
33435,1981
78124,14791
64125,7689
46138,886
62391,1381
27200,130
82055,252
64193,96
17294,182
60127,415
15190,99
17005,194
67327,941
27120,410
39185,386
33335,616
62055,521
11008,379
27406,942
74058,872
80058,340
81141,163
17422,92
51328,1109
8404,207
39149,323
62385,383
34109,886
8089,380
9070,317
19012,204
11207,259
59055,551
60247,143
76197,221
50252,928
10171,217
87006,241
65352,199
2B120,6585
8215,46
51008,210
49237,141
59669,557
17307,1458
64300,1036
25198,709
4229,238
71367,372
67023,975
2B152,872
32217,63
21310,110
38250,612
9026,144
7323,1687
2548,394
32278,122
85200,1213
67425,542
71261,693
1173,13627
21133,264
42123,4983
2A062,379
37045,1079
80757,147
95059,374
9270,250
80599,242
76199,716
76759,418
31061,204
47269,899
39481,390
88292,802
6086,268
33033,907
74264,9162
95039,6863
65425,453
31527,151
89449,1795
8035,49
53266,231
83052,377
18005,1036
80685,5833
5159,79
11203,10343
21012,322
51399,463
70294,369
76072,738
52374,270
17115,306
21642,402
88457,139
88094,1723
80654,514
2398,288
18108,3151
29202,1297
15133,134
71408,414
77119,244
21196,943
62526,149
41022,137
11219,24
35024,12964
51034,23
35015,2162
67531,284
72225,671
18134,648
25456,276
5091,38
22152,1271
49266,1295
91201,30098
38546,1024
51452,34
19061,1261
62580,512
44156,3265
17221,981
24211,437
40159,335
12159,555
62477,742
65091,60
24012,409
95061,435
41232,4809
58106,358
43099,548
1216,886
64395,136
57221,12035
63198,1437
3127,555
85094,1168
67090,675
58035,296
81079,864
55391,188
59455,1030
73329,2021
27597,600
25130,9
21393,171
53190,463
43029,103
17021,3917
50261,167
24216,146
14458,528
78108,1302
68368,1195
68306,505
84136,1179
80705,79
29160,8686
80212,5982
76433,766
59643,231
85254,1774
76035,1996
40311,693
66034,124
54462,2810
15263,116
63253,228
62313,913
15226,212
76190,207
57148,564
16064,1095
7092,48
45131,390
17235,694
5055,287
71153,20509
33346,407
25387,371
11013,395
77394,3537
10091,139
80536,290
24580,295
59085,313
39365,1309
24339,152
9193,56
69253,653
72099,640
21105,1096
46113,309
95656,379
24443,431
67195,614
95241,2219
40179,2036
58092,399
67405,2275
88300,121
1307,832
38349,2346
12113,551
43219,105
62507,303
86140,2263
76410,10957
51296,74
59562,520
29080,2215
60447,670
89390,716
67109,687
60283,15
45200,1370
8252,107
42243,300
11337,387
64022,136
65321,135
32382,310
27127,697
60501,1298
54532,155
63335,546
76593,665
58012,540
57647,4251
33411,144
61238,90
35069,10845
76471,996
30199,58
38187,1928
38193,17515
89345,4164
26134,83
36059,226
8366,647
70347,365
78531,7328
4155,172
82165,531
80741,186
33406,361
27380,264
91432,14129
26293,317
77477,882
67352,386
62555,5411
30079,260
64133,1341
24536,314
80765,805
17476,267
6055,151
1353,1757
85167,808
55330,88
64009,2104
65262,379
89364,289
76175,264
71299,353
77336,1338
44080,773
59159,791
2A129,74
52169,86
53256,166
64345,192
21519,334
14333,6640
73233,155
54583,419
55532,312
12252,480
52335,109
12179,86
41103,406
62319,252
88120,448
27599,927
55286,240
88010,190
15137,247
67493,421
62466,249
46078,95
88223,172
33228,663
2530,74
22037,413
33096,8331
64214,506
24459,286
80358,138
34191,622
29017,868
2016,212
71399,503
16119,1362
54368,170
71475,6410
1071,5832
1008,760
34336,4500
2713,273
44030,4492
11418,1220
83114,284
68271,12200
59163,20566
76308,562
10400,132
43131,187
34203,2049
55565,77
17470,257
15233,319
55349,132
70163,434
37248,368
2637,265
78498,40983
56134,991
44130,7093
67413,464
64529,371
71572,234
71142,248
27692,169
59306,288
53203,517
32101,229
22275,1223
43196,184
70091,46
27240,191
21487,432
38361,71
64191,2177
57467,309
13066,6080
3211,2540
15206,146
79142,98
67340,1404
30324,957
11164,1611
62336,469
55169,543
80054,233
60307,644
39495,71
50480,801
82043,268
1148,2074
52185,70
29239,3334
89045,279
4020,118
21142,202
25051,630
8335,68
77025,878
62636,276
2121,210
39280,112
71326,450
54315,906
1325,1180
81148,95
51429,235
76442,551
12046,576
38394,2004
25437,372
4016,57
30299,1126
10307,367
2B046,148
47145,4010
15010,192
29042,7499
43238,323
8243,166
22106,7939
62228,312
29212,13567
28354,528
46093,97
24120,557
14499,560
34286,461
42196,121
59421,13369
33221,1114
55129,44
24108,1049
38313,288
83033,4388
7163,86
51157,94
68137,646
33042,6275
19220,489
31035,4665
29178,6522
21362,138
44051,3601
62388,290
54263,6254
88013,93
60212,1603
76635,74
63284,12412
21408,1720
21546,196
46155,135
67025,1883
80152,144
72332,592
59581,3450
54229,385
62519,582
6136,3791
57189,216
39170,938
86020,247
51308,1822
28246,508
2266,30
51412,59
57452,1056
27542,894
60601,984
62118,155
14407,2331
38356,342
60509,12361
76149,280
94004,17325
46039,195
23035,718
12264,3234
49061,827
59118,2435
51087,207
67189,925
31213,146
92077,11089
36166,172
1036,1351
19090,99
67468,614
39197,371
56145,1045
77227,647
33106,1551
74098,1665
91376,5708
89034,437
62508,335
87087,462
49076,837
64538,816
89334,563
10106,150
12056,3173
80487,77
43101,85
27037,1166
2B109,236
19034,206
6041,393
89153,508
63236,1163
54175,338
54068,90
61183,142
59192,804
8001,479
11225,923
45217,175
2B175,122
57723,297
27004,414
21419,278
31516,2243
12007,184
57751,14967
12138,1711
19008,213
50094,374
63150,1596
68239,380
24048,299
27643,1020
51192,339
51435,175
83082,1719
55373,82
30114,700
80284,715
52491,102
51129,262
83153,6000
25164,148
30337,414
88254,81
51364,68
76173,561
52190,301
67406,377
89221,315
24175,311
27415,375
76590,373
62502,5009
77390,23229
70537,294
35159,340
10422,189
81273,3748
21636,262
53248,130
63309,315
60353,182
79094,923
48030,384
21685,252
81082,116
12161,560
78276,613
77528,1170
56126,2684
68230,576
10438,223
11154,53
64246,298
30065,475
17447,2117
63081,282
30264,168
26362,64458
38347,1091
10243,102
8281,424
88020,194
49371,1758
72273,231
59347,527
94055,10977
66058,2004
53072,1286
41185,2245
39503,408
41086,661
25025,768
24362,1585
2B125,46
46207,300
47306,1118
62034,2133
53114,169
64195,92
86032,2081
39355,236
9116,356
45141,184
24061,139
57118,165
56043,758
25249,60
47207,224
71466,124
16161,166
77360,410
22174,721
25177,158
70442,116
65344,2358
28155,186
2119,317
60164,870
5094,10
36192,1701
52127,80
47125,320
19101,1577
38237,187
35132,1382
80201,45
60186,274
47073,195
54377,147
41219,330
25357,835
80003,590
63326,571
15249,60
21216,93
2501,63
74244,841
31547,10539
30343,591
23174,611
67324,4347
74257,849
2250,84
36057,915
37132,6234
46153,563
54489,150
33343,945
28111,364
84127,2939
54019,76
17304,519
17300,79851
73113,175
7253,169
33045,327
80102,386
47210,1887
19249,327
76103,6442
56163,1255
4122,522
42203,340
65351,35
31279,80
76147,863
15007,122
50110,1004
26006,2698
21289,125
67264,834
40024,271
2B050,5788
33547,1112
69149,38168
4154,96
65223,1287
19057,478
73105,1286
78677,524
26208,1926
62342,97
92076,8432
47134,359
68127,641
72013,2158
57399,90
30285,753
26322,393
32411,102
51588,234
45254,2465
70450,40
23158,148
76114,11590
14592,1362
74303,3607
9211,116
28343,470
22200,
23235,718
29197,3919
34090,9226
86028,1087
35251,4304
22273,2397
52542,51
2B353,3215
58094,461
91318,2041
25394,1362
7306,241
21617,11896
67021,7057
70513,2422
62596,237
50241,189
3041,324
81127,98
26127,139
21598,151
41190,218
91249,4241
54232,2635
28192,296
11049,3233
71177,801
27490,264
63091,930
2507,30
12079,462
2B289,109
21107,922
21016,980
54457,39
54329,18262
19251,262
26036,103
54290,211
71119,1116
37106,306
64293,172
25149,491
76494,587
31018,230
44122,3888
89377,67
31491,418
31082,1125
62453,127
67289,598
41037,212
24267,177
61014,246
51178,88
37008,2855
41268,145
29082,458
14182,392
68251,810
73178,539
16226,
19024,481
39088,389
26356,145
68044,744
51250,5850
28248,335
80679,577
8311,2229
43257,470
60016,273
14562,2101
86285,921
63355,213
17417,163
49240,1018
52313,139
37220,360
42110,4806
24412,926
42116,242
12204,182
25359,157
12250,218
65395,1144
63406,303
73242,273
86158,6285
2790,235
4175,87
32353,153
37087,235
62605,22
64458,299
72147,1300
2B264,65
70219,699
62076,208
21628,55
11429,4401
31005,292
55193,121
32394,343
51362,609
78009,281
84035,25636
38295,723
40266,1781
26285,271
71584,1225
11260,116
8238,88
19279,415
29168,1131
44215,26227
87172,214
17322,681
28247,565
66164,9270
10221,155
78160,5502
58177,308
19098,928
21660,59
43151,181
60100,110
54212,415
39551,111
38500,596
95205,7202
50193,226
50437,770
73278,1289
2B029,362
68128,645
2561,143
31125,28
57247,85
45215,223
59091,553
25401,27
77328,414
58239,152
71397,283
39372,79
5054,482
57541,613
19198,114
22029,350
89333,164
25305,611
29072,2669
65377,146
21032,172
65236,450
54167,2013
34299,8588
17100,1130
4039,1472
13045,4698
59256,3214
11409,107
28273,139
27505,148
19187,389
89250,159
76309,113
67382,782
65402,27
71152,175
64244,261
89029,869
52107,199
70291,100
49174,1298
60195,537
46194,198
91130,1053
25131,117
36179,199
39320,322
70170,111
57080,86
30161,184
18213,4779
27367,1465
32387,96
8018,79
32229,55
60039,477
27068,193
55368,155
43079,286
91195,865
22182,3344
7145,1145
10031,433
23208,401
2181,98
39159,256
82105,1282
8434,58
14198,257
66132,405
76138,333
61395,203
80344,176
53255,1175
46118,691
62866,449
22059,1375
18257,649
86159,462
31346,1139
54085,83
22233,2270
25288,744
9008,116
45081,609
1188,702
87042,407
95487,14359
80683,100
24294,5866
78505,409
71170,1756
25629,193
33140,4950
28106,387
18247,685
24264,1928
60125,741
24189,462
49002,2911
22279,1132
8427,222
67514,598
12236,161
44009,9679
8165,64
24110,56
10176,138
38249,5698
88318,220
68018,729
95142,2006
27698,557
81056,157
40325,283
14438,594
39253,264
10362,10289
61261,177
89352,258
76013,1079
28217,207
49056,277
28095,292
23078,186
1331,195
2499,39
3165,1383
77275,152
54022,556
66019,270
65473,347
22261,363
79202,10140
31081,14
48136,151
88409,2129
2545,187
3027,910
17067,163
8323,162
11004,327
27285,430
25398,
88157,880
58222,150
54479,104
79049,19970
43178,197
63230,242
45223,367
57605,324
71550,831
10312,179
24059,354
23005,193
95055,474
86218,209
61436,244
42160,184
8412,153
72268,710
71195,223
50246,72
57274,866
91180,348
62436,161
59325,856
56189,1066
29286,260
36055,1015
64095,580
26008,1338
88530,2589
67084,2165
55466,281
68052,184
80578,693
49090,1044
50443,508
61475,627
69291,6186
11306,49
32178,77
51088,453
23026,368
37123,4367
56191,438
56181,2608
58236,140
21345,204
79256,261
72359,1397
59225,6703
78686,17237
56122,1750
36203,63
63363,295
63332,516
52160,60
86181,217
4028,120
54057,69
73025,544
78442,3250
40013,92
58233,195
60415,159
78423,32465
9268,1391
32339,263
69160,1023
19254,202
30033,6066
10062,195
53145,543
68114,166
74166,1940
57398,502
45220,569
17365,470
54059,766
68297,22805
77326,6350
35329,547
76112,388
58264,1823
59275,1207
52060,1958
3133,517
17200,7802
51608,80
51642,113
61122,81
28426,475
68153,717
46260,236
21626,69
42134,1401
60667,3898
13007,13037
62820,818
45233,400
57747,262
42337,242
51039,95
2634,89
68331,1993
89346,3151
67165,398
34088,7359
94033,53757
29048,2186
84119,5206
80744,58
8043,1579
32346,207
53240,420
19278,2409
12243,963
47260,377
8148,263
57580,180
30102,527
73091,218
80480,108
84124,886
80270,7
89139,1052
63459,514
52057,100
32116,121
1289,6444
65283,49
52212,296
8218,1239
81159,523
7197,2743
45173,4610
35084,671
59166,1333
18278,540
78196,295
34329,2616
33205,1413
55315,110
87039,781
25210,163
45030,1992
38097,5126
87103,1580
24558,624
88408,3419
42330,7664
43252,26
65270,210
73103,3012
25377,233
76364,294
59437,838
91204,708
73042,273
34318,772
7319,8726
82004,133
90023,1184
57187,360
67252,1093
15207,339
17350,857
51049,596
27424,330
69245,762
2236,335
67312,450
25455,197
27051,2769
24381,219
32453,99
9276,210
57083,1162
80073,153
28019,232
27389,491
77317,5282
39272,50
22054,3974
59577,756
42251,573
23222,165
61017,
74176,1891
69037,816
19056,408
41130,671
62565,71
52516,46
24407,242
11197,622
51048,174
10316,206
89387,27106
23025,1357
57427,551
45111,454
38326,381
87182,1208
93046,47228
65256,144
88196,7581
28167,376
44119,2054
26348,1627
21086,1288
4163,480
47219,172
23219,1116
11372,400
52092,121
8141,186
59642,603
25008,434
35336,199
14397,303
83127,3126
27300,522
2527,469
14651,293
67473,942
90081,764
9045,178
50055,118
65198,1196
54048,325
46102,9793
42019,3001
24027,355
6058,622
2393,141
2A232,271
79252,340
56063,2601
89367,548
19022,224
38517,7624
67208,539
60522,320
67113,436
36128,1624
26211,1359
42067,294
27618,461
5167,82
61467,379
11291,146
62199,683
8476,414
84055,1606
50181,356
23031,1236
71179,75
3097,347
26304,218
60440,575
31206,1342
8409,16667
33141,749
54492,137
76359,149
62005,974
24543,1135
51316,269
31404,104
33320,740
25591,147
50356,781
88134,648
39418,98
43043,487
57678,2470
60420,530
76032,138
76381,125
3231,187
73235,433
35316,820
45240,1343
77409,2888
51231,685
8294,
89117,212
49107,484
61385,370
67355,1086
7228,891
49035,6580
59507,19787
64396,1146
88053,148
9020,30
91547,454
88271,298
70015,270
85286,550
21619,227
26381,1009
21230,385
12205,777
86062,4743
38488,609
10443,39
26319,579
89261,273
8308,88
36219,650
30286,798
1240,623
60670,4775
75113,181271
54459,2389
51436,894
63137,178
71498,156
11093,28
53022,497
25062,305
2198,243
2583,60
73121,1912
40171,149
16273,134
21448,96
83037,1659
57358,1121
23013,1129
71459,319
10108,95
77442,2384
40205,252
45216,138
65079,189
57537,6171
27662,350
18181,527
34119,1594
21181,121
56047,1483
36024,125
42188,251
62572,620
30275,325
62858,243
89008,152
62642,719
49028,115
16026,1410
76698,518
36233,799
42058,261
39475,2349
57418,290
37014,3438
60196,1080
65210,38
29174,6452
17265,1220
81012,127
51585,821
30244,364
17118,326
80802,530
90042,2029
33259,1395
62715,265
53088,888
57565,1014
68080,307
34175,176
21005,1500
32412,864
86019,2908
24540,1650
31370,129
49344,1223
2021,76
1248,2294
78623,930
50572,188
86195,545
59618,938
87049,1262
42317,117
33026,520
61089,105
47242,492
32089,222
33399,293
10078,26
50165,3146
69216,622
15258,1905
33524,298
28203,628
19272,13401
12253,1043
48004,213
13092,8676
65202,329
76323,153
35028,728
51546,513
60150,1093
68276,188
54295,989
76657,1153
14456,3441
21570,172
88185,97
52398,618
59349,1847
78043,3731
24386,193
38332,3348
67232,198
25139,614
36086,380
3302,40
70059,475
47011,194
38338,720
95584,658
63438,502
24057,73
8329,526
48140,3955
48107,200
58174,129
59261,1699
71335,69
62793,1147
30268,589
54436,160
74055,610
28193,127
43159,948
11162,48
67296,2188
62438,529
68077,358
30040,143
55388,273
80316,1937
24268,715
27589,973
61164,245
47065,2606
2645,225
46035,185
77176,3057
74090,1507
53008,1828
63044,465
26223,518
63289,272
44183,2870
28287,1007
17076,329
11094,29
80814,459
35166,1023
88173,467
54432,1775
81244,2056
72118,1427
18180,2101
10128,71
34163,4208
46215,669
65216,94
46290,363
25021,1620
17121,1112
24512,293
52391,307
54193,57
89210,127
16310,206
4244,1633
46065,432
26281,33464
10252,62
22157,656
51068,193
25340,195
10196,223
56057,2814
7335,223
7290,269
67226,2108
44168,4112
59370,699
53213,508
23095,1167
3070,140
54098,166
16254,215
62623,709
18138,1963
34033,2185
23236,258
68148,357
10163,40
57727,120
60687,370
32085,168
51315,130
49343,3167
72177,326
40137,289
57154,593
11125,165
27485,859
15214,183
5132,2086
32209,273
7139,98
37015,3243
95018,106130
60344,504
62553,279
14260,221
11018,1174
66042,294
44129,11474
81230,716
59406,419
38362,1182
71342,9291
59216,363
86192,170
18225,253
25378,323
58225,358
52370,252
80791,929
27091,793
64028,140
65166,42
89049,24
69078,841
2302,363
52482,100
28075,1015
39077,44
2544,602
38183,519
80199,516
52220,139
1254,2186
62768,105
21577,1353
31325,179
60462,2877
52055,111
37223,347
61390,163
79134,523
76712,951
7112,285
95660,778
80067,193
35039,2232
24572,191
22281,1576
24122,86
40002,1550
11398,271
65471,191
64038,3657
52203,151
76440,209
57122,676
70100,112
36187,137
36019,321
25506,87
34108,24136
39014,219
54213,364
70197,753
53154,879
57324,617
70395,65
89440,406
71191,483
73293,456
23040,162
64364,593
25491,106
46052,245
4188,923
70359,52
32121,542
50164,999
6160,82
88504,154
29270,1670
57090,102
35058,1298
86073,529
88154,102
85072,1046
91593,1617
3215,555
21219,163
74177,1115
61244,278
81268,84
54601,91
62536,647
41255,331
10014,190
67311,2290
74287,907
71079,460
80592,509
11346,139
77311,1358
53119,4672
11199,1612
39412,293
62792,1210
68264,627
31202,6671
21342,432
21267,485
58289,166
18058,1360
51426,65
54222,1316
60335,165
38043,1578
76711,4378
77414,474
54575,1570
21082,53
62397,5479
14236,636
88520,283
61075,1165
80652,764
60402,2327
51053,70
24545,100
21163,195
57474,5699
55568,276
62016,185
31310,342
9102,179
43059,110
60697,33
8426,89
54446,61
35252,917
17409,3446
10383,182
39393,70
39476,1871
11139,78
30283,177
88347,134
81041,107
1190,95
15268,1297
88418,447
32397,252
60443,587
64232,220
28086,299
23177,1039
40264,1840
67004,1523
57125,394
51311,193
62751,821
76260,1669
60666,1130
55511,117
88309,175
43125,105
51344,1457
76280,143
22341,704
29217,2777
62309,1594
14391,435
56117,4773
2360,2792
89184,128
39118,47
19040,150
8034,342
21394,151
45105,80
33278,230
11342,224
14614,757
55359,204
26316,224
26183,1198
76176,347
19014,216
84135,1699
9139,85
45326,370
25313,190
68081,607
55215,1032
51513,470
38278,535
60276,196
29291,947
86080,490
67541,532
2277,337
64357,64
91648,2444
39143,34
13098,6175
40158,286
61384,254
19036,1433
79064,754
9287,
76229,395
32093,103
56035,1126
18032,1397
54375,1097
55097,299
39094,161
16253,337
9130,759
63374,313
51583,191
62779,182
2B354,409
72169,1505
64505,285
76450,250
61176,130
45335,2004
72026,1522
53073,932
12203,475
16203,125
11195,431
22354,1096
22338,747
55021,80
85174,688
52330,76
19255,1805
22221,1747
24417,503
34015,174
45010,1062
64303,155
1384,2190
60046,324
86223,886
65096,69
60614,184
82133,90
76434,1245
55113,156
39234,82
78302,157
55385,506
32215,162
47098,323
69255,6304
44164,2422
21456,153
31541,3356
54354,52
22195,2365
42277,341
38189,4956
95459,719
50576,931
5076,108
44075,1856
26083,1804
65264,320
1283,22480
43246,453
83060,504
77383,836
27192,613
54304,14771
58304,1069
43110,819
8385,1050
25413,1037
2414,203
27246,1801
39145,295
85185,642
56221,1745
18125,1110
35012,7674
92063,82874
91378,387
62721,1970
38292,2598
57676,87
82170,559
7185,708
25516,122
64517,159
68141,2173
39174,66
35233,1588
6014,971
33275,105
59173,1778
55118,88
37021,1813
70479,100
72321,509
39178,87
26100,476
67046,12242
32162,1176
3180,638
48161,51
1049,3449
28082,622
58188,108
21489,75
76133,422
52223,66
55100,92
60442,133
33292,133
71038,471
50263,381
46174,233
70242,142
48094,935
91021,11698
51273,72
61241,400
7205,1384
25345,646
45249,927
80402,113
80696,1187
52126,162
6050,564
23076,1277
89055,3032
57336,5183
2397,1153
24376,1450
72049,250
79156,674
36194,911
87199,703
8155,94
37200,1000
11279,2895
62022,291
36134,418
78006,673
24136,109
79329,13891
65046,99
14712,3439
81004,51290
39030,906
2688,39
74063,1174
78384,1289
61494,1165
28249,615
10104,283
65211,151
56256,111
8301,72
51009,777
31285,793
89271,111
21179,891
65054,581
29184,2610
3066,326
17104,1065
43245,243
2007,118
24327,113
46115,169
32315,147
51089,68
57213,778
74302,1132
36171,1984
21566,138
63224,1640
62103,114
25152,135
72145,380
80110,441
51650,47
31422,95
27458,2589
42257,845
72198,2617
10070,490
95680,30053
61426,538
70265,145
60474,285
11141,125
64512,273
18046,152
58269,418
17397,2460
76421,938
88002,67
40224,3700
18060,45
70405,192
8428,146
14449,422
11338,46
64081,230
14543,2544
49222,2031
29026,5085
41153,143
5063,479
2265,84
80021,136449
11175,483
12096,4605
68050,407
31287,3798
21580,126
82066,661
52075,168
32347,275
44163,4944
62421,351
38325,522
51143,63
26104,91
22342,441
65095,314
66086,15
80725,4179
2B047,272
63353,482
91667,7332
77446,617
35331,2571
41040,795
34048,318
28332,1114
71315,189
86008,343
8287,148
28087,221
76361,717
95353,1856
36069,1188
2206,71
6073,642
25222,1643
91001,322
37281,3420
54478,150
33086,344
1116,494
63443,429
60064,912
35208,5732
86022,251
77209,1177
39579,904
78513,2629
64029,659
51384,363
65289,104
24523,407
4057,183
21300,362
64473,354
83109,261
71403,275
50230,928
67458,5182
61255,533
16098,136
64147,2965
6134,540
77245,412
10100,1155
57455,138
76677,361
60169,809
33066,97
32435,164
8280,69
41068,502
80422,527
18211,728
70313,452
43244,3111
89273,268
76353,100
48008,191
73075,596
35101,1237
77173,805
81185,243
1418,1261
76107,289
17234,347
53015,1965
57048,78
63170,609
54531,62
74069,791
81271,9719
83125,2818
51501,194
24026,4361
57448,229
14137,3428
52023,166
25170,1370
60425,497
70471,23
22034,1571
65133,220
27226,3670
89311,1270
4072,114
65327,206
64151,98
11098,954
10397,174
48100,146
91067,111
23171,102
45308,3269
80721,2306
51535,4576
38342,324
32148,84
64380,234
35068,7533
85187,857
53122,747
14322,247
48065,83
30203,320
25129,138
55454,178
38432,937
45340,536
67269,297
77292,1219
70357,553
89212,351
10308,229
47139,99
81257,6564
50199,451
51424,162
31300,126
39312,107
56167,2664
54236,356
64284,7040
69095,834
3277,244
70466,119
70528,491
68384,2561
43088,329
80093,1092
63408,163
27280,1117
70085,703
60258,154
62148,839
70203,161
15180,80
24153,407
31265,284
33464,281
91412,726
6117,1397
76617,1674
22023,406
17299,23460
54257,5414
12256,372
43182,53
25246,253
30093,117
38158,10493
33517,1719
25026,227
18002,189
80453,134
7159,769
57174,115
32304,278
54439,5099
90075,4051
60662,495
60219,176
50302,288
14228,5143
27439,1176
39304,234
67471,8239
16130,175
64501,591
75116,159386
44172,16400
1133,380
84031,31619
74263,6447
80151,294
14246,920
7181,2886
21612,82
47018,175
68143,1971
65032,694
24290,156
29271,873
50093,434
8061,38
94071,27764
78158,30689
19192,468
23214,265
25567,112
24247,162
31295,75
71236,897
28294,517
76566,662
11264,1286
31158,161
89199,442
40080,1128
88057,88
91635,1945
77229,1731
62682,64
28132,654
62851,882
25443,61
21468,90
79164,252
9185,3852
2635,146
26169,2258
51142,340
61501,408
21153,167
56240,9212
37159,8080
38083,445
30351,13148
14410,1082
91461,5455
8135,168
61067,166
54523,447
32376,121
38217,66
24234,389
88033,360
31571,269
21416,1919
25327,68
68263,640
37041,323
57403,130
48188,261
17029,177
28089,2641
62552,1070
14742,67
55032,44
69075,199
80451,111
64413,753
50117,349
54394,239
54046,393
55382,365
76220,500
93010,50595
67532,1057
32455,159
51259,189
47214,718
21634,148
44220,1753
54325,77
25096,188
69061,1211
68149,7487
17358,315
64058,457
55058,313
53260,380
43090,126
63471,864
2332,272
65367,148
57370,2224
3075,158
52273,120
18035,927
23248,359
1321,915
79111,288
35184,6597
55464,149
89350,242
42051,528
35234,1287
25342,78
69028,6775
76475,6171
27615,199
38257,452
80785,531
34097,502
63010,1785
70468,90
61219,166
85274,557
64521,581
62056,608
91692,25886
24553,1742
78237,162
31217,71
62059,293
24546,34
21346,283
25582,148
45197,1887
16132,982
88343,164
11174,64
67436,508
59281,1244
17242,867
10109,211
33123,2727
70349,240
5099,103
71201,192
71334,387
44190,28596
2351,120
39259,45
51197,88
40222,838
36096,201
74010,132117
21595,145
50162,1681
51274,113
58067,1500
54030,74
24409,1148
32112,264
14159,229
11229,21
81249,836
76297,231
59157,2153
25307,967
2201,467
72264,12326
74156,764
89427,674
80401,126
5045,1195
85015,1683
29038,983
33016,440
72204,516
2108,140
88251,1106
28366,324
61150,717
91086,10767
60533,1727
14664,322
51566,291
60134,2649
26059,210
27445,257
62086,417
6144,540
59105,1580
30106,756
82082,220
39268,63
65094,127
80526,154
34342,231
33541,1198
30097,281
31519,215
54403,1149
57606,14755
33311,1175
51558,143
72086,138
30276,3690
18117,481
43212,1038
34261,237
59300,565
68255,1373
8161,32
65320,816
50469,299
91433,4412
24393,89
61074,623
27569,243
84026,4363
29018,454
61446,162
43024,886
31268,134
55057,75
62652,1574
77108,54620
64064,516
49244,18695
46128,3512
71090,4018
78349,496
68347,640
80078,494
3300,528
44139,1565
70119,393
21446,254
65354,85
17133,845
33369,671
15092,1351
12197,1924
83136,2631
67085,681
60254,543
59609,1654
2B337,167
4145,1506
21327,251
57708,2056
14468,332
36145,224
80591,144
40059,784
26139,2428
27404,82
8064,316
77095,1585
19039,237
33330,3577
2B072,51
15181,579
59536,825
17032,828
31105,239
28016,106
83004,8109
72290,1790
65428,60
91215,11611
24296,1152
33543,1045
60008,409
46187,580
76638,1088
88461,200
68177,1544
2A336,537
21482,655
62147,389
56152,2599
32433,688
31210,1370
25264,81
39179,228
39073,200
7003,169
16111,167
70134,227
14473,105
88470,1489
73310,640
89020,113
85092,14059
22370,362
76470,651
46044,581
28110,4038
21512,340
3248,146
2703,1087
61165,709
40226,195
7245,2489
23194,121
60198,376
76333,458
85206,403
13024,2640
8393,65
60511,416
27353,474
68182,1271
52083,719
89128,124
62344,105
70069,40
23211,428
76146,2815
25181,146
72187,1653
14380,221
60399,248
12091,448
14181,5377
32432,244
42043,1767
28067,80
19042,596
3073,580
33010,540
41154,1077
62335,510
50552,322
79061,3829
66127,1239
6116,194
33235,228
88399,208
80690,613
9113,602
64306,709
69215,969
85278,1741
23221,198
39028,447
2A163,540
17344,1350
61484,3336
30146,1516
43054,173
59503,201
72160,586
40170,230
72255,785
54292,180
78380,6083
54578,14718
70460,417
33510,206
67412,1043
28013,1484
26168,523
53012,451
65422,328
89360,370
60363,224
8438,99
33005,12710
42147,16123
36161,917
91540,5132
22047,914
13203,58029
88314,98
31375,3050
70438,209
63235,550
28375,359
49099,54404
13205,45702
67502,210
55414,180
60260,670
43028,432
40169,125
72281,452
97310,3449
60575,3505
41212,3180
80056,104
66149,6148
62909,425
6125,138
43193,157
45056,319
5059,972
64023,885
32185,149
69134,240
60310,582
28004,321
76418,1053
54473,292
89222,223
11215,888
35027,1804
79147,759
46111,178
2403,241
34295,2069
70098,194
26032,456
70198,1234
3085,645
42323,8975
83113,2453
88149,52
40218,451
91408,1294
62033,4571
61396,78
62661,511
76172,162
22026,729
95422,361
51447,486
21164,151
76204,248
70014,386
18250,66
18227,166
71384,523
61351,133
51329,1442
88003,60
2A130,3900
21057,339
33171,222
72277,113
54320,322
51613,991
60641,1686
19225,205
63107,529
65180,16
59667,252
29225,2119
69259,65502
7111,187
39559,405
59342,236
55492,944
59340,4078
33529,27566
31099,405
39514,186
54152,3080
89143,327
83130,12521
19105,517
31291,9945
38413,422
86292,982
21515,8971
21131,456
69152,
70388,1973
31408,80
95282,
8262,584
60250,406
89393,112
88098,924
88128,243
87077,524
39188,340
68156,3502
69387,88326
2A085,1486
36158,748
2648,1931
63465,442
5087,532
46294,127
30352,1889
92075,28622
43112,3499
33447,2438
51278,284
31377,683
51457,642
13017,1543
50540,617
76109,167
81297,1195
48042,938
23164,471
62156,597
59125,410
56015,2129
57194,1218
76084,121
7091,316
64554,233
51025,1130
81070,3057
17059,1463
50216,797
21183,1067
80247,709
41281,416
25191,450
54425,2441
19025,370
26300,45
27369,73
64173,159
79297,343
27631,365
35151,811
14135,272
89430,331
17466,2354
91105,9157
29103,16363
28122,1505
24388,512
1177,183
65040,294
39329,165
70064,134
55420,64
77515,711
13006,1533
15072,215
30182,1402
24367,162
89325,86
43080,1998
26063,2218
33386,188
26001,456
49217,804
10197,155
27205,413
2019,349
22025,2312
26308,171
89069,533
85028,595
80346,163
51246,217
57046,734
28091,148
69156,2618
64371,2972
27668,664
62101,133
49209,418
70224,713
21517,495
57280,353
68311,590
12142,611
25099,257
16210,742
37027,5352
55201,64
80538,105
54201,311
61451,322
21458,1134
2A196,81
23218,104
60159,40761
11379,5657
28139,165
17467,252
80083,145
60137,288
72254,261
57060,516
33218,1575
70455,1484
51345,288
88242,43
33149,143
58274,108
6162,763
31560,505
45193,2180
14033,238
44047,24103
31223,40
46199,342
80392,572
2B311,807
10174,166
34174,875
51577,149
2B007,196
70454,53
40318,309
60510,677
31509,166
73261,2395
61215,362
9221,247
68291,1068
76221,190
57670,132
21555,1864
87004,126
11295,1279
73010,6461
29188,3192
57496,328
35019,1877
81120,6584
57103,114
81240,102
50373,81
46245,91
72220,864
60218,1623
28341,235
35334,8667
88158,3138
25049,127
77371,3049
26194,605
19037,1155
2100,137
46229,984
58266,191
31250,690
23170,209
42090,477
65330,231
66223,215
59566,4675
24398,583
55184,1630
77355,187
32071,162
24046,110
37036,199
46127,4206
80313,299
43037,267
46197,1107
1030,872
59004,1338
65347,43
31342,191
9312,3230
81251,928
41075,999
80684,101
28170,272
62298,491
65176,94
92020,36705
24084,98
47119,559
29183,717
62325,932
77421,244
30028,18112
86049,465
52022,180
8401,219
72089,1833
46021,749
80680,2894
77287,504
49288,232
85148,818
86111,1709
64146,338
89118,783
32030,123
74071,239
62217,2593
59528,1570
36123,941
2B086,175
55191,229
11155,77
11262,57587
12259,643
3214,326
2336,971
1410,293
35286,293
42241,393
35178,1734
21040,83
67401,287
2A131,145
31386,230
2B079,522
80203,80
47252,6541
27364,177
80386,175
46321,354
67354,518
22208,1798
70524,127
64033,136
80100,605
81005,512
2224,352
19001,385
30074,25
74031,3097
37238,514
24485,432
62542,205
70420,62
14299,806
51071,213
39490,248
5090,207
55578,181
37124,2657
34038,1599
76519,74
21124,182
52232,51
18049,491
10268,5537
54389,106
88081,1261
26014,613
65098,312
2651,88
65048,764
43130,1114
52149,86
25298,255
10255,293
25259,1975
45063,880
7024,648
46042,20050
17480,731
56086,219
25045,38
57349,137
65350,1222
67168,1695
76664,250
80562,175
54423,326
35105,1703
70429,540
11206,10532
2785,1104
71543,5701
26318,32
50258,84
9201,70
91546,982
26288,301
8245,30
69057,580
14478,1975
25095,280
60180,488
68032,1294
28392,169
41127,379
1200,204
54507,102
39507,77
47040,2098
2A186,221
63025,138
49231,1459
80013,2204
27481,381
55534,46
88325,178
7296,1872
14270,366
81078,1062
83106,5660
21640,202
7304,740
33502,504
65125,314
85194,49603
84029,4533
57353,72
25276,161
76739,583
51285,139
61005,275
70097,256
4085,60
52528,149
68015,2596
35220,3224
27438,2321
60047,729
38157,3677
79346,117
19222,351
45032,303
52325,115
12178,358
76746,217
8492,331
54125,469
80256,1576
57518,316
86152,608
79010,615
87024,869
17378,410
82003,239
21333,239
31492,549
63119,228
26287,477
56108,1104
68091,2345
63241,330
4245,3243
62559,1039
68250,1010
8457,1055
59232,431
8326,114
62157,68
2B176,74
10290,229
76703,226
22226,2466
55321,183
26040,82
42143,538
14582,688
21322,310
32345,540
38345,605
23220,559
56227,545
58255,290
16154,5862
33536,263
56073,1175
42168,3727
62225,593
3157,1053
80218,164
2A259,61
76254,1102
15244,453
70248,1378
45341,190
26142,114
56009,994
33470,956
64342,194
37212,732
7059,227
26248,181
24352,3734
39354,365
33012,4124
7291,847
82096,3358
62844,665
15040,99
76090,1197
77463,3384
63216,140
77301,320
86010,1136
88167,227
60101,627
6126,3431
7283,67
10107,100
2459,151
58110,225
22368,729
25557,436
4174,166
9141,73
32284,68
86045,1383
49248,8813
47259,110
71491,1113
18226,474
2638,241
24325,796
67528,509
80433,38
21266,219
76352,366
26274,2
22090,1112
22009,186
58073,113
10187,395
50146,210
17215,39
70062,140
72062,768
22248,1809
2833,460
47201,9326
71020,99
89179,305
58200,149
91106,1285
14384,3275
95323,17854
83096,1552
86206,134
24276,385
17372,91
81221,234
57030,517
80508,51
1403,1317
33287,667
50512,530
42164,69
54338,1007
32429,323
8368,226
23155,357
21141,38
67110,1101
32203,245
76244,401
86025,467
59564,3103
64443,930
64075,171
80117,158
23190,160
60585,263
13105,6925
51084,85
91405,4562
26267,26
50376,354
80634,826
94070,3913
14509,200
27349,856
55300,219
88506,326
35190,248
43117,243
62301,71
80074,109
73012,139
63103,6299
71167,545
14480,510
81208,545
44211,4850
14227,221
72148,80
60374,2473
81001,238
70194,128
25381,2661
2453,392
33162,24825
10389,109
41057,159
17152,947
25504,79
34213,6797
27504,1205
71506,1152
72094,636
31312,34
26323,1916
52286,81
89073,905
85242,1042
11026,163
80462,328
16184,99
77192,5994
59343,9600
38523,881
53048,1187
62129,93
59258,2803
37081,1429
61070,845
2167,895
64313,297
50548,126
60577,1662
24067,2663
4134,546
38160,2285
47292,563
3249,163
65031,725
69049,2973
69083,1160
54294,134
7155,1325
63042,3709
9074,151
36211,448
27170,1105
76290,411
28326,342
19196,450
43100,185
52367,40
15182,127
9258,468
63179,1016
30050,169
80488,1500
38379,265
56170,1060
64462,470
51304,152
52535,710
89415,191
41280,2678
61505,203
2B165,348
10332,501
78194,229
72211,628
83035,6040
38452,468
43064,64
12121,779
52459,97
63307,7894
54016,275
19143,633
77059,738
40260,409
27463,729
16101,1049
31026,1087
66150,1099
59490,197
76452,4625
43157,18540
8487,1803
64516,406
38450,1466
11087,105
73048,351
52076,407
35285,1107
18137,487
54006,424
76546,310
59526,15974
29282,368
93029,72390
29084,176
16362,317
2095,5605
24450,586
77439,1165
72282,517
30155,7044
57093,651
30348,1865
60182,178
12263,746
77051,2344
2658,237
42201,704
24255,588
51179,167
41061,1558
56021,1494
79003,5419
21545,918
89289,306
88313,443
25016,175
74083,2093
2367,179
57574,524
48045,291
70275,383
31461,285
47177,190
8319,320
87139,452
9174,359
1381,921
21313,45
39339,1113
77202,840
43069,287
10151,914
9269,379
10059,114
64102,54306
1024,3409
2649,299
25151,141
38018,367
62135,304
2683,118
1388,1125
34216,319
61078,693
66194,244
88263,213
31261,1142
95280,31301
22101,1175
12106,561
79125,1780
67288,314
39270,531
26351,16
67237,2607
57087,245
15192,305
16029,214
72253,2514
27329,744
71154,2485
67057,180
78382,4454
71169,666
10149,330
57158,226
2B361,320
10336,455
55443,598
54126,209
75114,136455
58146,936
89349,356
3082,6017
58253,87
1332,841
43038,1075
52208,159
34210,2122
12033,3001
3198,202
57709,305
35231,1261
56004,1846
83095,784
72360,1637
33518,1083
9153,119
11411,152
23012,122
1052,318
62576,133
31587,1687
33353,198
67521,467
7101,941
50273,1450
24243,924
62353,239
85246,2560
8128,64
63043,436
47021,1488
46080,844
63368,1281
76194,405
60456,897
54550,317
76079,168
68079,277
45035,1151
25220,590
26227,23
33185,2041
28023,1299
31062,109
54496,376
2B235,87
89108,346
40156,603
63373,162
31177,139
10349,2956
28363,1046
59049,441
25561,336
67430,804
69286,31389
60471,12971
24405,314
31534,217
13064,2647
27040,449
19006,98
31284,1582
2B162,735
88064,105
77232,1129
36074,560
82134,5917
26089,58
24487,1795
70182,119
50408,579
31539,63
80383,99
88440,181
4204,154
17412,620
26038,1394
29279,2914
32357,123
21261,651
22161,2771
80322,168
28134,31543
81026,690
21499,189
27267,331
57718,225
2072,178
50088,140
22081,4335
9002,625
91435,583
8497,1282
54359,240
80076,500
34223,1225
33302,331
50049,661
31379,164
68123,862
76538,258
40036,3780
70001,333
2B277,365
7305,414
38374,3921
57291,253
8122,825
9131,143
17086,3651
2495,1028
5147,382
1053,42372
31358,3708
1302,167
69200,1544
2B080,168
57303,579
95676,498
7261,1618
88190,485
2010,163
81052,2127
2781,443
81089,143
45222,1422
17406,415
82079,3745
68378,354
7168,575
64036,313
61212,106
24132,249
13080,5935
56202,552
8394,70
80520,205
62001,1994
66176,3126
31464,332
71251,599
59314,3496
23138,160
68122,654
22129,75
39265,196
16248,163
61316,117
44067,5243
61393,132
2B122,61
44054,3072
68058,3100
30071,457
21063,94
10159,101
41131,809
14689,3600
42333,602
89077,1513
38535,268
14060,1987
69007,2769
30291,324
80177,688
45332,1503
76311,443
47016,1174
69205,5439
82106,160
55157,51
69004,777
31043,169
71428,789
67101,2636
12226,428
51498,63
37146,222
95181,310
32155,1202
64555,158
76589,197
25586,788
25393,563
67445,3099
18026,989
40183,1001
33024,283
27351,1353
66080,125
25562,203
74215,1311
90030,180
30225,1591
3124,219
54401,140
37091,2543
57552,963
38472,261
70385,302
40146,168
35283,1375
66002,3782
2447,126
80465,192
4173,1029
60217,226
69108,1101
7115,698
67047,153
25017,85
2A330,504
24129,504
89214,199
21367,262
51081,308
41041,164
83042,12301
55141,88
28414,53
14062,467
64045,66
16209,825
95604,4091
67467,380
32003,40
80415,1027
39208,166
65057,992
54406,276
2582,80
58026,142
59472,832
14733,327
84111,334
41063,506
55409,64
71139,151
84062,1742
58227,1216
24299,2771
37160,351
39216,302
40077,804
50637,327
57003,1428
14745,232
60055,341
57111,503
51475,63
88428,1785
14514,5145
60078,125
50266,467
82083,119
16400,580
52003,148
11148,575
71178,893
49155,1447
31429,2155
9033,46
55128,43
14626,1040
35216,1793
6157,19917
1121,116
28153,208
26203,275
56147,4951
25301,838
65151,153
67331,1325
19184,142
69277,13421
11068,1453
36227,236
60099,174
60139,9959
30094,
63281,1042
52304,47
47069,3095
2424,101
32005,308
72303,737
71371,1570
52318,240
61331,125
27021,335
40049,359
32166,108
80734,217
2111,702
58105,298
65082,44
33032,8435
85114,3235
24581,851
61406,289
39061,119
28107,372
21268,214
14542,696
59487,1410
42269,203
2B299,103
3190,19206
50185,1101
31330,492
66036,53
24438,237
31237,235
21377,45
27316,1247
10225,234
61466,1390
50195,265
8063,133
54330,428
57099,248
62902,3321
52473,86
80555,593
29247,3574
81110,100
39327,911
60517,877
7085,571
80053,78
40291,1826
25059,271
90082,281
21690,103
21232,201
42311,1495
45066,694
50371,397
18215,134
37100,401
44111,2360
14460,1383
26355,633
2729,74
33068,98
57619,445
67206,1160
58032,381
14419,252
65384,172
3233,386
61108,184
85221,2781
57430,318
11274,357
52510,336
62714,794
17122,222
32151,65
10206,129
16385,1150
23133,372
71579,177
38457,3186
62249,7830
89009,329
46225,2519
56027,547
1291,869
40038,110
11395,25
4178,1286
65242,251
46168,191
24316,800
88369,1815
68349,4709
54133,129
34222,657
5004,1017
34236,71
60388,136
54411,218
64388,114
77348,242
21414,320
89468,416
95210,11432
33310,187
38072,2706
27171,361
1261,664
2102,181
69099,1430
67371,586
34266,531
52515,109
39457,56
79284,789
65399,88
42069,3050
19054,215
23065,289
13062,4241
62010,254
57626,507
83034,9408
54049,528
30056,332
80020,778
16237,223
33473,3582
74042,13335
60342,4926
78418,14549
2322,378
77364,261
80782,444
88119,182
50215,3274
62578,104
62592,557
86291,100
77035,546
69388,85943
23238,362
27026,470
34322,795
26327,235
71436,961
88281,407
38434,668
73187,2538
31476,933
25448,1617
17459,533
70445,122
38176,2123
65420,86
59181,536
64436,878
9325,36
67526,1639
48192,88
88230,34
14020,3959
2620,320
19285,1300
14500,152
9089,57
43128,144
86209,2191
70261,1354
54288,500
64446,139
39434,3976
2176,214
47159,1456
40088,22109
86070,7007
77419,3162
47076,278
24273,370
70024,437
41009,677
64184,630
50041,11484
54431,14190
23229,291
71264,322
46269,65
80738,124
17075,1481
95480,5655
63422,510
27560,250
22062,560
80375,327
58117,3992
2558,2468
6048,7897
8158,268
61258,659
21275,126
30279,709
59436,825
63222,507
80079,297
89224,154
40082,242
80160,1191
31029,338
28322,465
52089,71
3054,231
14301,5077
54069,557
56247,3852
70104,575
59383,11995
46022,214
68379,1190
2A203,94
34235,279
21083,120
62212,474
86173,602
33058,5066
17444,1748
71123,375
76429,8177
88129,100
54568,242
95430,4023
64027,174
66203,58
17416,56
7280,968
57515,1844
86134,216
88107,25
76251,431
77199,1370
52181,96
60375,381
26216,1250
11256,616
4030,60
32355,79
29191,3382
70283,449
39455,55
9047,1091
23261,278
21423,777
66213,7450
2821,654
68262,769
63432,911
67307,435
51194,448
11325,514
77490,686
38175,3285
76106,583
1207,348
50628,154
59443,351
59231,1024
52511,58
1444,1206
54351,1665
78624,12206
95541,964
62666,3062
42180,1042
27630,328
19135,341
39025,285
95637,16079
39106,302
61278,1827
32438,115
2B296,127
72308,2076
55149,133
84012,2442
21160,101
22356,945
55429,51
73294,353
25104,79
30238,73
58081,268
47228,721
67435,816
69295,1918
1297,937
11104,57
38223,1930
80227,460
10348,231
61069,161
38389,3545
44097,2171
80514,128
69051,1218
3052,1074
8214,435
57513,150
80699,116
80170,110
19199,246
1146,456
38275,307
64066,348
7005,1533
71512,2895
11248,70
67117,420
55303,75
35268,413
65146,297
25192,162
62880,203
70331,458
21221,46
68057,240
77219,2688
69018,2082
76715,608
39024,256
31273,3043
55121,108
57389,458
21278,9252
25082,876
76202,338
46053,455
65018,73
42128,403
72336,1240
25617,350
58140,226
62398,275
39051,433
44137,3591
62804,359
18053,282
34039,1601
35358,1233
1265,3568
16020,312
38368,1062
83006,282
40265,108
79303,323
60311,237
22222,4634
67356,2484
35304,1326
81115,1420
59071,2318
55371,70
80566,339
31350,88
30068,933
54027,897
80476,327
53058,308
47158,157
4026,159
25145,117
51010,149
7166,237
36108,198
21639,743
18099,219
81266,1054
35044,415
65213,112
59277,353
53238,522
1034,9388
35092,828
39038,163
19150,348
32354,126
26022,88
47310,9459
92019,35825
45162,540
16042,120
21389,195
51469,111
45299,269
76426,154
50036,436
73286,1156
89316,250
54527,645
73217,371
69126,916
63048,874
83131,6269
74231,633
10203,361
3010,402
42095,17060
41107,471
27489,510
71577,215
31150,8978
3311,291
42084,507
60070,495
41129,649
21053,195
19219,64
6097,337
13072,3739
55370,179
25097,471
77123,754
29109,1579
11159,134
57107,97
70167,360
77369,797
80554,921
65451,760
2B073,115
22227,798
43156,108
63005,413
33482,277
1089,2443
18255,967
31565,869
38240,747
4157,694
2199,589
47130,351
8356,169
8260,621
21067,679
11289,970
52074,632
19085,755
14173,454
71351,1967
81209,2947
76017,678
21372,71
21616,201
63188,601
33374,838
34145,26623
21359,56
59620,670
53224,1172
62609,1628
19179,214
67186,437
4027,260
78536,354
57679,509
62472,157
17223,184
33538,552
68030,385
78528,346
52257,109
10122,229
67096,326
21669,99
30003,8699
37243,3392
2676,1697
71235,1959
51643,535
4199,167
62758,10888
76378,1761
56072,551
36127,1546
80381,40
41002,795
59106,766
76334,522
64093,654
64008,261
79286,501
85121,1045
71041,189
35054,1912
52447,173
76368,350
62760,264
41034,102
72271,882
80065,89
34201,289
84049,448
65359,20
18156,424
37261,139259
68013,959
26173,866
66140,4129
35245,4189
47162,194
2156,234
42264,962
71496,131
41282,408
85093,1240
43102,1152
32245,139
62889,834
62458,1116
18088,204
51279,180
9138,186
34131,626
54316,317
77010,984
79029,680
57359,181
7130,212
17257,669
21167,122
48043,516
69386,49385
51103,136
47226,539
74282,10075
2025,361
18124,276
33514,3100
57666,7801
61008,1254
78440,34632
53089,543
10028,111
57151,148
85282,999
12130,1091
88101,1210
60552,254
35241,2664
59051,6650
78586,52763
79119,638
71064,984
22133,659
61038,1457
6061,93
57357,425
92060,28848
69189,2036
31178,196
70179,176
19138,1310
14174,5985
25303,
24161,121
60010,1805
54041,127
52122,109
59206,3171
50178,1283
34127,3233
32131,133
77161,816
26160,1253
8193,266
21273,1535
80698,218
33520,306
12183,219
83135,1492
58058,313
71547,261
2091,98
44198,9275
71422,260
85146,21134
80830,
49211,1222
56175,4207
24228,506
1308,871
89329,78
64208,416
64228,274
10303,66
69180,269
44048,2535
24123,120
41277,118
55063,2507
27156,455
25527,5133
21228,142
38144,2947
42013,2019
9136,82
60658,701
37172,4515
57642,2753
80473,292
14579,1312
54472,848
60488,271
15087,394
7033,234
80674,3636
82115,2055
39569,635
2B206,41
55355,152
24559,346
80337,216
27063,270
51586,194
88210,174
52392,106
68115,1368
39180,243
4169,109
92078,26021
62860,137
11389,14
16112,59
55244,218
2028,2578
57512,719
16058,1387
59064,1301
65141,68
30185,1646
46123,355
14140,368
42166,629
54074,36
67286,1570
72085,170
41171,1638
81276,1237
64127,371
25604,125
70213,223
8142,1989
39425,88
41195,150
42199,1966
51390,725
45094,226
28100,479
51440,1734
62075,1324
67481,1121
32385,184
8254,585
64373,1845
76154,440
27638,3827
28254,801
33448,3409
2014,707
61454,582
59096,1682
58069,164
86157,5229
63082,441
46204,584
39337,88
25447,331
22251,7454
56040,3460
2492,426
80133,211
72142,137
62486,1070
71307,301
35282,2927
59576,1718
10113,199
64242,74
42033,622
95690,326
37217,1579
66170,183
55041,595
27587,840
15036,450
32140,76
59649,240
61198,122
61386,440
64494,271
51497,41
31092,124
38416,7700
2293,543
41114,291
12094,964
12199,2000
69012,628
13039,15862
51578,83
65019,614
55569,163
64465,240
69258,311
91191,9610
2343,84
26174,1067
2732,92
82193,112
25482,730
61072,226
50433,1040
41062,530
86274,1078
88168,126
12131,1573
64061,3477
9277,651
27671,164
66234,71
73181,3487
16089,3878
67161,366
2491,320
6138,1477
6110,112
52182,2008
8235,406
53045,673
67133,455
82069,203
2098,375
34065,682
24208,244
25067,187
43105,174
89232,326
28300,176
38195,809
27412,1577
21172,273
24448,484
17306,19425
57460,1444
62025,2033
65280,445
9031,33
77193,238
77510,1369
9308,204
65342,90
71005,255
65199,33
38204,178
22220,1601
80295,589
25338,87
61037,142
46182,1750
63157,381
63442,52
4183,179
67150,1620
16355,
91414,376
59165,6467
62349,1632
71018,577
51389,803
70428,1432
62023,2823
88153,334
70426,235
46340,419
80206,122
25122,549
55085,283
2A174,98
31231,816
76237,521
77387,449
26249,657
59626,1197
14309,825
57058,6166
31561,12638
8107,1285
51444,529
45205,261
39439,532
61166,161
55469,93
9318,127
42213,304
43011,175
22361,630
81281,2020
22032,2501
22140,626
55533,1906
50090,611
88362,116
23049,253
47083,105
77427,579
2777,133
62190,1243
63255,625
79311,1765
25510,366
90017,1741
57677,965
76094,315
47188,286
3239,258
1452,1111
93070,53615
35176,7354
65097,194
14044,1029
64131,595
83005,311
65370,1099
55198,668
65071,42
65147,603
59033,8612
3100,1343
38258,93
37219,1019
91514,9477
32161,86
47075,1075
32182,181
67487,1733
34020,357
40005,220
88316,42
83126,63732
54096,463
24446,57
21084,60
73099,427
38094,2009
70035,175
1454,1144
63162,313
34243,1766
14273,138
4156,246
88471,97
74234,874
89056,612
79115,531
68152,2445
42223,6181
52088,665
40292,1659
53099,1099
34242,1246
79319,863
28077,167
67001,2637
77097,304
31467,6534
25290,97
52118,268
31497,2334
21714,328
71239,692
22049,1671
38082,2003
21452,3588
32228,85
27061,330
2A024,184
43237,247
81059,664
87148,1010
61102,401
89122,564
2555,2134
62891,138
4115,124
59228,1432
77398,791
94037,19963
57707,715
50186,230
21475,477
31354,57
9249,152
11075,124
77260,1804
30213,37
33179,3144
67260,311
63036,329
64167,221
76402,6221
40316,832
1019,25
30184,1564
31175,612
51085,372
83028,2124
59613,1464
41084,947
19287,222
71542,1433
50232,440
65432,173
2B301,64
2B218,114
76422,264
80190,1190
80182,2316
94047,4922
78335,17885
54252,508
9199,707
35305,407
33234,3714
70192,208
39114,149
77436,883
67037,349
48038,532
56231,3990
36215,484
85135,2808
88348,146
70462,78
11332,1488
60560,757
35239,4566
2783,124
42329,394
21272,275
58175,155
15241,52
28154,1684
81177,464
37279,727
67166,264
29187,789
27493,3234
21007,200
95554,878
1100,131
89035,436
71386,136
50499,496
7044,262
5108,191
80667,137
60642,1037
18157,845
57172,268
4019,2518
23201,209
12127,677
3049,430
51419,130
61203,899
81250,282
90063,422
76104,260
62387,353
55119,183
2764,92
59587,519
1449,780
10139,153
34313,683
42328,731
25583,269
29235,11897
79257,1498
77135,1610
71025,366
15096,260
89031,618
11014,1461
89410,113
66046,586
2400,149
17106,323
78410,902
40210,1079
34314,737
60421,416
57203,246
55477,398
78381,1088
7243,301
63282,1641
33051,11431
71078,146
67011,1005
4094,3084
11023,749
21450,168
76214,282
50537,387
54099,8130
55485,80
60285,297
10337,31
61096,2844
84108,2208
43052,191
77522,278
57329,444
71088,229
65462,230
31364,3158
18192,234
80194,152
1110,159
36122,198
22225,5414
57069,464
57732,777
18017,278
71421,172
85144,1558
38219,599
78192,1441
68357,506
63458,135
22124,216
51371,54
40034,615
76679,110
33299,392
59179,10109
1264,1018
33492,2586
51275,183
47327,378
80265,560
28162,281
27444,193
79165,134
24507,115
91097,8097
44010,2892
24494,503
85287,453
60124,321
12010,159
21034,137
60618,269
42193,1456
70532,539
62796,569
22386,742
25511,354
88171,50
59025,1749
55027,159
59506,471
11182,188
2B243,31
90064,307
55515,71
73183,1318
33246,138
73168,114
62518,174
32407,152
24436,1012
57042,574
50507,355
51148,138
17138,267
86122,68
41293,246
7026,254
32067,
16258,495
53046,315
58019,83
3020,296
22166,2584
55282,83
31472,243
33249,25769
44102,3388
25489,268
47112,469
3247,1116
3005,321
36223,133
39396,1045
71548,240
52233,84
59274,464
81320,159
63249,483
11257,243
5013,148
24159,395
10334,580
32231,419
6087,37
25573,15
25542,2004
22095,167
14256,324
41247,1546
81229,141
26376,103
18150,690
62551,283
77040,3941
36034,2740
11070,332
61233,229
80365,177
77151,305
46109,547
76143,1405
24080,458
39505,56
33197,467
91330,5530
73007,1874
62437,330
9274,311
2431,385
11236,252
63079,149
21045,259
28037,345
80792,241
57387,278
40202,3387
61182,408
63251,332
51490,197
14550,87
51352,796
88499,158
55334,180
12101,1084
67112,3011
36184,458
65221,268
66076,59
88193,150
69010,6537
76559,524
86247,999
31104,637
36061,335
33269,365
17024,1410
62561,173
32364,97
24353,331
80436,522
33036,4854
25614,2786
25112,1335
25212,2579
25312,61
59369,3954
22274,409
66152,90
64552,144
8445,405
62685,263
49329,1349
55343,58
64172,283
47151,407
74219,1257
33546,459
21329,41
10235,58
37226,4092
71402,770
21564,385
67353,234
2433,220
62574,228
31011,285
76117,658
67103,1059
5180,510
2580,785
14371,6207
71340,1405
8226,154
14668,325
2594,131
1419,6569
24016,820
36040,100
77505,386
7011,845
67391,430
2598,682
22014,1277
42303,293
74283,1181
59087,766
65197,160
73156,354
2170,125
60090,423
32080,150
2A310,74
52524,215
37192,1288
74307,1062
78117,5816
11438,362
65281,253
80303,453
70150,305
33428,85
88040,230
32247,304
52385,28
6054,5484
51052,627
1306,1594
45265,393
51041,98
1087,280
39244,155
3314,1335
59555,1402
19109,228
62312,304
33146,2279
10134,82
37262,285
2622,56
2154,375
84107,1409
30070,768
77304,34
16144,429
14080,117
8333,223
80650,626
10254,325
40329,522
81084,614
7342,1165
10147,119
32150,212
60214,172
32447,75
69013,4601
41052,1132
4075,414
11025,300
76316,438
27066,284
76022,329
62257,463
57717,176
65021,397
73089,1305
69072,9221
8130,87
80545,521
76652,748
71489,586
87179,218
89413,44
2114,1788
31431,63
68292,2173
12129,440
31397,51
59636,11012
88108,457
2263,114
17312,859
81303,401
63293,225
38353,965
71443,1633
8406,334
25154,249
32423,70
5116,226
26023,1143
35072,1775
70044,398
57407,552
47006,609
42338,1546
60368,2586
66010,49
37201,699
77121,3354
32219,310
80635,1438
5021,146
18093,135
62109,213
14752,3088
33129,148
84130,112
24115,2158
21695,56
68082,7306
72329,4031
62803,624
64533,589
39497,101
79062,4793
76182,245
76529,313
62172,366
91577,5882
67463,3204
54160,410
27674,272
65220,232
31155,233
95572,25578
70050,95
53209,567
39346,108
14021,413
34226,1776
14034,555
27370,290
11115,947
1273,1794
21627,93
35144,1106
44187,4894
27700,721
32398,317
3072,504
81227,2172
51211,76
80466,133
61097,509
88019,144
7177,828
35112,
61397,3636
28227,4494
50219,679
41218,742
60045,528
30274,3533
60093,472
11010,291
7292,1164
64556,376
77156,987
8168,173
72027,326
57227,20493
71365,616
58116,134
21092,245
42284,1436
32329,150
61156,556
78246,949
62085,129
92024,64410
88523,172
42321,105
36136,119
11241,343
47117,1029
89025,6305
27182,179
77183,10254
88063,131
59598,3957
28116,2791
58089,234
1054,1562
62805,265
54465,739
27649,334
62495,316
88407,149
13011,264
30281,1604
16302,215
72131,575
51181,396
36221,396
38215,2416
32374,187
30085,1095
89485,212
58214,2401
56169,5400
10380,72
55108,119
21601,100
10339,298
62873,626
62314,354
56201,612
71390,1102
78683,3395
32198,198
80095,220
11037,979
51372,570
80827,1302
88312,195
39065,103
87043,231
57323,7772
46119,303
24456,205
85031,3151
14348,77
42226,460
88351,1573
78087,2165
71377,138
67470,111
68317,1183
80467,183
60547,622
5112,89
60541,350
33150,334
80380,234
57510,1109
46213,182
73101,94
48015,208
58109,740
40227,1505
40301,135
64484,900
2246,607
79090,862
47106,4690
25228,3689
33382,1879
33504,788
21173,592
8388,357
62130,671
74137,4082
82067,102
25346,174
88074,55
31036,1635
14760,728
46143,1268
28358,2115
57506,235
34170,242
2148,248
50256,3183
28090,111
24496,333
38469,81
59221,2474
8439,163
26077,806
59220,18619
31573,3954
88146,178
35354,329
21674,216
23241,189
74128,3671
31095,128
73318,253
31017,106
46240,597
49183,4981
72252,1108
59527,13233
55324,522
9067,207
59262,2024
67194,4694
72374,132
16339,792
2668,923
10377,103
40015,57
17116,236
46330,1266
56051,664
33367,440
85181,630
8347,219
30158,439
59454,540
85169,1128
2140,426
67462,19589
71300,577
51232,416
34061,613
24424,129
17052,711
47287,240
74038,1200
59093,291
14193,683
85003,10365
1255,668
27045,778
57388,238
50643,816
72100,397
81284,2025
55582,96
25105,613
89218,1185
88287,72
68375,10645
76379,185
39093,423
80425,106
37175,1234
59257,1161
24382,536
39404,444
50159,648
69042,565
24541,102
31415,81
71338,237
12229,219
90060,144
62749,318
67094,282
14400,195
37257,1815
77196,948
71283,533
14675,2260
12292,421
21158,188
73275,334
9245,1253
31074,324
84048,73
58103,451
62897,492
86129,524
85153,3015
24218,1130
2B075,69
76203,704
77231,760
43192,276
42181,1447
77221,1153
51325,104
21525,911
15223,219
67334,124
32206,232
27538,516
33103,50
35138,1234
2567,269
37063,4392
95625,1374
38171,338
80048,63
62008,802
60102,2105
35045,855
71497,2151
70560,178
76615,650
10412,947
57594,97
38118,1890
27480,605
24521,1054
51655,299
47317,539
19156,162
88317,548
45132,357
63152,274
29264,784
57588,1277
25418,1308
21200,1103
31010,83
1181,1205
19160,201
47123,391
70284,253
63211,1381
84110,25
70325,317
65277,87
25086,203
36247,1241
1035,306
41065,575
63143,1124
76153,328
1139,472
59381,808
95379,208
28197,118
39568,33
59450,644
2552,170
4107,5
26028,221
16116,405
21500,605
80460,51
22326,551
25114,383
31113,15317
11157,232
46050,136
80285,270
86258,2174
21243,78
44134,1033
6070,631
26311,1377
78548,436
60122,483
41220,4236
88465,8547
49050,10878
1279,72
65324,209
8109,125
70353,488
65062,3478
5084,481
86191,253
53042,821
32298,386
23260,204
11111,936
17469,583
40120,609
27022,5111
68062,2091
65385,98
81147,1080
29236,4376
73301,870
31558,430
31406,751
81042,1998
49298,3866
70410,732
62443,6082
57249,256
51065,614
95592,1305
11390,573
15160,1090
82131,1590
38053,30151
80141,350
37058,1468
27181,590
67403,457
80134,82
60434,220
62035,5825
76086,227
67197,1565
56113,890
62767,4677
27333,713
14424,181
80807,281
40323,235
4143,6155
32216,150
33216,180
81318,139
2B283,736
74049,457
15073,103
63074,177
74009,1013
9154,60
50106,269
22075,687
30207,756
59497,2113
32330,197
63285,715
10293,154
9111,315
26054,1409
3246,597
81283,1123
25600,238
21392,60
18120,579
80299,204
72265,264
54026,163
17464,172
51410,564
59640,771
55531,274
22183,3764
88069,149
31577,157
89104,297
69257,1169
67366,805
45232,23507
26286,24
27411,233
74267,4333
81173,304
56151,3606
29057,3508
17324,113
1313,9153
55487,83
72346,4693
42155,1040
17435,204
32068,150
34019,294
42187,35409
76128,584
28242,105
76640,8306
2644,360
73316,310
72079,303
39324,9
4189,625
51317,52
61327,344
9137,193
55461,435
2721,505
45082,8546
40018,409
2741,541
86220,303
25497,612
18288,247
25366,181
73104,497
57034,40
5062,178
35097,2055
52084,44
91519,386
60679,140
71065,273
80703,224
72171,103
32184,134
19139,79
63288,472
64547,7897
55250,177
60583,378
62769,773
16419,300
21506,377
3130,273
9122,9934
27375,18705
88162,166
2214,61
46075,238
11394,128
78048,1469
12148,1446
44142,1932
88321,6732
2094,474
2661,226
76443,898
59469,399
51263,382
60277,1552
39550,204
50504,210
39233,2284
7080,310
46177,533
2562,202
49246,13149
22048,2331
16085,3111
3146,175
16240,99
12075,99
11276,526
25213,777
31574,3381
39284,135
27094,129
1006,115
67328,913
9186,94
24024,44
31380,568
45238,696
80261,1441
24360,318
57188,440
33404,192
77321,682
64472,862
25143,194
1025,4050
27331,463
18127,1310
79183,365
68134,1911
80089,279
30140,1202
69021,2331
26228,21
17281,161
57096,2427
16293,503
81323,361
53199,209
25596,65
60651,1941
59357,2057
33341,2453
87107,1577
77075,1584
14349,2155
50027,921
77293,834
80176,250
76530,213
39060,60
65273,200
67070,280
76438,242
88219,130
49080,8751
90055,321
54365,327
9043,676
30113,241
61121,285
85073,1024
9291,110
50394,2376
74052,1184
71337,271
43134,178
8411,87
18188,191
21582,820
79229,518
40284,8014
56090,6691
61094,586
68176,352
7031,793
72328,3851
10133,248
25632,3174
79023,63
76313,888
71069,580
12072,227
55084,57
30272,143
24008,598
34207,2299
91347,6482
39553,285
81130,1784
37044,379
53216,926
62009,287
51033,282
4171,115
22086,642
55248,281
34273,101
10365,129
4227,332
45068,12677
10061,673
80820,743
65375,1483
80687,129
15189,220
47184,253
7270,422
21176,125
73201,442
67235,452
61260,541
65427,287
29262,849
67283,2699
63366,356
67164,822
6148,4165
2020,456
59182,281
72060,283
51499,143
54582,190
62036,700
22108,121
78092,9134
40197,5022
85292,1500
24070,516
40326,1518
71473,158
40150,2306
25315,2780
66197,29
61294,1115
70127,108
16398,92
15141,824
57630,12170
59619,1084
57600,1592
21021,2584
59498,337
93031,52833
74015,1167
50040,122
62026,118
25084,1208
77464,10440
25268,121
10431,99
59407,616
73205,133
60675,417
79071,465
46308,102
57691,88
57528,111
24253,2326
54003,91
55051,112
18214,594
67030,718
22012,824
57575,1327
76262,146
71385,609
26299,104
33549,374
78031,671
72028,472
71302,197
46134,251
71141,314
69148,2675
84117,339
6077,1234
27218,1597
1284,732
70231,41
57667,757
42119,359
48069,52
22218,1242
37203,3219
74297,714
39403,222
48090,745
23010,117
31130,89
61344,1036
50550,3208
88174,138
2A362,2989
50413,559
6154,539
51524,268
80556,585
59285,2626
25464,141
24524,173
50569,430
84105,912
17461,4013
80787,97
82077,381
67508,418
44043,7452
21424,117
62050,1513
64524,424
74027,460
73212,2026
76576,1194
60619,1217
79112,851
13089,3353
68385,824
14482,227
60027,515
33305,506
80405,404
2B140,117
59293,1376
66092,89
77284,56905
71404,896
39421,238
80180,90
2756,687
54081,410
75102,19847
69142,6534
58251,459
63209,215
17159,361
11278,76
38288,1743
57532,225
8049,115
26325,7001
71420,2362
51334,448
88442,625
51156,125
66033,461
2429,117
64032,189
16182,439
76020,1153
76021,447
62827,1376
39323,293
48025,421
64350,886
74124,1879
52155,538
25520,191
1447,1420
57114,412
2323,140
46198,117
69190,2154
64359,925
88131,292
16139,201
2044,26
77205,145
48148,493
17439,772
62595,1170
19019,1310
51110,60
41013,270
64435,235
71257,662
39399,326
2A198,470
21062,237
21554,990
54287,257
1021,1528
59516,899
22295,307
71508,385
33232,41
44076,1364
52157,12
16243,1051
40254,445
63279,324
64378,208
50349,1425
43034,394
45074,110
30042,2707
27289,170
55228,556
40215,297
89423,119
59323,1115
32016,679
16025,1254
70530,
33060,459
69088,6957
71244,461
54587,193
62229,805
65413,159
29102,993
58261,1056
9285,762
61487,291
88315,196
25619,233
58151,3192
55225,138
88096,105
35223,4076
39392,199
73227,2290
73049,154
12053,346
55551,1579
64237,3637
87015,735
86121,1494
62273,593
46246,74
59416,2573
24462,1618
28055,594
54562,120
17386,337
60220,507
65043,263
68351,628
15165,181
15175,1039
59052,5249
64546,2346
28261,586
51550,258
38147,876
22378,228
51140,345
22087,629
80416,760
2366,320
14049,142
65410,551
51378,334
22339,2636
88391,676
1211,1512
80098,91
21048,652
54037,411
65389,964
12215,1186
39581,250
48020,62
52274,268
6095,8514
56219,1468
62810,1310
22291,248
41142,2324
60200,310
88476,111
50207,163
30012,4081
9332,2397
60326,588
68120,1418
74024,2376
88289,807
55406,101
63393,1746
60042,1483
87036,702
25236,319
55503,126
26007,106
47173,900
19245,131
63321,948
28099,1126
64053,197
54228,71
62168,860
21629,302
73043,2948
28032,340
22013,2145
68327,334
62625,56
48096,770
39428,20
57240,13266
11170,5032
76497,8683
82102,310
76476,10617
14494,119
82020,584
39461,76
47209,4191
15013,141
63066,1627
88201,877
59488,2127
15053,427
60268,365
2726,178
14572,754
47111,590
54374,548
81097,1351
84129,19006
23156,82
35249,1035
38430,342
32417,403
37275,129
33468,408
37249,1410
87144,540
77201,741
80615,431
10330,115
48018,806
58137,64
88338,94
76069,2264
8172,154
11271,33
59183,86263
54362,1273
39350,304
44108,2893
30321,5073
62888,228
45194,3078
21270,232
50271,80
21046,73
76537,179
70018,523
15162,2405
51488,330
7081,78
50357,70
22237,2844
46100,740
57062,461
16193,946
37007,177
60058,239
2080,309
17295,765
62812,815
22223,2007
22170,1712
4224,103
77415,1298
87143,2204
27466,351
60190,323
62759,443
55501,373
68068,2248
54530,89
9007,76
59237,923
22043,
55473,116
59452,6097
9001,59
47023,322
25240,3048
63274,420
27672,306
65194,91
76071,467
17020,334
64415,1545
67202,4038
80609,434
39262,136
78337,2110
2A001,3350
9124,1071
55544,140
77449,10326
4194,99
38384,3425
2034,104
69283,13843
33271,206
46222,189
76264,462
54165,566
30025,263
14383,2612
76741,313
88240,261
77200,123
86079,565
55335,243
76082,639
59074,2140
9238,873
2B023,116
29294,633
76144,163
72047,2131
68286,2396
86196,230
88494,125
3089,154
2B263,70
38091,737
45024,1985
57715,389
77290,679
62343,273
14613,84
9101,268
85175,688
25189,218
3144,193
90013,232
21644,166
73161,658
69248,5771
58160,3623
59287,193
2588,66
81077,398
3194,146
69273,11315
34147,3582
78475,413
42220,590
68113,1490
55055,12
61104,53
54060,1512
61041,195
88429,3953
70067,113
44213,7587
30194,272
81246,126
36168,576
16330,832
82042,1238
31034,222
31481,2088
56260,55790
1390,1247
27237,185
41135,818
31483,12139
25578,5705
88454,225
72024,3796
67227,215
73225,2949
47120,96
14352,818
89312,233
29112,1013
66005,542
57634,1590
62583,600
6052,130
21295,2917
71094,145
2135,1122
62554,93
64495,7264
31309,236
39236,39
18218,656
57219,602
72381,1345
77443,401
57745,914
55375,63
51227,492
67338,1403
53172,390
1378,2903
67410,654
1004,15934
9236,364
1196,1261
9073,211
76160,419
47080,157
2B241,38
17158,1573
37073,610
4055,175
2647,86
65069,1240
74259,468
21579,186
71416,592
72266,761
10419,730
31276,293
2282,438
14063,212
32294,70
68192,421
17201,500
64154,210
44045,4012
44128,5335
12176,12080
90095,442
1115,1356
39001,827
93078,41470
71089,241
67287,554
3154,277
50086,318
55445,199
47094,822
24087,813
62203,407
63177,416
36162,816
41134,609
37013,479
68106,261
24550,1282
51059,381
34154,16522
53175,1378
27324,628
6017,256
41201,302
39196,118
78497,957
10281,280
64088,316
34183,4124
59252,2609
73071,540
45343,191
57629,789
68105,261
39040,199
32410,2517
61346,203
12162,1095
63124,19951
73204,2124
10342,405
76389,189
57326,321
68112,11243
51638,199
69039,706
77280,1155
60429,412
42170,2111
25266,125
88252,148
51146,125
79283,1359
21652,298
60162,357
55394,9
28005,756
5008,364
58205,599
48167,31
17401,93
38104,1417
73268,543
59537,483
27020,1643
8467,110
95042,2021
36089,404
57024,198
65300,64
59110,1452
36142,1444
12058,107
32440,243
13204,49363
4037,80
30139,341
11124,649
39534,261
87019,3010
83008,3194
89161,181
33405,491
62121,180
63049,703
12262,709
29006,3849
60591,1633
58002,926
15048,34
94046,56799
62515,514
47124,210
65407,106
71165,346
45279,1849
17261,365
68178,942
57138,79
59109,771
62729,237
1356,228
69293,2412
76733,210
32305,431
1012,331
43115,1011
79030,923
73231,1186
62480,2858
62286,511
21248,56
65268,249
53157,1366
39299,496
26229,82
11096,33
17479,294
21454,112
11211,547
69110,1804
62137,95
63415,1316
10218,177
74097,1842
67190,198
87028,1711
8174,2270
60571,80
51624,660
39552,298
49370,458
38055,614
72250,167
2B335,336
17147,1365
27579,102
27139,167
57071,406
86228,192
15110,117
61284,228
63402,264
45130,1408
80240,1389
58128,87
57734,445
51346,1150
10039,111
43132,1432
50253,169
33044,213
63027,111
73223,449
57007,135
91017,1772
34248,984
62250,10176
24411,168
65396,364
40220,133
64080,864
56222,2869
64110,231
74141,1155
27572,309
62835,538
33282,295
64010,699
61424,184
38231,1024
30061,2604
28372,528
39139,80
36157,427
80096,882
76386,405
95395,914
65345,57
39424,152
36177,312
55307,0
33240,5872
29198,1809
34070,646
63093,1170
32042,136
25233,293
50456,555
64041,881
82078,125
36146,696
85045,1124
39362,3261
14474,185
2760,152
38475,2532
71047,4674
55200,214
30278,2996
7171,539
45151,251
40234,869
60627,250
81204,2198
27393,498
71400,140
14705,148
38180,1009
22266,3282
28243,214
65190,72
32090,332
31549,18
25030,420
46332,344
71285,406
42006,437
76660,799
30069,537
34179,2075
40130,172
59111,425
61298,306
10155,178
66059,2696
16276,712
51241,80
82023,971
65263,101
89046,1153
25285,1491
2242,591
81191,256
62705,2032
9013,79
81274,806
76580,950
60181,917
54356,62
23082,311
43188,469
85151,6057
57558,75
72226,1322
17105,317
51144,578
9105,804
50379,164
91662,766
69383,100679
17136,1418
16409,972
62185,225
62689,407
14180,154
84139,585
59202,5341
84132,8882
9181,1237
74008,6355
87174,1235
8402,837
41143,1297
1094,726
14529,270
39048,258
11301,1198
78263,2574
4087,129
2B009,2267
55364,651
56022,1466
37125,401
62766,1073
11431,253
17078,518
24287,127
76654,462
80509,575
4211,174
40099,314
26052,458
57540,4688
71103,276
69288,5791
21098,124
78334,1603
17246,536
32115,317
59143,8754
69244,23200
91129,3531
22389,5074
14559,226
2292,1329
35168,3930
30307,2395
36235,379
10183,36
63341,548
88385,567
88443,88
47313,140
80825,103
80497,117
56132,2280
25237,2129
69239,1164
62771,9414
57337,562
55270,27
34124,303
16073,1812
21111,317
76649,582
70439,381
85171,629
39293,192
31463,250
89474,288
27508,216
87030,1250
51323,103
56131,1479
89220,392
89249,77
93047,28703
51628,120
76484,12317
79185,4710
39150,1021
10111,99
67142,285
35013,3535
4062,154
55470,190
95476,17954
67076,473
60465,194
81168,1059
8186,51
38527,357
31022,9623
70402,365
64042,690
53030,322
54331,290
2B138,154
82063,675
21018,51
60555,71
79083,2371
80305,496
81269,538
14254,1529
16047,270
58072,635
34279,327
78245,460
42171,286
14685,1894
38408,2695
7152,1210
2B332,263
3296,378
80478,142
54247,195
80407,142
85143,1063
60372,682
47265,379
7178,567
68360,742
77470,8274
30177,692
38501,2180
9046,81
88216,716
19112,117
52513,63
2A103,2060
57052,570
86084,230
21484,61
72138,2928
29151,15194
63037,483
60492,848
46146,86
90094,688
8503,118
65406,260
14003,320
84115,499
18147,202
14699,3913
55078,318
70335,56
1193,225
27487,639
11168,118
9204,263
29147,3404
34140,3227
11079,221
46322,845
3163,679
70474,119
78499,693
37029,327
26128,61
72216,585
61140,797
48001,131
70393,437
16124,579
64418,121
57169,505
76068,703
57409,673
69133,4299
42139,1312
57315,706
64385,288
77117,922
55423,309
45300,4300
64157,1006
28367,303
1166,2582
35174,651
90024,130
54210,222
27377,756
59502,1425
77113,1012
86186,962
59592,4170
8275,210
82014,273
71225,581
76409,935
47218,265
46015,1467
55082,46
21623,1517
60373,830
53158,1020
14120,1405
70043,237
52151,148
56081,2037
76432,243
12275,35
69098,472
59582,942
28036,862
7038,42
66180,9898
92062,44002
71101,430
77512,1151
16059,162
57578,517
14620,429
54045,434
94073,32918
64202,473
70217,95
72208,366
77384,2127
5056,353
86031,1688
27564,347
17027,510
91315,6746
67242,533
73098,845
69280,1647
29256,753
64449,163
39108,55
80196,240
11399,110
9260,29
46253,192
45258,3299
28277,300
46324,196
70206,567
50634,93
52070,129
2A035,213
11285,1187
71301,173
31109,468
51120,139
51001,168
88340,488
39045,86
77006,1021
82086,235
42239,1147
71401,655
69060,577
71253,952
43226,108
87106,2548
52504,255
29064,432
32384,271
51432,825
21391,843
59041,2230
89391,1223
46152,330
54296,430
78096,506
95633,104
89024,35097
86047,466
57036,98
95585,59173
77165,628
62798,205
31313,113
76332,485
2791,270
26027,154
51283,120
55504,387
26253,98
50196,465
30226,1245
56101,8042
64450,295
2B173,243
41047,4471
72337,826
30267,542
19172,117
12272,519
78165,16804
28409,442
25297,
21117,56
27556,68
25211,88
78484,701
22126,152
60626,643
2009,517
60324,851
56209,178
79055,86
61329,618
1295,654
38380,341
25283,61
52448,22858
46184,349
89127,783
67124,2544
3011,400
52102,402
21325,188
84050,1661
71266,333
74159,3220
49170,833
82034,129
54339,7820
50461,213
7324,11279
21269,458
80437,108
21396,61
89388,506
53182,1827
36190,256
49125,11029
27096,351
15170,225
38115,754
77361,480
67409,1031
76042,101
80771,29
19246,1892
76156,344
16135,315
4160,1730
41223,774
25185,68
21356,1720
4034,1121
59097,360
54092,64
30229,599
59299,18582
28424,1677
58086,9733
60321,878
24020,891
63019,4139
12276,398
32462,3577
25522,181
67136,274
76563,1972
25408,54
86135,591
82046,98
7241,705
12052,4440
83101,1888
65311,99
33276,136
47140,675
54177,229
95295,161
2768,498
70492,555
67408,1180
79195,5483
23050,114
15045,813
89256,384
19129,678
17342,407
88262,581
34040,58
65231,210
88514,165
65440,44399
51565,97
85182,5668
2A348,999
89180,442
62784,750
64369,233
19264,526
7216,494
27459,73
63092,1935
50032,1029
11247,37
45165,604
36049,124
3312,277
17127,2091
65326,74
64287,140
38303,664
70111,263
11082,11
81285,504
58156,139
30295,3173
24486,520
12099,235
11277,30
29002,1441
54040,1497
91434,21667
61276,149
27543,880
2A144,113
65177,168
17446,477
71231,594
11314,84
70518,94
76468,1358
65123,1245
60170,581
80429,194
46295,230
59396,695
2B015,23
77167,310
76673,1111
85133,890
31037,1573
64178,460
89081,88
83075,625
22351,516
22310,541
30023,815
50442,258
43021,1096
28048,741
17431,752
40247,179
54008,490
43135,1784
36084,278
51654,257
21233,179
18106,264
58090,233
40135,842
52221,130
14312,1522
27676,1735
77223,559
37207,340
52267,233
47325,475
71492,
22019,518
50539,1765
25364,1988
6096,98
38409,1401
69109,849
2694,593
45328,296
68217,1595
40104,1583
21293,131
80647,278
17395,515
85023,456
10080,1011
40288,1167
49294,2974
16106,2730
64279,2248
44105,352
78366,420
26049,1370
62329,1770
88102,83
86275,573
2B314,341
59209,656
10114,691
70317,142
22384,1134
87134,137
28362,510
74272,5826
33284,12043
56220,1303
88447,2566
27174,1379
54120,315
54357,10090
27098,70
65315,405
2A295,144
70583,143
51077,174
89342,628
47042,180
41251,495
93027,47167
73210,406
68067,343
31444,140
60284,1829
85126,1369
62123,546
63466,194
91634,1458
11181,420
39349,484
86141,672
17457,1183
6028,441
24465,232
79100,2299
35328,2273
80524,546
80088,353
81033,2902
42022,4557
95116,4921
45049,1218
87002,5556
24476,157
88182,201
35014,2539
89425,645
70376,443
62485,365
40239,105
38393,1600
65394,324
62369,768
1425,290
57551,196
33099,4388
64467,875
27104,741
88532,75
89263,4114
91649,2714
27317,402
58031,326
2152,87
47038,610
77254,1410
88489,255
85290,532
79069,985
31475,1720
29039,20845
38317,10956
9263,33
7227,1476
49195,1240
53101,848
88023,88
24432,660
52549,27
95352,5008
23067,707
2556,68
71322,71
24429,245
82188,627
37026,499
57270,511
38284,876
48185,167
2175,153
32261,394
31569,392
53242,252
83001,2775
59529,328
11410,972
51208,107
59595,543
30236,129
1412,602
1453,717
87206,154
43065,122
21058,220
33407,994
4130,209
24237,1259
6069,50970
21122,308
60352,180
60499,245
26361,133
69038,930
63457,5396
63322,2210
25321,5292
30323,119
1160,12094
38539,608
13090,126
63175,277
57133,113
2178,127
21358,196
86177,5513
27388,469
87027,1298
14007,215
16035,235
49333,2844
28191,2696
72176,3983
57410,138
77214,807
31030,91
59024,4626
30172,787
39318,215
47279,363
32265,111
23104,232
47045,495
72155,4252
62585,384
54493,2259
51015,110
74243,16222
50260,1674
11300,153
24350,2376
64523,805
16010,
32123,579
50542,454
54475,156
69166,293
65105,194
3299,228
18112,295
64352,427
68337,647
57681,339
11081,1554
25419,96
45176,450
51074,1793
16221,240
25559,229
24345,533
2543,1943
64011,117
80167,348
65144,85
60097,213
31201,66
27679,7193
59651,1599
86002,565
44115,3904
90074,300
79332,111
57050,94
67156,2727
1336,1229
61407,684
28425,615
23006,202
34177,353
79277,1030
59655,225
84069,2758
54343,207
6046,3409
78420,2779
70196,264
95313,12493
24010,1511
55208,53
80328,502
52058,1833
77243,21461
11250,43
2B049,2684
80055,161
54398,89
57344,685
52044,521
33136,237
39290,445
53208,500
41271,550
44154,14541
77164,555
42324,1235
24064,3763
21402,17
33142,1915
47277,341
60033,852
87169,1041
74075,1705
52442,351
33225,2310
77065,1259
32243,265
88522,67
24241,424
68194,291
38186,351
21553,102
81136,167
59513,456
23179,290
28233,1108
72309,285
33327,3269
62612,570
59297,1907
14506,249
23118,176
23123,180
35171,1853
59302,4169
30164,733
40313,3169
47058,277
25540,301
12289,207
3026,728
8400,514
80274,1704
91240,192
88139,123
68190,29
44112,575
50225,135
10261,914
51437,94
80644,761
66120,74
2B250,151
71343,285
24552,275
15246,236
14221,3035
14721,681
59116,390
62262,1784
58226,143
67259,904
2B167,413
62163,239
19007,824
81065,42505
65349,11
70481,200
37043,1021
34198,9615
26099,524
73237,410
74140,1488
80409,143
9224,511
88453,33
67238,653
26070,542
4054,76
3121,615
15215,1159
19058,386
61473,292
60693,379
21520,146
73245,834
25300,318
6082,138
38455,4323
85025,2311
21199,129
32010,85
61400,341
11313,331
19141,302
66165,758
46140,379
89169,935
91131,373
58030,240
25602,116
18221,279
7262,183
72262,2044
57055,526
11377,89
69155,1126
12249,179
51520,70
36035,1021
27537,896
71110,569
91671,593
36156,416
65417,5236
67254,928
51237,1748
61085,28
82161,4051
21698,405
24375,160
26042,1659
32363,89
18003,1877
55352,131
39381,100
34181,1008
67240,692
40056,721
76142,425
77246,572
86202,608
87038,2093
44095,1606
8019,53
31361,578
41252,1564
41283,264
68307,480
29169,3236
62744,3471
17185,2129
51309,115
67421,826
50289,665
8029,82
64112,428
14023,73
3077,129
61512,101
38438,288
3131,560
97232,8483
97204,3721
27525,312
16424,541
77365,597
31047,101
88490,190
80835,264
62379,327
17374,223
21386,305
59533,1558
77367,305
42056,2884
41285,487
26243,954
46272,296
54366,1981
70288,118
34285,667
65356,61
2179,378
54402,431
45336,849
57684,487
16292,3449
16375,378
8053,2470
10256,391
59628,573
46316,303
36243,325
42100,279
14411,338
10048,160
57672,42658
33081,2670
90069,1255
57529,2960
10045,176
2B112,232
18061,82
69178,763
62560,5217
22337,1117
34311,1936
60160,734
76430,119
63191,98
23225,109
51216,261
14172,471
57343,1770
2033,102
27133,1149
87013,610
27309,476
63320,208
80059,79
77179,625
59318,978
38177,100
70230,92
3203,376
77389,3932
2547,61
63185,643
25459,332
15157,344
21444,70
80101,900
56178,14640
3264,2641
26364,341
73173,476
71532,174
45181,85
14625,763
2810,10489
52484,351
68139,1418
72215,1003
8352,229
50145,639
59145,766
80714,1252
16160,497
77508,1872
91274,1536
9133,24
86023,259
85088,4978
14527,538
76445,591
43077,553
76340,522
18164,147
55304,155
27341,65
57390,1428
60199,250
64077,189
24317,246
80596,212
81149,445
46103,996
80367,176
80268,510
52129,108
51652,63
2680,2288
80406,1351
55241,86
88334,266
38321,170
67255,481
32240,56
65458,37
55168,46
86234,362
21497,187
40300,1029
64210,143
24015,287
42162,1138
8338,194
87128,1381
22284,303
50059,310
30315,2096
40295,1382
64464,79
22083,706
70452,249
55427,2499
29086,1411
57489,270
71588,1082
63023,391
85026,1464
67456,407
11158,306
58123,118
58136,67
6151,805
81062,968
70546,208
59534,733
79127,839
71062,303
62041,42875
59468,439
74198,1000
23059,99
74258,2203
61232,1123
47234,713
4033,786
57290,167
62673,631
80821,230
32094,446
88218,2529
60684,6480
33506,1885
25370,2115
92022,20594
2834,145
52110,161
60230,531
34025,2383
29108,1459
29019,142346
56052,1943
15103,244
90022,2608
38151,37491
19028,2483
33144,793
63252,373
59515,655
33071,1296
57577,380
54588,384
3243,128
8071,128
58262,199
26146,1596
37031,3631
62211,223
67342,1733
86040,298
25334,2400
4182,232
40280,1732
16189,237
18202,16
7131,429
57484,2635
10323,14959
14149,421
63135,666
32177,164
9061,460
9330,36
55015,462
95060,8869
24522,363
57571,1050
74223,504
24500,149
82109,200
36065,256
9251,172
26110,660
21075,72
26218,3424
27601,436
76012,196
76077,158
21203,148
68093,1370
77516,815
51544,663
55302,1081
70326,297
55410,146
25615,469
18186,477
81286,584
81201,963
45013,211
55444,194
62368,215
39326,162
24086,451
48027,1098
37118,1498
2200,97
2145,547
55452,60
82143,87
62517,219
55457,179
41266,85
68099,881
89254,520
43259,373
63045,727
4009,14
2695,
57625,176
2722,28046
57461,271
16394,79
24408,252
78565,304
37025,707
12019,90
31333,82
2395,120
65119,340
77174,566
53263,271
59100,339
3232,279
40320,626
57411,380
18251,65
51019,241
65292,426
3051,277
25269,57
18273,782
36067,103
48146,881
15038,1032
88433,66
79048,5662
51620,160
43055,164
51099,307
33049,2625
40166,80
64514,210
21078,67
2500,816
21074,245
45298,6256
4079,1427
3184,488
61210,233
62821,291
7288,1345
21087,814
71067,121
6015,1316
91479,8202
25391,194
53245,923
8303,390
19252,866
84007,92188
21543,180
59047,339
39464,249
55070,118
55560,125
73180,482
60503,112
32186,81
32277,105
65028,181
39359,33
34146,4507
8278,71
32280,90
29133,1555
2061,268
70249,121
50505,686
27247,320
90016,115
64247,479
45191,8016
8316,985
24502,95
78561,447
37101,162
51640,216
2261,392
38236,1713
52396,144
34114,6651
33266,863
34115,103
14258,7680
27129,601
16297,326
43066,129
7034,254
3297,1457
77437,3542
22077,1294
21011,79
51151,166
41216,505
35232,400
60193,198
58235,252
9179,77
66089,416
31228,2553
37131,1252
62762,131
83103,4074
65226,2813
44089,3752
42066,572
10227,371
69269,995
52472,143
50259,691
42028,422
44092,665
54139,397
95504,4017
73313,244
52288,106
18065,765
77403,819
58172,114
21314,76
86115,7528
22373,106
19229,5091
47224,163
57620,4519
27518,749
59554,620
39436,244
48127,1209
7060,288
76417,383
60301,133
7314,407
37260,501
14510,66
76134,276
80208,210
70057,161
15029,505
63319,716
67274,230
11432,330
2B231,128
11116,4079
62668,227
1056,367
88206,849
60382,8677
27085,1612
29265,1077
43004,117
61015,283
33122,16666
22391,1135
34326,95
57516,329
53228,554
89432,469
22064,866
13054,33692
68092,396
36152,437
35296,1377
15176,237
57394,321
11009,1586
30181,469
71052,725
57143,3824
61046,142
29097,2032
8471,33
88427,115
3262,2100
51002,1336
1082,574
27482,151
26159,112
17220,412
2474,419
11190,1238
30201,365
88306,53
81239,862
57163,2361
36104,226
74273,736
14076,6106
61196,1474
59552,190
78224,5157
57406,138
27498,374
55422,50
74005,5019
80049,152
29288,634
46074,410
64302,473
42016,429
76745,224
38194,2134
39527,126
21110,664
34106,194
27421,636
58132,222
33442,540
64025,96
82155,1949
49359,544
54289,361
95063,36434
71099,335
89417,108
28281,510
70457,106
60444,141
34263,461
80294,166
87101,128
3158,841
67387,284
80677,1626
56216,443
81299,382
61309,1956
55561,52
66075,163
28003,159
76243,291
2805,2616
76423,178
62740,294
51359,207
34068,420
51187,302
33229,7337
32375,85
76601,234
33130,1103
76630,221
42054,354
7114,228
39109,166
89306,355
32108,155
40128,717
51269,287
72261,310
39556,83
2814,166
68069,1442
25579,190
64307,201
55034,107
71368,289
15153,1470
89151,1381
88346,734
29037,4265
43233,1080
65111,58
80210,149
65086,146
68147,555
61349,155
2216,332
13009,868
42237,6563
49010,320
21496,1277
62845,516
31121,64
59227,5441
71168,172
88123,260
34190,274
35205,392
30240,391
85131,1486
55401,413
54009,156
2081,421
62539,266
27113,141
31289,248
21469,466
80686,720
37186,1214
76292,139
60145,471
65337,110
63114,157
7232,406
71034,333
74276,3491
53039,1769
88363,149
87117,1025
55255,239
35078,1108
59120,1951
70378,1579
27471,208
7234,263
67100,367
46027,146
76651,133
71332,507
70106,135
7285,108
71442,1533
49021,6901
59499,1976
52277,57
93014,29354
73022,574
2144,143
50362,280
73133,350
72232,710
59058,995
58043,50
37078,425
41187,174
80723,263
43058,1115
63318,467
88220,46
64015,206
84103,672
65339,364
59042,1898
2256,123
55431,57
24240,342
49330,1155
22147,3139
9228,218
27124,228
12282,413
67097,1237
53102,165
14161,314
62664,244
88277,123
25421,109
64431,547
49236,126
2321,862
34166,2932
7147,268
43224,6097
11327,588
84008,662
6020,662
4093,58
19033,719
61124,497
71413,773
46309,3192
62179,387
46259,143
35183,804
17030,642
9182,749
70316,88
23178,193
88114,2923
30251,545
34156,62
37180,616
32314,70
24019,463
39296,220
80105,178
68116,735
88387,189
38554,1925
36068,445
64476,442
21340,256
87032,1683
6016,483
32414,217
80672,609
50016,200
4206,419
77520,706
27650,451
61288,560
88493,25
9196,82
2311,
61079,1734
54364,1288
19021,102
89068,2139
32214,117
58054,45
27148,406
43148,853
28071,744
33378,1503
22313,319
56194,2856
62643,13138
5121,195
40119,4624
50155,301
77431,5401
7004,81
25083,188
15108,922
24489,380
2139,459
59402,838
6111,116
49361,1922
14257,2066
52544,272
58039,258
62613,902
61366,131
67031,1473
36058,590
59280,797
2191,484
49188,843
11062,20
70526,602
14183,103
52140,661
1431,1201
62142,160
65393,149
54501,102
57525,55
21708,337
39277,49
39105,219
67078,297
13043,10343
85033,710
15163,1101
28321,802
31514,57
40066,533
33253,1093
70503,160
22315,286
31168,131
65168,412
54254,3495
28364,742
3069,317
67464,955
48158,104
35029,1536
36007,559
33436,1260
49374,1441
66167,1155
71136,276
32015,89
51612,3080
21713,358
73137,4499
5032,144
62688,4297
42031,330
57293,249
46121,139
14206,285
42270,1352
72383,131
2778,101
70348,609
40177,294
60003,499
22359,464
27557,441
21238,132
3148,350
11194,144
1362,863
85115,670
22353,2524
85009,1122
62039,960
57476,398
45084,458
26074,797
37250,2938
29156,2234
6133,67
63228,300
92047,1752
43242,59
93062,14735
52310,100
9062,219
12116,250
73141,778
63439,286
5046,6412
88398,80
28308,262
86298,2277
16069,393
57648,476
38331,1019
24484,971
50514,274
2368,556
73262,502
78343,1645
48138,72
61168,5071
91132,1089
25404,94
69242,914
8139,998
45145,3839
14038,797
71039,203
82173,1120
40014,356
87125,4805
24116,180
26326,1432
67291,3343
87108,423
58085,721
51574,138
55269,76
65083,743
78490,31811
46227,227
21355,8896
19237,1034
30110,336
26236,231
54067,783
12034,287
43143,125
87011,3537
38222,773
33242,561
79231,690
66190,3965
14665,287
51333,687
25002,282
8459,132
77107,3503
77407,15724
9214,794
27288,584
11065,66
21568,673
21447,87
56105,1145
52007,82
21523,163
59442,283
33241,585
44166,6067
81017,128
30152,2106
37033,237
49272,1128
53137,2758
8376,249
39117,99
8211,699
59504,3743
95197,23099
63377,358
9114,142
79136,914
2B161,59
39391,393
87119,1139
73014,298
33238,10670
18289,584
29076,4816
86189,461
60028,567
45054,527
68146,2323
7102,11235
65341,99
2815,418
34267,1745
72322,222
18095,150
45345,1099
54490,1453
11047,39
85202,1575
68160,573
69009,8206
67433,1417
78597,757
32332,119
21518,207
46090,158
57144,3358
18184,353
72074,212
32289,237
80639,1335
80243,44
72286,383
64405,4374
94015,18503
52002,23
70396,31
16074,335
42109,
65276,109
62780,390
17160,420
38402,536
59126,1741
64403,196
80042,120
2607,100
58060,605
10144,158
49345,5922
18155,413
19113,651
72019,332
80728,74
33348,1352
24379,422
33181,274
62698,266
46058,431
35242,357
43124,944
11191,138
7187,134
13074,5409
88474,67
42219,1033
39528,384
32172,290
88104,186
25400,498
45125,105
31060,114
88132,1379
13108,15396
61462,1063
13020,2236
62360,1403
8276,700
51512,104
47015,1972
16275,157
11246,50
85137,553
33054,335
56177,7682
89217,123
46024,408
64500,315
62177,868
57579,126
65064,39
28225,664
69104,492
32088,337
25624,152
79271,356
8330,715
38253,1910
9097,117
19288,1249
31004,2812
62045,1489
34289,3132
2B309,1973
64409,814
21244,72
89323,148
70464,1377
41079,108
33318,67339
14370,3124
21081,123
12295,84
39255,186
60201,248
28038,132
65109,31
25239,190
64051,440
16347,514
88483,2237
85109,16521
82114,665
47088,682
2002,584
29269,1000
5049,53
28418,162
22258,3969
14239,92
32328,114
41115,412
56162,18872
60085,189
65015,92
31131,64
52178,370
2A128,92
19280,171
77169,7690
53211,1463
16122,139
52213,124
80530,587
19017,80
22235,198
31556,376
74079,714
15128,112
78364,802
3269,82
68364,1017
58040,145
93008,56927
86050,784
2354,80
32136,186
85035,5344
8080,117
81072,99
44098,5709
33376,7769
88449,211
83137,179116
61211,2094
40180,1237
87070,986
8399,154
88393,
61453,236
57253,503
57521,2599
63299,106
57514,1182
63070,6592
54326,215
28118,422
23250,275
45025,1465
33078,526
67499,309
33169,103
82111,304
45227,1163
17172,3052
58098,104
62677,320
71555,2293
33387,1614
53220,373
38184,1628
5169,50
63182,559
47070,839
38058,2312
88140,355
47063,155
30259,4670
87186,316
62084,199
45159,175
85237,398
53259,392
10370,262
7104,107
50147,8321
74188,969
52136,106
45182,1252
82018,1201
25024,961
54597,456
77096,2633
2A027,49
47203,2496
2457,389
19234,485
77273,659
70188,44
22045,402
64301,1121
90051,433
29250,753
16088,1123
3160,386
50332,742
3136,210
8178,164
32395,200
14486,571
36125,108
82190,4961
3047,398
18141,6380
34249,3006
2473,207
35007,453
65250,118
55297,101
61011,391
22072,409
2A146,47
22112,423
35050,589
33154,2205
30092,1705
73272,184
51301,112
42200,1530
37039,491
53264,191
27652,333
33360,316
27645,140
18109,1721
34185,520
32293,82
23127,194
24452,184
62346,212
59114,1698
88079,1516
91022,115
80515,149
50295,145
82156,145
33215,190
80522,107
10358,1084
63403,417
33415,1983
73124,3149
54127,596
62651,458
52249,146
60243,176
7175,66
25289,75
53219,1367
19213,594
64174,51
16001,518
9329,701
14649,436
56148,1676
39407,335
9148,128
45244,2543
86224,1310
46040,220
2335,166
68095,1198
24557,7372
44053,2288
54408,220
41028,494
80571,469
41206,904
60051,173
73018,841
27301,1455
60610,760
18102,300
28147,637
63387,871
43018,1378
45282,3261
55377,87
31585,1725
60466,247
73276,437
32192,216
32458,240
31523,1733
51272,448
12283,473
41191,63
60043,599
43184,2441
67482,293771
60611,577
31304,454
28006,1855
82065,404
27115,326
67128,1936
62221,247
64067,2068
65050,82
86104,504
65058,148
63298,132
81140,10965
35094,1705
51223,64
15228,467
60261,551
28198,786
11340,595
66177,1622
51409,384
88164,107
62600,158
9254,283
59335,3046
62013,1871
23048,461
72110,974
69249,3404
56229,1312
45285,16768
17305,437
21436,137
89149,186
80202,387
2591,142
51350,119
45291,1222
19047,373
88359,88
24348,328
69032,2213
68171,856
39182,687
42138,677
8131,69
55179,152
58207,964
32344,1622
53189,112
22293,384
67191,1829
65336,27
89443,1849
54149,1559
38311,731
95509,3765
56110,861
23037,73
73269,747
13100,9599
27231,409
17004,186
37129,1068
62716,558
71108,175
79212,
78325,638
17382,575
9142,122
61439,128
76165,10476
33124,725
27584,277
12119,1207
84133,4405
58003,594
24455,723
34032,81545
81108,178
51030,5103
11128,160
26051,73
33426,231
31135,4854
64150,133
6147,4624
67145,263
91345,21996
31590,40
17146,3765
25256,867
89119,518
39538,63
22138,362
66122,61
63125,4166
39543,224
36101,1604
89186,530
51266,528
10185,209
23168,760
66174,2950
4090,196
76060,457
8058,232
86161,976
80517,189
64096,187
86280,347
81311,718
33064,49
57341,673
88288,5
14014,1353
88475,116
56028,1641
70037,269
39204,27
42005,10425
44120,5319
40090,452
5164,1102
22376,1681
60151,3449
87164,571
77521,2083
43026,461
80164,4359
35224,2895
97211,487
48149,37
50338,340
42310,143
26062,29
14169,152
50081,791
31138,243
57682,11
30138,2329
64404,318
89018,753
31588,11044
15127,270
80077,301
85017,2385
5096,651
42233,953
30112,1735
54554,84
45110,316
76542,285
61054,262
59384,1454
34274,2696
25047,5155
44118,1439
51222,82
3080,706
40064,179
74220,8464
64397,116
77485,731
34200,237
29110,836
76531,318
39322,76
8078,818
43153,1875
40118,1489
78289,902
2672,234
82058,113
2B110,71
17049,76
59178,40250
40204,267
51215,116
45161,826
77224,253
19233,293
28121,93
40173,129
48092,4764
60504,1163
51539,73
28146,820
16078,5281
7214,195
95348,496
31174,526
72025,1977
64304,2740
9011,74
2225,82
14197,1068
2106,809
63414,588
36105,274
41020,454
17460,845
11118,43
58063,554
81189,111
31157,20662
90059,234
61442,237
51358,511
80477,223
38109,987
83032,3540
37139,5062
36226,349
53257,329
12248,580
65241,83
65206,250
46271,404
39230,72
59333,231
15203,188
54150,3089
38490,1919
67333,299
23027,230
12013,3444
31145,3006
37109,10954
57294,186
16229,237
64054,820
84137,6058
1276,1662
61228,709
50341,1925
31460,4280
25571,533
54476,412
32163,286
32335,420
8200,181
87204,206
47039,41
5171,232
60519,171
32430,78
15011,174
88373,135
80352,166
62545,152
29302,3663
40186,828
36150,509
54515,251
26210,1005
2819,101
80071,1929
61482,375
62874,748
60661,998
69165,1151
60298,654
22388,1304
27185,544
67479,614
57013,2480
79167,217
80237,524
65059,7114
55042,464
47133,553
9016,208
76188,470
16196,748
22006,272
85119,2638
38139,1613
39102,211
27680,176
56252,1343
39271,397
57231,102
48139,258
81133,517
14218,352
18235,1111
45170,164
31193,1863
76688,397
60187,987
42092,2879
60168,210
72305,901
64543,271
14131,224
7284,195
7260,971
26320,826
37115,3369
18166,548
68025,245
24095,405
50335,495
56046,3423
76619,295
62693,1071
18100,657
70441,288
47178,397
57375,179
59403,705
69107,1048
34182,1718
2553,225
57119,1204
71262,161
90006,287
71309,1923
26037,4337
46190,134
70484,183
9159,82
74308,896
88133,208
71389,262
2A070,571
21008,564
61336,103
31407,1256
51584,167
67039,535
55479,153
52383,297
60339,342
58005,208
71312,234
90072,1113
9094,138
47043,1245
85061,1584
62297,3737
60668,721
46001,529
27286,381
21643,423
17155,2857
51141,758
51191,64
21304,247
19186,234
67198,122
28195,746
11161,128
81307,885
54546,934
76288,386
45259,1183
89467,789
26313,6176
54545,209
30214,2040
50538,421
81203,498
51242,4858
22242,1521
57557,1029
33164,1655
2197,509
2650,359
86197,407
13046,4554
10317,1174
70245,3764
25219,649
73302,381
27595,950
42184,11139
3134,173
67443,871
36141,1623
38310,1111
48056,427
46292,195
57124,2580
22224,1598
9100,100
58202,28
35109,2703
13079,1768
59524,5638
31083,227
74076,1731
65160,117
8086,89
32358,194
81126,173
50218,12510
14663,2443
76083,103
10067,2055
76263,1228
34085,367
70501,112
24323,184
89030,422
28051,4868
39251,442
23081,296
50612,743
46252,303
22107,1248
62092,403
34077,6006
50517,173
59445,1171
59496,241
5031,181
50412,2520
14035,1303
48039,1404
1028,621
74256,17319
54061,592
72311,334
50420,858
51474,3566
2A160,221
88143,267
69082,275
27076,476
41042,514
12011,774
45086,278
70509,118
27469,4133
77501,724
41221,634
21307,147
70435,849
71012,353
80479,346
89198,1723
54270,3912
71125,18
31015,21
30100,707
76056,597
57044,89
14101,4494
2B216,19
9314,238
88456,84
10368,1085
57756,325
51188,237
10002,223
52495,82
14739,1581
52436,48
79204,932
17297,2483
44184,74568
73059,2445
7116,1397
30292,501
41279,381
2210,352
89369,596
70364,122
11380,137
79085,134
11074,319
95288,8453
57535,1417
2029,337
26003,50
61190,74
13068,2159
8302,2138
46147,120
22144,1320
65303,361
54273,8050
60457,162
45239,425
80366,457
30255,3225
22199,1188
68063,12057
21530,143
5153,373
11122,784
25525,306
27379,445
24238,134
12206,618
41239,971
55340,358
54100,764
30262,246
76416,344
27017,1433
28236,2197
28370,465
86143,173
12181,197
71394,830
62676,420
22134,3019
72234,343
73232,686
39022,713
14190,148
60383,531
80507,1302
61420,86
34069,5261
9053,35
47315,843
1355,490
52331,2099
88060,28
36197,311
31221,40
58249,315
9104,775
72122,1078
33177,2385
66097,141
56102,2253
78466,7252
29124,7566
80576,314
53110,980
2415,155
54395,103671
87197,563
73021,861
51449,1042
84042,1885
68168,381
11365,38
87191,2003
57250,1484
95026,3127
45021,304
87177,1743
13202,24378
51382,119
62604,4115
14092,2613
64479,186
41193,155
11345,272
8380,213
22245,1017
57703,230
9044,164
81162,135
62843,235
31001,115
65038,13
59542,469
37010,2159
26012,27
30205,271
35081,947
33424,4914
44081,4817
62031,1523
3107,1306
18069,409
65353,239
62153,615
82164,131
47004,3968
65383,190
51126,44
43162,3007
95054,224
45184,382
61207,585
77320,5810
7230,399
86182,353
52378,43
57470,12
54450,146
14408,4529
88360,143
32197,213
32463,530
67036,299
80565,93
39446,248
21201,240
11323,265
13008,555
86127,451
70263,247
38436,2218
33344,524
59553,5652
55293,181
26195,194
36172,482
36112,735
35099,3877
24130,859
65257,598
55170,115
89406,83
28212,218
40309,1184
81210,272
82175,284
38299,136
35134,274
59273,11430
70573,106
23185,317
15049,230
62558,166
1081,725
59077,253
77101,1049
77042,3346
9156,19
2702,618
52173,75
69296,3144
1163,2034
52159,24
87061,378
26039,905
18050,3681
88045,83
47299,178
25155,289
26050,76
55185,90
27529,431
59198,237
65073,373
2619,594
28222,384
67492,655
62790,159
58142,242
43116,59
2B305,3056
21213,
2701,687
30202,10958
91538,661
68279,902
81233,1725
45142,3916
26212,1292
14238,113
8032,236
16178,189
49038,236
72130,751
21059,918
49271,2168
60437,72
82085,1255
13069,11085
11073,61
79184,1652
65439,267
26009,1330
23124,643
30314,238
62128,4568
58208,293
56002,2101
3079,276
67083,757
61321,404
62370,122
33227,7674
53212,449
27065,4704
82037,6803
79013,3234
88075,3853
59590,920
7341,3031
65093,208
13104,7574
19128,271
35125,4554
77432,985
28422,4009
66191,31
15117,600
50384,235
67012,633
45015,745
17113,708
62206,295
37057,688
2248,152
59168,4839
55396,218
72133,1562
11251,731
19256,343
27013,532
21170,417
10121,327
21707,233
25147,2113
24007,544
62619,130
64550,874
62637,10323
2B043,1584
52420,129
61322,102
22119,608
21128,279
60408,772
36051,172
41184,577
22211,3780
60673,211
14229,2244
81293,413
34141,530
93072,41388
60146,442
27621,166
67523,2711
56149,2548
60692,162
63069,5415
38366,256
55358,187
32326,143
24229,1672
12165,350
85066,857
80692,991
2596,745
16117,113
59367,14050
14406,1125
62514,235
63376,149
33214,5739
11318,150
38035,1098
89095,134
7119,247
88195,103
66231,536
24519,428
38087,6588
68294,1742
76500,474
70390,506
60278,409
56244,3429
64094,1905
63076,141
63077,407
87202,2137
10430,81
21573,364
18238,117
60683,386
14405,316
71563,79
63397,1127
22185,2579
2665,299
30328,1087
89370,1823
2806,277
88176,500
2158,272
14316,288
47202,304
33243,25036
35263,2969
55333,48
70574,59
54095,46
59282,385
11232,59
78310,3721
35258,330
40312,12957
13063,26203
62720,53
23102,360
91292,923
8180,1636
3313,266
17183,955
10112,180
94080,48193
17227,243
31482,204
59606,43468
27473,889
64286,423
40081,420
46167,107
46098,319
88345,91
71573,190
23039,534
76506,496
1441,719
17357,534
58276,223
34251,517
43177,3523
18042,326
55298,270
1366,1094
24566,458
18262,313
60481,572
65259,185
80403,161
51226,62
29007,943
67554,961
24266,1521
55397,226
4059,222
54194,531
8348,108
83100,4610
63317,578
80780,414
45073,518
91232,3731
95150,631
70373,297
90002,354
76119,194
26333,4027
60586,1108
21385,330
47220,309
35200,896
79109,3549
46171,228
77479,13931
86279,538
60413,425
57764,1264
84061,319
79341,127
50282,275
13041,21597
62674,529
26076,32
76327,368
46139,203
12143,53
24295,1208
69090,915
62655,325
74148,328
89071,94
67038,314
76366,4130
22116,1387
72245,656
91525,1319
32295,141
21641,461
64044,76
36181,148
3141,153
55124,281
11179,88
51580,424
89146,83
89037,519
64389,369
38417,486
13115,2166
53234,313
90001,1093
85281,1048
60521,410
3229,626
1224,3554
11040,1730
61391,3173
82110,1045
28395,430
29043,1864
80239,59
89058,112
7160,58
2059,2579
9059,126
83002,274
50490,363
11099,2523
26367,625
50593,594
27149,119
80357,223
80350,558
54386,95
78346,1601
74151,588
67384,312
28076,211
76714,832
88047,139
79091,950
25433,41
24464,343
34189,1693
8045,242
80558,216
81315,1375
52507,55
58125,90
89101,522
78646,84095
23140,432
58034,185
77054,776
79108,204
62822,81
38006,3971
49323,8116
3182,266
45150,175
80252,250
89465,282
55279,432
89428,575
41177,145
31400,96
52031,386
16421,405
80541,217
44035,20690
60348,505
27658,391
40100,367
70431,231
12090,3187
26254,26
76420,365
12297,519
37216,1471
31488,11261
52072,399
9305,351
78356,9386
14401,129
27319,285
1235,1185
10359,521
32249,2274
84100,50
21434,199
14734,341
10240,465
66133,3329
50473,380
73214,253
41038,407
46231,1860
80404,145
2739,317
63111,122
58306,274
33145,663
77247,464
76168,65
55567,126
5156,481
55033,19
80640,263
78190,11013
55226,126
15253,56
22076,1479
25616,283
47307,211
76099,660
40304,3817
59278,4683
41138,297
73263,1179
80399,386
62318,10710
87198,394
32413,
60525,127
74278,6309
71448,1385
2149,58
15070,213
65203,22
78305,228
68288,385
60416,166
2808,263
24155,453
14515,1876
16175,1352
57321,549
89129,410
33354,195
12026,1043
11176,45
32195,44
52342,24
27497,1032
44049,4056
59571,4142
2532,994
31252,1925
76431,92
72173,1225
2779,229
24182,1488
48005,331
37042,180
46012,561
87132,115
88054,315
41017,674
71445,6211
51063,
28028,263
77131,16374
85204,2727
24372,5376
27190,222
18078,61
54117,111
17287,294
31401,387
72289,1950
31440,61
57587,246
7298,887
21320,783
11213,59
23188,207
51504,792
73006,4385
9266,85
62214,638
47251,329
86024,1528
52407,276
60660,401
36139,660
62878,377
55182,195
55284,70
88141,239
76725,586
64024,43271
48007,52
74034,633
2B010,363
44144,2365
69256,53069
56200,1422
21567,203
80472,166
39194,494
76720,969
36098,81
8494,447
54466,385
30020,2253
76362,284
11335,38
8456,234
70483,131
78431,3120
66024,5487
38200,3952
87133,485
17317,581
86190,717
69029,42982
76358,
33021,1072
81067,455
11160,29
15012,6361
2B081,40
50265,186
61507,235
58080,158
11356,1107
47309,443
45346,2183
71054,667
85130,1831
88029,1545
27483,450
8264,482
2604,78
58153,67
43263,70
25113,143
59632,5633
78322,7981
27492,336
67309,5322
39469,120
73197,632
41147,1945
64063,1077
62027,211
85042,1924
40236,776
88055,163
11273,700
70247,197
84040,415
73306,1064
80587,89
36081,262
85205,533
76276,3642
88498,871
10047,40
40007,160
1083,1046
55541,534
13201,37599
22346,906
74222,500
26269,49
43050,125
7010,17274
46203,213
57705,199
29244,861
88389,83
18114,207
62064,174
53068,155
33554,2899
22069,215
1063,592
33248,2807
68121,766
90011,358
17286,577
69182,368
34051,3619
69113,901
28141,311
80087,240
17402,161
14531,44
70201,186
67181,281
52278,69
50233,152
2B078,31
24423,311
2065,560
1069,1531
62808,259
8087,130
1065,1899
91339,7987
33067,2244
81152,304
65158,83
11376,92
64296,145
5039,740
62007,783
28215,245
40163,621
2B057,302
31077,652
33105,205
85076,5711
63246,484
25267,669
59641,2020
14191,4268
9298,89
66226,1278
82186,5289
7183,545
80037,170
2A360,127
60582,735
63453,3527
49292,3510
78265,2621
16304,982
54534,522
80009,1024
31446,15158
95436,1693
31368,253
50457,181
27106,481
74143,3515
51528,124
50227,309
2378,125
55081,63
84079,263
27009,544
2A276,727
40272,1808
14166,2586
62427,25688
76161,108
30222,172
2804,219
15235,567
71229,226
50361,249
15100,137
43158,363
16361,313
82158,157
45201,171
34300,5517
65317,37
57401,80
31484,2495
43019,100
11114,44
39441,1265
54083,183
31470,69
37233,15898
63110,443
27031,1096
55510,125
81280,259
60615,132
52175,380
53084,4431
56233,1575
27496,516
27276,295
60105,435
9170,237
23162,371
15161,114
89451,260
76225,357
60572,301
54397,6524
24039,148
62754,520
14266,1520
76518,529
60640,161
89085,1104
80298,510
11095,328
81282,39
58307,173
70278,217
51604,253
22121,1969
24259,1703
31435,974
52028,51
14290,808
95527,2674
38181,2400
47311,137
38287,1106
60140,300
62331,991
63140,214
63312,132
47136,141
72009,350
3255,146
77060,792
31570,310
85271,
80577,165
85034,3452
41200,476
67372,5102
33186,687
78113,652
31032,7997
21139,223
27114,1201
45290,1851
29036,588
95628,1208
38551,46
51006,148
18261,387
56116,1577
65201,186
77148,1811
22190,4065
19155,256
58310,47
34162,4515
42011,2911
89461,1112
56258,1845
9060,801
62162,568
31006,231
27299,4012
72358,1637
6030,41938
71280,80
1195,1917
54400,1142
70328,337
47213,993
17224,2191
17314,888
21145,36
12195,296
56232,1086
3221,726
27169,1038
54123,1686
14138,300
78281,650
71541,377
77459,1541
32040,135
50279,555
62500,402
8011,216
71289,1161
75117,159212
24515,686
27403,236
56100,1930
28407,289
70314,162
51196,871
36077,248
70176,161
59525,2755
2A269,1445
27552,210
10140,1099
47264,1111
2B214,17
77438,6831
49219,408
70423,113
7117,2193
51415,203
84149,1762
63330,
70255,491
28309,1164
10030,1542
1128,289
11366,534
2B208,109
16125,272
50069,349
73157,2849
24014,614
60483,513
77249,6923
31365,592
89238,514
39405,993
50511,158
78089,5064
71414,435
21035,343
43149,113
68221,942
5007,340
78068,907
56263,2889
27235,152
62538,451
7169,382
41073,671
63311,310
51422,497
57139,280
24320,984
63004,1682
55336,144
72287,
45067,4116
11173,135
51637,
54360,342
10202,210
82090,1068
83003,919
1033,16712
80070,1352
29145,861
9108,181
33526,126
57596,740
38218,1201
40111,719
71347,550
84067,2486
88024,111
67210,521
57509,529
65333,113
35142,1250
88249,71
16204,1271
10079,108
61066,98
13001,149695
13073,5771
34227,2612
2212,674
41071,507
2685,110
57698,306
88311,35
50382,607
33160,581
70101,512
26239,209
82007,142
57180,344
2204,61
61500,120
54029,2483
50598,258
67107,660
76120,455
42316,8514
47222,524
36107,758
27361,405
64348,13606
14088,392
3206,167
70092,189
43003,922
45051,1803
23192,1430
63325,409
42205,677
73070,675
27546,172
88270,2097
59610,1103
7345,923
31089,673
69264,36172
57621,107
51621,516
64031,187
39308,321
52093,2353
51287,608
25553,360
18191,172
85163,4505
83015,308
42122,1739
33127,206
32098,326
83009,8267
14657,307
10296,176
64335,9455
17077,1302
39398,431
70511,224
35218,901
53011,895
37251,933
80260,887
70228,980
43225,65
24493,94
27514,346
62173,5283
38533,841
67325,1383
66172,11630
67149,376
61064,90
14476,190
26270,131
71516,600
70080,242
52384,106
68159,897
76219,2420
83076,901
62901,973
81305,726
54512,105
35272,1018
63429,59
25180,118
72247,1329
48137,585
1405,1286
76131,706
19176,1083
50411,708
15030,297
54025,1700
28397,404
14591,692
70090,58
12059,533
38061,3500
77322,3253
13060,6747
37183,1399
89160,747
82179,2261
15142,1677
69097,723
85218,1870
67515,540
1103,2372
17092,164
75110,83873
58141,65
80267,241
62254,597
21715,194
71132,2177
52276,238
62347,119
21108,102
82068,213
3173,1104
38519,2878
23022,389
73218,819
56154,1873
9162,11
31356,1984
76216,10802
91589,37601
39097,8036
19230,
33166,505
12125,303
88014,169
71222,893
74179,804
2493,211
33471,1245
89205,418
55242,111
17137,223
42286,956
52106,132
14284,155
70451,2737
10350,635
50522,253
25134,
15266,596
80589,106
12044,1030
79078,1006
39574,705
9109,185
88374,24
62060,2547
22330,371
81188,295
12233,256
3151,191
62649,768
78233,3043
69186,206
39222,90
29107,930
17055,330
52056,174
26048,69
17098,606
70236,452
39546,355
21488,197
56062,696
51508,203
85188,1161
47022,494
14565,256
51442,135
8383,100
77429,529
88460,649
88439,963
53247,2320
89216,328
61314,671
31518,627
11137,130
38213,593
25460,251
30134,321
56158,6362
38358,759
64331,838
90027,132
89057,265
35277,377
67489,826
73277,177
63243,371
39240,170
63427,536
57145,334
24406,142
40257,1443
55009,527
21599,2395
55360,105
60562,1573
7229,919
22201,750
78537,5875
26303,71
47002,108
38437,307
2B355,418
1363,1839
50328,759
95308,584
27260,642
63367,126
5128,705
53251,472
42146,63
60624,165
56080,1368
77475,5146
8450,224
9271,92
25270,158
19096,404
3177,250
77500,452
54253,838
5018,340
68064,996
14389,252
81092,930
65063,155
11368,110
52248,530
16395,294
10093,112
79123,2250
80490,292
19258,563
4116,4099
54050,69
65369,664
25355,60
35278,9957
38108,144
11072,200
2B088,231
1171,852
27371,163
19214,430
78267,7869
66205,945
27079,385
13058,2347
17453,1538
44070,4775
62176,634
62192,421
12049,449
24119,222
52287,91
81093,762
82021,196
40123,1185
59284,3849
82100,118
47301,1063
54196,1661
72296,741
7128,388
17333,5092
54076,3893
11336,441
19130,452
85158,1233
3162,200
90010,45912
12207,340
22196,921
42227,430
24331,735
8169,89
76055,337
27611,307
87052,161
22082,927
41256,1258
67440,557
80264,85
2134,795
35351,1389
90037,952
51168,235
55044,41
36138,186
2719,2005
2765,230
31101,499
12141,241
11397,5361
27467,10023
42305,7133
2470,410
33361,539
80584,1047
76170,107
7221,243
80138,120
12025,1001
8382,91
71531,209
33065,3804
9125,428
15222,199
69159,
48171,191
57161,96
33014,1119
29216,4223
81219,3257
2522,79
2249,102
22068,423
55537,81
69177,2100
33003,17644
31425,441
88181,2843
14669,217
95627,625
59224,1635
32441,68
72213,5244
64085,102
24330,717
69124,450
8465,45
21399,230
80602,121
33139,89
1317,336
88368,144
35291,431
2533,117
2712,139
10123,813
61392,116
62726,214
38520,666
67125,2263
55066,133
37168,278
91544,466
24451,803
91511,2288
8027,95
90026,1539
95529,907
37059,1365
61503,202
67350,2597
40319,284
31277,1574
81014,515
38401,1714
42235,340
69008,671
60153,98
12003,346
67553,311
60495,422
89272,272
11058,247
50096,220
8017,122
51368,46
7287,308
67305,1939
80216,152
2708,219
40071,593
47164,96
3002,300
62773,4704
63192,640
8028,951
89313,427
1357,507
24568,1104
54538,365
52266,68
60480,537
2355,1011
57550,2397
69246,1278
5093,362
88302,970
91359,2797
8468,186
2239,1166
38518,520
67245,188
88239,134
43122,294
63129,171
62197,1762
10089,708
60362,181
61137,131
88464,499
72344,2808
51108,42971
72167,691
8040,851
80773,98
21574,371
8263,1099
3228,58
74061,984
54181,682
32078,223
25119,309
71107,324
34231,24
66043,139
26242,25
16323,500
62359,579
18216,504
82149,1869
1162,71
67155,1282
35360,19365
38239,7818
2235,119
74266,1169
66013,112
17347,6784
58312,267
79322,1961
54589,126
27350,1014
42206,1821
89096,887
73297,569
35031,4667
2577,92
9040,330
5014,193
21586,701
61328,243
3220,713
57749,170
55214,287
32386,148
39112,110
29032,2264
78242,13680
71209,725
9063,113
24371,458
76051,1914
71525,572
38471,1191
38555,1154
88331,56
9166,114
63021,661
2B145,188
43155,77
68246,1060
70117,1264
16388,944
12198,1965
19242,450
58245,179
56124,2558
58118,582
49362,1312
19137,64
17428,512
80756,54
21381,84
89156,375
49259,2333
39510,812
61218,1730
12194,908
2B213,53
57530,464
64056,136
2A006,3681
57212,754
34309,4787
50082,5893
90066,250
44138,1142
77190,256
29044,1853
31216,483
31241,298
31334,1351
59195,618
80656,1102
72269,2948
59321,619
27318,253
26283,25
73162,671
52301,53
44207,1156
88404,69
14069,1283
53069,150
42313,682
4081,379
2535,115
60054,339
60329,196
25031,14071
64137,694
30294,5703
2345,37
53226,797
80395,275
12294,656
14091,104
1361,1866
19026,242
71023,1044
32445,158
8217,88
42021,1298
35337,3939
67472,4740
22127,1623
4074,100
21129,36
17233,327
60449,280
80504,70
25341,170
29280,2167
6108,5669
76286,683
25221,65
68059,1969
18275,143
25521,158
63009,592
51295,302
50334,271
76665,454
19100,1197
57331,562
64308,261
45334,616
52456,598
78290,1085
52015,87
3245,122
51663,1680
80145,155
56185,8991
73052,142
8084,277
54590,657
52464,50
54593,433
10120,200
17449,8289
50283,87
10053,633
51418,576
77472,459
33298,1068
61302,131
64153,81
59451,564
57140,553
61257,121
36027,237
27695,225
89091,561
17472,2166
78404,272
21025,65
25478,106
3145,760
61139,306
14057,1598
16049,364
41234,296
33416,971
41098,167
21657,2094
26347,5915
88062,90
59666,1562
54437,1155
27027,294
44221,1569
55219,94
60069,1100
24520,8763
2A064,32
24126,285
74260,1041
88001,72
54442,96
1212,726
91098,429
38032,573
55043,3013
28166,256
87138,531
33194,693
9259,155
77314,257
13056,48298
23016,183
58115,230
3291,391
62187,172
87012,418
6145,147
59511,2022
9050,488
44071,6095
21026,160
39200,210
64399,2419
9180,130
30080,884
18098,127
89282,638
72029,1972
71156,265
59031,359
14492,306
37062,1734
38281,2365
26030,6
57259,314
2794,181
63352,2031
76461,397
41093,271
22365,183
2B093,962
62556,314
60621,130
70443,87
69059,1675
31254,4392
42020,1212
68074,498
23108,143
90034,763
57097,5434
93077,29795
21189,425
56060,970
8189,153
24461,809
67169,2868
61081,890
81195,690
40268,745
56196,647
33456,527
14224,61
44050,2974
48028,139
64340,84
47105,279
79081,7221
57112,80
39504,228
51496,267
71346,1542
24011,1185
27427,410
87048,5281
76135,1039
17268,419
85264,1354
57482,1806
51482,652
78481,16059
64453,2925
42332,5172
11119,286
58257,48
84060,30
55272,423
5139,932
91207,7166
12281,755
69006,4876
58008,173
24419,908
64392,90
50074,2172
52138,61
53135,729
59518,448
44064,5203
78143,1564
62640,341
5047,151
59190,1013
34101,5254
55154,1442
68004,5687
91286,26842
86214,7375
54272,469
94060,12241
60441,647
64444,434
65183,698
38086,444
68381,768
24124,255
41069,259
72235,370
43222,169
70240,1327
70070,25
58283,73
45069,965
18178,205
11360,2118
76239,782
37228,1116
64089,126
57228,186
9189,166
36079,75
34042,615
46026,130
71578,303
26069,119
2255,161
27360,324
64419,1572
68325,743
3111,1119
64135,777
62628,6854
24356,1678
86160,2143
11382,356
71350,846
51322,118
26295,1895
59086,2244
28408,107
55156,140
8461,204
81172,55
39586,27
1208,138
40075,2516
92002,64263
45002,373
38162,1487
52165,198
32279,697
31337,95
27401,200
86193,1214
16369,961
1436,520
3168,906
60647,2077
13023,4863
69068,2619
62383,1391
3140,1139
80789,147
70482,1525
17149,57
63206,1426
60287,371
19066,1728
62782,409
3037,259
8470,62
3172,129
87054,1152
80493,289
77435,1125
14286,488
30227,3445
37151,3290
9219,162
34302,754
6094,1094
50492,2516
78443,937
68118,5076
62639,418
73036,793
32444,260
35021,1256
33131,219
25056,118489
67437,11460
3253,371
46264,198
54514,633
54511,108
85216,2084
39430,105
79046,564
14650,183
17267,1279
44224,1828
14085,825
51076,393
25566,315
25475,1299
45196,1669
42140,462
7266,111
21397,166
10246,247
32457,264
62876,131
60095,343
50004,515
13096,2433
42240,840
67370,664
32443,207
52230,278
80659,269
52265,1260
51174,66
78324,554
71518,300
28209,5685
67034,2517
54011,635
55005,36
71133,1563
41173,3341
26219,
33466,2713
2169,83
2B252,180
25100,505
27691,829
76270,2725
63102,740
2B307,1514
64520,870
11209,257
58299,217
62037,2833
80339,154
72330,446
27374,497
18008,500
59481,4878
32452,262
17430,414
14643,831
80470,156
29128,376
76397,900
72197,676
33463,1246
27209,607
68296,927
63371,144
72065,2256
57298,369
45144,1127
69022,538
60061,68
19260,246
4207,101
53155,1291
21328,52
31049,603
3295,64
71092,500
41228,294
74026,5336
63328,57
76261,449
1085,388
58144,643
12028,514
2A038,54
80200,220
59476,3206
48145,148
62718,1381
51461,1003
79038,1176
67105,1397
95438,108
72067,995
14566,2465
69282,36687
22206,3974
15146,143
18230,261
22162,7341
82189,765
4237,132
30062,6486
63041,309
81217,456
77527,580
25406,558
33321,2195
44146,2146
76198,817
95678,858
39124,510
81064,1062
38085,10547
25175,93
31454,3517
19154,325
82002,3240
57504,279
7106,125
72038,515
84128,39
35018,1095
55106,175
21606,1770
84028,1129
24347,139
60092,194
77368,501
49022,1345
11404,962
60314,309
1145,1245
21663,2747
70577,379
3099,377
16225,654
1305,2204
45005,247
32391,129
56257,663
60423,1142
25274,339
69201,1312
14701,846
82041,236
47204,293
32297,388
12200,1069
29221,1753
26261,389
8501,39
53010,395
34232,601
33545,1339
47170,626
68247,1215
30088,780
16279,231
65196,86
62096,528
73312,959
77456,850
7236,1119
17087,209
40256,740
63227,2373
60516,398
36207,601
57376,463
17193,2637
80250,333
64254,568
2315,1701
23122,73
51136,625
29163,3166
62266,94
2B350,222
42089,667
77041,272
8328,5523
93074,8007
41144,729
80181,123
30083,2529
50393,2641
46280,198
81018,2528
86300,611
15152,868
70054,196
48135,206
57117,562
89339,184
54182,339
39313,215
77003,349
19204,260
95392,5347
52099,721
12077,512
27217,538
25277,84
83139,581
88430,487
51239,99
17056,655
64349,491
60543,117
52326,34
76682,812
55173,37
88291,119
91560,471
8291,228
21676,207
42249,1635
26317,787
44200,338
2576,325
64363,322
95351,12560
87192,1552
34335,415
72372,75
2448,108
1010,1174
51018,885
70412,63
16195,292
17070,997
65388,837
10314,417
68207,722
76230,431
16015,41908
40052,204
17031,201
48082,102
83011,1433
35312,1863
80552,1109
37236,599
16268,185
41194,18373
19116,271
14329,148
60094,303
77235,322
33402,2507
23189,1143
87067,439
59371,628
66144,5548
52416,62
17243,1310
34044,343
68090,864
29015,3573
51165,1011
2060,263
57178,359
37230,963
14404,116
8039,520
23193,2566
37141,987
88041,95
57554,767
29021,1972
52004,11
13030,6236
76093,358
2506,200
55094,520
70171,1248
36005,3715
84077,458
71122,515
2472,398
35003,1017
54188,1370
54115,6551
24390,335
73221,92
47099,629
53033,115
51397,138
35172,1974
38388,2699
69170,1170
3287,370
2101,170
4031,571
19050,408
60011,419
22312,218
63095,207
33029,5806
44121,434
60309,925
61158,130
52137,22
41058,184
77288,45995
43086,176
10442,689
55291,3677
78264,64
53188,2504
33306,552
62506,1679
2B286,904
26224,291
86210,747
74118,2679
38197,1896
21537,119
60088,4832
78234,184
52045,1802
66219,45
26171,180
64256,7626
2803,150
62125,458
33304,154
2370,545
39292,128
2082,120
29067,1285
11422,349
64122,26206
85002,2277
63380,822
13042,6579
86142,637
8055,415
16109,725
62348,148
80118,113
33531,383
70047,99
64258,84
61007,4201
60418,392
5082,162
59361,3734
50039,136
35143,941
10354,140
59149,1088
81086,146
80452,532
29027,3651
28325,1159
33438,2057
73324,192
53271,2671
25040,808
14764,1018
35079,2397
14285,77
11088,1664
51531,1742
95014,2742
4161,321
89280,362
32268,790
27252,351
87001,5890
64535,548
2409,283
59489,4000
11192,846
2714,340
86255,1256
37011,2067
1230,331
70172,112
11339,523
2B002,258
78368,1776
31207,87
31477,51
67026,170
40023,331
12280,357
37070,334
74139,1122
39531,183
65403,98
86094,581
64375,274
62492,229
65036,140
51173,129
14368,260
50554,1451
91691,27906
39576,1318
5040,3146
84131,2040
45139,508
2534,44
23217,330
33521,764
31044,17772
41248,1043
69187,684
61118,111
21357,111
32164,116
12307,307
29025,1570
36025,589
11272,2722
9075,300
50305,729
95012,212
55374,81
83151,936
2058,794
55237,232
77264,1468
3285,172
6065,7265
68248,695
19077,135
19023,1318
51623,296
15243,446
59022,2245
36189,953
87131,840
46243,198
73317,702
65068,25
44077,2797
27531,211
17303,997
80815,839
52101,36
16336,354
84084,1438
22385,1149
10371,298
59395,279
8460,158
35196,7911
34057,26058
2824,383
68096,354
37204,1362
2001,518
30250,379
81112,971
8485,191
33540,2838
45115,3772
27083,260
45123,1930
76686,520
38001,6850
61388,172
78557,999
17270,613
55037,127
88467,593
15055,445
87201,4903
62859,255
91100,669
30289,80
21541,195
57657,26
36030,238
60215,589
33083,1048
59112,11644
15216,475
46145,795
42191,1014
27112,4282
41029,1463
82141,599
78128,1516
68377,769
89403,89
13116,772
71395,215
35256,2258
25153,143
29120,2044
35279,1285
77145,611
56067,5929
35130,2267
82117,1294
61178,50
51245,601
26018,8
62741,122
97221,11829
56104,808
86052,998
55202,145
14637,233
70512,216
2B327,184
25414,132
91458,4471
12004,437
33444,558
69199,19285
51361,170
70578,178
89378,742
43181,771
2B297,54
70579,420
89007,450
76569,223
25261,83
70459,1085
57686,244
57687,211
51459,109
2640,144
26251,459
81205,183
57604,641
54390,101
11284,454
51380,3535
95219,29489
65363,441
60023,548
71591,492
2B101,78
70010,97
5130,209
8014,127
8105,45560
35071,430
28178,338
77350,21238
85102,725
34297,441
85201,515
64511,3579
24501,461
89040,184
3306,1919
2523,70
51572,230
37048,311
67320,613
28079,333
49223,6408
73082,720
90061,46
95574,7612
70461,105
31156,364
2742,122
77122,23350
39443,111
71576,274
24001,639
35280,1037
2807,684
41128,714
67442,1359
77142,4973
13044,5489
32241,167
25138,135
12074,285
51388,4895
59345,2353
24207,686
70094,299
31548,40
61114,146
67188,687
22250,1002
45213,645
64170,207
26117,58
29063,446
34095,7447
70419,115
80616,198
21422,132
52356,115
18274,313
11166,68
2379,192
18057,1629
59073,627
83019,8545
13077,15802
33445,845
29224,1213
43250,39
31396,4211
31301,140
45325,278
2231,926
76293,246
25545,129
60579,345
8353,709
42285,4142
10439,119
39451,517
57039,2207
50101,240
62058,189
62525,10548
56103,296
46314,171
3209,152
7098,85
2699,266
80500,472
38002,1079
2615,353
88142,439
61326,299
37020,1733
68012,1747
71379,1249
17259,165
27358,541
54488,43
4195,631
10038,187
12139,147
1237,1664
68181,250
73083,220
35096,2491
55123,693
76595,1816
79201,1686
23134,215
89368,905
64541,
8483,530
14030,1707
57328,87
71447,264
24141,199
62548,10467
21049,29
85213,4335
76558,1173
46333,181
11437,882
12258,1004
62498,32920
27654,1107
9316,110
11243,622
2067,205
64323,115
10081,12648
2B067,38
89206,9016
37211,2637
44145,3301
38110,2366
27343,1280
25549,
14540,285
76685,664
37126,351
60381,258
9079,787
63199,487
63054,623
35321,801
31136,2389
61371,142
51086,325
24193,422
46328,359
50066,2394
77250,168
70446,636
8059,26
51204,1322
81034,398
62032,4641
47156,892
52229,148
14306,390
40207,1493
21368,229
64194,374
14271,5941
19247,199
66212,3753
47154,353
31389,4473
80701,425
27271,314
71001,810
10326,156
84075,450
71186,252
80388,204
85190,3594
65260,90
38092,97
21315,1195
59271,20239
64182,83
88375,481
33056,17215
23001,1394
29056,2018
55552,86
26255,31
37231,1715
57508,4341
26178,539
35274,1017
3192,162
89414,1396
4041,296
48017,1064
24031,309
1113,839
31496,255
91393,635
27016,7706
18056,233
31262,432
87074,225
25044,60
31563,1492
89067,1070
38286,17
43174,931
19044,257
86286,379
80575,75
64035,2447
23103,328
76354,1406
44065,774
4007,72
86263,2941
60323,640
57248,95
65285,194
80113,325
82053,287
15125,121
63071,697
53202,308
39462,700
45248,2384
46107,176
45305,218
51038,175
72059,807
31555,514819
82012,596
57659,3143
88482,54
80758,207
13021,5702
28393,2206
62406,260
70029,245
61163,1506
11412,66
73328,2355
66063,282
15148,431
70205,199
87064,2042
28232,608
59249,11449
68358,465
40033,166
50270,408
24021,421
26031,1087
32009,96
66193,236
14606,251
45188,2616
42163,1088
8026,306
24005,380
10097,145
31187,12954
17173,217
33279,778
39121,411
73047,285
10153,635
65047,8031
13084,5459
60022,636
88304,4700
34158,98
57639,548
27495,233
85220,1640
68320,1418
11294,51
40113,531
22358,515
21620,166
34195,54
67184,1912
61339,2093
33200,11392
85036,586
2662,335
51634,299
8052,65
59303,2267
89348,2173
24570,35
17180,116
78321,6039
62231,132
15208,133
12273,293
57538,296
62797,286
59193,3026
35306,2440
63121,1225
88386,428
31366,730
14761,887
14100,1910
74136,2050
14546,220
53181,809
29240,1012
11220,697
26233,240
84113,805
38054,1524
29229,1119
12133,6046
51594,62
91631,2465
11371,770
53047,246
27147,637
25179,51
22015,1684
16108,116
62809,125
53076,299
31428,70
3143,93
3032,222
6074,1198
56044,812
53026,483
82171,1326
43171,95
38051,1467
46041,174
35324,582
38161,1143
13002,21443
58198,305
37112,382
72347,287
34041,978
76447,15478
60529,78
63109,825
89375,83
52245,57
87113,5775
46312,258
32361,125
68039,537
24564,689
24338,456
24468,298
19159,84
10395,284
86095,3101
61264,63
6121,1531
88388,118
73015,1736
2143,186
25538,114
76164,4002
26180,208
28298,2788
40262,308
72174,108
66098,230
31192,851
51607,195
37179,2574
17058,3486
70099,61
39558,301
55325,51
88479,234
86011,193
70403,242
2244,64
27520,143
8273,72
52193,299
70547,166
49017,636
77090,239
24227,926
23077,443
84145,783
73095,380
59308,916
21376,100
78398,910
71500,103
62543,1973
77124,1761
64018,472
39453,434
70027,72
78297,29778
36109,1003
26339,1631
24326,201
39319,148
73107,648
65162,35
24246,459
31329,207
18168,246
64445,80441
52546,17
79132,302
25234,160
18021,233
49284,1388
23154,721
8286,95
61382,1055
88005,214
85196,1960
52030,57
15191,656
61240,460
18067,687
76344,461
62781,438
28159,333
62468,218
14336,452
76174,430
8477,102
1262,6895
38543,2241
10393,188
79273,806
70254,278
52247,191
56118,4093
51225,358
68332,991
79040,223
47298,200
80130,425
11267,1161
21510,164
18015,5451
25074,987
22304,694
8237,627
31305,191
41297,746
57412,4102
82076,1610
91235,13721
2389,672
82017,1470
4076,769
16271,2403
47205,189
28423,621
18281,2026
14039,760
31323,418
57205,2482
52079,615
55311,26
76226,140
54372,528
2674,44
5149,373
95088,1185
76348,688
19240,332
71073,5350
38505,795
23009,92
29300,1652
72151,1141
34117,554
89137,452
5051,23
80222,1376
2B223,507
46208,314
24225,2742
71363,79
43200,2019
16218,404
95304,278
70380,138
80282,504
59458,1025
89021,305
55224,566
79191,59854
67135,734
69046,4811
35307,966
46164,234
78385,216
88401,468
32372,293
81080,56
57706,529
24359,100
71558,1108
46043,185
33134,270
82015,172
58180,480
26213,682
38238,1978
68219,879
64043,263
67486,1808
53160,373
62146,255
60303,187
80006,215
57736,631
77481,197
46064,921
69179,4260
1114,668
60048,286
21675,35
90090,427
36118,361
24516,1184
43078,3140
47174,745
17458,198
71585,1429
56215,1087
2273,191
39154,1426
52341,126
14578,1295
77444,339
10217,36
4008,1009
18140,1345
64114,587
68019,581
50472,204
2A048,516
15019,223
51433,248
9242,43
60645,303
86242,386
36017,361
25519,981
2168,15097
62235,2443
1050,396
56130,3174
58024,286
3061,369
9177,283
40006,711
24194,1608
54598,266
45175,1643
85127,2625
74089,998
51044,767
2153,801
25019,385
3320,762
38081,2019
2617,490
58147,275
80501,280
43198,306
91027,36613
8117,159
23244,564
38427,281
38486,8092
80786,141
9336,965
59200,462
64236,57
89442,244
9323,92
81178,362
7086,1000
41072,427
71056,2386
77159,2706
31041,105
51562,2194
19124,1554
52375,52
66021,7832
8390,75
70564,310
46056,104
70087,129
52414,739
79197,102
65404,162
34017,498
51230,22174
64522,577
77185,652
50591,1706
89309,3391
59447,8479
3137,280
49368,2004
23191,175
80445,247
11357,211
21299,98
71521,104
32388,386
26144,2204
57740,804
56174,2885
72184,342
81028,119
64115,160
55522,103
54052,139
45047,428
91216,10722
57217,875
42177,2588
42074,1085
62732,323
72185,653
45050,1289
64493,2204
80304,91
1345,2246
88031,97
14319,1025
16245,883
22164,1893
11086,875
76716,1619
26321,206
62722,83
60065,1564
71490,989
57689,364
28280,9292
56242,673
22219,2380
64414,122
31106,2513
63026,2574
80796,177
61427,186
11032,251
57105,152
29040,2835
7257,127
55068,98
58050,45
61001,25490
39206,215
72175,1535
32165,227
54261,4170
89202,247
76754,652
22249,595
73236,3095
80273,342
76063,464
27345,209
57569,329
81193,352
9265,2851
43261,635
77330,7308
53028,555
46176,722
36225,166
31383,1243
59638,1338
9176,512
61372,110
48067,102
41294,1105
58045,152
12018,179
27125,665
10260,656
25073,826
14679,690
60229,233
19027,115
8185,3086
33429,328
34026,214
55103,24
51599,333
43118,254
47263,633
76600,1693
23136,277
69005,651
44140,1609
69381,28717
68245,409
51313,345
30329,607
70036,160
49045,624
78478,218
44007,2452
53210,1495
11039,44
42232,625
54101,115
70202,256
33423,606
85305,829
10110,594
22177,1443
71372,2005
4142,43
2166,361
9200,99
79320,635
14305,652
58133,72
55316,397
35363,4245
58201,148
7097,677
27015,1343
29161,3311
47273,190
19209,178
10179,463
36155,792
72237,512
35165,1017
19241,252
65214,46
66096,1043
23145,313
25183,76
89453,1098
30031,205
63447,65
59467,2371
84068,1020
77433,2093
50486,625
71241,471
51576,1360
79218,191
78053,533
16306,334
24574,326
8320,533
63210,3141
23019,31
80521,216
62425,143
86061,1036
33373,579
16227,130
60057,55550
83107,15442
80154,207
77233,618
24346,381
7331,3474
13053,6166
37107,242
5115,469
88238,386
31152,85
30189,151839
60354,32
42015,1410
65113,271
50536,172
85046,3948
65461,79
63280,337
21130,420
80036,502
2A357,46
2284,98
31455,2639
55278,192
2A104,1389
63106,1805
59019,1082
78185,414
39523,184
59378,40184
63469,718
81117,710
89134,322
65207,58
88233,614
2075,203
52016,60
16045,374
77465,649
21709,182
43020,4638
1093,5250
49089,1086
80283,159
11369,3179
24509,664
63412,531
35040,3675
68037,510
40199,265
60269,347
77021,153
40086,571
53013,552
26259,275
56143,5089
2B222,35
55263,164
81295,458
50023,683
88519,648
56048,739
73280,347
31591,76
32318,93
87149,361
50070,57
61084,177
32303,61
46066,659
11046,56
59150,563
15167,107
88366,271
31224,1177
31028,1229
72351,1000
79340,334
52499,46
23196,251
89015,486
30077,1599
2659,506
3074,630
2259,370
4135,683
55062,99
19030,977
76515,542
51106,131
76412,746
57442,257
70389,58
81161,113
79249,2220
82099,543
64026,389
32313,137
47293,387
14365,2486
73069,966
21445,148
54540,552
17426,274
71553,276
24029,553
15065,79
2461,341
2586,143
55412,194
24297,986
35330,1028
57373,906
38443,461
28142,192
42302,8116
1275,2421
66055,781
36052,140
88166,350
15082,286
76584,229
89043,99
2B346,3406
13086,8915
2369,244
17114,190
65255,34
64241,492
66187,1742
70020,246
21255,339
77255,2226
34089,1436
2711,273
84099,4816
64185,66
51514,108
16416,489
59037,3562
39363,83
7326,106
21071,739
7032,159
79177,220
26264,318
64448,1876
54376,397
95428,21763
33522,46338
57317,104
76750,1031
24492,78
8405,243
60391,211
47029,518
2612,115
3179,300
45313,853
16331,97
11245,38
62802,197
28026,247
90085,83
62042,1038
40203,330
59583,475
84016,5671
83085,3071
22263,359
29158,5508
2773,43
76618,9513
41094,1200
71137,4942
21406,253
54407,87
66173,1292
25376,178
30234,290
18128,166
24351,344
39034,291
86075,802
33126,795
60227,209
7299,116
62248,479
19168,92
29008,1008
33295,90
40196,566
27306,3087
62017,194
80606,1127
30089,1688
24082,1586
34029,664
36218,140
8249,231
91112,134
71075,639
28137,869
50161,601
7294,572
29251,692
50500,637
27396,485
19273,801
83120,5879
39422,502
4186,82
60343,606
70493,419
6045,84
84140,553
26004,2729
43240,270
34338,65
38497,141
37037,239
59385,2653
32248,143
33337,2135
28047,719
40167,654
7188,1770
62602,200
61256,152
39582,788
60242,502
45347,786
36148,424
13212,64399
30005,212
38369,1039
2B172,560
2725,134
38300,381
40310,8701
22122,744
16123,480
2A254,200
72050,1549
74315,1046
45327,3402
16260,243
12057,952
39263,386
36046,4037
54071,169
71406,121
19205,95
11186,52
54495,4344
61248,508
31115,60
34079,9461
2B116,36
1446,1638
89235,870
37144,465
49138,2525
17205,381
31388,335
71135,829
77450,3565
87124,385
46249,124
38404,280
81053,339
2786,139
64381,279
49161,343
36012,352
27338,674
51045,102
54391,1602
38515,2095
28269,1935
51206,112
71391,538
88215,74
80008,904
88202,183
32422,44
76606,187
80279,751
88197,354
15080,160
76570,306
33116,400
25218,167
57232,750
39027,191
63382,428
24252,826
74163,2273
26289,1460
69198,784
83016,10219
33539,4615
87094,529
44114,28534
51213,45
15111,202
3315,1238
84121,290
15121,102
47280,2397
3003,989
39137,409
67455,720
77397,1878
53140,4344
8163,255
25188,733
47276,289
93066,149077
2563,132
64456,49
21607,2352
46297,1231
8005,160
38211,345
59083,239
72034,435
61080,81
11005,1395
78164,850
30210,3528
22118,4291
21088,270
2766,237
21050,210
22105,1170
57468,636
83023,17850
18010,205
28135,1212
14346,703
66154,68
65075,147
32235,163
31529,110
65126,147
2A228,2074
82192,569
12069,263
9255,
60630,217
2681,281
70056,322
95177,1297
7082,195
77256,174
58231,376
62529,1651
38544,31778
62496,229
55472,111
76258,4245
18162,244
87062,463
60340,524
54542,2375
72323,432
47128,1098
91581,923
58252,150
51124,48
23125,92
1360,2096
42103,4947
38141,790
37177,712
30228,1738
10356,320
2503,839
21020,217
35066,8880
76551,891
40289,235
23033,448
1101,149
76650,1181
74206,1079
60141,10591
53141,1193
47131,680
29075,15538
17011,399
11183,248
58248,216
55080,77
56213,1312
55210,37
3279,555
76469,417
26140,755
1167,711
57483,3308
34153,2068
2B356,153
49070,734
27025,941
3015,329
88111,346
72291,955
77252,625
32124,186
59021,1769
69092,8035
54238,264
16142,206
4005,126
49100,473
44033,3270
59647,2564
70430,61
22018,334
21558,927
38073,213
15264,268
65001,299
38076,1992
55490,341
38192,233
80779,815
29031,4708
14326,861
25230,3277
55162,27
41059,6860
12222,204
61143,2446
59386,12622
50419,3167
33372,62
65387,119
60609,933
17085,425
89201,1784
67466,519
60597,1751
38230,1096
61195,208
14708,312
10428,96
27130,434
5184,221
2426,543
28259,341
64231,457
74145,639
88025,66
21102,155
73247,989
32379,212
54001,330
33017,317
1439,96
76585,377
62119,25224
89486,144
80090,155
56039,1001
91175,1640
54144,341
76390,1126
31405,120
81146,239
17237,600
54535,200
78655,652
2B107,124
83147,8
16041,122
84045,454
16141,353
80238,517
36200,1514
88502,108
40074,559
81016,188
12288,1610
76121,357
22287,1477
14593,656
71106,2772
23068,512
62694,190
32133,260
89116,367
50078,444
43204,162
24421,197
51601,176
24318,320
17195,270
24533,76
73271,305
65309,13
89464,5135
41045,1096
62833,67
74285,433
63331,239
3316,1024
33381,3450
17074,1074
86170,358
7068,563
81138,559
10239,568
10231,611
54458,105
57067,2941
71291,967
76666,412
25449,133
19163,365
37165,413
31180,141
66040,44
59307,837
67106,5388
57297,183
33147,473
87044,314
84072,6285
10278,143
21420,175
32333,182
78126,20460
44157,1782
46132,529
28378,486
63265,2242
8458,177
9321,307
72165,1960
62074,237
2A271,3278
18132,142
81019,151
41046,1042
54311,593
63323,186
18126,1357
69014,1110
57694,478
40087,331
2B329,118
24399,111
54141,157
48176,99
70433,1338
53162,973
25374,520
55122,5350
91326,19292
10331,564
89257,6688
23007,239
18082,1020
78072,243
62259,1939
82182,330
59121,663
68132,737
39078,668
6078,326
27378,1150
93061,16993
21361,517
28092,241
42007,216
37255,267
60394,103
79251,725
59339,9521
3159,763
37174,786
59213,475
72041,350
16191,185
66204,328
45338,7078
69093,1226
1234,162
17065,1926
86281,5713
55095,119
62598,673
2724,56
22307,2101
11117,163
27577,427
28245,379
80574,96
33222,618
19015,717
81022,210
4013,616
86117,502
7093,266
18013,299
77080,205
41123,677
11359,484
28062,837
12024,189
78082,615
52445,72
50115,391
43075,77
7052,680
68083,378
25014,934
54380,421
53056,970
76642,255
71071,263
58281,569
32053,188
57436,130
68258,3069
88148,1921
17421,7440
11293,1017
78050,721
56068,304
59103,522
25091,494
50019,412
59551,1704
55399,110
76100,1226
82112,13419
57746,1517
54044,204
61071,168
56123,2339
15105,37
64325,188
88042,79
51262,1747
80585,2284
80604,83
70012,669
25142,338
62279,1399
70332,44
36164,235
10242,151
10398,70
27307,493
71527,184
27038,270
59072,237
60171,171
40138,287
29136,1177
73030,3772
84073,962
62579,545
51058,5039
31394,127
79310,480
14367,451
25231,121
62375,86
15236,590
33476,705
37104,6294
63384,136
60325,2243
90050,249
57153,2168
63174,123
67275,830
5074,196
57517,268
50568,463
31421,4378
80700,883
71348,141
41122,221
36131,459
24499,849
24571,1773
17323,1358
80242,403
88105,218
85164,2420
58150,104
9160,5987
89480,1536
68359,1636
21704,109
38226,1415
2011,1205
79106,398
8351,64
57426,983
34120,6924
80595,263
10214,83
17046,359
60336,182
69278,5585
91654,581
52251,947
21229,99
70124,79
70005,131
2A089,129
18269,649
38131,2023
62757,5843
2B157,22
23209,201
80396,361
14118,109400
73004,430
59060,234
21101,180
33315,1620
14687,199
2809,75
33530,884
27042,86
26079,1547
63123,230
59063,1933
57334,305
27090,3872
44016,1106
11106,5737
51255,16
28270,223
35123,4359
80041,119
2782,212
2A358,50
28171,1019
9091,204
46007,1004
60702,233
38350,548
95355,5779
58038,153
61485,200
62690,227
24215,191
67313,6087
4187,38
47296,155
30162,672
80649,1280
78202,554
12244,904
63297,382
26343,108
21242,316
26275,1678
24038,445
88332,203
27602,5524
1135,2416
10280,845
62532,1256
79102,443
31501,483
59331,3407
65287,683
51407,371
26182,1502
57459,290
60588,397
50275,115
60392,789
21703,43
70432,340
21656,678
39153,797
7025,209
30009,194
86260,315
15169,835
62537,105
57475,609
32301,858
40223,241
35275,5576
33182,759
48095,12464
63104,118
47118,163
22079,2310
18142,645
72378,1366
25575,812
33486,370
70141,116
68038,1202
34080,498
73051,5216
14469,93
33230,550
11030,111
27398,1527
17440,385
53232,312
32415,88
72294,471
57622,1878
33151,926
24449,943
59615,2628
85152,5518
33226,2215
32025,158
70440,30
7063,423
32041,157
91553,7469
36120,659
7211,467
21236,256
68021,4211
69209,593
64175,136
53041,279
80046,48
48071,61
89324,700
71423,445
62433,77
33132,531
25102,48
27567,262
70251,100
85160,3100
55476,430
39252,721
71011,419
54433,232
76707,1187
76522,1277
97125,13942
11140,1275
22379,1603
24051,234
58176,621
60505,905
54209,63
88121,273
13037,9039
61167,2938
6002,45
1257,369
85300,4757
87147,46
65005,446
89006,137
2A092,1175
79269,416
52108,151
11419,68
70425,141
79225,386
58161,140
64238,2137
89023,954
89195,1288
2373,203
74135,570
17130,480
71166,110
45323,211
71033,870
51438,68
45177,243
34160,678
63180,1183
32167,310
26061,709
39472,222
9012,28
77230,157
56013,3893
34063,2718
71070,2150
65459,103
66123,148
43006,123
51453,1093
32212,208
50616,1898
55160,39
62269,709
45093,2663
85211,2585
30103,960
5050,777
2706,576
64226,207
28346,54
80336,79
39127,102
81008,293
26334,148
89005,834
8056,43
85186,1024
50621,77
70264,
54053,154
2413,251
21044,86
62399,676
41253,279
71313,367
48010,364
2697,384
55562,135
71520,1201
88103,79
57215,373
63046,260
86100,3972
86112,1126
43165,1548
61404,667
5070,3549
80099,209
76612,261
88469,101
62544,182
74296,975
46179,140
17212,176
28158,1206
27165,4838
67126,285
7103,303
80132,203
15199,71
67281,4398
11234,193
70048,136
34030,211
7067,327
76591,3117
17239,445
39267,85
45230,755
1106,168
59446,699
42135,552
46230,88
70322,277
17327,324
87158,1378
80157,90
28050,274
28070,3643
51195,786
18254,582
15009,177
39074,200
67066,2625
54456,648
47244,377
2047,108
50359,2961
25631,562
28383,729
53064,949
28324,897
47318,979
27359,282
88528,152
70557,
86015,1312
67339,4231
57431,410
2B364,37
14126,1294
45083,2112
81302,59
24191,171
29122,685
14595,229
16104,456
42271,4699
2629,331
16325,133
61474,3636
31391,455
29033,502
26335,222
66049,7521
17391,2364
44101,6505
47048,1379
2B239,215
13087,5425
62730,1614
95046,146
31148,531
18054,226
16357,139
38101,1074
51336,59
3147,166
33451,509
70519,113
29195,6755
14571,296
31003,1369
18283,83
17355,533
32045,424
78502,5559
85215,3994
82061,176
2749,207
33210,216
62523,5169
51486,349
10157,213
42211,2415
55424,43
21622,241
68066,66970
2046,555
51446,438
62247,550
19035,542
9025,65
8204,70
94081,93963
95612,4560
74133,11423
44068,3673
9253,361
2290,2691
2264,717
62864,632
33219,2729
41296,1414
76101,2819
77253,352
32173,212
82059,291
55344,20
43087,2670
1118,1333
80023,282
50601,4444
71477,473
27376,210
41259,810
8314,855
39401,237
87122,1150
48108,94
57469,583
57451,167
2537,186
64149,218
24167,2569
54417,248
21526,42
80704,383
57649,462
67505,402
59230,5131
29099,816
57582,2175
10399,701
17486,716
62660,452
76647,4780
87008,142
70558,160
51602,60
58290,42
88244,507
2792,155
23060,137
21197,38
76049,261
93049,21941
1039,
49221,836
17250,494
64108,933
42017,530
45127,3277
51468,423
19170,235
27661,409
2572,490
12083,1482
3205,484
65195,127
53018,1278
54537,689
25071,481
43168,119
14205,207
40106,215
91494,4154
2141,1745
48099,2091
58284,42
34343,1229
45109,576
68223,818
2049,752
47241,690
38280,512
29066,1846
62441,206
80259,82
85062,1140
58300,1727
70137,230
51649,10996
78638,5202
63089,1607
57235,1000
66026,1572
27420,159
42150,1283
15088,528
14541,104
47066,798
60032,738
39478,8386
73005,221
50478,418
25612,664
70007,305
12303,248
59668,1630
57072,626
21055,16
83046,2197
19048,349
27517,2153
2A284,396
3176,536
2822,403
30173,1813
57056,189
68157,1360
27610,54
3018,672
55331,73
62900,636
79159,536
17009,1447
68373,301
51243,343
7332,440
33308,280
24280,441
62886,267
31080,1673
54281,888
34137,156
21649,47
38003,1245
80213,566
8175,233
61381,59
80708,155
16002,538
54369,599
67378,4492
15178,133
53246,1748
32276,66
22344,761
13216,15854
55372,359
58238,2296
67459,742
11434,1243
70140,60
39361,198
62411,51
69202,21692
68275,430
33400,328
47266,182
47052,4755
27580,2419
24209,123
35152,9339
15042,234
38276,2706
31531,69
7210,535
80315,531
58211,152
27539,381
90028,379
76116,3975
60071,160
31362,192
60129,1393
16343,306
13076,3573
12242,310
56245,491
77517,2132
80778,120
70394,61
65067,136
26298,424
57193,2322
82060,189
14375,156
52446,234
32119,4108
39210,561
59541,978
35357,301
70279,5365
22316,454
26198,40595
67314,521
80645,572
85077,481
24186,341
64253,418
58305,134
10236,57
52037,360
76268,175
43048,594
17012,168
33211,623
16290,231
64078,247
45253,1718
7206,63
2516,71
59597,695
71100,207
23203,215
15194,103
77132,3066
86003,324
35093,10772
25550,238
16019,1272
3057,197
63391,251
56160,1281
81197,205
22061,1440
2A200,133
50471,250
28208,379
38052,2617
11109,50
80353,158
68061,1047
12118,531
57022,1404
39084,147
2288,345
29130,5130
27035,96
42194,209
33365,192
81007,93
10188,221
34217,6184
21335,109
91661,10291
73073,551
60263,264
24165,402
33383,297
63144,328
3293,296
25101,562
39419,62
38105,2546
8147,70
80733,324
59176,325
59124,2518
2546,197
81006,223
70159,107
57428,2814
78522,910
80790,168
24470,305
40108,925
11320,283
19076,407
2494,132
66022,63
9173,267
38465,1168
51404,112
62461,
2054,516
31299,3880
70384,221
33135,121
34224,1353
57229,162
76091,237
31009,158
63454,562
83058,4673
58164,662
36099,295
17109,1406
62044,885
50445,375
21569,197
2073,722
1383,1634
37092,649
2705,201
50340,180
52292,688
8361,1656
74280,6654
27006,158
91599,1174
25422,164
42189,9843
42098,563
57581,347
64014,672
31057,1597
1102,990
3109,804
62549,
78262,1298
85293,1544
32032,334
70289,202
76668,376
38154,225
36147,137
28405,1123
31468,239
71539,80
47176,167
67203,422
12240,399
47090,358
54108,151
80426,438
54567,360
60633,379
63225,998
8408,517
27565,682
29248,874
87065,6176
61405,484
67557,808
69058,434
54533,2753
40294,1560
51091,136
5048,200
33190,117
25029,266
70115,238
61111,336
32054,379
36088,11159
30346,1786
51302,92
5142,468
54036,1225
3213,266
32239,438
12237,623
34157,12669
57120,130
66160,1220
64069,231
70025,228
51340,552
28124,756
11084,1025
29249,739
1349,525
64496,5900
34283,122
2776,585
24548,271
57129,810
89426,363
51519,37
19121,2246
37047,1252
30119,163
59088,1775
88159,510
92044,68092
39352,146
36006,4786
54370,227
53079,379
1322,5358
83089,636
14558,1118
55545,16890
36010,817
25508,1125
24288,292
52487,61
2A071,235
36013,397
21224,64
2489,359
57032,4616
23146,237
68154,14923
51610,423
60280,102
37188,867
7049,58
71499,4235
21227,493
70565,46
57624,623
53066,1352
16151,924
62043,2064
88209,8832
2A268,90
2B084,247
59210,2137
90005,417
59659,2804
57304,340
42149,5652
62883,197
17436,794
26095,1004
54255,82
49253,1084
37210,842
69023,1715
32236,56
39095,122
80713,302
62180,295
8500,57
64017,291
60594,285
59614,1364
17404,708
27547,845
80681,304
7062,134
76620,272
55137,48
43044,220
88286,94
13103,44194
75105,55252
19067,219
65009,166
24313,43
21370,874
80813,96
29004,5725
80140,116
55105,176
68193,756
54264,363
67498,709
19181,427
26181,246
71494,506
62151,514
17007,314
18263,667
50274,1051
59433,908
25430,43
9024,197
52280,196
12098,502
54373,612
85010,1403
40279,14481
9119,522
79015,188
17063,470
84098,626
46329,327
14009,1394
19043,448
65314,198
21661,1798
2194,173
21052,28
12211,130
63264,240
3267,657
63008,565
8498,383
82072,1007
19164,824
79002,310
77024,374
16263,371
71370,613
89394,79
25473,676
89072,309
21338,142
62505,540
41024,179
48178,274
28368,198
50546,3326
50513,208
12144,141
60267,154
12047,431
2B168,2065
55448,39
71004,1165
30130,815
86088,946
37267,4644
30335,139
1448,381
60270,317
71182,1472
10251,247
14588,350
54591,334
63022,1956
55189,0
71495,864
57547,755
32222,230
57591,9371
70517,452
29071,803
31478,1252
62562,177
3033,183
77188,1025
24257,223
21631,56
56156,365
76126,318
10034,2858
21390,5433
47211,196
62070,264
10094,567
55348,365
43202,52
62601,357
2040,175
7179,136
89233,210
10265,3261
83055,6157
88513,2053
33452,868
76592,785
38150,6835
17454,381
74306,653
71513,1135
94076,60183
21091,53
85304,806
70095,588
76448,1500
7027,1800
12084,1568
57405,47
62703,394
80421,302
2276,122
93057,25804
19013,856
9064,41
57126,317
39019,229
71316,344
59465,765
21682,243
22113,20315
32451,175
87017,468
32468,64
80103,57
27468,584
15131,261
89397,388
25442,709
21437,237
97405,13067
77376,747
54282,150
10068,109
61416,75
42278,141
64410,5695
81025,216
24413,275
12293,124
40073,120
47255,154
26373,261
46104,84
73065,59964
31219,451
71128,84
64072,671
15090,583
15037,1020
32269,515
1109,2398
80742,84
62483,250
55257,61
65328,93
65159,347
17403,762
2A215,749
4144,347
46279,202
58179,243
34056,1208
26276,482
65237,174
68136,357
80391,91
59616,10617
82152,422
54205,2628
30344,5788
27277,771
60685,951
19065,63
80525,183
85235,425
75107,48015
33257,433
25598,518
17468,162
65296,424
86169,370
76357,362
28184,335
58311,236
45147,21804
56146,1482
59012,3099
60062,310
10049,544
64310,481
23240,410
59246,549
62824,233
53027,203
74067,3135
27163,177
85029,2205
72139,1013
63061,512
46011,376
69162,1408
71130,235
7317,1112
77158,194
28382,881
7277,149
72003,10739
52120,180
21231,161830
77168,2186
61160,194
53170,1136
57284,99
86151,194
79255,380
34204,1718
38537,7786
45235,4376
64559,747
64317,2163
71509,452
62724,8552
17429,3316
25038,150
17283,4343
49003,1746
41136,6250
7001,361
59034,2561
60119,1831
41099,475
50360,277
77349,6717
9183,98
2B293,193
76669,425
59127,135
18011,2023
80025,322
57159,3691
72007,504
31546,129
58104,1437
68338,4139
54569,177
36082,253
45168,532
12021,1608
51200,368
27477,686
61060,133
58242,112
29268,1956
75106,40389
67134,173
86145,1107
26114,3289
1420,1626
29218,1669
37060,1359
2B106,9
71200,726
33258,316
27664,530
33528,652
28291,548
89472,427
80064,161
37198,313
30027,2605
52545,98
24307,232
81027,171
31286,653
76222,3996
42126,1238
21309,91
71187,1652
16084,346
80491,67
67330,886
59354,712
69184,969
67301,2340
17047,243
23152,67
35261,231
78070,285
86201,201
50453,792
27097,628
58220,594
63375,178
22320,167
57651,646
17232,1563
60191,620
61379,231
50639,3903
16335,126
86165,5821
63057,256
68254,822
62018,264
60389,221
10125,305
8387,175
16170,388
44176,3203
14214,167
25528,74
4110,957
27162,267
10270,258
17387,2040
41176,749
46112,265
43139,52
80109,329
35120,6061
38560,1528
16164,238
2130,204
65070,485
80561,5935
43216,2439
15041,256
16192,3777
60700,1218
57216,135
77031,1005
66215,201
11051,172
60446,4258
14083,649
17455,707
10027,56
95429,377
51072,230
34035,1072
14723,261
17037,638
85176,1132
64187,242
76467,1300
2799,384
27392,136
48126,379
2550,121
43214,108
77171,6072
45234,116357
7322,1205
31159,482
53025,1079
33385,595
53118,231
77210,2893
69214,1163
51552,266
54195,159
32426,1097
88150,278
71252,363
14184,240
46154,356
62277,2939
77487,11474
30066,617
26170,3294
63158,116
31079,4618
3207,506
25187,512
59222,2278
21688,116
10063,378
37099,1024
47041,688
27413,768
76740,572
28344,254
3308,149
42254,827
2800,310
60448,386
91248,148
10343,6760
69103,880
68173,2231
26217,198
72080,2758
13016,6547
2763,197
92049,46324
76273,569
9207,1437
2751,139
55301,121
3030,933
22135,2448
24177,672
30124,277
51326,1074
24481,542
61374,84
9324,3487
41074,1195
14090,844
2171,91
9098,76
85222,8333
35255,975
80231,152
35160,243
37097,651
64217,522
84104,1436
24146,273
86069,189
36026,582
31520,104
76690,659
8453,90
68102,424
36004,313
53131,179
53034,6302
95450,2058
9120,354
2B242,885
70500,170
38029,2035
22347,1055
25450,89
50368,70
28403,776
13065,3527
2117,64
9340,161
24312,4757
42295,558
54278,103
63372,716
3273,479
70549,78
41291,316
38470,355
82132,1172
24301,372
43093,298
67527,372
25141,124
75115,229713
3118,5610
52039,84
52237,259
69127,3778
2A026,208
51061,149
24532,231
69091,21379
58194,33085
42172,1075
73086,367
58169,14
64316,179
87183,922
79016,763
7336,235
30282,870
25440,398
3142,257
39301,176
14501,237
38077,757
2124,653
53063,470
55114,207
62133,7937
21603,3986
26363,41
39498,658
25201,864
26147,20
80319,320
83054,10014
18259,311
81238,1553
89441,1303
60327,1071
35299,4720
29153,2795
27423,768
88165,2437
33039,31831
38339,2196
24236,968
70168,564
38451,3417
22141,226
4176,113
23144,224
78029,12723
31256,317
38562,7292
33038,893
73031,5175
31489,443
11363,213
46047,169
25570,28
34036,1435
31321,143
60523,895
21563,109
85154,1744
82184,964
38531,572
24144,104
25498,44
23086,240
60289,272
50099,10218
71275,1682
26332,2139
27179,733
30115,256
6153,835
83057,3706
53223,329
25166,76
27062,1639
35318,996
53152,2779
16091,163
77172,934
70449,71
21284,256
60238,1910
84064,3853
8206,356
64113,123
80326,97
40213,647
63351,60
34113,6639
2031,658
37055,803
59162,659
48037,123
66230,2260
8355,369
5035,30
39432,127
46126,220
39448,444
68086,214
67010,1757
9304,26
64339,788
3112,649
37116,583
13213,95112
76641,183
88444,293
80356,96
3044,1564
43074,893
16387,462
60565,514
68266,2011
8194,846
34076,1404
71233,294
42063,387
51132,119
23184,93
41125,754
28119,147
62410,191
80263,43
39370,1095
80752,661
18272,593
63176,113
65382,85
61367,129
38545,8530
26164,57
62395,149
23172,120
21262,29
51046,1044
44025,4058
65170,73
89436,824
69063,4669
87115,186
2215,851
77274,489
11402,28
64299,172
81216,217
46059,230
65478,35
49112,918
27669,408
2484,558
36229,968
85108,3482
15198,98
6062,307
11385,243
77115,498
45080,336
88155,93
73308,606
49310,598
71528,1960
54358,283
56042,2296
83141,6905
21540,7544
21476,171
27670,969
54197,2171
45283,151
77410,742
27682,613
65149,160
2816,508
2B123,4405
76549,134
80220,99
12224,2142
67519,5864
42133,698
11071,212
2222,39
55430,72
50407,969
21646,131
27219,523
57085,393
51543,70
50395,286
29233,12469
50398,188
2641,135
1243,1338
1443,5163
60076,498
26296,31
14291,331
31437,89
54327,623
7071,777
60590,1172
63275,925
56250,611
46091,206
28371,1080
68166,13354
31412,274
6143,748
8502,80
59203,1586
79196,2317
19103,65
60147,772
21364,87
25428,1596
89300,80
34291,355
11208,80
40216,204
23180,449
5155,35
45225,359
72183,1057
40124,143
59014,13183
74158,1152
88184,428
58084,117
2B042,10311
70522,155
42312,642
34240,4530
78451,1139
26353,1087
1266,2743
24401,298
86035,170
40025,855
21037,290
62470,91
59388,1961
74236,5755
57752,2786
60531,1928
12068,884
86105,364
54169,97
2585,245
88090,4484
88462,1842
67218,27872
14497,332
52312,55
18276,179
19133,228
29073,982
88178,1776
81270,167
12102,2392
37088,121
77466,421
71159,199
64478,738
57559,167
77529,1541
36182,510
67239,1684
38034,5010
8123,69
8455,84
59009,62868
78564,690
70372,164
32024,156
68125,527
88083,216
31474,235
74167,1384
44032,3467
87069,148
10309,84
77073,541
68200,544
66104,966
51294,86
60464,1170
1374,2023
22334,126
43097,105
74021,1713
35217,1363
56065,711
86039,777
73188,988
2055,82
33004,3313
71359,582
31552,135
78033,1180
60001,569
88290,121
59426,10002
80123,376
88032,1148
85081,4625
79018,163
45218,136
65248,263
34132,214
95535,1096
41175,1101
8432,94
63099,3189
54089,1415
60156,2208
68060,1793
34229,708
39273,209
73249,1999
52483,63
80496,151
76486,818
70026,2393
8015,100
44153,1744
1183,1512
67308,775
89347,342
63040,4805
31280,444
9161,615
22165,617
94068,76572
26314,393
80204,757
34173,1449
22149,481
61460,926
25518,157
59152,12731
69081,17944
54226,177
7095,470
1098,1142
31238,491
2076,159
62295,1594
31103,63
37134,709
3040,1143
50176,350
38440,786
1311,49
57493,209
37148,601
52025,77
80537,88
39041,160
89125,900
14249,1444
1127,522
72061,1729
27447,890
12299,677
60253,497
15168,719
14143,2431
51092,340
16358,7539
23117,283
26196,1673
77111,7771
56077,989
38449,6189
59268,5616
76006,188
57128,284
34316,250
80710,390
34150,8414
71068,59
2559,527
46265,333
81047,220
25361,903
80829,87
57720,511
60316,238
19157,224
68216,401
21653,48
78227,754
51183,1240
16220,707
45274,7766
88051,123
38112,73
30178,1540
2151,111
27242,1025
2B069,123
45289,1257
54132,57
52479,647
62800,375
56019,335
30021,333
17210,499
39015,109
81048,2621
45242,279
18084,205
22197,2924
2A119,134
31270,1030
50262,535
51662,4950
64322,334
85240,1612
5173,494
80749,323
50105,106
55434,50
85172,2280
70210,149
33175,803
58224,84
39353,162
27116,4185
1401,2288
8115,514
79060,
70200,44
25555,1144
16152,742
55280,54
1348,2934
72231,5358
31275,157
88531,1479
91665,8161
77313,213
60403,1922
65467,96
19078,403
49178,900
68144,1358
69196,603
8102,80
48115,184
33188,183
74310,1351
22390,765
83014,235
70415,592
31535,702
57536,217
84027,2493
24131,79
36167,150
61194,874
28305,283
68242,1315
81158,248
88412,442
43249,553
36234,344
12170,434
72349,543
51556,300
12100,2318
54552,70
14728,599
22132,245
69250,4649
21529,52
22241,1678
69071,1195
89158,631
62463,494
77005,3408
83081,7183
68155,4774
24114,78
80440,150
34245,1811
24444,311
21350,55
86284,730
59050,348
30153,111
2339,683
51090,309
27383,348
46209,180
27641,267
51354,277
33233,2811
62680,702
21148,331
71318,1077
1334,667
62813,476
36043,529
52216,47
36159,5855
67044,251
27429,168
58051,1453
8341,883
51252,523
35006,4633
80424,576
64320,1177
59059,458
16057,313
10051,1073
45186,591
9090,48
65305,102
51381,656
3036,2494
85086,1725
68101,803
39147,95
61481,66
14163,389
47168,3081
36094,457
46214,382
55061,227
25020,876
14756,217
76339,271
88377,122
38084,1517
77452,66
84047,3035
65275,73
56020,873
80597,828
47283,1192
18187,520
3310,25115
80601,373
25594,369
73100,2005
21534,740
1242,129
15093,90
24457,142
79200,249
88065,272
89439,1486
25015,744
67400,1143
61421,630
2498,766
34341,3972
67067,10499
45095,2084
38244,768
67429,614
38351,1187
88070,176
21692,247
21246,151
62723,251
69117,3181
35065,2304
77454,371
15248,580
50488,656
23105,684
38229,18770
24197,762
59398,3527
39177,971
57759,68
88458,282
17082,488
72193,454
21536,285
2187,1195
30006,5705
2519,193
41289,390
29210,2916
12213,550
47246,1501
27568,501
62432,415
26150,12
50167,785
66182,4952
31184,2084
8133,536
33300,1107
21282,112
17289,444
21077,133
54146,291
31086,82
55530,96
8248,659
77237,650
34209,3530
62280,301
39571,236
76755,539
14394,437
71243,352
14726,5696
67453,587
28411,179
2B149,85
11217,1333
45064,420
25487,41
9051,152
57065,199
62014,9598
64502,709
60074,1189
51035,252
67292,661
47186,733
15025,242
23038,262
60083,986
38212,1253
77032,890
61283,287
88310,857
14667,226
49110,1991
71086,427
80661,1123
11351,753
73194,324
51485,579
54235,418
61263,204
45133,527
3301,1165
88299,167
88284,586
44099,1990
56125,1857
31499,9892
37064,199
26197,4323
50506,460
15240,167
71268,311
67033,656
10223,706
73192,230
34281,2501
76183,746
80693,333
62704,596
83123,18538
36220,893
71045,174
61274,244
77412,365
23176,4978
64537,148
70487,287
88365,143
81309,393
76224,1001
76228,398
64159,95
46076,366
17035,101
56193,5865
45052,90
45098,3596
47148,206
87093,291
68308,333
80211,1660
62320,327
87151,505
19263,299
39288,380
40141,288
31575,1230
28213,686
66183,77
38242,1478
17211,760
31572,2974
74284,1329
54424,40
70058,921
51484,270
81024,379
80769,220
81322,252
56121,58329
69157,5305
51029,1742
84057,348
2780,1324
71482,827
17328,912
39281,91
2652,95
21031,541
6141,355
21218,112
76709,4704
23175,112
5003,369
70408,1083
33023,1425
13018,4595
9167,2321
74289,2860
80751,552
33312,10672
62885,246
44193,1525
21477,85
1105,2016
60264,528
47121,317
80107,613
67163,531
21699,1220
69197,2264
51477,356
42169,1621
16334,122
83088,2976
32175,213
19080,678
41152,638
80456,553
83129,37109
44175,5304
30188,830
2A100,77
76331,1004
80664,188
28386,1231
14645,163
66048,1209
34003,29939
71471,100
76282,993
12210,456
76211,235
12201,1122
31091,6202
81294,1103
71325,1170
62285,485
67120,489
4141,358
48130,115
25262,473
60557,328
56088,321
64470,609
66035,42
35009,1702
64124,693
8451,357
63213,2252
21597,55
35335,868
62830,204
72293,616
19102,281
4208,609
50594,1037
70267,532
70411,37
21226,330
42014,313
76744,181
28317,588
50108,414
28054,526
67216,2735
17277,1021
7250,495
88484,1046
17309,1878
24538,1082
60538,298
32306,596
89459,334
16099,227
64227,673
10238,438
95580,2724
62449,172
21168,34
88505,117
33459,187
39142,124
28189,156
42175,1231
39134,201
43063,160
62478,310
80431,764
85134,251
1123,1179
31387,126
81258,447
85244,795
57265,58
9218,102
77098,363
59393,949
25468,850
57479,495
39429,435
2A017,1749
32334,1750
50467,489
92040,67669
26119,848
59368,21790
39138,312
10306,217
72032,333
86053,1878
68301,1299
88468,3167
55549,79
63308,4479
60428,652
30176,209
54021,239
49041,2056
37252,380
63362,916
65306,243
47321,315
25287,1827
1368,859
57079,425
12287,648
63075,17509
63220,97
62479,1648
2341,258
69228,4323
6029,74350
68051,819
39131,574
25225,182
13101,3397
61224,459
55222,35
11200,139
71486,8508
8195,317
80348,193
15218,70
37247,604
10411,28
85147,1630
54371,1114
16032,529
85259,1377
19110,112
57073,858
89172,526
55029,14607
32436,496
60024,832
59139,13833
59360,22567
77020,667
60386,484
40032,227
31020,907
91045,8191
93073,38348
31053,1283
48129,249
33011,6482
59075,689
21252,75
37181,238
3242,575
45104,2891
9205,96
46004,218
24305,244
51369,317
31093,944
25057,5308
51495,74
31072,65
39526,3888
16167,4486
59264,723
32263,123
31162,1139
73284,941
33449,32910
70273,67
44055,16912
27346,232
10137,26
51017,322
62738,150
31266,212
40238,641
31392,79
2A266,102
22348,513
51356,158
42042,1075
55332,221
50209,1513
80308,2414
57494,237
26046,77
14123,2066
37269,466
53038,136
3226,245
49341,686
54014,245
63202,136
43113,1921
61051,349
8452,243
17018,890
32176,123
67272,371
54510,356
38137,407
67088,342
27287,838
2A351,402
59188,145
76336,363
9307,163
2A288,1893
58134,3182
21274,173
69299,2874
3240,530
88093,34
77305,22279
80662,262
17039,214
71030,195
23223,229
71063,760
11121,110
76306,173
25392,193
21352,1174
48106,94
49015,15251
49192,3172
86036,914
55031,377
51104,137
31058,125
38359,1263
19152,482
85236,2085
17481,173
4164,79
60330,1326
21215,172
53083,797
53272,192
71207,281
64101,591
50028,105
29260,8577
11053,308
21137,113
62557,2422
27441,67
16070,1589
77155,3677
32373,230
65193,89
69192,154
63346,200
21123,34
83110,1697
92071,20884
46283,354
76259,17313
79339,1665
81040,438
17079,1664
12290,485
26324,8981
24285,378
33120,2126
82167,1948
33388,746
31458,5436
62234,222
65444,327
81114,547
74309,5809
10095,277
2828,89
28049,212
8407,59
59023,549
43039,617
63171,298
70177,596
51471,369
21029,82
80345,501
61452,148
72068,1370
32434,99
76059,403
14041,121
21492,430
4151,529
89197,703
59247,1662
16056,887
25254,1443
34255,10472
63338,3480
21548,174
25488,108
66186,2779
47155,648
25330,188
65224,287
31339,474
21379,158
49257,1041
1141,424
16370,1166
62849,2571
16150,1627
60407,211
54328,5843
25453,1356
82162,273
69100,9034
63242,392
59453,690
33079,342
21151,95
77120,618
1045,275
74212,1824
59153,9253
52307,210
17363,552
91223,26857
28114,138
40201,1348
57441,3137
61206,266
64221,144
85058,818
9272,1352
61456,1583
38022,7698
10319,323
3060,947
52469,757
3117,449
64223,74
61063,1512
2767,323
12190,269
17414,5677
10275,581
59584,963
74261,518
56228,1155
8153,342
33256,5578
2439,1232
78609,966
56165,10163
24378,91
17101,347
65284,1124
58206,32
77138,591
70392,48
89438,1741
37145,251
37254,1688
53086,629
43230,1089
72064,513
9029,132
42230,1608
10211,975
76371,67
66004,597
55463,3772
46081,87
88452,131
31445,6133
60262,224
66052,350
74048,1128
2177,147
1333,3370
76166,473
10008,101
49200,6571
51139,312
50387,346
2467,47
51374,29
27144,271
33101,1334
76474,7071
24261,288
86098,143
82024,254
57026,1072
29275,816
10274,313
77001,1191
37004,426
33076,823
59392,28767
89362,176
46337,254
22209,4498
39366,199
23114,416
40050,206
54553,166
49307,16765
54038,786
62520,2324
1435,2182
1150,215
31063,177
21264,51
50102,774
80408,322
73250,1506
63197,107
30319,590
2050,316
57152,548
27684,840
14399,257
74104,3751
2357,56
80834,490
53100,1215
21017,518
16077,534
60680,724
24058,247
1247,299
70252,176
54102,611
57731,2289
54131,491
65076,39
61387,545
59439,283
5148,580
65010,230
39205,371
58021,188
68365,1784
33334,2618
72090,2780
89162,402
28143,223
80116,276
74201,2250
40267,1008
39387,288
38210,919
74059,249
68027,339
7215,201
61293,3898
29028,916
58001,160
17176,103
27696,853
38041,123
76646,636
13036,4298
14022,642
73026,386
79217,929
9080,164
67079,174
61287,723
50336,204
84088,10504
54324,91
33187,1333
2A022,80
57356,1235
59432,509
13075,11632
85266,1666
7089,1934
2B315,305
76201,516
67108,1906
71345,668
78354,6383
27136,270
25344,37
62516,10193
72044,431
37121,243
50033,132
70400,106
51137,210
21161,79
26034,592
37086,483
21039,33
19268,35
44171,2171
42152,564
50251,361
74314,1783
59543,1054
21143,58
80262,357
62440,1062
82048,1655
62113,482
28256,433
52064,740
37016,363
49127,3386
7161,770
27048,218
86227,136
13038,3571
15238,116
57266,150
36154,1744
49321,
33454,1834
8126,218
59171,43
3268,396
56243,9554
39042,498
54162,1120
54310,2
22158,2532
35005,266
11108,50
26066,35
25033,487
26202,316
84059,130
59324,10160
57057,615
55496,1046
46062,428
89208,1175
14177,849
78401,8950
52492,546
70544,110
49332,4248
62239,2638
52503,24
54161,314
71226,27
25251,155
40072,182
76405,211
70153,96
33440,236
17245,963
39525,390
55243,181
38373,1154
29245,1605
70341,293
67404,928
9149,205
14216,227
54051,1313
57332,5976
74202,733
32325,120
74078,474
64485,1479
42274,277
76718,1494
18173,264
31186,3204
22008,1170
85037,
60079,942
71545,1070
14743,145
68017,818
25360,155
39072,398
37074,2132
39408,154
11031,25
56097,4056
18258,680
8282,1023
76265,159
64087,855
80590,334
79290,949
86239,187
65033,113
28073,345
26205,102
65338,253
52214,28
57543,1443
23011,163
47206,564
21463,63
56001,3955
14661,161
40160,193
67119,1419
64427,148
35118,1523
59650,40847
80307,155
27234,313
62870,1062
7203,121
9127,124
31112,172
93001,88365
21301,272
18243,440
62875,1328
39278,128
10394,167
57257,100
17188,448
32158,252
56173,4632
67035,513
70488,181
63357,111
53062,16584
85178,8649
57374,211
77471,334
72105,454
57555,105
62244,5438
55023,120
12073,636
65092,194
61107,409
46305,326
41066,420
2205,207
62219,150
24073,369
54012,365
55295,27
53144,758
51162,602
2727,205
82166,261
68065,652
59327,6287
14016,521
30258,14734
64129,14384
23181,150
80632,2425
49331,17667
54509,1010
64544,77
72052,664
39198,23840
59352,8161
35163,1868
81182,2076
77068,213
30148,330
2396,60
15187,6391
59244,1754
24403,72
46038,1468
21024,113
7029,262
77531,1626
59530,328
60235,684
21109,215
38370,655
60282,8867
28052,743
73084,923
95169,646
31114,234
57728,247
23266,163
86162,120
90021,369
46282,99
76029,195
46096,98
77298,454
55339,73
18131,
59611,2682
33403,139
80121,142
42259,3764
14436,601
46097,97
10135,86
58182,1352
71051,143
29090,805
23023,
77258,15074
43187,313
61113,58
88113,136
62361,3259
54480,53
18059,920
60302,773
29139,828
2382,1343
40243,3142
57074,815
80461,260
13028,38477
52254,81
25351,244
65025,2761
34270,13328
17207,745
56030,1183
23245,1892
86130,362
44024,2709
2704,202
94028,93397
50084,530
53005,2321
60178,3462
32226,82
68237,537
58111,106
63145,157
7278,406
81232,639
2B096,7819
63283,670
33077,2400
30330,945
68010,1138
69292,7019
21140,76
59027,1705
55207,50
49060,3435
50042,419
65077,413
1423,1257
78643,9699
17290,282
33143,2693
84036,3565
51047,44
14421,551
69139,1400
32171,193
62648,559
42185,747
37195,10487
72209,318
29105,9426
67336,1753
91135,2854
7162,573
38499,1134
70427,327
12134,356
38522,167
59430,1103
30142,1125
21664,62
89332,913
31403,822
2245,1733
30303,819
89126,39
38042,1049
17302,640
56014,1551
55379,52
50446,555
18077,369
52294,694
70340,208
54203,168
19210,65
54335,409
54323,15679
56061,3995
33314,5190
61291,80
57208,1318
71183,152
60143,3338
64314,449
58126,405
17384,248
80755,141
58011,266
60292,232
30340,653
41124,319
10253,134
6135,204
77333,12889
22117,1814
63244,1766
81207,86
61510,209
8425,50
77037,6072
40219,105
50610,190
31376,108
34071,242
41275,1200
71311,252
11057,33
67152,7919
84063,403
38540,1427
12212,107
52218,49
24018,397
12164,693
57102,3236
33195,1216
50626,386
54420,98
10090,219
27119,1642
63395,992
7094,172
25465,208
50194,373
46063,1840
24245,266
52439,72
50585,1166
17483,1585
89277,372
31226,81
46270,251
72236,192
27152,659
14569,243
11364,169
57077,92
79166,902
68309,4409
46234,104
62898,222
89450,632
53134,191
83150,4464
57206,14788
80082,717
59457,8455
1309,77
37182,1609
72168,2156
86171,436
95328,641
89036,216
77014,13651
59494,150
88278,65
53037,714
72319,743
2554,1106
32188,82
80275,300
95256,3317
67019,1254
46238,294
1319,465
71259,375
68366,742
63270,480
12108,363
48103,1174
46178,280
74073,709
2B236,187
40027,151
1427,7013
90019,319
52125,1039
89016,82
78296,646
8101,155
43085,57
28194,420
87129,951
72259,266
11222,166
2678,73
86268,1135
1285,1315
27183,2295
47215,3769
52489,28
30333,4879
21066,59
39519,175
54333,245
44106,1939
25411,6953
45059,215
53106,539
76382,1151
25592,689
95365,734
76756,235
73257,3498
27561,680
76427,940
50448,645
24028,1733
76212,9566
47074,365
25247,84
43152,2819
87046,1188
33070,906
4241,192
31166,314
69003,3057
60059,192
34094,1268
70472,436
58112,617
4201,130
35266,3651
3186,1525
47275,200
70541,206
43082,71
61281,261
43033,611
61225,32
28173,1467
21438,71
38214,2164
32114,127
29081,1440
58288,115
51600,110
27012,449
48174,132
82029,264
60370,1247
51127,85
4061,583
38146,835
73078,150
77084,1335
80797,137
45138,64
64260,18102
54580,10102
78417,275
17218,4476
7330,2403
77359,2073
49012,347
14025,291
84142,3168
77354,983
8020,58
19081,514
5023,11411
47304,67
15174,246
28008,211
62310,1753
44150,3996
87090,278
88221,204
82032,547
71481,1131
7054,254
40060,153
28374,536
47110,1638
31320,991
42153,485
57490,311
14220,3539
63190,296
54481,103
88268,137
19087,83
8490,3825
33176,363
15144,314
8082,73
74242,6390
86046,1666
80518,410
73283,767
90070,422
39129,409
59189,1213
56031,3260
11113,125
45112,379
77181,3932
47169,1197
17071,516
38057,663
17478,68
21449,169
19079,486
65065,334
57210,639
72010,331
61419,210
73246,304
65474,109
71364,177
37110,1461
51078,533
17066,223
27230,3644
66029,134
31045,512
23070,431
59563,227
21374,171
74077,1068
2090,194
81118,172
52013,121
57333,847
25389,114
55275,84
72170,178
76271,1881
39334,127
50345,705
89274,1283
95446,1842
24091,1183
9220,157
2A060,70
89123,231
32327,85
95056,2250
61488,75
67069,506
38498,777
52413,101
53115,297
47231,185
42118,777
48041,76
76490,1088
21099,312
65362,1092
51238,415
56172,2754
91570,21776
88410,267
60308,463
42336,618
22217,426
47190,566
18266,220
2515,51
76140,199
52115,97
40140,185
79118,293
50531,762
16136,617
33544,1408
80068,215
8446,85
60485,248
1227,651
77140,260
60271,82
17410,590
28252,164
61103,165
62327,604
12156,518
86138,244
33184,549
24354,3060
